num_nodes,mean_degree,trial,topology,corrupt_ratio,partition_seed,core_index,core_honest_size,core_corrupt_size,core_total_size,binary_rank,metropolis_rank,hssp_rank_feasible,hlcp_rank_feasible,tractable
100,4,0,ring,0.4,2893921585,0,2,2,4,2,2,True,True,True
100,4,0,ring,0.4,2893921585,1,2,2,4,2,2,True,True,True
100,4,0,ring,0.4,2893921585,2,4,4,8,3,3,False,False,True
100,4,0,small_world,0.4,2893921585,0,4,4,8,4,4,True,True,True
100,4,0,small_world,0.4,2893921585,1,2,2,4,2,2,True,True,True
100,4,0,er,0.5,2893921585,0,42,42,84,38,38,False,False,False
100,4,0,ring,0.5,2893921585,0,6,7,13,6,6,True,True,True
100,4,0,ring,0.5,2893921585,1,6,9,15,6,6,True,True,True
100,4,0,ring,0.5,2893921585,2,2,2,4,2,2,True,True,True
100,4,0,ring,0.5,2893921585,3,9,12,21,8,8,False,False,True
100,4,0,ring,0.5,2893921585,4,2,2,4,2,2,True,True,True
100,4,0,ring,0.5,2893921585,5,3,5,8,3,3,True,True,True
100,4,0,small_world,0.5,2893921585,0,34,38,72,30,30,False,False,False
100,4,0,small_world,0.5,2893921585,1,7,8,15,7,7,True,True,True
100,4,0,er,0.6,2893921585,0,32,42,74,31,31,False,False,False
100,4,0,ring,0.6,2893921585,0,5,8,13,5,5,True,True,True
100,4,0,ring,0.6,2893921585,1,7,11,18,7,7,True,True,True
100,4,0,ring,0.6,2893921585,2,7,13,20,7,7,True,True,True
100,4,0,ring,0.6,2893921585,3,7,7,14,6,6,False,False,True
100,4,0,ring,0.6,2893921585,4,4,6,10,4,4,True,True,True
100,4,0,small_world,0.6,2893921585,0,29,42,71,27,27,False,False,False
100,4,0,small_world,0.6,2893921585,1,2,5,7,2,2,True,True,True
100,4,0,small_world,0.6,2893921585,2,4,4,8,4,4,True,True,True
100,4,0,small_world,0.6,2893921585,3,3,5,8,3,3,True,True,True
100,4,0,scale_free,0.6,2893921585,0,32,39,71,28,28,False,False,False
100,4,0,er,0.7,2893921585,0,23,37,60,23,23,True,True,False
100,4,0,ring,0.7,2893921585,0,3,7,10,3,3,True,True,True
100,4,0,ring,0.7,2893921585,1,2,7,9,2,2,True,True,True
100,4,0,ring,0.7,2893921585,2,2,4,6,2,2,True,True,True
100,4,0,ring,0.7,2893921585,3,7,13,20,7,7,True,True,True
100,4,0,ring,0.7,2893921585,4,5,6,11,5,5,True,True,True
100,4,0,ring,0.7,2893921585,5,6,8,14,6,6,True,True,True
100,4,0,ring,0.7,2893921585,6,3,4,7,3,3,True,True,True
100,4,0,small_world,0.7,2893921585,0,23,42,65,23,23,True,True,False
100,4,0,small_world,0.7,2893921585,1,2,4,6,2,2,True,True,True
100,4,0,small_world,0.7,2893921585,2,3,6,9,3,3,True,True,True
100,4,0,scale_free,0.7,2893921585,0,27,45,72,26,26,False,False,False
100,4,0,er,0.8,2893921585,0,9,19,28,9,9,True,True,True
100,4,0,er,0.8,2893921585,1,2,3,5,2,2,True,True,True
100,4,0,ring,0.8,2893921585,0,2,7,9,2,2,True,True,True
100,4,0,ring,0.8,2893921585,1,5,15,20,5,5,True,True,True
100,4,0,ring,0.8,2893921585,2,4,5,9,4,4,True,True,True
100,4,0,ring,0.8,2893921585,3,3,7,10,3,3,True,True,True
100,4,0,small_world,0.8,2893921585,0,15,41,56,15,15,True,True,False
100,4,0,small_world,0.8,2893921585,1,3,7,10,3,3,True,True,True
100,4,0,scale_free,0.8,2893921585,0,17,36,53,17,17,True,True,False
100,4,0,er,0.9,2893921585,0,8,19,27,8,8,True,True,True
100,4,0,ring,0.9,2893921585,0,2,7,9,2,2,True,True,True
100,4,0,ring,0.9,2893921585,1,3,6,9,3,3,True,True,True
100,4,0,ring,0.9,2893921585,2,2,4,6,2,2,True,True,True
100,4,0,small_world,0.9,2893921585,0,2,7,9,2,2,True,True,True
100,4,0,small_world,0.9,2893921585,1,3,7,10,3,3,True,True,True
100,4,0,small_world,0.9,2893921585,2,2,7,9,2,2,True,True,True
100,4,0,small_world,0.9,2893921585,3,2,4,6,2,2,True,True,True
100,4,0,scale_free,0.9,2893921585,0,8,24,32,8,8,True,True,True
100,4,1,ring,0.3,2203331419,0,7,7,14,5,5,False,False,True
100,4,1,ring,0.4,2203331419,0,7,7,14,5,5,False,False,True
100,4,1,ring,0.4,2203331419,1,2,2,4,2,2,True,True,True
100,4,1,ring,0.4,2203331419,2,9,10,19,7,7,False,False,True
100,4,1,ring,0.5,2203331419,0,13,13,26,11,11,False,False,False
100,4,1,ring,0.5,2203331419,1,6,6,12,5,5,False,False,True
100,4,1,small_world,0.5,2203331419,0,31,31,62,28,28,False,False,False
100,4,1,small_world,0.5,2203331419,1,6,6,12,5,5,False,False,True
100,4,1,er,0.6,2203331419,0,35,46,81,34,34,False,False,False
100,4,1,ring,0.6,2203331419,0,4,6,10,3,3,False,False,True
100,4,1,ring,0.6,2203331419,1,6,7,13,6,6,True,True,True
100,4,1,ring,0.6,2203331419,2,6,7,13,6,6,True,True,True
100,4,1,ring,0.6,2203331419,3,6,6,12,5,5,False,False,True
100,4,1,ring,0.6,2203331419,4,15,19,34,14,14,False,False,False
100,4,1,small_world,0.6,2203331419,0,22,28,50,21,21,False,False,False
100,4,1,small_world,0.6,2203331419,1,6,6,12,5,5,False,False,True
100,4,1,small_world,0.6,2203331419,2,9,11,20,8,8,False,False,True
100,4,1,er,0.7,2203331419,0,26,48,74,26,26,True,True,False
100,4,1,ring,0.7,2203331419,0,4,6,10,3,3,False,False,True
100,4,1,ring,0.7,2203331419,1,4,9,13,4,4,True,True,True
100,4,1,ring,0.7,2203331419,2,5,8,13,5,5,True,True,True
100,4,1,ring,0.7,2203331419,3,8,14,22,8,8,True,True,True
100,4,1,small_world,0.7,2203331419,0,25,37,62,24,24,False,False,False
100,4,1,small_world,0.7,2203331419,1,2,6,8,2,2,True,True,True
100,4,1,scale_free,0.7,2203331419,0,28,40,68,25,25,False,False,False
100,4,1,er,0.8,2203331419,0,13,30,43,13,13,True,True,False
100,4,1,er,0.8,2203331419,1,2,4,6,2,2,True,True,True
100,4,1,ring,0.8,2203331419,0,3,8,11,3,3,True,True,True
100,4,1,ring,0.8,2203331419,1,2,5,7,2,2,True,True,True
100,4,1,ring,0.8,2203331419,2,3,7,10,3,3,True,True,True
100,4,1,ring,0.8,2203331419,3,3,9,12,3,3,True,True,True
100,4,1,ring,0.8,2203331419,4,5,7,12,5,5,True,True,True
100,4,1,small_world,0.8,2203331419,0,11,25,36,11,11,True,True,False
100,4,1,small_world,0.8,2203331419,1,2,4,6,2,2,True,True,True
100,4,1,small_world,0.8,2203331419,2,2,6,8,2,2,True,True,True
100,4,1,scale_free,0.8,2203331419,0,16,36,52,16,16,True,True,False
100,4,1,er,0.9,2203331419,0,6,22,28,6,6,True,True,True
100,4,1,ring,0.9,2203331419,0,4,7,11,4,4,True,True,True
100,4,1,small_world,0.9,2203331419,0,4,8,12,4,4,True,True,True
100,4,1,scale_free,0.9,2203331419,0,2,3,5,2,2,True,True,True
100,4,1,scale_free,0.9,2203331419,1,4,15,19,4,4,True,True,True
100,4,2,er,0.5,1531128707,0,40,40,80,37,37,False,False,False
100,4,2,ring,0.5,1531128707,0,7,8,15,7,7,True,True,True
100,4,2,ring,0.5,1531128707,1,7,8,15,7,7,True,True,True
100,4,2,ring,0.5,1531128707,2,8,11,19,8,8,True,True,True
100,4,2,small_world,0.5,1531128707,0,11,13,24,11,11,True,True,False
100,4,2,scale_free,0.5,1531128707,0,35,40,75,27,27,False,False,False
100,4,2,er,0.6,1531128707,0,32,47,79,32,32,True,True,False
100,4,2,ring,0.6,1531128707,0,9,13,22,8,8,False,False,True
100,4,2,ring,0.6,1531128707,1,2,2,4,2,2,True,True,True
100,4,2,ring,0.6,1531128707,2,13,16,29,13,13,True,True,False
100,4,2,ring,0.6,1531128707,3,7,8,15,7,7,True,True,True
100,4,2,ring,0.6,1531128707,4,8,11,19,8,8,True,True,True
100,4,2,small_world,0.6,1531128707,0,27,39,66,25,26,False,False,False
100,4,2,small_world,0.6,1531128707,1,2,3,5,2,2,True,True,True
100,4,2,small_world,0.6,1531128707,2,11,13,24,11,11,True,True,False
100,4,2,scale_free,0.6,1531128707,0,33,40,73,26,26,False,False,False
100,4,2,er,0.7,1531128707,0,28,52,80,28,28,True,True,False
100,4,2,ring,0.7,1531128707,0,3,3,6,2,2,False,False,True
100,4,2,ring,0.7,1531128707,1,2,2,4,2,2,True,True,True
100,4,2,ring,0.7,1531128707,2,3,6,9,3,3,True,True,True
100,4,2,ring,0.7,1531128707,3,4,8,12,4,4,True,True,True
100,4,2,ring,0.7,1531128707,4,6,9,15,6,6,True,True,True
100,4,2,ring,0.7,1531128707,5,6,11,17,6,6,True,True,True
100,4,2,ring,0.7,1531128707,6,4,9,13,4,4,True,True,True
100,4,2,small_world,0.7,1531128707,0,14,25,39,13,13,False,False,False
100,4,2,small_world,0.7,1531128707,1,2,3,5,2,2,True,True,True
100,4,2,small_world,0.7,1531128707,2,4,11,15,4,4,True,True,True
100,4,2,small_world,0.7,1531128707,3,9,16,25,9,9,True,True,True
100,4,2,scale_free,0.7,1531128707,0,29,42,71,26,26,False,False,False
100,4,2,er,0.8,1531128707,0,18,46,64,18,18,True,True,False
100,4,2,ring,0.8,1531128707,0,3,3,6,2,2,False,False,True
100,4,2,ring,0.8,1531128707,1,2,2,4,2,2,True,True,True
100,4,2,ring,0.8,1531128707,2,2,6,8,2,2,True,True,True
100,4,2,ring,0.8,1531128707,3,4,7,11,4,4,True,True,True
100,4,2,ring,0.8,1531128707,4,5,8,13,5,5,True,True,True
100,4,2,ring,0.8,1531128707,5,2,5,7,2,2,True,True,True
100,4,2,small_world,0.8,1531128707,0,5,11,16,4,4,False,False,True
100,4,2,small_world,0.8,1531128707,1,2,3,5,2,2,True,True,True
100,4,2,small_world,0.8,1531128707,2,2,7,9,2,2,True,True,True
100,4,2,small_world,0.8,1531128707,3,4,7,11,4,4,True,True,True
100,4,2,small_world,0.8,1531128707,4,2,5,7,2,2,True,True,True
100,4,2,small_world,0.8,1531128707,5,3,3,6,3,3,True,True,True
100,4,2,small_world,0.8,1531128707,6,2,5,7,2,2,True,True,True
100,4,2,scale_free,0.8,1531128707,0,19,44,63,18,18,False,False,False
100,4,2,er,0.9,1531128707,0,4,11,15,4,4,True,True,True
100,4,2,er,0.9,1531128707,1,3,8,11,3,3,True,True,True
100,4,2,ring,0.9,1531128707,0,2,4,6,2,2,True,True,True
100,4,2,ring,0.9,1531128707,1,2,7,9,2,2,True,True,True
100,4,2,ring,0.9,1531128707,2,2,4,6,2,2,True,True,True
100,4,2,ring,0.9,1531128707,3,2,5,7,2,2,True,True,True
100,4,2,small_world,0.9,1531128707,0,2,3,5,2,2,True,True,True
100,4,2,small_world,0.9,1531128707,1,2,8,10,2,2,True,True,True
100,4,2,small_world,0.9,1531128707,2,2,4,6,2,2,True,True,True
100,4,2,small_world,0.9,1531128707,3,2,5,7,2,2,True,True,True
100,4,2,scale_free,0.9,1531128707,0,5,12,17,5,5,True,True,True
100,4,2,scale_free,0.9,1531128707,1,2,3,5,2,2,True,True,True
100,4,3,ring,0.3,3259956085,0,11,12,23,9,9,False,False,False
100,4,3,er,0.5,3259956085,0,37,39,76,34,34,False,False,False
100,4,3,er,0.5,3259956085,1,2,2,4,2,2,True,True,True
100,4,3,ring,0.5,3259956085,0,8,15,23,8,8,True,True,True
100,4,3,ring,0.5,3259956085,1,5,5,10,5,5,True,True,True
100,4,3,ring,0.5,3259956085,2,2,2,4,2,2,True,True,True
100,4,3,ring,0.5,3259956085,3,2,2,4,2,2,True,True,True
100,4,3,ring,0.5,3259956085,4,15,16,31,13,13,False,False,False
100,4,3,small_world,0.5,3259956085,0,25,33,58,24,24,False,False,False
100,4,3,small_world,0.5,3259956085,1,2,2,4,2,2,True,True,True
100,4,3,small_world,0.5,3259956085,2,2,2,4,2,2,True,True,True
100,4,3,er,0.6,3259956085,0,32,41,73,31,31,False,False,False
100,4,3,er,0.6,3259956085,1,2,2,4,2,2,True,True,True
100,4,3,ring,0.6,3259956085,0,6,14,20,6,6,True,True,True
100,4,3,ring,0.6,3259956085,1,4,6,10,4,4,True,True,True
100,4,3,ring,0.6,3259956085,2,5,6,11,5,5,True,True,True
100,4,3,ring,0.6,3259956085,3,14,17,31,12,12,False,False,False
100,4,3,small_world,0.6,3259956085,0,29,41,70,27,27,False,False,False
100,4,3,small_world,0.6,3259956085,1,9,12,21,8,8,False,False,True
100,4,3,scale_free,0.6,3259956085,0,35,38,73,30,30,False,False,False
100,4,3,er,0.7,3259956085,0,26,44,70,26,26,True,True,False
100,4,3,ring,0.7,3259956085,0,2,5,7,2,2,True,True,True
100,4,3,ring,0.7,3259956085,1,2,6,8,2,2,True,True,True
100,4,3,ring,0.7,3259956085,2,4,8,12,4,4,True,True,True
100,4,3,ring,0.7,3259956085,3,2,4,6,2,2,True,True,True
100,4,3,ring,0.7,3259956085,4,7,7,14,6,6,False,False,True
100,4,3,ring,0.7,3259956085,5,4,4,8,3,3,False,False,True
100,4,3,ring,0.7,3259956085,6,9,15,24,8,8,False,False,True
100,4,3,small_world,0.7,3259956085,0,18,30,48,17,17,False,False,False
100,4,3,small_world,0.7,3259956085,1,2,6,8,2,2,True,True,True
100,4,3,small_world,0.7,3259956085,2,4,5,9,3,3,False,False,True
100,4,3,small_world,0.7,3259956085,3,4,8,12,4,4,True,True,True
100,4,3,small_world,0.7,3259956085,4,2,3,5,2,2,True,True,True
100,4,3,scale_free,0.7,3259956085,0,25,34,59,23,23,False,False,False
100,4,3,er,0.8,3259956085,0,2,5,7,2,2,True,True,True
100,4,3,er,0.8,3259956085,1,15,28,43,15,15,True,True,False
100,4,3,ring,0.8,3259956085,0,4,8,12,4,4,True,True,True
100,4,3,ring,0.8,3259956085,1,9,10,19,8,8,False,False,True
100,4,3,ring,0.8,3259956085,2,4,7,11,4,4,True,True,True
100,4,3,small_world,0.8,3259956085,0,9,13,22,9,9,True,True,True
100,4,3,small_world,0.8,3259956085,1,2,7,9,2,2,True,True,True
100,4,3,small_world,0.8,3259956085,2,4,8,12,4,4,True,True,True
100,4,3,small_world,0.8,3259956085,3,4,6,10,4,4,True,True,True
100,4,3,scale_free,0.8,3259956085,0,2,4,6,2,2,True,True,True
100,4,3,scale_free,0.8,3259956085,1,13,20,33,13,13,True,True,False
100,4,3,scale_free,0.8,3259956085,2,2,4,6,2,2,True,True,True
100,4,3,er,0.9,3259956085,0,2,6,8,2,2,True,True,True
100,4,3,er,0.9,3259956085,1,5,13,18,5,5,True,True,True
100,4,3,ring,0.9,3259956085,0,6,13,19,6,6,True,True,True
100,4,3,ring,0.9,3259956085,1,2,6,8,2,2,True,True,True
100,4,3,small_world,0.9,3259956085,0,6,15,21,6,6,True,True,True
100,4,3,small_world,0.9,3259956085,1,2,6,8,2,2,True,True,True
100,4,3,scale_free,0.9,3259956085,0,3,5,8,3,3,True,True,True
100,4,3,scale_free,0.9,3259956085,1,2,7,9,2,2,True,True,True
100,4,4,er,0.2,3856624232,0,2,2,4,2,2,True,True,True
100,4,4,scale_free,0.2,3856624232,0,2,2,4,2,2,True,True,True
100,4,4,ring,0.4,3856624232,0,13,13,26,12,12,False,False,False
100,4,4,ring,0.4,3856624232,1,9,9,18,8,8,False,False,True
100,4,4,ring,0.4,3856624232,2,2,2,4,2,2,True,True,True
100,4,4,er,0.5,3856624232,0,2,2,4,2,2,True,True,True
100,4,4,er,0.5,3856624232,1,37,42,79,33,33,False,False,False
100,4,4,ring,0.5,3856624232,0,9,13,22,9,9,True,True,True
100,4,4,ring,0.5,3856624232,1,12,12,24,11,11,False,False,False
100,4,4,ring,0.5,3856624232,2,9,9,18,8,8,False,False,True
100,4,4,small_world,0.5,3856624232,0,42,43,85,38,38,False,False,False
100,4,4,er,0.6,3856624232,0,29,40,69,29,29,True,True,False
100,4,4,er,0.6,3856624232,1,2,3,5,2,2,True,True,True
100,4,4,er,0.6,3856624232,2,2,5,7,2,2,True,True,True
100,4,4,ring,0.6,3856624232,0,7,10,17,7,7,True,True,True
100,4,4,ring,0.6,3856624232,1,10,14,24,10,10,True,True,True
100,4,4,ring,0.6,3856624232,2,10,14,24,10,10,True,True,True
100,4,4,ring,0.6,3856624232,3,7,11,18,7,7,True,True,True
100,4,4,small_world,0.6,3856624232,0,6,9,15,6,6,True,True,True
100,4,4,small_world,0.6,3856624232,1,6,8,14,4,4,False,False,True
100,4,4,small_world,0.6,3856624232,2,22,33,55,22,22,True,True,False
100,4,4,scale_free,0.6,3856624232,0,34,49,83,31,31,False,False,False
100,4,4,er,0.7,3856624232,0,27,51,78,27,27,True,True,False
100,4,4,ring,0.7,3856624232,0,7,10,17,7,7,True,True,True
100,4,4,ring,0.7,3856624232,1,6,11,17,6,6,True,True,True
100,4,4,ring,0.7,3856624232,2,3,7,10,3,3,True,True,True
100,4,4,ring,0.7,3856624232,3,4,10,14,4,4,True,True,True
100,4,4,ring,0.7,3856624232,4,10,18,28,10,10,True,True,True
100,4,4,small_world,0.7,3856624232,0,25,43,68,24,24,False,False,False
100,4,4,small_world,0.7,3856624232,1,2,6,8,2,2,True,True,True
100,4,4,small_world,0.7,3856624232,2,3,7,10,3,3,True,True,True
100,4,4,scale_free,0.7,3856624232,0,27,52,79,26,26,False,False,False
100,4,4,er,0.8,3856624232,0,17,39,56,17,17,True,True,False
100,4,4,ring,0.8,3856624232,0,4,8,12,4,4,True,True,True
100,4,4,ring,0.8,3856624232,1,2,6,8,2,2,True,True,True
100,4,4,ring,0.8,3856624232,2,3,6,9,3,3,True,True,True
100,4,4,ring,0.8,3856624232,3,2,6,8,2,2,True,True,True
100,4,4,ring,0.8,3856624232,4,7,14,21,7,7,True,True,True
100,4,4,small_world,0.8,3856624232,0,18,41,59,18,18,True,True,False
100,4,4,scale_free,0.8,3856624232,0,18,43,61,17,17,False,False,False
100,4,4,er,0.9,3856624232,0,10,30,40,10,10,True,True,True
100,4,4,ring,0.9,3856624232,0,2,4,6,2,2,True,True,True
100,4,4,ring,0.9,3856624232,1,2,6,8,2,2,True,True,True
100,4,4,ring,0.9,3856624232,2,3,8,11,3,3,True,True,True
100,4,4,small_world,0.9,3856624232,0,3,7,10,3,3,True,True,True
100,4,4,small_world,0.9,3856624232,1,2,7,9,2,2,True,True,True
100,4,4,small_world,0.9,3856624232,2,3,9,12,3,3,True,True,True
100,4,4,scale_free,0.9,3856624232,0,10,34,44,10,10,True,True,True
100,4,5,ring,0.3,1242737268,0,2,2,4,2,2,True,True,True
100,4,5,ring,0.4,1242737268,0,2,2,4,2,2,True,True,True
100,4,5,ring,0.4,1242737268,1,5,6,11,4,4,False,False,True
100,4,5,ring,0.4,1242737268,2,5,5,10,4,4,False,False,True
100,4,5,ring,0.4,1242737268,3,2,2,4,2,2,True,True,True
100,4,5,small_world,0.4,1242737268,0,12,12,24,10,10,False,False,False
100,4,5,er,0.5,1242737268,0,44,46,90,41,41,False,False,False
100,4,5,er,0.5,1242737268,1,2,2,4,2,2,True,True,True
100,4,5,ring,0.5,1242737268,0,3,4,7,3,3,True,True,True
100,4,5,ring,0.5,1242737268,1,6,9,15,6,6,True,True,True
100,4,5,ring,0.5,1242737268,2,9,9,18,8,8,False,False,True
100,4,5,ring,0.5,1242737268,3,3,3,6,2,2,False,False,True
100,4,5,ring,0.5,1242737268,4,4,6,10,4,4,True,True,True
100,4,5,small_world,0.5,1242737268,0,3,4,7,3,3,True,True,True
100,4,5,small_world,0.5,1242737268,1,19,23,42,19,19,True,True,False
100,4,5,small_world,0.5,1242737268,2,13,13,26,13,13,True,True,False
100,4,5,er,0.6,1242737268,0,38,48,86,38,38,True,True,False
100,4,5,er,0.6,1242737268,1,2,2,4,2,2,True,True,True
100,4,5,ring,0.6,1242737268,0,3,4,7,3,3,True,True,True
100,4,5,ring,0.6,1242737268,1,3,7,10,3,3,True,True,True
100,4,5,ring,0.6,1242737268,2,19,27,46,18,18,False,False,False
100,4,5,ring,0.6,1242737268,3,3,5,8,3,3,True,True,True
100,4,5,small_world,0.6,1242737268,0,3,4,7,3,3,True,True,True
100,4,5,small_world,0.6,1242737268,1,18,22,40,18,18,True,True,False
100,4,5,small_world,0.6,1242737268,2,8,17,25,8,8,True,True,True
100,4,5,small_world,0.6,1242737268,3,2,3,5,2,2,True,True,True
100,4,5,small_world,0.6,1242737268,4,5,5,10,5,5,True,True,True
100,4,5,scale_free,0.6,1242737268,0,33,35,68,27,27,False,False,False
100,4,5,scale_free,0.6,1242737268,1,2,2,4,2,2,True,True,True
100,4,5,er,0.7,1242737268,0,30,52,82,30,30,True,True,False
100,4,5,ring,0.7,1242737268,0,2,4,6,2,2,True,True,True
100,4,5,ring,0.7,1242737268,1,4,9,13,4,4,True,True,True
100,4,5,ring,0.7,1242737268,2,5,7,12,5,5,True,True,True
100,4,5,ring,0.7,1242737268,3,5,5,10,4,4,False,False,True
100,4,5,ring,0.7,1242737268,4,9,9,18,8,8,False,False,True
100,4,5,ring,0.7,1242737268,5,2,6,8,2,2,True,True,True
100,4,5,small_world,0.7,1242737268,0,2,4,6,2,2,True,True,True
100,4,5,small_world,0.7,1242737268,1,13,26,39,13,13,True,True,False
100,4,5,small_world,0.7,1242737268,2,5,7,12,5,5,True,True,True
100,4,5,small_world,0.7,1242737268,3,5,8,13,5,5,True,True,True
100,4,5,scale_free,0.7,1242737268,0,26,32,58,25,25,False,False,False
100,4,5,scale_free,0.7,1242737268,1,2,2,4,2,2,True,True,True
100,4,5,er,0.8,1242737268,0,19,47,66,19,19,True,True,False
100,4,5,ring,0.8,1242737268,0,2,4,6,2,2,True,True,True
100,4,5,ring,0.8,1242737268,1,4,7,11,4,4,True,True,True
100,4,5,ring,0.8,1242737268,2,10,13,23,9,9,False,False,True
100,4,5,small_world,0.8,1242737268,0,2,4,6,2,2,True,True,True
100,4,5,small_world,0.8,1242737268,1,4,8,12,4,4,True,True,True
100,4,5,small_world,0.8,1242737268,2,4,7,11,4,4,True,True,True
100,4,5,small_world,0.8,1242737268,3,3,5,8,3,3,True,True,True
100,4,5,scale_free,0.8,1242737268,0,16,25,41,15,15,False,False,False
100,4,5,scale_free,0.8,1242737268,1,3,4,7,3,3,True,True,True
100,4,5,er,0.9,1242737268,0,7,19,26,7,7,True,True,True
100,4,5,er,0.9,1242737268,1,3,7,10,3,3,True,True,True
100,4,5,ring,0.9,1242737268,0,2,4,6,2,2,True,True,True
100,4,5,ring,0.9,1242737268,1,3,6,9,3,3,True,True,True
100,4,5,ring,0.9,1242737268,2,2,5,7,2,2,True,True,True
100,4,5,small_world,0.9,1242737268,0,2,4,6,2,2,True,True,True
100,4,5,small_world,0.9,1242737268,1,2,4,6,2,2,True,True,True
100,4,5,scale_free,0.9,1242737268,0,7,11,18,7,7,True,True,True
100,4,6,er,0.5,3830755539,0,43,47,90,40,40,False,False,False
100,4,6,ring,0.5,3830755539,0,12,12,24,11,11,False,False,False
100,4,6,er,0.6,3830755539,0,31,45,76,31,31,True,True,False
100,4,6,ring,0.6,3830755539,0,7,12,19,7,7,True,True,True
100,4,6,ring,0.6,3830755539,1,2,4,6,2,2,True,True,True
100,4,6,ring,0.6,3830755539,2,5,5,10,5,5,True,True,True
100,4,6,ring,0.6,3830755539,3,2,2,4,2,2,True,True,True
100,4,6,ring,0.6,3830755539,4,23,26,49,20,20,False,False,False
100,4,6,small_world,0.6,3830755539,0,9,16,25,9,9,True,True,True
100,4,6,small_world,0.6,3830755539,1,17,22,39,16,16,False,False,False
100,4,6,small_world,0.6,3830755539,2,5,5,10,5,5,True,True,True
100,4,6,small_world,0.6,3830755539,3,2,2,4,2,2,True,True,True
100,4,6,scale_free,0.6,3830755539,0,34,37,71,28,28,False,False,False
100,4,6,er,0.7,3830755539,0,26,50,76,26,26,True,True,False
100,4,6,ring,0.7,3830755539,0,4,7,11,4,4,True,True,True
100,4,6,ring,0.7,3830755539,1,2,7,9,2,2,True,True,True
100,4,6,ring,0.7,3830755539,2,2,2,4,2,2,True,True,True
100,4,6,ring,0.7,3830755539,3,5,5,10,4,4,False,False,True
100,4,6,ring,0.7,3830755539,4,9,13,22,8,8,False,False,True
100,4,6,ring,0.7,3830755539,5,6,11,17,6,6,True,True,True
100,4,6,small_world,0.7,3830755539,0,6,12,18,6,6,True,True,True
100,4,6,small_world,0.7,3830755539,1,8,17,25,8,8,True,True,True
100,4,6,small_world,0.7,3830755539,2,6,9,15,5,5,False,False,True
100,4,6,small_world,0.7,3830755539,3,2,7,9,2,2,True,True,True
100,4,6,small_world,0.7,3830755539,4,2,2,4,2,2,True,True,True
100,4,6,small_world,0.7,3830755539,5,6,6,12,5,5,False,False,True
100,4,6,scale_free,0.7,3830755539,0,27,35,62,26,26,False,False,False
100,4,6,er,0.8,3830755539,0,16,44,60,16,16,True,True,False
100,4,6,ring,0.8,3830755539,0,2,7,9,2,2,True,True,True
100,4,6,ring,0.8,3830755539,1,2,2,4,2,2,True,True,True
100,4,6,ring,0.8,3830755539,2,4,5,9,3,3,False,False,True
100,4,6,ring,0.8,3830755539,3,5,13,18,5,5,True,True,True
100,4,6,ring,0.8,3830755539,4,4,8,12,4,4,True,True,True
100,4,6,small_world,0.8,3830755539,0,5,12,17,5,5,True,True,True
100,4,6,small_world,0.8,3830755539,1,4,5,9,3,3,False,False,True
100,4,6,small_world,0.8,3830755539,2,2,7,9,2,2,True,True,True
100,4,6,small_world,0.8,3830755539,3,8,17,25,8,8,True,True,True
100,4,6,scale_free,0.8,3830755539,0,16,28,44,16,16,True,True,False
100,4,6,er,0.9,3830755539,0,2,4,6,2,2,True,True,True
100,4,6,er,0.9,3830755539,1,4,11,15,4,4,True,True,True
100,4,6,ring,0.9,3830755539,0,3,8,11,3,3,True,True,True
100,4,6,ring,0.9,3830755539,1,2,4,6,2,2,True,True,True
100,4,6,small_world,0.9,3830755539,0,3,9,12,3,3,True,True,True
100,4,6,small_world,0.9,3830755539,1,3,8,11,3,3,True,True,True
100,4,6,scale_free,0.9,3830755539,0,2,6,8,2,2,True,True,True
100,4,6,scale_free,0.9,3830755539,1,4,8,12,4,4,True,True,True
100,4,7,er,0.3,1268916448,0,2,2,4,2,2,True,True,True
100,4,7,ring,0.4,1268916448,0,2,2,4,2,2,True,True,True
100,4,7,ring,0.4,1268916448,1,2,2,4,2,2,True,True,True
100,4,7,ring,0.4,1268916448,2,16,17,33,14,14,False,False,False
100,4,7,small_world,0.4,1268916448,0,2,2,4,2,2,True,True,True
100,4,7,ring,0.5,1268916448,0,2,2,4,2,2,True,True,True
100,4,7,ring,0.5,1268916448,1,3,5,8,3,3,True,True,True
100,4,7,ring,0.5,1268916448,2,18,23,41,17,17,False,False,False
100,4,7,small_world,0.5,1268916448,0,2,2,4,2,2,True,True,True
100,4,7,small_world,0.5,1268916448,1,4,7,11,4,4,True,True,True
100,4,7,er,0.6,1268916448,0,35,48,83,35,35,True,True,False
100,4,7,ring,0.6,1268916448,0,3,5,8,3,3,True,True,True
100,4,7,ring,0.6,1268916448,1,11,21,32,11,11,True,True,False
100,4,7,ring,0.6,1268916448,2,2,5,7,2,2,True,True,True
100,4,7,ring,0.6,1268916448,3,9,13,22,9,9,True,True,True
100,4,7,ring,0.6,1268916448,4,3,4,7,3,3,True,True,True
100,4,7,small_world,0.6,1268916448,0,32,46,78,32,32,True,True,False
100,4,7,small_world,0.6,1268916448,1,2,5,7,2,2,True,True,True
100,4,7,small_world,0.6,1268916448,2,2,3,5,2,2,True,True,True
100,4,7,small_world,0.6,1268916448,3,3,4,7,3,3,True,True,True
100,4,7,scale_free,0.6,1268916448,0,37,51,88,34,34,False,False,False
100,4,7,er,0.7,1268916448,0,29,53,82,29,29,True,True,False
100,4,7,ring,0.7,1268916448,0,9,14,23,9,9,True,True,True
100,4,7,ring,0.7,1268916448,1,3,6,9,3,3,True,True,True
100,4,7,ring,0.7,1268916448,2,7,14,21,7,7,True,True,True
100,4,7,ring,0.7,1268916448,3,2,5,7,2,2,True,True,True
100,4,7,ring,0.7,1268916448,4,5,11,16,5,5,True,True,True
100,4,7,ring,0.7,1268916448,5,3,4,7,3,3,True,True,True
100,4,7,small_world,0.7,1268916448,0,12,21,33,12,12,True,True,False
100,4,7,small_world,0.7,1268916448,1,12,26,38,12,12,True,True,False
100,4,7,small_world,0.7,1268916448,2,2,5,7,2,2,True,True,True
100,4,7,small_world,0.7,1268916448,3,3,4,7,3,3,True,True,True
100,4,7,scale_free,0.7,1268916448,0,26,45,71,25,25,False,False,False
100,4,7,er,0.8,1268916448,0,16,35,51,16,16,True,True,False
100,4,7,er,0.8,1268916448,1,4,10,14,4,4,True,True,True
100,4,7,ring,0.8,1268916448,0,3,7,10,3,3,True,True,True
100,4,7,ring,0.8,1268916448,1,3,6,9,3,3,True,True,True
100,4,7,ring,0.8,1268916448,2,2,5,7,2,2,True,True,True
100,4,7,ring,0.8,1268916448,3,3,10,13,3,3,True,True,True
100,4,7,ring,0.8,1268916448,4,2,5,7,2,2,True,True,True
100,4,7,ring,0.8,1268916448,5,2,4,6,2,2,True,True,True
100,4,7,ring,0.8,1268916448,6,2,5,7,2,2,True,True,True
100,4,7,small_world,0.8,1268916448,0,3,7,10,3,3,True,True,True
100,4,7,small_world,0.8,1268916448,1,3,7,10,3,3,True,True,True
100,4,7,small_world,0.8,1268916448,2,2,5,7,2,2,True,True,True
100,4,7,small_world,0.8,1268916448,3,5,13,18,5,5,True,True,True
100,4,7,small_world,0.8,1268916448,4,2,5,7,2,2,True,True,True
100,4,7,small_world,0.8,1268916448,5,2,5,7,2,2,True,True,True
100,4,7,scale_free,0.8,1268916448,0,18,41,59,18,18,True,True,False
100,4,7,er,0.9,1268916448,0,2,9,11,2,2,True,True,True
100,4,7,er,0.9,1268916448,1,3,10,13,3,3,True,True,True
100,4,7,er,0.9,1268916448,2,4,10,14,4,4,True,True,True
100,4,7,ring,0.9,1268916448,0,3,10,13,3,3,True,True,True
100,4,7,small_world,0.9,1268916448,0,4,13,17,4,4,True,True,True
100,4,7,scale_free,0.9,1268916448,0,8,31,39,8,8,True,True,True
100,4,8,ring,0.3,490034145,0,2,2,4,2,2,True,True,True
100,4,8,ring,0.4,490034145,0,2,2,4,2,2,True,True,True
100,4,8,ring,0.4,490034145,1,4,4,8,4,4,True,True,True
100,4,8,ring,0.4,490034145,2,8,8,16,6,6,False,False,True
100,4,8,er,0.5,490034145,0,43,43,86,38,38,False,False,False
100,4,8,ring,0.5,490034145,0,8,10,18,7,7,False,False,True
100,4,8,ring,0.5,490034145,1,2,2,4,2,2,True,True,True
100,4,8,er,0.6,490034145,0,34,45,79,33,33,False,False,False
100,4,8,ring,0.6,490034145,0,4,8,12,4,4,True,True,True
100,4,8,ring,0.6,490034145,1,2,2,4,2,2,True,True,True
100,4,8,ring,0.6,490034145,2,10,10,20,9,9,False,False,True
100,4,8,ring,0.6,490034145,3,23,23,46,21,21,False,False,False
100,4,8,small_world,0.6,490034145,0,40,48,88,37,37,False,False,False
100,4,8,scale_free,0.6,490034145,0,36,37,73,29,29,False,False,False
100,4,8,er,0.7,490034145,0,28,50,78,28,28,True,True,False
100,4,8,ring,0.7,490034145,0,8,11,19,8,8,True,True,True
100,4,8,ring,0.7,490034145,1,4,8,12,4,4,True,True,True
100,4,8,ring,0.7,490034145,2,12,15,27,12,12,True,True,False
100,4,8,ring,0.7,490034145,3,2,5,7,2,2,True,True,True
100,4,8,small_world,0.7,490034145,0,29,50,79,29,29,True,True,False
100,4,8,scale_free,0.7,490034145,0,26,33,59,23,23,False,False,False
100,4,8,scale_free,0.7,490034145,1,2,3,5,2,2,True,True,True
100,4,8,er,0.8,490034145,0,17,38,55,17,17,True,True,False
100,4,8,ring,0.8,490034145,0,5,11,16,5,5,True,True,True
100,4,8,ring,0.8,490034145,1,5,9,14,5,5,True,True,True
100,4,8,ring,0.8,490034145,2,2,6,8,2,2,True,True,True
100,4,8,small_world,0.8,490034145,0,4,15,19,4,4,True,True,True
100,4,8,small_world,0.8,490034145,1,8,16,24,8,8,True,True,True
100,4,8,small_world,0.8,490034145,2,2,5,7,2,2,True,True,True
100,4,8,small_world,0.8,490034145,3,2,6,8,2,2,True,True,True
100,4,8,scale_free,0.8,490034145,0,16,30,46,16,16,True,True,False
100,4,8,er,0.9,490034145,0,7,21,28,7,7,True,True,True
100,4,8,ring,0.9,490034145,0,2,4,6,2,2,True,True,True
100,4,8,ring,0.9,490034145,1,2,6,8,2,2,True,True,True
100,4,8,ring,0.9,490034145,2,2,6,8,2,2,True,True,True
100,4,8,small_world,0.9,490034145,0,4,12,16,4,4,True,True,True
100,4,8,small_world,0.9,490034145,1,2,4,6,2,2,True,True,True
100,4,8,small_world,0.9,490034145,2,2,6,8,2,2,True,True,True
100,4,8,scale_free,0.9,490034145,0,4,6,10,4,4,True,True,True
100,4,8,scale_free,0.9,490034145,1,2,7,9,2,2,True,True,True
100,4,8,scale_free,0.9,490034145,2,4,6,10,4,4,True,True,True
100,4,9,ring,0.4,3963930310,0,7,9,16,6,6,False,False,True
100,4,9,small_world,0.4,3963930310,0,6,7,13,5,5,False,False,True
100,4,9,er,0.5,3963930310,0,41,44,85,41,41,True,True,False
100,4,9,er,0.5,3963930310,1,2,2,4,2,2,True,True,True
100,4,9,ring,0.5,3963930310,0,3,6,9,3,3,True,True,True
100,4,9,ring,0.5,3963930310,1,4,6,10,4,4,True,True,True
100,4,9,ring,0.5,3963930310,2,2,2,4,2,2,True,True,True
100,4,9,ring,0.5,3963930310,3,2,2,4,2,2,True,True,True
100,4,9,ring,0.5,3963930310,4,3,5,8,3,3,True,True,True
100,4,9,small_world,0.5,3963930310,0,2,2,4,2,2,True,True,True
100,4,9,small_world,0.5,3963930310,1,3,5,8,3,3,True,True,True
100,4,9,scale_free,0.5,3963930310,0,32,39,71,29,29,False,False,False
100,4,9,er,0.6,3963930310,0,36,50,86,36,36,True,True,False
100,4,9,ring,0.6,3963930310,0,3,6,9,3,3,True,True,True
100,4,9,ring,0.6,3963930310,1,4,6,10,4,4,True,True,True
100,4,9,ring,0.6,3963930310,2,21,21,42,19,19,False,False,False
100,4,9,ring,0.6,3963930310,3,9,13,22,9,9,True,True,True
100,4,9,ring,0.6,3963930310,4,3,5,8,3,3,True,True,True
100,4,9,small_world,0.6,3963930310,0,37,46,83,37,37,True,True,False
100,4,9,small_world,0.6,3963930310,1,3,5,8,3,3,True,True,True
100,4,9,scale_free,0.6,3963930310,0,31,46,77,29,29,False,False,False
100,4,9,er,0.7,3963930310,0,25,48,73,25,25,True,True,False
100,4,9,ring,0.7,3963930310,0,3,6,9,3,3,True,True,True
100,4,9,ring,0.7,3963930310,1,4,6,10,4,4,True,True,True
100,4,9,ring,0.7,3963930310,2,9,13,22,9,9,True,True,True
100,4,9,ring,0.7,3963930310,3,5,7,12,5,5,True,True,True
100,4,9,ring,0.7,3963930310,4,5,6,11,5,5,True,True,True
100,4,9,ring,0.7,3963930310,5,2,4,6,2,2,True,True,True
100,4,9,ring,0.7,3963930310,6,2,4,6,2,2,True,True,True
100,4,9,small_world,0.7,3963930310,0,9,15,24,9,9,True,True,True
100,4,9,small_world,0.7,3963930310,1,18,29,47,18,18,True,True,False
100,4,9,small_world,0.7,3963930310,2,2,4,6,2,2,True,True,True
100,4,9,scale_free,0.7,3963930310,0,21,43,64,21,21,True,True,False
100,4,9,er,0.8,3963930310,0,4,8,12,4,4,True,True,True
100,4,9,er,0.8,3963930310,1,11,28,39,11,11,True,True,False
100,4,9,ring,0.8,3963930310,0,2,6,8,2,2,True,True,True
100,4,9,ring,0.8,3963930310,1,2,4,6,2,2,True,True,True
100,4,9,ring,0.8,3963930310,2,3,4,7,3,3,True,True,True
100,4,9,ring,0.8,3963930310,3,2,6,8,2,2,True,True,True
100,4,9,ring,0.8,3963930310,4,2,4,6,2,2,True,True,True
100,4,9,ring,0.8,3963930310,5,3,5,8,3,3,True,True,True
100,4,9,ring,0.8,3963930310,6,2,4,6,2,2,True,True,True
100,4,9,ring,0.8,3963930310,7,2,4,6,2,2,True,True,True
100,4,9,small_world,0.8,3963930310,0,8,19,27,8,8,True,True,True
100,4,9,small_world,0.8,3963930310,1,2,4,6,2,2,True,True,True
100,4,9,small_world,0.8,3963930310,2,4,10,14,4,4,True,True,True
100,4,9,small_world,0.8,3963930310,3,3,5,8,3,3,True,True,True
100,4,9,small_world,0.8,3963930310,4,2,4,6,2,2,True,True,True
100,4,9,scale_free,0.8,3963930310,0,17,42,59,17,17,True,True,False
100,4,9,er,0.9,3963930310,0,5,19,24,5,5,True,True,True
100,4,9,er,0.9,3963930310,1,2,6,8,2,2,True,True,True
100,4,9,ring,0.9,3963930310,0,2,4,6,2,2,True,True,True
100,4,9,ring,0.9,3963930310,1,2,4,6,2,2,True,True,True
100,4,9,ring,0.9,3963930310,2,2,4,6,2,2,True,True,True
100,4,9,small_world,0.9,3963930310,0,3,8,11,3,3,True,True,True
100,4,9,small_world,0.9,3963930310,1,2,8,10,2,2,True,True,True
100,4,9,small_world,0.9,3963930310,2,2,4,6,2,2,True,True,True
100,4,9,scale_free,0.9,3963930310,0,2,6,8,2,2,True,True,True
100,4,10,ring,0.3,228102392,0,2,2,4,2,2,True,True,True
100,4,10,ring,0.3,228102392,1,2,2,4,2,2,True,True,True
100,4,10,small_world,0.3,228102392,0,2,2,4,2,2,True,True,True
100,4,10,small_world,0.3,228102392,1,2,2,4,2,2,True,True,True
100,4,10,scale_free,0.3,228102392,0,2,2,4,2,2,True,True,True
100,4,10,ring,0.4,228102392,0,5,7,12,4,4,False,False,True
100,4,10,small_world,0.4,228102392,0,5,5,10,4,4,False,False,True
100,4,10,scale_free,0.4,228102392,0,2,2,4,2,2,True,True,True
100,4,10,scale_free,0.4,228102392,1,2,2,4,2,2,True,True,True
100,4,10,ring,0.5,228102392,0,9,9,18,8,8,False,False,True
100,4,10,ring,0.5,228102392,1,6,7,13,6,6,True,True,True
100,4,10,ring,0.5,228102392,2,6,6,12,5,5,False,False,True
100,4,10,ring,0.5,228102392,3,5,7,12,4,4,False,False,True
100,4,10,ring,0.5,228102392,4,10,10,20,8,8,False,False,True
100,4,10,small_world,0.5,228102392,0,4,6,10,4,4,True,True,True
100,4,10,small_world,0.5,228102392,1,6,6,12,5,5,False,False,True
100,4,10,er,0.6,228102392,0,37,46,83,36,36,False,False,False
100,4,10,ring,0.6,228102392,0,9,9,18,8,8,False,False,True
100,4,10,ring,0.6,228102392,1,15,19,34,14,14,False,False,False
100,4,10,ring,0.6,228102392,2,5,7,12,5,5,True,True,True
100,4,10,ring,0.6,228102392,3,4,8,12,4,4,True,True,True
100,4,10,ring,0.6,228102392,4,4,8,12,4,4,True,True,True
100,4,10,ring,0.6,228102392,5,3,4,7,3,3,True,True,True
100,4,10,small_world,0.6,228102392,0,31,42,73,30,30,False,False,False
100,4,10,small_world,0.6,228102392,1,3,5,8,3,3,True,True,True
100,4,10,small_world,0.6,228102392,2,2,3,5,2,2,True,True,True
100,4,10,scale_free,0.6,228102392,0,33,52,85,29,29,False,False,False
100,4,10,er,0.7,228102392,0,30,51,81,29,29,False,False,False
100,4,10,ring,0.7,228102392,0,4,9,13,4,4,True,True,True
100,4,10,ring,0.7,228102392,1,14,22,36,13,13,False,False,False
100,4,10,ring,0.7,228102392,2,4,8,12,4,4,True,True,True
100,4,10,ring,0.7,228102392,3,3,7,10,3,3,True,True,True
100,4,10,ring,0.7,228102392,4,4,8,12,4,4,True,True,True
100,4,10,small_world,0.7,228102392,0,21,38,59,21,21,True,True,False
100,4,10,small_world,0.7,228102392,1,2,5,7,2,2,True,True,True
100,4,10,small_world,0.7,228102392,2,4,6,10,4,4,True,True,True
100,4,10,scale_free,0.7,228102392,0,24,42,66,21,21,False,False,False
100,4,10,er,0.8,228102392,0,19,47,66,19,19,True,True,False
100,4,10,ring,0.8,228102392,0,10,18,28,10,10,True,True,True
100,4,10,ring,0.8,228102392,1,3,7,10,3,3,True,True,True
100,4,10,ring,0.8,228102392,2,2,5,7,2,2,True,True,True
100,4,10,ring,0.8,228102392,3,3,5,8,3,3,True,True,True
100,4,10,small_world,0.8,228102392,0,10,19,29,10,10,True,True,True
100,4,10,small_world,0.8,228102392,1,3,6,9,3,3,True,True,True
100,4,10,small_world,0.8,228102392,2,3,5,8,3,3,True,True,True
100,4,10,scale_free,0.8,228102392,0,18,43,61,17,17,False,False,False
100,4,10,er,0.9,228102392,0,8,27,35,8,8,True,True,True
100,4,10,ring,0.9,228102392,0,2,7,9,2,2,True,True,True
100,4,10,ring,0.9,228102392,1,2,5,7,2,2,True,True,True
100,4,10,small_world,0.9,228102392,0,2,6,8,2,2,True,True,True
100,4,10,small_world,0.9,228102392,1,2,5,7,2,2,True,True,True
100,4,10,scale_free,0.9,228102392,0,2,3,5,2,2,True,True,True
100,4,10,scale_free,0.9,228102392,1,5,17,22,5,5,True,True,True
100,4,10,scale_free,0.9,228102392,2,2,4,6,2,2,True,True,True
100,4,11,er,0.2,1020645175,0,2,2,4,2,2,True,True,True
100,4,11,ring,0.3,1020645175,0,2,2,4,2,2,True,True,True
100,4,11,ring,0.3,1020645175,1,6,6,12,5,5,False,False,True
100,4,11,ring,0.4,1020645175,0,2,2,4,2,2,True,True,True
100,4,11,ring,0.4,1020645175,1,4,5,9,4,4,True,True,True
100,4,11,er,0.5,1020645175,0,36,39,75,33,34,False,False,False
100,4,11,ring,0.5,1020645175,0,25,29,54,23,23,False,False,False
100,4,11,ring,0.5,1020645175,1,2,2,4,2,2,True,True,True
100,4,11,ring,0.5,1020645175,2,4,5,9,4,4,True,True,True
100,4,11,small_world,0.5,1020645175,0,28,28,56,23,24,False,False,False
100,4,11,small_world,0.5,1020645175,1,5,7,12,5,5,True,True,True
100,4,11,small_world,0.5,1020645175,2,7,7,14,6,6,False,False,True
100,4,11,scale_free,0.5,1020645175,0,40,40,80,32,32,False,False,False
100,4,11,er,0.6,1020645175,0,28,41,69,27,27,False,False,False
100,4,11,er,0.6,1020645175,1,2,3,5,2,2,True,True,True
100,4,11,ring,0.6,1020645175,0,17,25,42,16,16,False,False,False
100,4,11,ring,0.6,1020645175,1,4,7,11,4,4,True,True,True
100,4,11,ring,0.6,1020645175,2,2,4,6,2,2,True,True,True
100,4,11,ring,0.6,1020645175,3,7,8,15,6,6,False,False,True
100,4,11,ring,0.6,1020645175,4,3,6,9,3,3,True,True,True
100,4,11,small_world,0.6,1020645175,0,25,33,58,22,22,False,False,False
100,4,11,small_world,0.6,1020645175,1,8,12,20,8,8,True,True,True
100,4,11,small_world,0.6,1020645175,2,7,9,16,6,6,False,False,True
100,4,11,scale_free,0.6,1020645175,0,37,44,81,33,33,False,False,False
100,4,11,er,0.7,1020645175,0,24,39,63,23,23,False,False,False
100,4,11,ring,0.7,1020645175,0,3,3,6,2,2,False,False,True
100,4,11,ring,0.7,1020645175,1,2,4,6,2,2,True,True,True
100,4,11,ring,0.7,1020645175,2,2,6,8,2,2,True,True,True
100,4,11,ring,0.7,1020645175,3,3,9,12,3,3,True,True,True
100,4,11,ring,0.7,1020645175,4,3,4,7,3,3,True,True,True
100,4,11,ring,0.7,1020645175,5,6,6,12,5,5,False,False,True
100,4,11,ring,0.7,1020645175,6,3,6,9,3,3,True,True,True
100,4,11,small_world,0.7,1020645175,0,8,13,21,7,7,False,False,True
100,4,11,small_world,0.7,1020645175,1,8,8,16,6,6,False,False,True
100,4,11,small_world,0.7,1020645175,2,8,18,26,8,8,True,True,True
100,4,11,small_world,0.7,1020645175,3,6,6,12,5,5,False,False,True
100,4,11,scale_free,0.7,1020645175,0,30,43,73,30,30,True,True,False
100,4,11,er,0.8,1020645175,0,3,8,11,3,3,True,True,True
100,4,11,er,0.8,1020645175,1,10,21,31,10,10,True,True,True
100,4,11,er,0.8,1020645175,2,2,4,6,2,2,True,True,True
100,4,11,ring,0.8,1020645175,0,8,8,16,7,7,False,False,True
100,4,11,ring,0.8,1020645175,1,2,4,6,2,2,True,True,True
100,4,11,ring,0.8,1020645175,2,2,6,8,2,2,True,True,True
100,4,11,ring,0.8,1020645175,3,2,7,9,2,2,True,True,True
100,4,11,ring,0.8,1020645175,4,5,6,11,4,4,False,False,True
100,4,11,small_world,0.8,1020645175,0,11,22,33,11,11,True,True,False
100,4,11,small_world,0.8,1020645175,1,4,8,12,4,4,True,True,True
100,4,11,small_world,0.8,1020645175,2,5,6,11,4,4,False,False,True
100,4,11,scale_free,0.8,1020645175,0,19,34,53,19,19,True,True,False
100,4,11,er,0.9,1020645175,0,4,11,15,4,4,True,True,True
100,4,11,er,0.9,1020645175,1,4,13,17,4,4,True,True,True
100,4,11,ring,0.9,1020645175,0,2,4,6,2,2,True,True,True
100,4,11,ring,0.9,1020645175,1,3,6,9,3,3,True,True,True
100,4,11,small_world,0.9,1020645175,0,7,20,27,7,7,True,True,True
100,4,11,scale_free,0.9,1020645175,0,8,17,25,8,8,True,True,True
100,4,12,small_world,0.3,3455592538,0,4,4,8,3,3,False,False,True
100,4,12,ring,0.4,3455592538,0,11,11,22,10,10,False,False,False
100,4,12,small_world,0.4,3455592538,0,4,4,8,3,3,False,False,True
100,4,12,er,0.5,3455592538,0,42,42,84,40,40,False,False,False
100,4,12,ring,0.5,3455592538,0,4,5,9,4,4,True,True,True
100,4,12,ring,0.5,3455592538,1,2,2,4,2,2,True,True,True
100,4,12,ring,0.5,3455592538,2,15,15,30,13,13,False,False,False
100,4,12,ring,0.5,3455592538,3,3,3,6,2,2,False,False,True
100,4,12,ring,0.5,3455592538,4,18,18,36,14,14,False,False,False
100,4,12,small_world,0.5,3455592538,0,4,4,8,4,4,True,True,True
100,4,12,small_world,0.5,3455592538,1,2,2,4,2,2,True,True,True
100,4,12,small_world,0.5,3455592538,2,4,4,8,3,3,False,False,True
100,4,12,er,0.6,3455592538,0,33,48,81,33,33,True,True,False
100,4,12,er,0.6,3455592538,1,2,2,4,2,2,True,True,True
100,4,12,ring,0.6,3455592538,0,2,2,4,2,2,True,True,True
100,4,12,ring,0.6,3455592538,1,11,12,23,11,11,True,True,False
100,4,12,ring,0.6,3455592538,2,10,10,20,9,9,False,False,True
100,4,12,ring,0.6,3455592538,3,4,7,11,4,4,True,True,True
100,4,12,ring,0.6,3455592538,4,5,7,12,4,4,False,False,True
100,4,12,small_world,0.6,3455592538,0,2,2,4,2,2,True,True,True
100,4,12,small_world,0.6,3455592538,1,3,3,6,3,3,True,True,True
100,4,12,small_world,0.6,3455592538,2,14,15,29,13,13,False,False,False
100,4,12,small_world,0.6,3455592538,3,14,15,29,12,12,False,False,False
100,4,12,small_world,0.6,3455592538,4,5,7,12,4,4,False,False,True
100,4,12,scale_free,0.6,3455592538,0,35,43,78,29,29,False,False,False
100,4,12,er,0.7,3455592538,0,19,36,55,19,19,True,True,False
100,4,12,er,0.7,3455592538,1,2,6,8,2,2,True,True,True
100,4,12,er,0.7,3455592538,2,2,6,8,2,2,True,True,True
100,4,12,er,0.7,3455592538,3,3,5,8,3,3,True,True,True
100,4,12,ring,0.7,3455592538,0,8,11,19,8,8,True,True,True
100,4,12,ring,0.7,3455592538,1,6,8,14,6,6,True,True,True
100,4,12,ring,0.7,3455592538,2,2,4,6,2,2,True,True,True
100,4,12,ring,0.7,3455592538,3,3,7,10,3,3,True,True,True
100,4,12,ring,0.7,3455592538,4,2,5,7,2,2,True,True,True
100,4,12,small_world,0.7,3455592538,0,3,3,6,3,3,True,True,True
100,4,12,small_world,0.7,3455592538,1,11,14,25,10,10,False,False,False
100,4,12,small_world,0.7,3455592538,2,5,6,11,5,5,True,True,True
100,4,12,small_world,0.7,3455592538,3,7,14,21,7,7,True,True,True
100,4,12,small_world,0.7,3455592538,4,2,4,6,2,2,True,True,True
100,4,12,scale_free,0.7,3455592538,0,28,43,71,25,25,False,False,False
100,4,12,er,0.8,3455592538,0,11,34,45,11,11,True,True,False
100,4,12,er,0.8,3455592538,1,3,6,9,3,3,True,True,True
100,4,12,ring,0.8,3455592538,0,6,9,15,6,6,True,True,True
100,4,12,ring,0.8,3455592538,1,2,4,6,2,2,True,True,True
100,4,12,ring,0.8,3455592538,2,4,7,11,4,4,True,True,True
100,4,12,ring,0.8,3455592538,3,5,8,13,5,5,True,True,True
100,4,12,small_world,0.8,3455592538,0,5,10,15,5,5,True,True,True
100,4,12,small_world,0.8,3455592538,1,10,17,27,10,10,True,True,True
100,4,12,small_world,0.8,3455592538,2,3,7,10,3,3,True,True,True
100,4,12,scale_free,0.8,3455592538,0,19,36,55,18,18,False,False,False
100,4,12,er,0.9,3455592538,0,5,19,24,5,5,True,True,True
100,4,12,er,0.9,3455592538,1,2,7,9,2,2,True,True,True
100,4,12,ring,0.9,3455592538,0,2,4,6,2,2,True,True,True
100,4,12,ring,0.9,3455592538,1,2,7,9,2,2,True,True,True
100,4,12,ring,0.9,3455592538,2,2,4,6,2,2,True,True,True
100,4,12,small_world,0.9,3455592538,0,2,5,7,2,2,True,True,True
100,4,12,small_world,0.9,3455592538,1,3,8,11,3,3,True,True,True
100,4,12,scale_free,0.9,3455592538,0,10,28,38,10,10,True,True,True
100,4,13,er,0.3,2883253956,0,2,2,4,2,2,True,True,True
100,4,13,ring,0.4,2883253956,0,12,13,25,10,10,False,False,False
100,4,13,ring,0.4,2883253956,1,2,2,4,2,2,True,True,True
100,4,13,small_world,0.4,2883253956,0,2,2,4,2,2,True,True,True
100,4,13,er,0.5,2883253956,0,44,45,89,41,41,False,False,False
100,4,13,ring,0.5,2883253956,0,8,8,16,6,6,False,False,True
100,4,13,ring,0.5,2883253956,1,15,16,31,13,13,False,False,False
100,4,13,ring,0.5,2883253956,2,5,5,10,4,4,False,False,True
100,4,13,ring,0.5,2883253956,3,2,2,4,2,2,True,True,True
100,4,13,small_world,0.5,2883253956,0,32,34,66,28,28,False,False,False
100,4,13,small_world,0.5,2883253956,1,6,7,13,6,6,True,True,True
100,4,13,scale_free,0.5,2883253956,0,35,43,78,32,32,False,False,False
100,4,13,er,0.6,2883253956,0,38,51,89,38,38,True,True,False
100,4,13,ring,0.6,2883253956,0,10,10,20,8,8,False,False,True
100,4,13,ring,0.6,2883253956,1,3,6,9,3,3,True,True,True
100,4,13,ring,0.6,2883253956,2,10,12,22,8,8,False,False,True
100,4,13,ring,0.6,2883253956,3,4,6,10,4,4,True,True,True
100,4,13,ring,0.6,2883253956,4,2,2,4,2,2,True,True,True
100,4,13,ring,0.6,2883253956,5,6,11,17,6,6,True,True,True
100,4,13,small_world,0.6,2883253956,0,19,22,41,17,17,False,False,False
100,4,13,small_world,0.6,2883253956,1,2,2,4,2,2,True,True,True
100,4,13,small_world,0.6,2883253956,2,3,6,9,3,3,True,True,True
100,4,13,small_world,0.6,2883253956,3,6,11,17,6,6,True,True,True
100,4,13,scale_free,0.6,2883253956,0,29,51,80,27,27,False,False,False
100,4,13,er,0.7,2883253956,0,30,48,78,30,30,True,True,False
100,4,13,ring,0.7,2883253956,0,9,9,18,8,8,False,False,True
100,4,13,ring,0.7,2883253956,1,7,11,18,6,6,False,False,True
100,4,13,ring,0.7,2883253956,2,5,9,14,5,5,True,True,True
100,4,13,ring,0.7,2883253956,3,3,6,9,3,3,True,True,True
100,4,13,small_world,0.7,2883253956,0,9,13,22,8,8,False,False,True
100,4,13,small_world,0.7,2883253956,1,4,10,14,4,4,True,True,True
100,4,13,small_world,0.7,2883253956,2,7,10,17,6,6,False,False,True
100,4,13,small_world,0.7,2883253956,3,2,6,8,2,2,True,True,True
100,4,13,scale_free,0.7,2883253956,0,20,48,68,19,19,False,False,False
100,4,13,scale_free,0.7,2883253956,1,2,4,6,2,2,True,True,True
100,4,13,er,0.8,2883253956,0,20,45,65,20,20,True,True,False
100,4,13,ring,0.8,2883253956,0,4,6,10,4,4,True,True,True
100,4,13,ring,0.8,2883253956,1,2,4,6,2,2,True,True,True
100,4,13,ring,0.8,2883253956,2,3,6,9,3,3,True,True,True
100,4,13,ring,0.8,2883253956,3,3,7,10,3,3,True,True,True
100,4,13,ring,0.8,2883253956,4,4,10,14,4,4,True,True,True
100,4,13,ring,0.8,2883253956,5,3,6,9,3,3,True,True,True
100,4,13,small_world,0.8,2883253956,0,4,6,10,4,4,True,True,True
100,4,13,small_world,0.8,2883253956,1,2,3,5,2,2,True,True,True
100,4,13,small_world,0.8,2883253956,2,5,11,16,5,5,True,True,True
100,4,13,small_world,0.8,2883253956,3,3,7,10,3,3,True,True,True
100,4,13,small_world,0.8,2883253956,4,3,7,10,3,3,True,True,True
100,4,13,small_world,0.8,2883253956,5,2,6,8,2,2,True,True,True
100,4,13,scale_free,0.8,2883253956,0,10,34,44,9,9,False,False,True
100,4,13,scale_free,0.8,2883253956,1,2,2,4,2,2,True,True,True
100,4,13,er,0.9,2883253956,0,6,19,25,6,6,True,True,True
100,4,13,er,0.9,2883253956,1,2,7,9,2,2,True,True,True
100,4,13,ring,0.9,2883253956,0,3,6,9,3,3,True,True,True
100,4,13,ring,0.9,2883253956,1,3,7,10,3,3,True,True,True
100,4,13,ring,0.9,2883253956,2,2,6,8,2,2,True,True,True
100,4,13,small_world,0.9,2883253956,0,3,8,11,3,3,True,True,True
100,4,13,small_world,0.9,2883253956,1,3,7,10,3,3,True,True,True
100,4,13,small_world,0.9,2883253956,2,2,6,8,2,2,True,True,True
100,4,13,scale_free,0.9,2883253956,0,6,17,23,6,6,True,True,True
100,4,13,scale_free,0.9,2883253956,1,2,2,4,2,2,True,True,True
100,4,14,ring,0.2,1384741552,0,3,4,7,3,3,True,True,True
100,4,14,ring,0.2,1384741552,1,2,2,4,2,2,True,True,True
100,4,14,small_world,0.2,1384741552,0,4,4,8,4,4,True,True,True
100,4,14,small_world,0.2,1384741552,1,2,2,4,2,2,True,True,True
100,4,14,ring,0.3,1384741552,0,3,4,7,3,3,True,True,True
100,4,14,ring,0.3,1384741552,1,2,2,4,2,2,True,True,True
100,4,14,small_world,0.3,1384741552,0,2,2,4,2,2,True,True,True
100,4,14,ring,0.4,1384741552,0,3,5,8,3,3,True,True,True
100,4,14,ring,0.4,1384741552,1,7,8,15,6,6,False,False,True
100,4,14,ring,0.4,1384741552,2,3,3,6,2,2,False,False,True
100,4,14,ring,0.4,1384741552,3,3,3,6,2,2,False,False,True
100,4,14,er,0.5,1384741552,0,39,39,78,36,36,False,False,False
100,4,14,ring,0.5,1384741552,0,5,12,17,5,5,True,True,True
100,4,14,ring,0.5,1384741552,1,6,7,13,6,6,True,True,True
100,4,14,ring,0.5,1384741552,2,3,3,6,2,2,False,False,True
100,4,14,ring,0.5,1384741552,3,3,3,6,2,2,False,False,True
100,4,14,ring,0.5,1384741552,4,3,3,6,2,2,False,False,True
100,4,14,ring,0.5,1384741552,5,3,4,7,3,3,True,True,True
100,4,14,ring,0.5,1384741552,6,2,2,4,2,2,True,True,True
100,4,14,small_world,0.5,1384741552,0,5,10,15,5,5,True,True,True
100,4,14,small_world,0.5,1384741552,1,6,7,13,6,6,True,True,True
100,4,14,small_world,0.5,1384741552,2,4,4,8,4,4,True,True,True
100,4,14,er,0.6,1384741552,0,34,46,80,32,32,False,False,False
100,4,14,er,0.6,1384741552,1,2,2,4,2,2,True,True,True
100,4,14,ring,0.6,1384741552,0,5,12,17,5,5,True,True,True
100,4,14,ring,0.6,1384741552,1,7,9,16,7,7,True,True,True
100,4,14,ring,0.6,1384741552,2,7,10,17,7,7,True,True,True
100,4,14,ring,0.6,1384741552,3,2,2,4,2,2,True,True,True
100,4,14,ring,0.6,1384741552,4,2,2,4,2,2,True,True,True
100,4,14,ring,0.6,1384741552,5,11,11,22,10,10,False,False,False
100,4,14,ring,0.6,1384741552,6,4,6,10,4,4,True,True,True
100,4,14,small_world,0.6,1384741552,0,4,10,14,4,4,True,True,True
100,4,14,small_world,0.6,1384741552,1,29,36,65,28,28,False,False,False
100,4,14,small_world,0.6,1384741552,2,4,4,8,3,3,False,False,True
100,4,14,scale_free,0.6,1384741552,0,35,40,75,30,30,False,False,False
100,4,14,er,0.7,1384741552,0,2,5,7,2,2,True,True,True
100,4,14,er,0.7,1384741552,1,24,45,69,24,24,True,True,False
100,4,14,ring,0.7,1384741552,0,3,8,11,3,3,True,True,True
100,4,14,ring,0.7,1384741552,1,2,4,6,2,2,True,True,True
100,4,14,ring,0.7,1384741552,2,4,7,11,4,4,True,True,True
100,4,14,ring,0.7,1384741552,3,4,5,9,4,4,True,True,True
100,4,14,ring,0.7,1384741552,4,2,2,4,2,2,True,True,True
100,4,14,ring,0.7,1384741552,5,9,11,20,8,8,False,False,True
100,4,14,ring,0.7,1384741552,6,3,7,10,3,3,True,True,True
100,4,14,small_world,0.7,1384741552,0,2,6,8,2,2,True,True,True
100,4,14,small_world,0.7,1384741552,1,5,10,15,5,5,True,True,True
100,4,14,small_world,0.7,1384741552,2,2,3,5,2,2,True,True,True
100,4,14,small_world,0.7,1384741552,3,17,25,42,16,16,False,False,False
100,4,14,scale_free,0.7,1384741552,0,25,37,62,24,24,False,False,False
100,4,14,er,0.8,1384741552,0,19,43,62,19,19,True,True,False
100,4,14,ring,0.8,1384741552,0,2,4,6,2,2,True,True,True
100,4,14,ring,0.8,1384741552,1,2,4,6,2,2,True,True,True
100,4,14,ring,0.8,1384741552,2,3,5,8,3,3,True,True,True
100,4,14,ring,0.8,1384741552,3,3,4,7,3,3,True,True,True
100,4,14,ring,0.8,1384741552,4,3,5,8,3,3,True,True,True
100,4,14,ring,0.8,1384741552,5,2,5,7,2,2,True,True,True
100,4,14,small_world,0.8,1384741552,0,4,8,12,4,4,True,True,True
100,4,14,small_world,0.8,1384741552,1,8,13,21,8,8,True,True,True
100,4,14,small_world,0.8,1384741552,2,2,5,7,2,2,True,True,True
100,4,14,scale_free,0.8,1384741552,0,18,36,54,18,18,True,True,False
100,4,14,er,0.9,1384741552,0,2,8,10,2,2,True,True,True
100,4,14,er,0.9,1384741552,1,2,5,7,2,2,True,True,True
100,4,14,er,0.9,1384741552,2,2,6,8,2,2,True,True,True
100,4,14,er,0.9,1384741552,3,2,5,7,2,2,True,True,True
100,4,14,ring,0.9,1384741552,0,2,5,7,2,2,True,True,True
100,4,14,ring,0.9,1384741552,1,2,5,7,2,2,True,True,True
100,4,14,ring,0.9,1384741552,2,2,5,7,2,2,True,True,True
100,4,14,small_world,0.9,1384741552,0,3,7,10,3,3,True,True,True
100,4,14,small_world,0.9,1384741552,1,3,8,11,3,3,True,True,True
100,4,14,small_world,0.9,1384741552,2,2,5,7,2,2,True,True,True
100,4,14,scale_free,0.9,1384741552,0,2,6,8,2,2,True,True,True
100,4,14,scale_free,0.9,1384741552,1,3,4,7,3,3,True,True,True
100,4,15,ring,0.3,647781327,0,5,5,10,5,5,True,True,True
100,4,15,ring,0.3,647781327,1,3,4,7,3,3,True,True,True
100,4,15,ring,0.4,647781327,0,4,4,8,4,4,True,True,True
100,4,15,ring,0.4,647781327,1,5,5,10,5,5,True,True,True
100,4,15,ring,0.4,647781327,2,3,4,7,3,3,True,True,True
100,4,15,ring,0.5,647781327,0,2,2,4,2,2,True,True,True
100,4,15,ring,0.5,647781327,1,2,2,4,2,2,True,True,True
100,4,15,ring,0.5,647781327,2,4,5,9,3,3,False,False,True
100,4,15,ring,0.5,647781327,3,4,6,10,4,4,True,True,True
100,4,15,ring,0.5,647781327,4,3,4,7,3,3,True,True,True
100,4,15,small_world,0.5,647781327,0,2,2,4,2,2,True,True,True
100,4,15,small_world,0.5,647781327,1,2,2,4,2,2,True,True,True
100,4,15,small_world,0.5,647781327,2,3,6,9,3,3,True,True,True
100,4,15,er,0.6,647781327,0,2,2,4,2,2,True,True,True
100,4,15,er,0.6,647781327,1,30,42,72,29,29,False,False,False
100,4,15,ring,0.6,647781327,0,8,9,17,7,7,False,False,True
100,4,15,ring,0.6,647781327,1,9,11,20,9,9,True,True,True
100,4,15,ring,0.6,647781327,2,2,2,4,2,2,True,True,True
100,4,15,ring,0.6,647781327,3,5,5,10,5,5,True,True,True
100,4,15,ring,0.6,647781327,4,4,5,9,3,3,False,False,True
100,4,15,ring,0.6,647781327,5,9,13,22,9,9,True,True,True
100,4,15,ring,0.6,647781327,6,2,4,6,2,2,True,True,True
100,4,15,small_world,0.6,647781327,0,33,40,73,32,32,False,False,False
100,4,15,small_world,0.6,647781327,1,2,2,4,2,2,True,True,True
100,4,15,small_world,0.6,647781327,2,2,2,4,2,2,True,True,True
100,4,15,scale_free,0.6,647781327,0,38,39,77,29,29,False,False,False
100,4,15,er,0.7,647781327,0,22,37,59,22,22,True,True,False
100,4,15,ring,0.7,647781327,0,4,6,10,4,4,True,True,True
100,4,15,ring,0.7,647781327,1,9,15,24,9,9,True,True,True
100,4,15,ring,0.7,647781327,2,2,2,4,2,2,True,True,True
100,4,15,ring,0.7,647781327,3,5,5,10,5,5,True,True,True
100,4,15,ring,0.7,647781327,4,7,12,19,7,7,True,True,True
100,4,15,small_world,0.7,647781327,0,3,6,9,3,3,True,True,True
100,4,15,small_world,0.7,647781327,1,8,14,22,8,8,True,True,True
100,4,15,small_world,0.7,647781327,2,2,2,4,2,2,True,True,True
100,4,15,small_world,0.7,647781327,3,11,20,31,11,11,True,True,False
100,4,15,small_world,0.7,647781327,4,2,2,4,2,2,True,True,True
100,4,15,scale_free,0.7,647781327,0,29,39,68,27,27,False,False,False
100,4,15,er,0.8,647781327,0,3,4,7,3,3,True,True,True
100,4,15,er,0.8,647781327,1,14,34,48,14,14,True,True,False
100,4,15,ring,0.8,647781327,0,3,7,10,3,3,True,True,True
100,4,15,ring,0.8,647781327,1,2,5,7,2,2,True,True,True
100,4,15,ring,0.8,647781327,2,7,13,20,7,7,True,True,True
100,4,15,ring,0.8,647781327,3,3,6,9,3,3,True,True,True
100,4,15,ring,0.8,647781327,4,4,10,14,4,4,True,True,True
100,4,15,small_world,0.8,647781327,0,2,6,8,2,2,True,True,True
100,4,15,small_world,0.8,647781327,1,8,16,24,8,8,True,True,True
100,4,15,small_world,0.8,647781327,2,6,15,21,6,6,True,True,True
100,4,15,scale_free,0.8,647781327,0,20,39,59,20,20,True,True,False
100,4,15,er,0.9,647781327,0,3,6,9,3,3,True,True,True
100,4,15,er,0.9,647781327,1,2,7,9,2,2,True,True,True
100,4,15,ring,0.9,647781327,0,2,6,8,2,2,True,True,True
100,4,15,ring,0.9,647781327,1,2,5,7,2,2,True,True,True
100,4,15,ring,0.9,647781327,2,2,5,7,2,2,True,True,True
100,4,15,ring,0.9,647781327,3,2,4,6,2,2,True,True,True
100,4,15,small_world,0.9,647781327,0,2,7,9,2,2,True,True,True
100,4,15,small_world,0.9,647781327,1,3,8,11,3,3,True,True,True
100,4,15,small_world,0.9,647781327,2,2,4,6,2,2,True,True,True
100,4,15,scale_free,0.9,647781327,0,9,31,40,9,9,True,True,True
100,4,16,ring,0.5,2850349702,0,12,12,24,10,10,False,False,False
100,4,16,ring,0.5,2850349702,1,3,3,6,2,2,False,False,True
100,4,16,ring,0.5,2850349702,2,2,2,4,2,2,True,True,True
100,4,16,ring,0.5,2850349702,3,3,4,7,3,3,True,True,True
100,4,16,ring,0.5,2850349702,4,8,13,21,8,8,True,True,True
100,4,16,small_world,0.5,2850349702,0,20,27,47,18,19,False,False,False
100,4,16,small_world,0.5,2850349702,1,3,3,6,3,3,True,True,True
100,4,16,scale_free,0.5,2850349702,0,40,41,81,33,33,False,False,False
100,4,16,er,0.6,2850349702,0,37,44,81,37,37,True,True,False
100,4,16,ring,0.6,2850349702,0,8,13,21,8,8,True,True,True
100,4,16,ring,0.6,2850349702,1,7,9,16,6,6,False,False,True
100,4,16,ring,0.6,2850349702,2,3,3,6,2,2,False,False,True
100,4,16,ring,0.6,2850349702,3,4,7,11,4,4,True,True,True
100,4,16,ring,0.6,2850349702,4,2,7,9,2,2,True,True,True
100,4,16,ring,0.6,2850349702,5,3,4,7,3,3,True,True,True
100,4,16,small_world,0.6,2850349702,0,3,7,10,3,3,True,True,True
100,4,16,small_world,0.6,2850349702,1,12,18,30,12,12,True,True,False
100,4,16,small_world,0.6,2850349702,2,5,7,12,5,5,True,True,True
100,4,16,small_world,0.6,2850349702,3,10,16,26,10,10,True,True,True
100,4,16,scale_free,0.6,2850349702,0,29,43,72,27,28,False,False,False
100,4,16,er,0.7,2850349702,0,27,46,73,27,27,True,True,False
100,4,16,ring,0.7,2850349702,0,6,10,16,6,6,True,True,True
100,4,16,ring,0.7,2850349702,1,6,10,16,6,6,True,True,True
100,4,16,ring,0.7,2850349702,2,5,8,13,5,5,True,True,True
100,4,16,ring,0.7,2850349702,3,3,8,11,3,3,True,True,True
100,4,16,ring,0.7,2850349702,4,7,11,18,7,7,True,True,True
100,4,16,small_world,0.7,2850349702,0,11,19,30,11,11,True,True,False
100,4,16,small_world,0.7,2850349702,1,13,24,37,13,13,True,True,False
100,4,16,scale_free,0.7,2850349702,0,27,51,78,27,27,True,True,False
100,4,16,er,0.8,2850349702,0,18,42,60,18,18,True,True,False
100,4,16,ring,0.8,2850349702,0,7,12,19,7,7,True,True,True
100,4,16,ring,0.8,2850349702,1,3,8,11,3,3,True,True,True
100,4,16,ring,0.8,2850349702,2,2,4,6,2,2,True,True,True
100,4,16,ring,0.8,2850349702,3,3,8,11,3,3,True,True,True
100,4,16,ring,0.8,2850349702,4,3,6,9,3,3,True,True,True
100,4,16,small_world,0.8,2850349702,0,13,23,36,13,13,True,True,False
100,4,16,small_world,0.8,2850349702,1,2,2,4,2,2,True,True,True
100,4,16,scale_free,0.8,2850349702,0,16,42,58,16,16,True,True,False
100,4,16,scale_free,0.8,2850349702,1,2,3,5,2,2,True,True,True
100,4,16,er,0.9,2850349702,0,9,28,37,9,9,True,True,True
100,4,16,ring,0.9,2850349702,0,3,8,11,3,3,True,True,True
100,4,16,ring,0.9,2850349702,1,2,4,6,2,2,True,True,True
100,4,16,ring,0.9,2850349702,2,2,5,7,2,2,True,True,True
100,4,16,small_world,0.9,2850349702,0,2,5,7,2,2,True,True,True
100,4,16,small_world,0.9,2850349702,1,2,4,6,2,2,True,True,True
100,4,16,small_world,0.9,2850349702,2,2,5,7,2,2,True,True,True
100,4,16,scale_free,0.9,2850349702,0,9,37,46,9,9,True,True,True
100,4,17,ring,0.3,416974849,0,2,2,4,2,2,True,True,True
100,4,17,ring,0.3,416974849,1,3,5,8,3,3,True,True,True
100,4,17,small_world,0.3,416974849,0,2,2,4,2,2,True,True,True
100,4,17,ring,0.4,416974849,0,3,5,8,3,3,True,True,True
100,4,17,er,0.5,416974849,0,41,43,84,38,38,False,False,False
100,4,17,ring,0.5,416974849,0,15,15,30,12,12,False,False,False
100,4,17,ring,0.5,416974849,1,5,5,10,4,4,False,False,True
100,4,17,ring,0.5,416974849,2,2,2,4,2,2,True,True,True
100,4,17,ring,0.5,416974849,3,7,7,14,6,6,False,False,True
100,4,17,ring,0.5,416974849,4,12,14,26,10,10,False,False,False
100,4,17,ring,0.5,416974849,5,3,4,7,3,3,True,True,True
100,4,17,small_world,0.5,416974849,0,46,46,92,40,40,False,False,False
100,4,17,scale_free,0.5,416974849,0,37,39,76,31,31,False,False,False
100,4,17,er,0.6,416974849,0,36,52,88,36,36,True,True,False
100,4,17,ring,0.6,416974849,0,6,8,14,6,6,True,True,True
100,4,17,ring,0.6,416974849,1,7,9,16,6,6,False,False,True
100,4,17,ring,0.6,416974849,2,4,4,8,4,4,True,True,True
100,4,17,ring,0.6,416974849,3,11,12,23,9,9,False,False,False
100,4,17,ring,0.6,416974849,4,6,13,19,6,6,True,True,True
100,4,17,ring,0.6,416974849,5,6,7,13,6,6,True,True,True
100,4,17,small_world,0.6,416974849,0,33,44,77,31,31,False,False,False
100,4,17,small_world,0.6,416974849,1,4,4,8,4,4,True,True,True
100,4,17,small_world,0.6,416974849,2,2,3,5,2,2,True,True,True
100,4,17,scale_free,0.6,416974849,0,35,46,81,33,33,False,False,False
100,4,17,er,0.7,416974849,0,27,55,82,27,27,True,True,False
100,4,17,ring,0.7,416974849,0,4,9,13,4,4,True,True,True
100,4,17,ring,0.7,416974849,1,3,5,8,3,3,True,True,True
100,4,17,ring,0.7,416974849,2,3,7,10,3,3,True,True,True
100,4,17,ring,0.7,416974849,3,6,9,15,5,5,False,False,True
100,4,17,ring,0.7,416974849,4,3,5,8,3,3,True,True,True
100,4,17,ring,0.7,416974849,5,5,10,15,5,5,True,True,True
100,4,17,ring,0.7,416974849,6,5,8,13,5,5,True,True,True
100,4,17,small_world,0.7,416974849,0,4,9,13,4,4,True,True,True
100,4,17,small_world,0.7,416974849,1,3,5,8,3,3,True,True,True
100,4,17,small_world,0.7,416974849,2,11,24,35,11,11,True,True,False
100,4,17,small_world,0.7,416974849,3,8,12,20,8,8,True,True,True
100,4,17,small_world,0.7,416974849,4,3,4,7,3,3,True,True,True
100,4,17,scale_free,0.7,416974849,0,27,45,72,27,27,True,True,False
100,4,17,scale_free,0.7,416974849,1,2,3,5,2,2,True,True,True
100,4,17,er,0.8,416974849,0,14,40,54,14,14,True,True,False
100,4,17,er,0.8,416974849,1,2,4,6,2,2,True,True,True
100,4,17,ring,0.8,416974849,0,4,9,13,4,4,True,True,True
100,4,17,ring,0.8,416974849,1,2,4,6,2,2,True,True,True
100,4,17,ring,0.8,416974849,2,4,11,15,4,4,True,True,True
100,4,17,ring,0.8,416974849,3,4,11,15,4,4,True,True,True
100,4,17,ring,0.8,416974849,4,2,6,8,2,2,True,True,True
100,4,17,small_world,0.8,416974849,0,4,9,13,4,4,True,True,True
100,4,17,small_world,0.8,416974849,1,2,4,6,2,2,True,True,True
100,4,17,small_world,0.8,416974849,2,4,11,15,4,4,True,True,True
100,4,17,small_world,0.8,416974849,3,6,18,24,6,6,True,True,True
100,4,17,scale_free,0.8,416974849,0,14,32,46,14,14,True,True,False
100,4,17,scale_free,0.8,416974849,1,2,4,6,2,2,True,True,True
100,4,17,scale_free,0.8,416974849,2,2,3,5,2,2,True,True,True
100,4,17,er,0.9,416974849,0,3,14,17,3,3,True,True,True
100,4,17,ring,0.9,416974849,0,2,4,6,2,2,True,True,True
100,4,17,ring,0.9,416974849,1,2,7,9,2,2,True,True,True
100,4,17,small_world,0.9,416974849,0,2,4,6,2,2,True,True,True
100,4,17,small_world,0.9,416974849,1,2,8,10,2,2,True,True,True
100,4,17,scale_free,0.9,416974849,0,6,24,30,6,6,True,True,True
100,4,17,scale_free,0.9,416974849,1,2,3,5,2,2,True,True,True
100,4,18,scale_free,0.3,3660623323,0,2,2,4,2,2,True,True,True
100,4,18,er,0.4,3660623323,0,2,2,4,2,2,True,True,True
100,4,18,ring,0.4,3660623323,0,2,2,4,2,2,True,True,True
100,4,18,ring,0.4,3660623323,1,2,2,4,2,2,True,True,True
100,4,18,small_world,0.4,3660623323,0,2,2,4,2,2,True,True,True
100,4,18,er,0.5,3660623323,0,43,44,87,39,39,False,False,False
100,4,18,ring,0.5,3660623323,0,10,10,20,9,9,False,False,True
100,4,18,ring,0.5,3660623323,1,3,3,6,2,2,False,False,True
100,4,18,ring,0.5,3660623323,2,5,5,10,4,4,False,False,True
100,4,18,ring,0.5,3660623323,3,13,16,29,12,12,False,False,False
100,4,18,ring,0.5,3660623323,4,3,4,7,3,3,True,True,True
100,4,18,small_world,0.5,3660623323,0,44,46,90,38,38,False,False,False
100,4,18,scale_free,0.5,3660623323,0,35,41,76,30,30,False,False,False
100,4,18,er,0.6,3660623323,0,37,54,91,37,37,True,True,False
100,4,18,ring,0.6,3660623323,0,8,12,20,8,8,True,True,True
100,4,18,ring,0.6,3660623323,1,5,11,16,5,5,True,True,True
100,4,18,ring,0.6,3660623323,2,6,10,16,6,6,True,True,True
100,4,18,ring,0.6,3660623323,3,21,26,47,19,19,False,False,False
100,4,18,small_world,0.6,3660623323,0,37,54,91,36,36,False,False,False
100,4,18,small_world,0.6,3660623323,1,3,3,6,3,3,True,True,True
100,4,18,scale_free,0.6,3660623323,0,32,38,70,25,25,False,False,False
100,4,18,er,0.7,3660623323,0,27,49,76,27,27,True,True,False
100,4,18,ring,0.7,3660623323,0,8,12,20,8,8,True,True,True
100,4,18,ring,0.7,3660623323,1,2,5,7,2,2,True,True,True
100,4,18,ring,0.7,3660623323,2,3,6,9,3,3,True,True,True
100,4,18,ring,0.7,3660623323,3,8,11,19,8,8,True,True,True
100,4,18,ring,0.7,3660623323,4,8,14,22,8,8,True,True,True
100,4,18,small_world,0.7,3660623323,0,22,40,62,22,22,True,True,False
100,4,18,small_world,0.7,3660623323,1,6,9,15,6,6,True,True,True
100,4,18,small_world,0.7,3660623323,2,2,4,6,2,2,True,True,True
100,4,18,scale_free,0.7,3660623323,0,24,39,63,20,20,False,False,False
100,4,18,er,0.8,3660623323,0,15,41,56,15,15,True,True,False
100,4,18,er,0.8,3660623323,1,2,5,7,2,2,True,True,True
100,4,18,ring,0.8,3660623323,0,3,5,8,3,3,True,True,True
100,4,18,ring,0.8,3660623323,1,2,5,7,2,2,True,True,True
100,4,18,ring,0.8,3660623323,2,2,7,9,2,2,True,True,True
100,4,18,ring,0.8,3660623323,3,4,7,11,4,4,True,True,True
100,4,18,ring,0.8,3660623323,4,6,9,15,6,6,True,True,True
100,4,18,small_world,0.8,3660623323,0,12,22,34,12,12,True,True,False
100,4,18,small_world,0.8,3660623323,1,3,7,10,3,3,True,True,True
100,4,18,small_world,0.8,3660623323,2,2,5,7,2,2,True,True,True
100,4,18,scale_free,0.8,3660623323,0,18,45,63,17,17,False,False,False
100,4,18,er,0.9,3660623323,0,2,9,11,2,2,True,True,True
100,4,18,er,0.9,3660623323,1,4,18,22,4,4,True,True,True
100,4,18,er,0.9,3660623323,2,2,6,8,2,2,True,True,True
100,4,18,ring,0.9,3660623323,0,2,4,6,2,2,True,True,True
100,4,18,ring,0.9,3660623323,1,2,5,7,2,2,True,True,True
100,4,18,ring,0.9,3660623323,2,2,4,6,2,2,True,True,True
100,4,18,small_world,0.9,3660623323,0,4,9,13,4,4,True,True,True
100,4,18,small_world,0.9,3660623323,1,2,7,9,2,2,True,True,True
100,4,18,small_world,0.9,3660623323,2,2,6,8,2,2,True,True,True
100,4,18,scale_free,0.9,3660623323,0,8,34,42,8,8,True,True,True
100,4,19,ring,0.3,891591446,0,5,5,10,4,4,False,False,True
100,4,19,ring,0.3,891591446,1,2,2,4,2,2,True,True,True
100,4,19,ring,0.4,891591446,0,4,4,8,4,4,True,True,True
100,4,19,ring,0.4,891591446,1,2,2,4,2,2,True,True,True
100,4,19,ring,0.4,891591446,2,12,12,24,11,11,False,False,False
100,4,19,small_world,0.4,891591446,0,3,3,6,3,3,True,True,True
100,4,19,scale_free,0.4,891591446,0,2,3,5,2,2,True,True,True
100,4,19,er,0.5,891591446,0,4,4,8,2,2,False,False,True
100,4,19,er,0.5,891591446,1,35,37,72,32,32,False,False,False
100,4,19,ring,0.5,891591446,0,18,20,38,18,18,True,True,False
100,4,19,ring,0.5,891591446,1,2,2,4,2,2,True,True,True
100,4,19,ring,0.5,891591446,2,4,4,8,4,4,True,True,True
100,4,19,small_world,0.5,891591446,0,27,31,58,25,25,False,False,False
100,4,19,scale_free,0.5,891591446,0,40,42,82,33,33,False,False,False
100,4,19,er,0.6,891591446,0,27,33,60,27,27,True,True,False
100,4,19,er,0.6,891591446,1,2,4,6,2,2,True,True,True
100,4,19,ring,0.6,891591446,0,21,23,44,18,18,False,False,False
100,4,19,ring,0.6,891591446,1,2,2,4,2,2,True,True,True
100,4,19,ring,0.6,891591446,2,2,7,9,2,2,True,True,True
100,4,19,ring,0.6,891591446,3,4,4,8,4,4,True,True,True
100,4,19,ring,0.6,891591446,4,4,5,9,3,3,False,False,True
100,4,19,small_world,0.6,891591446,0,31,34,65,26,26,False,False,False
100,4,19,small_world,0.6,891591446,1,8,13,21,8,8,True,True,True
100,4,19,scale_free,0.6,891591446,0,35,43,78,30,30,False,False,False
100,4,19,er,0.7,891591446,0,3,5,8,3,3,True,True,True
100,4,19,er,0.7,891591446,1,23,34,57,21,21,False,False,False
100,4,19,ring,0.7,891591446,0,11,19,30,11,11,True,True,False
100,4,19,ring,0.7,891591446,1,2,4,6,2,2,True,True,True
100,4,19,ring,0.7,891591446,2,2,7,9,2,2,True,True,True
100,4,19,ring,0.7,891591446,3,7,10,17,7,7,True,True,True
100,4,19,ring,0.7,891591446,4,8,12,20,8,8,True,True,True
100,4,19,small_world,0.7,891591446,0,28,45,73,27,27,False,False,False
100,4,19,small_world,0.7,891591446,1,2,7,9,2,2,True,True,True
100,4,19,scale_free,0.7,891591446,0,27,49,76,24,24,False,False,False
100,4,19,er,0.8,891591446,0,3,7,10,3,3,True,True,True
100,4,19,er,0.8,891591446,1,9,22,31,9,9,True,True,True
100,4,19,ring,0.8,891591446,0,2,6,8,2,2,True,True,True
100,4,19,ring,0.8,891591446,1,2,7,9,2,2,True,True,True
100,4,19,ring,0.8,891591446,2,2,7,9,2,2,True,True,True
100,4,19,ring,0.8,891591446,3,5,12,17,5,5,True,True,True
100,4,19,ring,0.8,891591446,4,2,7,9,2,2,True,True,True
100,4,19,ring,0.8,891591446,5,3,7,10,3,3,True,True,True
100,4,19,ring,0.8,891591446,6,3,7,10,3,3,True,True,True
100,4,19,small_world,0.8,891591446,0,2,6,8,2,2,True,True,True
100,4,19,small_world,0.8,891591446,1,2,7,9,2,2,True,True,True
100,4,19,small_world,0.8,891591446,2,4,11,15,4,4,True,True,True
100,4,19,small_world,0.8,891591446,3,2,7,9,2,2,True,True,True
100,4,19,small_world,0.8,891591446,4,6,16,22,6,6,True,True,True
100,4,19,small_world,0.8,891591446,5,3,7,10,3,3,True,True,True
100,4,19,scale_free,0.8,891591446,0,12,34,46,12,12,True,True,False
100,4,19,scale_free,0.8,891591446,1,2,2,4,2,2,True,True,True
100,4,19,scale_free,0.8,891591446,2,2,2,4,2,2,True,True,True
100,4,19,er,0.9,891591446,0,2,6,8,2,2,True,True,True
100,4,19,er,0.9,891591446,1,5,17,22,5,5,True,True,True
100,4,19,ring,0.9,891591446,0,2,7,9,2,2,True,True,True
100,4,19,ring,0.9,891591446,1,2,6,8,2,2,True,True,True
100,4,19,ring,0.9,891591446,2,2,4,6,2,2,True,True,True
100,4,19,small_world,0.9,891591446,0,2,8,10,2,2,True,True,True
100,4,19,small_world,0.9,891591446,1,2,7,9,2,2,True,True,True
100,4,19,small_world,0.9,891591446,2,2,7,9,2,2,True,True,True
100,4,19,small_world,0.9,891591446,3,2,4,6,2,2,True,True,True
100,4,19,scale_free,0.9,891591446,0,8,35,43,8,8,True,True,True
100,4,20,er,0.3,1846435527,0,4,4,8,4,4,True,True,True
100,4,20,er,0.5,1846435527,0,40,42,82,37,37,False,False,False
100,4,20,ring,0.5,1846435527,0,8,10,18,7,7,False,False,True
100,4,20,ring,0.5,1846435527,1,2,2,4,2,2,True,True,True
100,4,20,ring,0.5,1846435527,2,2,2,4,2,2,True,True,True
100,4,20,ring,0.5,1846435527,3,3,3,6,2,2,False,False,True
100,4,20,ring,0.5,1846435527,4,9,10,19,6,6,False,False,True
100,4,20,ring,0.5,1846435527,5,5,5,10,4,4,False,False,True
100,4,20,ring,0.5,1846435527,6,2,2,4,2,2,True,True,True
100,4,20,small_world,0.5,1846435527,0,8,8,16,8,8,True,True,True
100,4,20,small_world,0.5,1846435527,1,2,2,4,2,2,True,True,True
100,4,20,small_world,0.5,1846435527,2,14,14,28,11,11,False,False,False
100,4,20,er,0.6,1846435527,0,34,50,84,34,34,True,True,False
100,4,20,ring,0.6,1846435527,0,4,7,11,4,4,True,True,True
100,4,20,ring,0.6,1846435527,1,2,2,4,2,2,True,True,True
100,4,20,ring,0.6,1846435527,2,2,2,4,2,2,True,True,True
100,4,20,ring,0.6,1846435527,3,3,4,7,3,3,True,True,True
100,4,20,ring,0.6,1846435527,4,3,3,6,2,2,False,False,True
100,4,20,ring,0.6,1846435527,5,11,18,29,10,10,False,False,False
100,4,20,ring,0.6,1846435527,6,2,2,4,2,2,True,True,True
100,4,20,ring,0.6,1846435527,7,9,13,22,8,8,False,False,True
100,4,20,small_world,0.6,1846435527,0,34,46,80,31,31,False,False,False
100,4,20,small_world,0.6,1846435527,1,2,2,4,2,2,True,True,True
100,4,20,scale_free,0.6,1846435527,0,33,40,73,28,28,False,False,False
100,4,20,er,0.7,1846435527,0,25,51,76,25,25,True,True,False
100,4,20,ring,0.7,1846435527,0,4,7,11,4,4,True,True,True
100,4,20,ring,0.7,1846435527,1,4,5,9,4,4,True,True,True
100,4,20,ring,0.7,1846435527,2,2,2,4,2,2,True,True,True
100,4,20,ring,0.7,1846435527,3,3,3,6,2,2,False,False,True
100,4,20,ring,0.7,1846435527,4,6,16,22,6,6,True,True,True
100,4,20,ring,0.7,1846435527,5,2,2,4,2,2,True,True,True
100,4,20,ring,0.7,1846435527,6,5,6,11,4,4,False,False,True
100,4,20,ring,0.7,1846435527,7,2,5,7,2,2,True,True,True
100,4,20,small_world,0.7,1846435527,0,6,7,13,5,5,False,False,True
100,4,20,small_world,0.7,1846435527,1,17,28,45,16,16,False,False,False
100,4,20,small_world,0.7,1846435527,2,3,5,8,3,3,True,True,True
100,4,20,scale_free,0.7,1846435527,0,26,44,70,25,25,False,False,False
100,4,20,er,0.8,1846435527,0,15,37,52,15,15,True,True,False
100,4,20,ring,0.8,1846435527,0,4,5,9,4,4,True,True,True
100,4,20,ring,0.8,1846435527,1,3,8,11,3,3,True,True,True
100,4,20,ring,0.8,1846435527,2,3,8,11,3,3,True,True,True
100,4,20,ring,0.8,1846435527,3,5,9,14,5,5,True,True,True
100,4,20,ring,0.8,1846435527,4,3,4,7,3,3,True,True,True
100,4,20,small_world,0.8,1846435527,0,7,15,22,7,7,True,True,True
100,4,20,small_world,0.8,1846435527,1,7,10,17,7,7,True,True,True
100,4,20,small_world,0.8,1846435527,2,2,5,7,2,2,True,True,True
100,4,20,scale_free,0.8,1846435527,0,17,41,58,17,17,True,True,False
100,4,20,er,0.9,1846435527,0,8,27,35,8,8,True,True,True
100,4,20,ring,0.9,1846435527,0,2,6,8,2,2,True,True,True
100,4,20,ring,0.9,1846435527,1,2,5,7,2,2,True,True,True
100,4,20,ring,0.9,1846435527,2,2,6,8,2,2,True,True,True
100,4,20,ring,0.9,1846435527,3,2,4,6,2,2,True,True,True
100,4,20,small_world,0.9,1846435527,0,6,16,22,6,6,True,True,True
100,4,20,small_world,0.9,1846435527,1,2,6,8,2,2,True,True,True
100,4,20,scale_free,0.9,1846435527,0,7,22,29,7,7,True,True,True
100,4,20,scale_free,0.9,1846435527,1,2,8,10,2,2,True,True,True
100,4,21,ring,0.4,769442947,0,2,2,4,2,2,True,True,True
100,4,21,ring,0.4,769442947,1,9,9,18,9,9,True,True,True
100,4,21,er,0.5,769442947,0,43,45,88,42,42,False,False,False
100,4,21,ring,0.5,769442947,0,21,21,42,17,17,False,False,False
100,4,21,ring,0.5,769442947,1,2,2,4,2,2,True,True,True
100,4,21,ring,0.5,769442947,2,12,17,29,11,11,False,False,False
100,4,21,small_world,0.5,769442947,0,37,42,79,35,35,False,False,False
100,4,21,small_world,0.5,769442947,1,2,2,4,2,2,True,True,True
100,4,21,scale_free,0.5,769442947,0,43,43,86,34,34,False,False,False
100,4,21,er,0.6,769442947,0,34,48,82,33,33,False,False,False
100,4,21,ring,0.6,769442947,0,21,28,49,21,21,True,True,False
100,4,21,ring,0.6,769442947,1,3,7,10,3,3,True,True,True
100,4,21,ring,0.6,769442947,2,12,14,26,12,12,True,True,False
100,4,21,ring,0.6,769442947,3,2,2,4,2,2,True,True,True
100,4,21,small_world,0.6,769442947,0,37,51,88,36,36,False,False,False
100,4,21,small_world,0.6,769442947,1,2,2,4,2,2,True,True,True
100,4,21,scale_free,0.6,769442947,0,35,47,82,31,31,False,False,False
100,4,21,er,0.7,769442947,0,28,54,82,28,28,True,True,False
100,4,21,ring,0.7,769442947,0,5,9,14,5,5,True,True,True
100,4,21,ring,0.7,769442947,1,3,7,10,3,3,True,True,True
100,4,21,ring,0.7,769442947,2,2,5,7,2,2,True,True,True
100,4,21,ring,0.7,769442947,3,3,7,10,3,3,True,True,True
100,4,21,ring,0.7,769442947,4,3,4,7,3,3,True,True,True
100,4,21,ring,0.7,769442947,5,13,21,34,13,13,True,True,False
100,4,21,small_world,0.7,769442947,0,25,49,74,25,25,True,True,False
100,4,21,small_world,0.7,769442947,1,2,3,5,2,2,True,True,True
100,4,21,small_world,0.7,769442947,2,3,4,7,3,3,True,True,True
100,4,21,scale_free,0.7,769442947,0,27,46,73,26,26,False,False,False
100,4,21,er,0.8,769442947,0,12,35,47,12,12,True,True,False
100,4,21,er,0.8,769442947,1,3,5,8,3,3,True,True,True
100,4,21,er,0.8,769442947,2,3,5,8,3,3,True,True,True
100,4,21,ring,0.8,769442947,0,2,4,6,2,2,True,True,True
100,4,21,ring,0.8,769442947,1,2,5,7,2,2,True,True,True
100,4,21,ring,0.8,769442947,2,2,4,6,2,2,True,True,True
100,4,21,ring,0.8,769442947,3,8,13,21,8,8,True,True,True
100,4,21,small_world,0.8,769442947,0,9,17,26,9,9,True,True,True
100,4,21,small_world,0.8,769442947,1,3,8,11,3,3,True,True,True
100,4,21,small_world,0.8,769442947,2,3,8,11,3,3,True,True,True
100,4,21,small_world,0.8,769442947,3,2,2,4,2,2,True,True,True
100,4,21,scale_free,0.8,769442947,0,16,37,53,16,16,True,True,False
100,4,21,er,0.9,769442947,0,5,16,21,5,5,True,True,True
100,4,21,ring,0.9,769442947,0,2,5,7,2,2,True,True,True
100,4,21,ring,0.9,769442947,1,3,10,13,3,3,True,True,True
100,4,21,small_world,0.9,769442947,0,2,7,9,2,2,True,True,True
100,4,21,small_world,0.9,769442947,1,3,9,12,3,3,True,True,True
100,4,21,small_world,0.9,769442947,2,3,10,13,3,3,True,True,True
100,4,21,scale_free,0.9,769442947,0,5,9,14,5,5,True,True,True
100,4,21,scale_free,0.9,769442947,1,2,6,8,2,2,True,True,True
100,4,22,ring,0.2,1476266278,0,5,5,10,5,5,True,True,True
100,4,22,er,0.3,1476266278,0,2,2,4,2,2,True,True,True
100,4,22,ring,0.3,1476266278,0,5,5,10,5,5,True,True,True
100,4,22,small_world,0.3,1476266278,0,4,6,10,3,3,False,False,True
100,4,22,er,0.4,1476266278,0,2,2,4,2,2,True,True,True
100,4,22,ring,0.4,1476266278,0,8,12,20,7,7,False,False,True
100,4,22,ring,0.4,1476266278,1,5,5,10,4,4,False,False,True
100,4,22,ring,0.4,1476266278,2,3,3,6,2,2,False,False,True
100,4,22,ring,0.4,1476266278,3,3,4,7,3,3,True,True,True
100,4,22,small_world,0.4,1476266278,0,2,5,7,2,2,True,True,True
100,4,22,small_world,0.4,1476266278,1,3,4,7,3,3,True,True,True
100,4,22,small_world,0.4,1476266278,2,3,3,6,3,3,True,True,True
100,4,22,er,0.5,1476266278,0,2,2,4,2,2,True,True,True
100,4,22,ring,0.5,1476266278,0,3,3,6,2,2,False,False,True
100,4,22,ring,0.5,1476266278,1,2,4,6,2,2,True,True,True
100,4,22,ring,0.5,1476266278,2,11,12,23,9,9,False,False,False
100,4,22,ring,0.5,1476266278,3,3,4,7,3,3,True,True,True
100,4,22,ring,0.5,1476266278,4,13,13,26,11,11,False,False,False
100,4,22,small_world,0.5,1476266278,0,11,12,23,10,10,False,False,False
100,4,22,small_world,0.5,1476266278,1,7,10,17,6,6,False,False,True
100,4,22,small_world,0.5,1476266278,2,5,5,10,4,4,False,False,True
100,4,22,small_world,0.5,1476266278,3,3,3,6,3,3,True,True,True
100,4,22,er,0.6,1476266278,0,33,43,76,32,32,False,False,False
100,4,22,ring,0.6,1476266278,0,3,4,7,3,3,True,True,True
100,4,22,ring,0.6,1476266278,1,2,4,6,2,2,True,True,True
100,4,22,ring,0.6,1476266278,2,2,5,7,2,2,True,True,True
100,4,22,ring,0.6,1476266278,3,3,4,7,3,3,True,True,True
100,4,22,ring,0.6,1476266278,4,2,2,4,2,2,True,True,True
100,4,22,ring,0.6,1476266278,5,4,7,11,4,4,True,True,True
100,4,22,small_world,0.6,1476266278,0,3,5,8,3,3,True,True,True
100,4,22,small_world,0.6,1476266278,1,4,8,12,4,4,True,True,True
100,4,22,small_world,0.6,1476266278,2,6,6,12,5,5,False,False,True
100,4,22,small_world,0.6,1476266278,3,5,7,12,5,5,True,True,True
100,4,22,small_world,0.6,1476266278,4,2,5,7,2,2,True,True,True
100,4,22,small_world,0.6,1476266278,5,3,3,6,3,3,True,True,True
100,4,22,small_world,0.6,1476266278,6,2,2,4,2,2,True,True,True
100,4,22,scale_free,0.6,1476266278,0,34,42,76,28,28,False,False,False
100,4,22,er,0.7,1476266278,0,25,47,72,25,25,True,True,False
100,4,22,ring,0.7,1476266278,0,11,14,25,10,10,False,False,False
100,4,22,ring,0.7,1476266278,1,2,2,4,2,2,True,True,True
100,4,22,ring,0.7,1476266278,2,2,2,4,2,2,True,True,True
100,4,22,ring,0.7,1476266278,3,3,7,10,3,3,True,True,True
100,4,22,small_world,0.7,1476266278,0,15,18,33,15,15,True,True,False
100,4,22,small_world,0.7,1476266278,1,4,12,16,4,4,True,True,True
100,4,22,small_world,0.7,1476266278,2,4,4,8,4,4,True,True,True
100,4,22,small_world,0.7,1476266278,3,3,5,8,3,3,True,True,True
100,4,22,small_world,0.7,1476266278,4,2,2,4,2,2,True,True,True
100,4,22,small_world,0.7,1476266278,5,2,2,4,2,2,True,True,True
100,4,22,scale_free,0.7,1476266278,0,21,32,53,19,19,False,False,False
100,4,22,scale_free,0.7,1476266278,1,4,4,8,4,4,True,True,True
100,4,22,er,0.8,1476266278,0,17,45,62,17,17,True,True,False
100,4,22,ring,0.8,1476266278,0,5,7,12,5,5,True,True,True
100,4,22,ring,0.8,1476266278,1,8,12,20,8,8,True,True,True
100,4,22,ring,0.8,1476266278,2,2,5,7,2,2,True,True,True
100,4,22,ring,0.8,1476266278,3,2,6,8,2,2,True,True,True
100,4,22,small_world,0.8,1476266278,0,7,14,21,7,7,True,True,True
100,4,22,small_world,0.8,1476266278,1,2,6,8,2,2,True,True,True
100,4,22,small_world,0.8,1476266278,2,5,9,14,5,5,True,True,True
100,4,22,small_world,0.8,1476266278,3,3,5,8,3,3,True,True,True
100,4,22,scale_free,0.8,1476266278,0,18,30,48,18,18,True,True,False
100,4,22,er,0.9,1476266278,0,6,25,31,6,6,True,True,True
100,4,22,ring,0.9,1476266278,0,2,4,6,2,2,True,True,True
100,4,22,ring,0.9,1476266278,1,2,4,6,2,2,True,True,True
100,4,22,ring,0.9,1476266278,2,2,5,7,2,2,True,True,True
100,4,22,small_world,0.9,1476266278,0,2,4,6,2,2,True,True,True
100,4,22,small_world,0.9,1476266278,1,2,4,6,2,2,True,True,True
100,4,22,small_world,0.9,1476266278,2,3,9,12,3,3,True,True,True
100,4,22,scale_free,0.9,1476266278,0,3,9,12,3,3,True,True,True
100,4,22,scale_free,0.9,1476266278,1,4,6,10,4,4,True,True,True
100,4,23,scale_free,0.2,3083163447,0,2,2,4,2,2,True,True,True
100,4,23,er,0.5,3083163447,0,41,43,84,39,39,False,False,False
100,4,23,ring,0.5,3083163447,0,11,12,23,9,9,False,False,False
100,4,23,ring,0.5,3083163447,1,4,5,9,4,4,True,True,True
100,4,23,ring,0.5,3083163447,2,4,7,11,4,4,True,True,True
100,4,23,small_world,0.5,3083163447,0,44,44,88,37,37,False,False,False
100,4,23,scale_free,0.5,3083163447,0,45,45,90,32,32,False,False,False
100,4,23,er,0.6,3083163447,0,35,47,82,34,34,False,False,False
100,4,23,ring,0.6,3083163447,0,20,24,44,17,17,False,False,False
100,4,23,ring,0.6,3083163447,1,4,5,9,4,4,True,True,True
100,4,23,ring,0.6,3083163447,2,11,15,26,10,10,False,False,False
100,4,23,ring,0.6,3083163447,3,4,7,11,4,4,True,True,True
100,4,23,small_world,0.6,3083163447,0,39,54,93,39,39,True,True,False
100,4,23,scale_free,0.6,3083163447,0,38,52,90,30,30,False,False,False
100,4,23,er,0.7,3083163447,0,27,50,77,27,27,True,True,False
100,4,23,ring,0.7,3083163447,0,6,9,15,6,6,True,True,True
100,4,23,ring,0.7,3083163447,1,2,2,4,2,2,True,True,True
100,4,23,ring,0.7,3083163447,2,2,4,6,2,2,True,True,True
100,4,23,ring,0.7,3083163447,3,4,6,10,3,3,False,False,True
100,4,23,ring,0.7,3083163447,4,2,4,6,2,2,True,True,True
100,4,23,ring,0.7,3083163447,5,3,8,11,3,3,True,True,True
100,4,23,ring,0.7,3083163447,6,10,19,29,10,10,True,True,True
100,4,23,small_world,0.7,3083163447,0,9,16,25,9,9,True,True,True
100,4,23,small_world,0.7,3083163447,1,2,2,4,2,2,True,True,True
100,4,23,small_world,0.7,3083163447,2,6,15,21,6,6,True,True,True
100,4,23,small_world,0.7,3083163447,3,9,16,25,9,9,True,True,True
100,4,23,small_world,0.7,3083163447,4,2,4,6,2,2,True,True,True
100,4,23,scale_free,0.7,3083163447,0,28,46,74,24,24,False,False,False
100,4,23,er,0.8,3083163447,0,2,7,9,2,2,True,True,True
100,4,23,er,0.8,3083163447,1,15,40,55,15,15,True,True,False
100,4,23,ring,0.8,3083163447,0,3,5,8,3,3,True,True,True
100,4,23,ring,0.8,3083163447,1,2,6,8,2,2,True,True,True
100,4,23,ring,0.8,3083163447,2,2,4,6,2,2,True,True,True
100,4,23,ring,0.8,3083163447,3,3,8,11,3,3,True,True,True
100,4,23,ring,0.8,3083163447,4,7,11,18,7,7,True,True,True
100,4,23,ring,0.8,3083163447,5,2,5,7,2,2,True,True,True
100,4,23,small_world,0.8,3083163447,0,2,3,5,2,2,True,True,True
100,4,23,small_world,0.8,3083163447,1,6,15,21,6,6,True,True,True
100,4,23,small_world,0.8,3083163447,2,7,12,19,7,7,True,True,True
100,4,23,small_world,0.8,3083163447,3,4,12,16,4,4,True,True,True
100,4,23,scale_free,0.8,3083163447,0,20,39,59,19,19,False,False,False
100,4,23,er,0.9,3083163447,0,2,6,8,2,2,True,True,True
100,4,23,er,0.9,3083163447,1,2,10,12,2,2,True,True,True
100,4,23,ring,0.9,3083163447,0,2,6,8,2,2,True,True,True
100,4,23,ring,0.9,3083163447,1,2,5,7,2,2,True,True,True
100,4,23,ring,0.9,3083163447,2,2,4,6,2,2,True,True,True
100,4,23,small_world,0.9,3083163447,0,2,5,7,2,2,True,True,True
100,4,23,small_world,0.9,3083163447,1,2,7,9,2,2,True,True,True
100,4,23,small_world,0.9,3083163447,2,2,4,6,2,2,True,True,True
100,4,23,scale_free,0.9,3083163447,0,6,27,33,6,6,True,True,True
100,4,23,scale_free,0.9,3083163447,1,4,8,12,4,4,True,True,True
100,4,24,ring,0.3,1957700911,0,2,2,4,2,2,True,True,True
100,4,24,ring,0.3,1957700911,1,2,2,4,2,2,True,True,True
100,4,24,ring,0.3,1957700911,2,2,2,4,2,2,True,True,True
100,4,24,ring,0.3,1957700911,3,2,2,4,2,2,True,True,True
100,4,24,ring,0.3,1957700911,4,2,2,4,2,2,True,True,True
100,4,24,small_world,0.3,1957700911,0,2,2,4,2,2,True,True,True
100,4,24,ring,0.4,1957700911,0,3,3,6,2,2,False,False,True
100,4,24,ring,0.4,1957700911,1,2,2,4,2,2,True,True,True
100,4,24,ring,0.4,1957700911,2,2,2,4,2,2,True,True,True
100,4,24,ring,0.4,1957700911,3,2,2,4,2,2,True,True,True
100,4,24,ring,0.4,1957700911,4,2,2,4,2,2,True,True,True
100,4,24,small_world,0.4,1957700911,0,2,2,4,2,2,True,True,True
100,4,24,small_world,0.4,1957700911,1,2,2,4,2,2,True,True,True
100,4,24,er,0.5,1957700911,0,46,46,92,40,40,False,False,False
100,4,24,ring,0.5,1957700911,0,16,19,35,14,14,False,False,False
100,4,24,ring,0.5,1957700911,1,3,3,6,2,2,False,False,True
100,4,24,ring,0.5,1957700911,2,2,2,4,2,2,True,True,True
100,4,24,ring,0.5,1957700911,3,4,4,8,4,4,True,True,True
100,4,24,ring,0.5,1957700911,4,2,2,4,2,2,True,True,True
100,4,24,ring,0.5,1957700911,5,4,7,11,4,4,True,True,True
100,4,24,ring,0.5,1957700911,6,2,2,4,2,2,True,True,True
100,4,24,ring,0.5,1957700911,7,2,2,4,2,2,True,True,True
100,4,24,small_world,0.5,1957700911,0,28,33,61,26,26,False,False,False
100,4,24,small_world,0.5,1957700911,1,2,2,4,2,2,True,True,True
100,4,24,small_world,0.5,1957700911,2,2,2,4,2,2,True,True,True
100,4,24,scale_free,0.5,1957700911,0,42,45,87,32,32,False,False,False
100,4,24,er,0.6,1957700911,0,37,50,87,36,36,False,False,False
100,4,24,ring,0.6,1957700911,0,6,10,16,6,6,True,True,True
100,4,24,ring,0.6,1957700911,1,4,8,12,4,4,True,True,True
100,4,24,ring,0.6,1957700911,2,2,2,4,2,2,True,True,True
100,4,24,ring,0.6,1957700911,3,2,2,4,2,2,True,True,True
100,4,24,ring,0.6,1957700911,4,4,4,8,4,4,True,True,True
100,4,24,ring,0.6,1957700911,5,2,2,4,2,2,True,True,True
100,4,24,ring,0.6,1957700911,6,2,4,6,2,2,True,True,True
100,4,24,ring,0.6,1957700911,7,2,2,4,2,2,True,True,True
100,4,24,ring,0.6,1957700911,8,3,3,6,2,2,False,False,True
100,4,24,ring,0.6,1957700911,9,2,6,8,2,2,True,True,True
100,4,24,ring,0.6,1957700911,10,2,2,4,2,2,True,True,True
100,4,24,small_world,0.6,1957700911,0,12,17,29,11,11,False,False,False
100,4,24,small_world,0.6,1957700911,1,5,8,13,5,5,True,True,True
100,4,24,small_world,0.6,1957700911,2,2,2,4,2,2,True,True,True
100,4,24,small_world,0.6,1957700911,3,2,2,4,2,2,True,True,True
100,4,24,small_world,0.6,1957700911,4,2,3,5,2,2,True,True,True
100,4,24,small_world,0.6,1957700911,5,2,3,5,2,2,True,True,True
100,4,24,small_world,0.6,1957700911,6,2,3,5,2,2,True,True,True
100,4,24,small_world,0.6,1957700911,7,2,5,7,2,2,True,True,True
100,4,24,scale_free,0.6,1957700911,0,32,50,82,29,29,False,False,False
100,4,24,er,0.7,1957700911,0,27,51,78,27,27,True,True,False
100,4,24,ring,0.7,1957700911,0,4,5,9,4,4,True,True,True
100,4,24,ring,0.7,1957700911,1,5,9,14,5,5,True,True,True
100,4,24,ring,0.7,1957700911,2,3,5,8,3,3,True,True,True
100,4,24,ring,0.7,1957700911,3,2,2,4,2,2,True,True,True
100,4,24,ring,0.7,1957700911,4,2,2,4,2,2,True,True,True
100,4,24,ring,0.7,1957700911,5,3,4,7,3,3,True,True,True
100,4,24,ring,0.7,1957700911,6,4,7,11,4,4,True,True,True
100,4,24,ring,0.7,1957700911,7,2,6,8,2,2,True,True,True
100,4,24,ring,0.7,1957700911,8,2,2,4,2,2,True,True,True
100,4,24,small_world,0.7,1957700911,0,4,6,10,4,4,True,True,True
100,4,24,small_world,0.7,1957700911,1,5,9,14,5,5,True,True,True
100,4,24,small_world,0.7,1957700911,2,3,5,8,3,3,True,True,True
100,4,24,small_world,0.7,1957700911,3,2,4,6,2,2,True,True,True
100,4,24,small_world,0.7,1957700911,4,2,2,4,2,2,True,True,True
100,4,24,small_world,0.7,1957700911,5,3,4,7,3,3,True,True,True
100,4,24,small_world,0.7,1957700911,6,4,7,11,4,4,True,True,True
100,4,24,small_world,0.7,1957700911,7,2,3,5,2,2,True,True,True
100,4,24,small_world,0.7,1957700911,8,2,5,7,2,2,True,True,True
100,4,24,scale_free,0.7,1957700911,0,26,50,76,26,26,True,True,False
100,4,24,scale_free,0.7,1957700911,1,2,2,4,2,2,True,True,True
100,4,24,er,0.8,1957700911,0,18,46,64,18,18,True,True,False
100,4,24,ring,0.8,1957700911,0,5,9,14,5,5,True,True,True
100,4,24,ring,0.8,1957700911,1,2,5,7,2,2,True,True,True
100,4,24,ring,0.8,1957700911,2,4,5,9,4,4,True,True,True
100,4,24,ring,0.8,1957700911,3,3,4,7,3,3,True,True,True
100,4,24,ring,0.8,1957700911,4,3,4,7,3,3,True,True,True
100,4,24,small_world,0.8,1957700911,0,5,9,14,5,5,True,True,True
100,4,24,small_world,0.8,1957700911,1,2,5,7,2,2,True,True,True
100,4,24,small_world,0.8,1957700911,2,2,4,6,2,2,True,True,True
100,4,24,small_world,0.8,1957700911,3,2,3,5,2,2,True,True,True
100,4,24,small_world,0.8,1957700911,4,3,4,7,3,3,True,True,True
100,4,24,small_world,0.8,1957700911,5,2,3,5,2,2,True,True,True
100,4,24,scale_free,0.8,1957700911,0,20,45,65,20,20,True,True,False
100,4,24,er,0.9,1957700911,0,2,5,7,2,2,True,True,True
100,4,24,er,0.9,1957700911,1,2,6,8,2,2,True,True,True
100,4,24,er,0.9,1957700911,2,2,8,10,2,2,True,True,True
100,4,24,ring,0.9,1957700911,0,2,6,8,2,2,True,True,True
100,4,24,ring,0.9,1957700911,1,3,6,9,3,3,True,True,True
100,4,24,ring,0.9,1957700911,2,2,5,7,2,2,True,True,True
100,4,24,small_world,0.9,1957700911,0,2,6,8,2,2,True,True,True
100,4,24,small_world,0.9,1957700911,1,3,6,9,3,3,True,True,True
100,4,24,small_world,0.9,1957700911,2,2,6,8,2,2,True,True,True
100,4,24,scale_free,0.9,1957700911,0,4,19,23,4,4,True,True,True
100,4,24,scale_free,0.9,1957700911,1,3,11,14,3,3,True,True,True
100,4,24,scale_free,0.9,1957700911,2,2,5,7,2,2,True,True,True
100,4,25,ring,0.2,1851078722,0,2,2,4,2,2,True,True,True
100,4,25,ring,0.3,1851078722,0,10,10,20,8,8,False,False,True
100,4,25,ring,0.3,1851078722,1,4,6,10,4,4,True,True,True
100,4,25,ring,0.4,1851078722,0,10,10,20,8,8,False,False,True
100,4,25,ring,0.4,1851078722,1,7,9,16,7,7,True,True,True
100,4,25,er,0.5,1851078722,0,4,4,8,4,4,True,True,True
100,4,25,er,0.5,1851078722,1,3,4,7,3,3,True,True,True
100,4,25,ring,0.5,1851078722,0,10,10,20,8,8,False,False,True
100,4,25,ring,0.5,1851078722,1,2,5,7,2,2,True,True,True
100,4,25,ring,0.5,1851078722,2,5,6,11,4,4,False,False,True
100,4,25,ring,0.5,1851078722,3,2,2,4,2,2,True,True,True
100,4,25,small_world,0.5,1851078722,0,46,47,93,41,41,False,False,False
100,4,25,scale_free,0.5,1851078722,0,36,40,76,29,29,False,False,False
100,4,25,er,0.6,1851078722,0,30,35,65,30,30,True,True,False
100,4,25,er,0.6,1851078722,1,3,3,6,3,3,True,True,True
100,4,25,er,0.6,1851078722,2,2,4,6,2,2,True,True,True
100,4,25,ring,0.6,1851078722,0,21,26,47,19,19,False,False,False
100,4,25,ring,0.6,1851078722,1,5,7,12,5,5,True,True,True
100,4,25,ring,0.6,1851078722,2,2,5,7,2,2,True,True,True
100,4,25,ring,0.6,1851078722,3,12,15,27,12,12,True,True,False
100,4,25,small_world,0.6,1851078722,0,39,54,93,38,38,False,False,False
100,4,25,scale_free,0.6,1851078722,0,30,39,69,28,28,False,False,False
100,4,25,er,0.7,1851078722,0,23,35,58,23,23,True,True,False
100,4,25,er,0.7,1851078722,1,2,4,6,2,2,True,True,True
100,4,25,ring,0.7,1851078722,0,2,6,8,2,2,True,True,True
100,4,25,ring,0.7,1851078722,1,3,6,9,3,3,True,True,True
100,4,25,ring,0.7,1851078722,2,2,7,9,2,2,True,True,True
100,4,25,ring,0.7,1851078722,3,2,5,7,2,2,True,True,True
100,4,25,ring,0.7,1851078722,4,10,17,27,10,10,True,True,True
100,4,25,ring,0.7,1851078722,5,10,15,25,9,9,False,False,True
100,4,25,small_world,0.7,1851078722,0,23,44,67,23,23,True,True,False
100,4,25,small_world,0.7,1851078722,1,2,7,9,2,2,True,True,True
100,4,25,small_world,0.7,1851078722,2,4,8,12,4,4,True,True,True
100,4,25,scale_free,0.7,1851078722,0,24,41,65,24,24,True,True,False
100,4,25,er,0.8,1851078722,0,15,35,50,15,15,True,True,False
100,4,25,ring,0.8,1851078722,0,2,5,7,2,2,True,True,True
100,4,25,ring,0.8,1851078722,1,8,13,21,8,8,True,True,True
100,4,25,ring,0.8,1851078722,2,2,5,7,2,2,True,True,True
100,4,25,ring,0.8,1851078722,3,3,5,8,3,3,True,True,True
100,4,25,small_world,0.8,1851078722,0,8,21,29,8,8,True,True,True
100,4,25,small_world,0.8,1851078722,1,4,9,13,4,4,True,True,True
100,4,25,small_world,0.8,1851078722,2,4,8,12,4,4,True,True,True
100,4,25,small_world,0.8,1851078722,3,2,4,6,2,2,True,True,True
100,4,25,scale_free,0.8,1851078722,0,18,46,64,18,18,True,True,False
100,4,25,er,0.9,1851078722,0,2,8,10,2,2,True,True,True
100,4,25,er,0.9,1851078722,1,2,7,9,2,2,True,True,True
100,4,25,er,0.9,1851078722,2,2,3,5,2,2,True,True,True
100,4,25,ring,0.9,1851078722,0,2,5,7,2,2,True,True,True
100,4,25,ring,0.9,1851078722,1,5,11,16,5,5,True,True,True
100,4,25,ring,0.9,1851078722,2,2,6,8,2,2,True,True,True
100,4,25,small_world,0.9,1851078722,0,4,11,15,4,4,True,True,True
100,4,25,small_world,0.9,1851078722,1,2,5,7,2,2,True,True,True
100,4,25,small_world,0.9,1851078722,2,3,8,11,3,3,True,True,True
100,4,25,scale_free,0.9,1851078722,0,2,5,7,2,2,True,True,True
100,4,25,scale_free,0.9,1851078722,1,2,4,6,2,2,True,True,True
100,4,25,scale_free,0.9,1851078722,2,2,6,8,2,2,True,True,True
100,4,26,scale_free,0.2,1223840001,0,2,2,4,2,2,True,True,True
100,4,26,scale_free,0.3,1223840001,0,2,2,4,2,2,True,True,True
100,4,26,scale_free,0.3,1223840001,1,3,3,6,3,3,True,True,True
100,4,26,ring,0.4,1223840001,0,6,9,15,5,5,False,False,True
100,4,26,scale_free,0.4,1223840001,0,2,3,5,2,2,True,True,True
100,4,26,er,0.5,1223840001,0,44,44,88,40,40,False,False,False
100,4,26,ring,0.5,1223840001,0,2,6,8,2,2,True,True,True
100,4,26,ring,0.5,1223840001,1,3,5,8,3,3,True,True,True
100,4,26,ring,0.5,1223840001,2,10,11,21,9,9,False,False,True
100,4,26,small_world,0.5,1223840001,0,2,6,8,2,2,True,True,True
100,4,26,scale_free,0.5,1223840001,0,31,39,70,29,29,False,False,False
100,4,26,scale_free,0.5,1223840001,1,2,3,5,2,2,True,True,True
100,4,26,er,0.6,1223840001,0,39,51,90,38,39,False,True,False
100,4,26,ring,0.6,1223840001,0,17,17,34,14,14,False,False,False
100,4,26,ring,0.6,1223840001,1,11,13,24,11,11,True,True,False
100,4,26,ring,0.6,1223840001,2,2,6,8,2,2,True,True,True
100,4,26,ring,0.6,1223840001,3,8,13,21,8,8,True,True,True
100,4,26,small_world,0.6,1223840001,0,35,45,80,32,32,False,False,False
100,4,26,small_world,0.6,1223840001,1,2,6,8,2,2,True,True,True
100,4,26,scale_free,0.6,1223840001,0,26,45,71,25,25,False,False,False
100,4,26,scale_free,0.6,1223840001,1,2,3,5,2,2,True,True,True
100,4,26,er,0.7,1223840001,0,28,53,81,28,28,True,True,False
100,4,26,ring,0.7,1223840001,0,10,15,25,10,10,True,True,True
100,4,26,ring,0.7,1223840001,1,2,4,6,2,2,True,True,True
100,4,26,ring,0.7,1223840001,2,2,4,6,2,2,True,True,True
100,4,26,ring,0.7,1223840001,3,2,4,6,2,2,True,True,True
100,4,26,ring,0.7,1223840001,4,2,6,8,2,2,True,True,True
100,4,26,ring,0.7,1223840001,5,11,19,30,11,11,True,True,False
100,4,26,small_world,0.7,1223840001,0,13,23,36,13,13,True,True,False
100,4,26,small_world,0.7,1223840001,1,13,23,36,13,13,True,True,False
100,4,26,small_world,0.7,1223840001,2,2,4,6,2,2,True,True,True
100,4,26,small_world,0.7,1223840001,3,2,6,8,2,2,True,True,True
100,4,26,scale_free,0.7,1223840001,0,25,52,77,22,22,False,False,False
100,4,26,er,0.8,1223840001,0,19,49,68,19,19,True,True,False
100,4,26,ring,0.8,1223840001,0,7,16,23,7,7,True,True,True
100,4,26,ring,0.8,1223840001,1,10,20,30,10,10,True,True,True
100,4,26,small_world,0.8,1223840001,0,5,10,15,5,5,True,True,True
100,4,26,small_world,0.8,1223840001,1,2,6,8,2,2,True,True,True
100,4,26,small_world,0.8,1223840001,2,11,24,35,11,11,True,True,False
100,4,26,scale_free,0.8,1223840001,0,16,41,57,14,14,False,False,False
100,4,26,er,0.9,1223840001,0,8,36,44,8,8,True,True,True
100,4,26,ring,0.9,1223840001,0,3,9,12,3,3,True,True,True
100,4,26,ring,0.9,1223840001,1,3,10,13,3,3,True,True,True
100,4,26,small_world,0.9,1223840001,0,3,8,11,3,3,True,True,True
100,4,26,small_world,0.9,1223840001,1,3,8,11,3,3,True,True,True
100,4,26,scale_free,0.9,1223840001,0,9,21,30,9,9,True,True,True
100,4,27,ring,0.4,1576810028,0,9,9,18,7,7,False,False,True
100,4,27,ring,0.5,1576810028,0,27,29,56,24,24,False,False,False
100,4,27,ring,0.5,1576810028,1,4,5,9,4,4,True,True,True
100,4,27,small_world,0.5,1576810028,0,4,6,10,3,4,False,True,True
100,4,27,small_world,0.5,1576810028,1,4,5,9,4,4,True,True,True
100,4,27,scale_free,0.5,1576810028,0,34,36,70,30,30,False,False,False
100,4,27,er,0.6,1576810028,0,36,47,83,35,35,False,False,False
100,4,27,ring,0.6,1576810028,0,32,44,76,32,32,True,True,False
100,4,27,ring,0.6,1576810028,1,8,12,20,7,7,False,False,True
100,4,27,small_world,0.6,1576810028,0,33,45,78,32,32,False,False,False
100,4,27,small_world,0.6,1576810028,1,2,5,7,2,2,True,True,True
100,4,27,small_world,0.6,1576810028,2,5,6,11,5,5,True,True,True
100,4,27,scale_free,0.6,1576810028,0,36,42,78,33,33,False,False,False
100,4,27,er,0.7,1576810028,0,19,32,51,19,19,True,True,False
100,4,27,er,0.7,1576810028,1,3,6,9,3,3,True,True,True
100,4,27,er,0.7,1576810028,2,2,2,4,2,2,True,True,True
100,4,27,ring,0.7,1576810028,0,8,12,20,8,8,True,True,True
100,4,27,ring,0.7,1576810028,1,2,7,9,2,2,True,True,True
100,4,27,ring,0.7,1576810028,2,4,7,11,4,4,True,True,True
100,4,27,ring,0.7,1576810028,3,8,17,25,8,8,True,True,True
100,4,27,ring,0.7,1576810028,4,5,6,11,4,4,False,False,True
100,4,27,ring,0.7,1576810028,5,2,4,6,2,2,True,True,True
100,4,27,small_world,0.7,1576810028,0,20,35,55,20,20,True,True,False
100,4,27,small_world,0.7,1576810028,1,2,6,8,2,2,True,True,True
100,4,27,small_world,0.7,1576810028,2,4,7,11,4,4,True,True,True
100,4,27,small_world,0.7,1576810028,3,2,5,7,2,2,True,True,True
100,4,27,small_world,0.7,1576810028,4,2,3,5,2,2,True,True,True
100,4,27,scale_free,0.7,1576810028,0,28,42,70,28,28,True,True,False
100,4,27,er,0.8,1576810028,0,15,35,50,15,15,True,True,False
100,4,27,er,0.8,1576810028,1,2,3,5,2,2,True,True,True
100,4,27,ring,0.8,1576810028,0,6,12,18,6,6,True,True,True
100,4,27,ring,0.8,1576810028,1,2,7,9,2,2,True,True,True
100,4,27,ring,0.8,1576810028,2,2,4,6,2,2,True,True,True
100,4,27,ring,0.8,1576810028,3,3,7,10,3,3,True,True,True
100,4,27,ring,0.8,1576810028,4,4,6,10,3,3,False,False,True
100,4,27,small_world,0.8,1576810028,0,6,11,17,6,6,True,True,True
100,4,27,small_world,0.8,1576810028,1,6,11,17,6,6,True,True,True
100,4,27,small_world,0.8,1576810028,2,2,6,8,2,2,True,True,True
100,4,27,small_world,0.8,1576810028,3,2,4,6,2,2,True,True,True
100,4,27,small_world,0.8,1576810028,4,3,10,13,3,3,True,True,True
100,4,27,scale_free,0.8,1576810028,0,17,29,46,17,17,True,True,False
100,4,27,er,0.9,1576810028,0,2,4,6,2,2,True,True,True
100,4,27,er,0.9,1576810028,1,4,10,14,4,4,True,True,True
100,4,27,ring,0.9,1576810028,0,2,7,9,2,2,True,True,True
100,4,27,small_world,0.9,1576810028,0,3,9,12,3,3,True,True,True
100,4,27,small_world,0.9,1576810028,1,3,11,14,3,3,True,True,True
100,4,27,scale_free,0.9,1576810028,0,4,11,15,4,4,True,True,True
100,4,27,scale_free,0.9,1576810028,1,2,3,5,2,2,True,True,True
100,4,28,ring,0.4,1342851008,0,19,20,39,17,17,False,False,False
100,4,28,ring,0.4,1342851008,1,2,2,4,2,2,True,True,True
100,4,28,er,0.5,1342851008,0,40,40,80,36,37,False,False,False
100,4,28,ring,0.5,1342851008,0,6,10,16,6,6,True,True,True
100,4,28,ring,0.5,1342851008,1,6,13,19,6,6,True,True,True
100,4,28,ring,0.5,1342851008,2,2,2,4,2,2,True,True,True
100,4,28,ring,0.5,1342851008,3,9,9,18,8,8,False,False,True
100,4,28,ring,0.5,1342851008,4,3,4,7,3,3,True,True,True
100,4,28,ring,0.5,1342851008,5,2,2,4,2,2,True,True,True
100,4,28,small_world,0.5,1342851008,0,43,43,86,34,34,False,False,False
100,4,28,small_world,0.5,1342851008,1,2,2,4,2,2,True,True,True
100,4,28,er,0.6,1342851008,0,34,46,80,33,33,False,False,False
100,4,28,ring,0.6,1342851008,0,2,5,7,2,2,True,True,True
100,4,28,ring,0.6,1342851008,1,6,13,19,6,6,True,True,True
100,4,28,ring,0.6,1342851008,2,2,2,4,2,2,True,True,True
100,4,28,ring,0.6,1342851008,3,2,2,4,2,2,True,True,True
100,4,28,ring,0.6,1342851008,4,5,7,12,5,5,True,True,True
100,4,28,ring,0.6,1342851008,5,3,8,11,3,3,True,True,True
100,4,28,small_world,0.6,1342851008,0,35,47,82,31,31,False,False,False
100,4,28,scale_free,0.6,1342851008,0,32,36,68,25,25,False,False,False
100,4,28,er,0.7,1342851008,0,25,42,67,25,25,True,True,False
100,4,28,er,0.7,1342851008,1,2,5,7,2,2,True,True,True
100,4,28,ring,0.7,1342851008,0,5,14,19,5,5,True,True,True
100,4,28,ring,0.7,1342851008,1,2,2,4,2,2,True,True,True
100,4,28,ring,0.7,1342851008,2,16,16,32,14,14,False,False,False
100,4,28,ring,0.7,1342851008,3,2,4,6,2,2,True,True,True
100,4,28,small_world,0.7,1342851008,0,17,25,42,16,16,False,False,False
100,4,28,small_world,0.7,1342851008,1,10,21,31,10,10,True,True,True
100,4,28,scale_free,0.7,1342851008,0,21,31,52,20,21,False,True,False
100,4,28,er,0.8,1342851008,0,18,39,57,18,18,True,True,False
100,4,28,ring,0.8,1342851008,0,2,6,8,2,2,True,True,True
100,4,28,ring,0.8,1342851008,1,12,19,31,12,12,True,True,False
100,4,28,ring,0.8,1342851008,2,2,4,6,2,2,True,True,True
100,4,28,small_world,0.8,1342851008,0,17,36,53,17,17,True,True,False
100,4,28,small_world,0.8,1342851008,1,2,6,8,2,2,True,True,True
100,4,28,scale_free,0.8,1342851008,0,2,4,6,2,2,True,True,True
100,4,28,scale_free,0.8,1342851008,1,13,24,37,13,13,True,True,False
100,4,28,er,0.9,1342851008,0,2,10,12,2,2,True,True,True
100,4,28,er,0.9,1342851008,1,2,5,7,2,2,True,True,True
100,4,28,small_world,0.9,1342851008,0,2,7,9,2,2,True,True,True
100,4,28,small_world,0.9,1342851008,1,4,14,18,4,4,True,True,True
100,4,28,scale_free,0.9,1342851008,0,2,4,6,2,2,True,True,True
100,4,28,scale_free,0.9,1342851008,1,3,9,12,3,3,True,True,True
100,4,29,er,0.4,2379286274,0,2,2,4,2,2,True,True,True
100,4,29,ring,0.4,2379286274,0,2,2,4,2,2,True,True,True
100,4,29,er,0.5,2379286274,0,41,42,83,36,36,False,False,False
100,4,29,er,0.5,2379286274,1,2,2,4,2,2,True,True,True
100,4,29,ring,0.5,2379286274,0,16,18,34,15,15,False,False,False
100,4,29,ring,0.5,2379286274,1,4,6,10,3,3,False,False,True
100,4,29,ring,0.5,2379286274,2,3,4,7,3,3,True,True,True
100,4,29,er,0.6,2379286274,0,31,47,78,31,31,True,True,False
100,4,29,ring,0.6,2379286274,0,14,18,32,13,13,False,False,False
100,4,29,ring,0.6,2379286274,1,4,9,13,4,4,True,True,True
100,4,29,ring,0.6,2379286274,2,2,4,6,2,2,True,True,True
100,4,29,ring,0.6,2379286274,3,3,4,7,3,3,True,True,True
100,4,29,ring,0.6,2379286274,4,14,19,33,11,11,False,False,False
100,4,29,small_world,0.6,2379286274,0,30,36,66,26,26,False,False,False
100,4,29,small_world,0.6,2379286274,1,6,12,18,6,6,True,True,True
100,4,29,scale_free,0.6,2379286274,0,31,37,68,24,24,False,False,False
100,4,29,er,0.7,2379286274,0,20,42,62,20,20,True,True,False
100,4,29,ring,0.7,2379286274,0,15,24,39,15,15,True,True,False
100,4,29,ring,0.7,2379286274,1,3,8,11,3,3,True,True,True
100,4,29,ring,0.7,2379286274,2,2,4,6,2,2,True,True,True
100,4,29,ring,0.7,2379286274,3,3,4,7,3,3,True,True,True
100,4,29,ring,0.7,2379286274,4,7,15,22,7,7,True,True,True
100,4,29,small_world,0.7,2379286274,0,27,48,75,27,27,True,True,False
100,4,29,small_world,0.7,2379286274,1,3,4,7,3,3,True,True,True
100,4,29,scale_free,0.7,2379286274,0,22,40,62,21,21,False,False,False
100,4,29,er,0.8,2379286274,0,15,41,56,15,15,True,True,False
100,4,29,ring,0.8,2379286274,0,2,7,9,2,2,True,True,True
100,4,29,ring,0.8,2379286274,1,3,8,11,3,3,True,True,True
100,4,29,ring,0.8,2379286274,2,2,5,7,2,2,True,True,True
100,4,29,ring,0.8,2379286274,3,3,9,12,3,3,True,True,True
100,4,29,ring,0.8,2379286274,4,6,7,13,6,6,True,True,True
100,4,29,small_world,0.8,2379286274,0,3,9,12,3,3,True,True,True
100,4,29,small_world,0.8,2379286274,1,13,27,40,13,13,True,True,False
100,4,29,small_world,0.8,2379286274,2,3,9,12,3,3,True,True,True
100,4,29,scale_free,0.8,2379286274,0,13,29,42,13,13,True,True,False
100,4,29,scale_free,0.8,2379286274,1,2,2,4,2,2,True,True,True
100,4,29,scale_free,0.8,2379286274,2,2,3,5,2,2,True,True,True
100,4,29,er,0.9,2379286274,0,6,18,24,6,6,True,True,True
100,4,29,er,0.9,2379286274,1,2,11,13,2,2,True,True,True
100,4,29,ring,0.9,2379286274,0,2,5,7,2,2,True,True,True
100,4,29,ring,0.9,2379286274,1,4,8,12,4,4,True,True,True
100,4,29,small_world,0.9,2379286274,0,4,8,12,4,4,True,True,True
100,4,29,small_world,0.9,2379286274,1,2,5,7,2,2,True,True,True
100,4,29,scale_free,0.9,2379286274,0,2,4,6,2,2,True,True,True
100,4,29,scale_free,0.9,2379286274,1,4,6,10,4,4,True,True,True
100,4,29,scale_free,0.9,2379286274,2,2,3,5,2,2,True,True,True
100,4,30,ring,0.2,2496848106,0,2,2,4,2,2,True,True,True
100,4,30,ring,0.2,2496848106,1,2,2,4,2,2,True,True,True
100,4,30,small_world,0.2,2496848106,0,2,2,4,2,2,True,True,True
100,4,30,ring,0.3,2496848106,0,2,2,4,2,2,True,True,True
100,4,30,ring,0.3,2496848106,1,2,2,4,2,2,True,True,True
100,4,30,ring,0.4,2496848106,0,2,2,4,2,2,True,True,True
100,4,30,er,0.5,2496848106,0,42,44,86,40,40,False,False,False
100,4,30,ring,0.5,2496848106,0,3,3,6,2,2,False,False,True
100,4,30,ring,0.5,2496848106,1,6,6,12,5,5,False,False,True
100,4,30,ring,0.5,2496848106,2,2,2,4,2,2,True,True,True
100,4,30,ring,0.5,2496848106,3,2,2,4,2,2,True,True,True
100,4,30,ring,0.5,2496848106,4,2,4,6,2,2,True,True,True
100,4,30,ring,0.5,2496848106,5,13,19,32,13,13,True,True,False
100,4,30,ring,0.5,2496848106,6,2,4,6,2,2,True,True,True
100,4,30,small_world,0.5,2496848106,0,7,7,14,7,7,True,True,True
100,4,30,small_world,0.5,2496848106,1,4,5,9,4,4,True,True,True
100,4,30,small_world,0.5,2496848106,2,21,26,47,20,20,False,False,False
100,4,30,scale_free,0.5,2496848106,0,38,44,82,29,29,False,False,False
100,4,30,er,0.6,2496848106,0,37,50,87,36,36,False,False,False
100,4,30,ring,0.6,2496848106,0,13,15,28,11,11,False,False,False
100,4,30,ring,0.6,2496848106,1,3,3,6,2,2,False,False,True
100,4,30,ring,0.6,2496848106,2,4,6,10,4,4,True,True,True
100,4,30,ring,0.6,2496848106,3,2,2,4,2,2,True,True,True
100,4,30,ring,0.6,2496848106,4,2,2,4,2,2,True,True,True
100,4,30,ring,0.6,2496848106,5,2,4,6,2,2,True,True,True
100,4,30,ring,0.6,2496848106,6,9,16,25,9,9,True,True,True
100,4,30,ring,0.6,2496848106,7,2,4,6,2,2,True,True,True
100,4,30,ring,0.6,2496848106,8,2,4,6,2,2,True,True,True
100,4,30,small_world,0.6,2496848106,0,38,52,90,37,38,False,True,False
100,4,30,scale_free,0.6,2496848106,0,36,43,79,28,28,False,False,False
100,4,30,er,0.7,2496848106,0,27,48,75,26,26,False,False,False
100,4,30,ring,0.7,2496848106,0,8,13,21,8,8,True,True,True
100,4,30,ring,0.7,2496848106,1,3,4,7,3,3,True,True,True
100,4,30,ring,0.7,2496848106,2,3,3,6,2,2,False,False,True
100,4,30,ring,0.7,2496848106,3,3,4,7,3,3,True,True,True
100,4,30,ring,0.7,2496848106,4,2,5,7,2,2,True,True,True
100,4,30,ring,0.7,2496848106,5,6,11,17,6,6,True,True,True
100,4,30,ring,0.7,2496848106,6,2,5,7,2,2,True,True,True
100,4,30,ring,0.7,2496848106,7,2,4,6,2,2,True,True,True
100,4,30,small_world,0.7,2496848106,0,21,35,56,21,21,True,True,False
100,4,30,small_world,0.7,2496848106,1,4,6,10,4,4,True,True,True
100,4,30,small_world,0.7,2496848106,2,3,6,9,3,3,True,True,True
100,4,30,scale_free,0.7,2496848106,0,29,43,72,27,27,False,False,False
100,4,30,er,0.8,2496848106,0,15,36,51,15,15,True,True,False
100,4,30,ring,0.8,2496848106,0,3,6,9,3,3,True,True,True
100,4,30,ring,0.8,2496848106,1,3,4,7,3,3,True,True,True
100,4,30,ring,0.8,2496848106,2,2,5,7,2,2,True,True,True
100,4,30,ring,0.8,2496848106,3,5,9,14,5,5,True,True,True
100,4,30,ring,0.8,2496848106,4,2,5,7,2,2,True,True,True
100,4,30,ring,0.8,2496848106,5,2,4,6,2,2,True,True,True
100,4,30,small_world,0.8,2496848106,0,4,8,12,4,4,True,True,True
100,4,30,small_world,0.8,2496848106,1,4,6,10,4,4,True,True,True
100,4,30,small_world,0.8,2496848106,2,5,10,15,5,5,True,True,True
100,4,30,small_world,0.8,2496848106,3,2,5,7,2,2,True,True,True
100,4,30,scale_free,0.8,2496848106,0,18,36,54,17,17,False,False,False
100,4,30,er,0.9,2496848106,0,2,8,10,2,2,True,True,True
100,4,30,ring,0.9,2496848106,0,2,5,7,2,2,True,True,True
100,4,30,ring,0.9,2496848106,1,2,5,7,2,2,True,True,True
100,4,30,ring,0.9,2496848106,2,2,5,7,2,2,True,True,True
100,4,30,small_world,0.9,2496848106,0,2,6,8,2,2,True,True,True
100,4,30,small_world,0.9,2496848106,1,2,5,7,2,2,True,True,True
100,4,30,small_world,0.9,2496848106,2,3,8,11,3,3,True,True,True
100,4,30,scale_free,0.9,2496848106,0,10,28,38,10,10,True,True,True
100,4,31,ring,0.3,2805182450,0,2,2,4,2,2,True,True,True
100,4,31,ring,0.3,2805182450,1,2,2,4,2,2,True,True,True
100,4,31,ring,0.3,2805182450,2,2,2,4,2,2,True,True,True
100,4,31,small_world,0.3,2805182450,0,2,2,4,2,2,True,True,True
100,4,31,ring,0.4,2805182450,0,2,2,4,2,2,True,True,True
100,4,31,ring,0.4,2805182450,1,2,2,4,2,2,True,True,True
100,4,31,ring,0.4,2805182450,2,2,2,4,2,2,True,True,True
100,4,31,ring,0.4,2805182450,3,6,8,14,6,6,True,True,True
100,4,31,small_world,0.4,2805182450,0,2,2,4,2,2,True,True,True
100,4,31,small_world,0.4,2805182450,1,2,2,4,2,2,True,True,True
100,4,31,er,0.5,2805182450,0,39,44,83,38,38,False,False,False
100,4,31,ring,0.5,2805182450,0,2,2,4,2,2,True,True,True
100,4,31,ring,0.5,2805182450,1,4,5,9,4,4,True,True,True
100,4,31,ring,0.5,2805182450,2,3,3,6,2,2,False,False,True
100,4,31,ring,0.5,2805182450,3,2,2,4,2,2,True,True,True
100,4,31,ring,0.5,2805182450,4,2,5,7,2,2,True,True,True
100,4,31,small_world,0.5,2805182450,0,37,38,75,29,29,False,False,False
100,4,31,small_world,0.5,2805182450,1,5,6,11,5,5,True,True,True
100,4,31,scale_free,0.5,2805182450,0,39,40,79,35,35,False,False,False
100,4,31,er,0.6,2805182450,0,36,50,86,34,34,False,False,False
100,4,31,ring,0.6,2805182450,0,2,2,4,2,2,True,True,True
100,4,31,ring,0.6,2805182450,1,4,5,9,4,4,True,True,True
100,4,31,ring,0.6,2805182450,2,18,23,41,16,16,False,False,False
100,4,31,ring,0.6,2805182450,3,4,8,12,4,4,True,True,True
100,4,31,small_world,0.6,2805182450,0,25,30,55,24,24,False,False,False
100,4,31,small_world,0.6,2805182450,1,5,6,11,5,5,True,True,True
100,4,31,small_world,0.6,2805182450,2,8,12,20,8,8,True,True,True
100,4,31,scale_free,0.6,2805182450,0,36,49,85,35,35,False,False,False
100,4,31,er,0.7,2805182450,0,2,3,5,2,2,True,True,True
100,4,31,er,0.7,2805182450,1,24,39,63,23,23,False,False,False
100,4,31,er,0.7,2805182450,2,2,2,4,2,2,True,True,True
100,4,31,ring,0.7,2805182450,0,10,10,20,9,9,False,False,True
100,4,31,ring,0.7,2805182450,1,5,8,13,5,5,True,True,True
100,4,31,ring,0.7,2805182450,2,3,5,8,3,3,True,True,True
100,4,31,ring,0.7,2805182450,3,4,11,15,4,4,True,True,True
100,4,31,ring,0.7,2805182450,4,2,4,6,2,2,True,True,True
100,4,31,ring,0.7,2805182450,5,4,8,12,4,4,True,True,True
100,4,31,small_world,0.7,2805182450,0,22,36,58,21,21,False,False,False
100,4,31,small_world,0.7,2805182450,1,5,8,13,5,5,True,True,True
100,4,31,scale_free,0.7,2805182450,0,27,52,79,27,27,True,True,False
100,4,31,er,0.8,2805182450,0,20,43,63,20,20,True,True,False
100,4,31,ring,0.8,2805182450,0,7,11,18,7,7,True,True,True
100,4,31,ring,0.8,2805182450,1,2,6,8,2,2,True,True,True
100,4,31,ring,0.8,2805182450,2,2,6,8,2,2,True,True,True
100,4,31,ring,0.8,2805182450,3,2,4,6,2,2,True,True,True
100,4,31,ring,0.8,2805182450,4,3,6,9,3,3,True,True,True
100,4,31,small_world,0.8,2805182450,0,13,29,42,13,13,True,True,False
100,4,31,small_world,0.8,2805182450,1,2,5,7,2,2,True,True,True
100,4,31,small_world,0.8,2805182450,2,2,6,8,2,2,True,True,True
100,4,31,scale_free,0.8,2805182450,0,17,43,60,17,17,True,True,False
100,4,31,er,0.9,2805182450,0,6,22,28,6,6,True,True,True
100,4,31,er,0.9,2805182450,1,3,9,12,3,3,True,True,True
100,4,31,ring,0.9,2805182450,0,5,9,14,5,5,True,True,True
100,4,31,ring,0.9,2805182450,1,2,6,8,2,2,True,True,True
100,4,31,small_world,0.9,2805182450,0,2,6,8,2,2,True,True,True
100,4,31,small_world,0.9,2805182450,1,3,4,7,3,3,True,True,True
100,4,31,small_world,0.9,2805182450,2,2,6,8,2,2,True,True,True
100,4,31,scale_free,0.9,2805182450,0,2,7,9,2,2,True,True,True
100,4,31,scale_free,0.9,2805182450,1,5,16,21,5,5,True,True,True
100,4,32,scale_free,0.2,268953627,0,2,2,4,2,2,True,True,True
100,4,32,er,0.3,268953627,0,2,2,4,2,2,True,True,True
100,4,32,ring,0.3,268953627,0,7,7,14,6,6,False,False,True
100,4,32,scale_free,0.3,268953627,0,3,3,6,3,3,True,True,True
100,4,32,er,0.4,268953627,0,2,2,4,2,2,True,True,True
100,4,32,ring,0.4,268953627,0,3,3,6,2,2,False,False,True
100,4,32,ring,0.4,268953627,1,3,4,7,3,3,True,True,True
100,4,32,ring,0.4,268953627,2,8,8,16,6,6,False,False,True
100,4,32,ring,0.4,268953627,3,4,4,8,4,4,True,True,True
100,4,32,small_world,0.4,268953627,0,4,4,8,4,4,True,True,True
100,4,32,scale_free,0.4,268953627,0,33,34,67,26,26,False,False,False
100,4,32,scale_free,0.4,268953627,1,2,2,4,2,2,True,True,True
100,4,32,scale_free,0.4,268953627,2,2,3,5,2,2,True,True,True
100,4,32,ring,0.5,268953627,0,3,3,6,2,2,False,False,True
100,4,32,ring,0.5,268953627,1,3,4,7,3,3,True,True,True
100,4,32,ring,0.5,268953627,2,4,5,9,4,4,True,True,True
100,4,32,ring,0.5,268953627,3,2,4,6,2,2,True,True,True
100,4,32,ring,0.5,268953627,4,4,4,8,4,4,True,True,True
100,4,32,small_world,0.5,268953627,0,30,35,65,28,28,False,False,False
100,4,32,small_world,0.5,268953627,1,4,4,8,4,4,True,True,True
100,4,32,scale_free,0.5,268953627,0,38,39,77,27,27,False,False,False
100,4,32,scale_free,0.5,268953627,1,2,2,4,2,2,True,True,True
100,4,32,er,0.6,268953627,0,36,41,77,36,36,True,True,False
100,4,32,ring,0.6,268953627,0,8,10,18,7,7,False,False,True
100,4,32,ring,0.6,268953627,1,4,8,12,4,4,True,True,True
100,4,32,ring,0.6,268953627,2,2,4,6,2,2,True,True,True
100,4,32,ring,0.6,268953627,3,22,25,47,19,19,False,False,False
100,4,32,small_world,0.6,268953627,0,29,42,71,28,28,False,False,False
100,4,32,small_world,0.6,268953627,1,4,4,8,3,3,False,False,True
100,4,32,small_world,0.6,268953627,2,2,2,4,2,2,True,True,True
100,4,32,scale_free,0.6,268953627,0,34,38,72,25,25,False,False,False
100,4,32,scale_free,0.6,268953627,1,3,3,6,3,3,True,True,True
100,4,32,er,0.7,268953627,0,25,44,69,25,25,True,True,False
100,4,32,ring,0.7,268953627,0,2,5,7,2,2,True,True,True
100,4,32,ring,0.7,268953627,1,2,2,4,2,2,True,True,True
100,4,32,ring,0.7,268953627,2,3,3,6,2,2,False,False,True
100,4,32,ring,0.7,268953627,3,4,8,12,4,4,True,True,True
100,4,32,ring,0.7,268953627,4,2,4,6,2,2,True,True,True
100,4,32,ring,0.7,268953627,5,4,8,12,4,4,True,True,True
100,4,32,ring,0.7,268953627,6,12,18,30,12,12,True,True,False
100,4,32,small_world,0.7,268953627,0,2,5,7,2,2,True,True,True
100,4,32,small_world,0.7,268953627,1,3,3,6,2,2,False,False,True
100,4,32,small_world,0.7,268953627,2,19,36,55,19,19,True,True,False
100,4,32,small_world,0.7,268953627,3,3,4,7,2,2,False,False,True
100,4,32,scale_free,0.7,268953627,0,24,34,58,17,17,False,False,False
100,4,32,scale_free,0.7,268953627,1,2,3,5,2,2,True,True,True
100,4,32,scale_free,0.7,268953627,2,2,2,4,2,2,True,True,True
100,4,32,er,0.8,268953627,0,15,36,51,15,15,True,True,False
100,4,32,er,0.8,268953627,1,2,7,9,2,2,True,True,True
100,4,32,ring,0.8,268953627,0,2,5,7,2,2,True,True,True
100,4,32,ring,0.8,268953627,1,4,5,9,4,4,True,True,True
100,4,32,ring,0.8,268953627,2,2,5,7,2,2,True,True,True
100,4,32,ring,0.8,268953627,3,2,4,6,2,2,True,True,True
100,4,32,ring,0.8,268953627,4,8,15,23,8,8,True,True,True
100,4,32,small_world,0.8,268953627,0,2,5,7,2,2,True,True,True
100,4,32,small_world,0.8,268953627,1,4,5,9,4,4,True,True,True
100,4,32,small_world,0.8,268953627,2,9,21,30,9,9,True,True,True
100,4,32,small_world,0.8,268953627,3,3,4,7,2,2,False,False,True
100,4,32,scale_free,0.8,268953627,0,16,35,51,14,14,False,False,False
100,4,32,er,0.9,268953627,0,2,7,9,2,2,True,True,True
100,4,32,er,0.9,268953627,1,3,13,16,3,3,True,True,True
100,4,32,er,0.9,268953627,2,2,5,7,2,2,True,True,True
100,4,32,ring,0.9,268953627,0,2,5,7,2,2,True,True,True
100,4,32,ring,0.9,268953627,1,2,5,7,2,2,True,True,True
100,4,32,ring,0.9,268953627,2,4,10,14,4,4,True,True,True
100,4,32,small_world,0.9,268953627,0,2,5,7,2,2,True,True,True
100,4,32,small_world,0.9,268953627,1,2,4,6,2,2,True,True,True
100,4,32,small_world,0.9,268953627,2,2,6,8,2,2,True,True,True
100,4,32,small_world,0.9,268953627,3,3,9,12,3,3,True,True,True
100,4,32,scale_free,0.9,268953627,0,7,28,35,7,7,True,True,True
100,4,33,ring,0.4,1706017257,0,2,2,4,2,2,True,True,True
100,4,33,ring,0.4,1706017257,1,3,4,7,3,3,True,True,True
100,4,33,small_world,0.4,1706017257,0,2,2,4,2,2,True,True,True
100,4,33,small_world,0.4,1706017257,1,3,4,7,3,3,True,True,True
100,4,33,scale_free,0.4,1706017257,0,2,2,4,2,2,True,True,True
100,4,33,er,0.5,1706017257,0,41,41,82,39,39,False,False,False
100,4,33,ring,0.5,1706017257,0,4,8,12,4,4,True,True,True
100,4,33,ring,0.5,1706017257,1,2,2,4,2,2,True,True,True
100,4,33,small_world,0.5,1706017257,0,9,15,24,9,9,True,True,True
100,4,33,small_world,0.5,1706017257,1,2,2,4,2,2,True,True,True
100,4,33,er,0.6,1706017257,0,32,43,75,31,31,False,False,False
100,4,33,ring,0.6,1706017257,0,3,5,8,3,3,True,True,True
100,4,33,ring,0.6,1706017257,1,12,16,28,12,12,True,True,False
100,4,33,ring,0.6,1706017257,2,9,9,18,8,8,False,False,True
100,4,33,ring,0.6,1706017257,3,16,21,37,15,15,False,False,False
100,4,33,small_world,0.6,1706017257,0,36,47,83,35,35,False,False,False
100,4,33,small_world,0.6,1706017257,1,3,4,7,3,3,True,True,True
100,4,33,scale_free,0.6,1706017257,0,35,43,78,32,32,False,False,False
100,4,33,er,0.7,1706017257,0,24,43,67,23,23,False,False,False
100,4,33,ring,0.7,1706017257,0,3,5,8,3,3,True,True,True
100,4,33,ring,0.7,1706017257,1,9,19,28,9,9,True,True,True
100,4,33,ring,0.7,1706017257,2,5,12,17,5,5,True,True,True
100,4,33,ring,0.7,1706017257,3,6,8,14,6,6,True,True,True
100,4,33,ring,0.7,1706017257,4,6,8,14,6,6,True,True,True
100,4,33,small_world,0.7,1706017257,0,3,6,9,3,3,True,True,True
100,4,33,small_world,0.7,1706017257,1,20,37,57,20,20,True,True,False
100,4,33,small_world,0.7,1706017257,2,6,12,18,6,6,True,True,True
100,4,33,scale_free,0.7,1706017257,0,29,44,73,27,27,False,False,False
100,4,33,er,0.8,1706017257,0,16,47,63,16,16,True,True,False
100,4,33,er,0.8,1706017257,1,2,3,5,2,2,True,True,True
100,4,33,ring,0.8,1706017257,0,3,9,12,3,3,True,True,True
100,4,33,ring,0.8,1706017257,1,4,8,12,4,4,True,True,True
100,4,33,ring,0.8,1706017257,2,5,7,12,5,5,True,True,True
100,4,33,ring,0.8,1706017257,3,2,6,8,2,2,True,True,True
100,4,33,ring,0.8,1706017257,4,2,4,6,2,2,True,True,True
100,4,33,small_world,0.8,1706017257,0,10,25,35,10,10,True,True,True
100,4,33,small_world,0.8,1706017257,1,4,8,12,4,4,True,True,True
100,4,33,small_world,0.8,1706017257,2,2,5,7,2,2,True,True,True
100,4,33,scale_free,0.8,1706017257,0,18,38,56,16,16,False,False,False
100,4,33,er,0.9,1706017257,0,4,17,21,4,4,True,True,True
100,4,33,er,0.9,1706017257,1,3,8,11,3,3,True,True,True
100,4,33,ring,0.9,1706017257,0,2,5,7,2,2,True,True,True
100,4,33,ring,0.9,1706017257,1,4,5,9,4,4,True,True,True
100,4,33,small_world,0.9,1706017257,0,2,9,11,2,2,True,True,True
100,4,33,small_world,0.9,1706017257,1,2,4,6,2,2,True,True,True
100,4,33,small_world,0.9,1706017257,2,3,5,8,3,3,True,True,True
100,4,33,scale_free,0.9,1706017257,0,2,3,5,2,2,True,True,True
100,4,33,scale_free,0.9,1706017257,1,2,3,5,2,2,True,True,True
100,4,33,scale_free,0.9,1706017257,2,2,5,7,2,2,True,True,True
100,4,34,scale_free,0.2,1480504214,0,2,2,4,2,2,True,True,True
100,4,34,ring,0.3,1480504214,0,2,2,4,2,2,True,True,True
100,4,34,small_world,0.3,1480504214,0,6,6,12,6,6,True,True,True
100,4,34,scale_free,0.3,1480504214,0,2,2,4,2,2,True,True,True
100,4,34,ring,0.4,1480504214,0,2,2,4,2,2,True,True,True
100,4,34,scale_free,0.4,1480504214,0,2,2,4,2,2,True,True,True
100,4,34,er,0.5,1480504214,0,3,3,6,3,3,True,True,True
100,4,34,ring,0.5,1480504214,0,15,16,31,14,14,False,False,False
100,4,34,scale_free,0.5,1480504214,0,36,41,77,27,27,False,False,False
100,4,34,er,0.6,1480504214,0,29,40,69,29,29,True,True,False
100,4,34,er,0.6,1480504214,1,2,2,4,2,2,True,True,True
100,4,34,ring,0.6,1480504214,0,5,7,12,5,5,True,True,True
100,4,34,ring,0.6,1480504214,1,2,4,6,2,2,True,True,True
100,4,34,ring,0.6,1480504214,2,6,6,12,6,6,True,True,True
100,4,34,ring,0.6,1480504214,3,8,15,23,8,8,True,True,True
100,4,34,ring,0.6,1480504214,4,3,5,8,3,3,True,True,True
100,4,34,small_world,0.6,1480504214,0,5,7,12,5,5,True,True,True
100,4,34,small_world,0.6,1480504214,1,35,46,81,35,35,True,True,False
100,4,34,scale_free,0.6,1480504214,0,35,45,80,26,26,False,False,False
100,4,34,er,0.7,1480504214,0,26,40,66,25,25,False,False,False
100,4,34,ring,0.7,1480504214,0,4,7,11,4,4,True,True,True
100,4,34,ring,0.7,1480504214,1,2,4,6,2,2,True,True,True
100,4,34,ring,0.7,1480504214,2,5,7,12,5,5,True,True,True
100,4,34,ring,0.7,1480504214,3,5,15,20,5,5,True,True,True
100,4,34,ring,0.7,1480504214,4,2,6,8,2,2,True,True,True
100,4,34,ring,0.7,1480504214,5,12,18,30,12,12,True,True,False
100,4,34,small_world,0.7,1480504214,0,4,7,11,4,4,True,True,True
100,4,34,small_world,0.7,1480504214,1,2,6,8,2,2,True,True,True
100,4,34,small_world,0.7,1480504214,2,24,47,71,24,24,True,True,False
100,4,34,scale_free,0.7,1480504214,0,28,45,73,24,24,False,False,False
100,4,34,er,0.8,1480504214,0,18,37,55,18,18,True,True,False
100,4,34,ring,0.8,1480504214,0,2,6,8,2,2,True,True,True
100,4,34,ring,0.8,1480504214,1,2,4,6,2,2,True,True,True
100,4,34,ring,0.8,1480504214,2,5,7,12,5,5,True,True,True
100,4,34,ring,0.8,1480504214,3,2,7,9,2,2,True,True,True
100,4,34,ring,0.8,1480504214,4,2,7,9,2,2,True,True,True
100,4,34,ring,0.8,1480504214,5,2,6,8,2,2,True,True,True
100,4,34,ring,0.8,1480504214,6,3,6,9,3,3,True,True,True
100,4,34,small_world,0.8,1480504214,0,2,6,8,2,2,True,True,True
100,4,34,small_world,0.8,1480504214,1,2,6,8,2,2,True,True,True
100,4,34,small_world,0.8,1480504214,2,14,35,49,14,14,True,True,False
100,4,34,scale_free,0.8,1480504214,0,17,48,65,17,17,True,True,False
100,4,34,scale_free,0.8,1480504214,1,2,2,4,2,2,True,True,True
100,4,34,er,0.9,1480504214,0,4,13,17,4,4,True,True,True
100,4,34,er,0.9,1480504214,1,2,4,6,2,2,True,True,True
100,4,34,ring,0.9,1480504214,0,2,6,8,2,2,True,True,True
100,4,34,ring,0.9,1480504214,1,2,4,6,2,2,True,True,True
100,4,34,ring,0.9,1480504214,2,2,7,9,2,2,True,True,True
100,4,34,small_world,0.9,1480504214,0,2,6,8,2,2,True,True,True
100,4,34,small_world,0.9,1480504214,1,2,6,8,2,2,True,True,True
100,4,34,small_world,0.9,1480504214,2,2,7,9,2,2,True,True,True
100,4,34,scale_free,0.9,1480504214,0,10,33,43,10,10,True,True,True
100,4,35,ring,0.3,3936675368,0,2,2,4,2,2,True,True,True
100,4,35,ring,0.4,3936675368,0,7,8,15,6,6,False,False,True
100,4,35,ring,0.4,3936675368,1,4,4,8,4,4,True,True,True
100,4,35,er,0.5,3936675368,0,38,42,80,37,37,False,False,False
100,4,35,er,0.5,3936675368,1,2,2,4,2,2,True,True,True
100,4,35,ring,0.5,3936675368,0,7,9,16,7,7,True,True,True
100,4,35,ring,0.5,3936675368,1,4,4,8,4,4,True,True,True
100,4,35,ring,0.5,3936675368,2,4,7,11,4,4,True,True,True
100,4,35,ring,0.5,3936675368,3,17,17,34,16,16,False,False,False
100,4,35,ring,0.5,3936675368,4,6,7,13,5,5,False,False,True
100,4,35,small_world,0.5,3936675368,0,42,44,86,38,38,False,False,False
100,4,35,scale_free,0.5,3936675368,0,34,37,71,29,29,False,False,False
100,4,35,scale_free,0.5,3936675368,1,4,4,8,3,3,False,False,True
100,4,35,er,0.6,3936675368,0,28,44,72,28,28,True,True,False
100,4,35,er,0.6,3936675368,1,2,2,4,2,2,True,True,True
100,4,35,ring,0.6,3936675368,0,8,10,18,7,7,False,False,True
100,4,35,ring,0.6,3936675368,1,4,4,8,4,4,True,True,True
100,4,35,ring,0.6,3936675368,2,4,7,11,4,4,True,True,True
100,4,35,ring,0.6,3936675368,3,5,6,11,5,5,True,True,True
100,4,35,ring,0.6,3936675368,4,7,11,18,7,7,True,True,True
100,4,35,ring,0.6,3936675368,5,5,6,11,4,4,False,False,True
100,4,35,small_world,0.6,3936675368,0,35,47,82,34,34,False,False,False
100,4,35,scale_free,0.6,3936675368,0,34,47,81,30,30,False,False,False
100,4,35,scale_free,0.6,3936675368,1,2,2,4,2,2,True,True,True
100,4,35,er,0.7,3936675368,0,25,52,77,25,25,True,True,False
100,4,35,ring,0.7,3936675368,0,8,13,21,8,8,True,True,True
100,4,35,ring,0.7,3936675368,1,2,2,4,2,2,True,True,True
100,4,35,ring,0.7,3936675368,2,4,5,9,4,4,True,True,True
100,4,35,ring,0.7,3936675368,3,3,8,11,3,3,True,True,True
100,4,35,ring,0.7,3936675368,4,3,6,9,3,3,True,True,True
100,4,35,ring,0.7,3936675368,5,6,12,18,6,6,True,True,True
100,4,35,ring,0.7,3936675368,6,4,5,9,4,4,True,True,True
100,4,35,small_world,0.7,3936675368,0,28,51,79,28,28,True,True,False
100,4,35,small_world,0.7,3936675368,1,2,2,4,2,2,True,True,True
100,4,35,scale_free,0.7,3936675368,0,27,48,75,26,26,False,False,False
100,4,35,scale_free,0.7,3936675368,1,2,2,4,2,2,True,True,True
100,4,35,er,0.8,3936675368,0,15,46,61,15,15,True,True,False
100,4,35,ring,0.8,3936675368,0,6,12,18,6,6,True,True,True
100,4,35,ring,0.8,3936675368,1,3,4,7,3,3,True,True,True
100,4,35,ring,0.8,3936675368,2,2,4,6,2,2,True,True,True
100,4,35,ring,0.8,3936675368,3,2,6,8,2,2,True,True,True
100,4,35,ring,0.8,3936675368,4,4,10,14,4,4,True,True,True
100,4,35,ring,0.8,3936675368,5,2,7,9,2,2,True,True,True
100,4,35,small_world,0.8,3936675368,0,15,33,48,15,15,True,True,False
100,4,35,small_world,0.8,3936675368,1,2,6,8,2,2,True,True,True
100,4,35,small_world,0.8,3936675368,2,2,6,8,2,2,True,True,True
100,4,35,scale_free,0.8,3936675368,0,17,52,69,17,17,True,True,False
100,4,35,scale_free,0.8,3936675368,1,2,3,5,2,2,True,True,True
100,4,35,er,0.9,3936675368,0,5,19,24,5,5,True,True,True
100,4,35,er,0.9,3936675368,1,2,5,7,2,2,True,True,True
100,4,35,ring,0.9,3936675368,0,3,7,10,3,3,True,True,True
100,4,35,ring,0.9,3936675368,1,2,4,6,2,2,True,True,True
100,4,35,ring,0.9,3936675368,2,2,7,9,2,2,True,True,True
100,4,35,small_world,0.9,3936675368,0,7,22,29,7,7,True,True,True
100,4,35,small_world,0.9,3936675368,1,2,6,8,2,2,True,True,True
100,4,35,scale_free,0.9,3936675368,0,6,28,34,6,6,True,True,True
100,4,35,scale_free,0.9,3936675368,1,2,6,8,2,2,True,True,True
100,4,36,ring,0.4,3401659325,0,11,12,23,9,9,False,False,False
100,4,36,ring,0.5,3401659325,0,10,13,23,9,9,False,False,True
100,4,36,ring,0.5,3401659325,1,3,3,6,2,2,False,False,True
100,4,36,ring,0.5,3401659325,2,18,19,37,15,15,False,False,False
100,4,36,small_world,0.5,3401659325,0,44,46,90,40,40,False,False,False
100,4,36,scale_free,0.5,3401659325,0,31,38,69,27,27,False,False,False
100,4,36,er,0.6,3401659325,0,37,45,82,34,34,False,False,False
100,4,36,ring,0.6,3401659325,0,2,2,4,2,2,True,True,True
100,4,36,ring,0.6,3401659325,1,2,7,9,2,2,True,True,True
100,4,36,ring,0.6,3401659325,2,3,6,9,3,3,True,True,True
100,4,36,ring,0.6,3401659325,3,7,8,15,7,7,True,True,True
100,4,36,ring,0.6,3401659325,4,3,8,11,3,3,True,True,True
100,4,36,ring,0.6,3401659325,5,3,7,10,3,3,True,True,True
100,4,36,small_world,0.6,3401659325,0,32,41,73,31,31,False,False,False
100,4,36,small_world,0.6,3401659325,1,2,6,8,2,2,True,True,True
100,4,36,small_world,0.6,3401659325,2,4,6,10,4,4,True,True,True
100,4,36,small_world,0.6,3401659325,3,2,4,6,2,2,True,True,True
100,4,36,scale_free,0.6,3401659325,0,32,46,78,29,29,False,False,False
100,4,36,er,0.7,3401659325,0,27,46,73,27,27,True,True,False
100,4,36,ring,0.7,3401659325,0,2,6,8,2,2,True,True,True
100,4,36,ring,0.7,3401659325,1,6,8,14,6,6,True,True,True
100,4,36,ring,0.7,3401659325,2,2,7,9,2,2,True,True,True
100,4,36,ring,0.7,3401659325,3,3,6,9,3,3,True,True,True
100,4,36,ring,0.7,3401659325,4,6,9,15,6,6,True,True,True
100,4,36,ring,0.7,3401659325,5,2,6,8,2,2,True,True,True
100,4,36,ring,0.7,3401659325,6,3,7,10,3,3,True,True,True
100,4,36,ring,0.7,3401659325,7,6,12,18,6,6,True,True,True
100,4,36,small_world,0.7,3401659325,0,5,12,17,5,5,True,True,True
100,4,36,small_world,0.7,3401659325,1,5,6,11,5,5,True,True,True
100,4,36,small_world,0.7,3401659325,2,3,9,12,3,3,True,True,True
100,4,36,small_world,0.7,3401659325,3,2,6,8,2,2,True,True,True
100,4,36,small_world,0.7,3401659325,4,4,6,10,4,4,True,True,True
100,4,36,small_world,0.7,3401659325,5,9,17,26,9,9,True,True,True
100,4,36,small_world,0.7,3401659325,6,2,4,6,2,2,True,True,True
100,4,36,scale_free,0.7,3401659325,0,30,49,79,28,28,False,False,False
100,4,36,er,0.8,3401659325,0,20,50,70,20,20,True,True,False
100,4,36,ring,0.8,3401659325,0,4,10,14,4,4,True,True,True
100,4,36,ring,0.8,3401659325,1,3,6,9,3,3,True,True,True
100,4,36,ring,0.8,3401659325,2,2,5,7,2,2,True,True,True
100,4,36,ring,0.8,3401659325,3,2,6,8,2,2,True,True,True
100,4,36,ring,0.8,3401659325,4,2,5,7,2,2,True,True,True
100,4,36,ring,0.8,3401659325,5,4,9,13,4,4,True,True,True
100,4,36,small_world,0.8,3401659325,0,6,16,22,6,6,True,True,True
100,4,36,small_world,0.8,3401659325,1,3,8,11,3,3,True,True,True
100,4,36,small_world,0.8,3401659325,2,3,7,10,3,3,True,True,True
100,4,36,small_world,0.8,3401659325,3,4,8,12,4,4,True,True,True
100,4,36,scale_free,0.8,3401659325,0,19,38,57,19,19,True,True,False
100,4,36,er,0.9,3401659325,0,9,33,42,9,9,True,True,True
100,4,36,ring,0.9,3401659325,0,2,5,7,2,2,True,True,True
100,4,36,ring,0.9,3401659325,1,2,5,7,2,2,True,True,True
100,4,36,small_world,0.9,3401659325,0,3,8,11,3,3,True,True,True
100,4,36,small_world,0.9,3401659325,1,2,5,7,2,2,True,True,True
100,4,36,scale_free,0.9,3401659325,0,5,10,15,5,5,True,True,True
100,4,37,scale_free,0.1,2054438802,0,3,3,6,3,3,True,True,True
100,4,37,ring,0.3,2054438802,0,2,2,4,2,2,True,True,True
100,4,37,small_world,0.3,2054438802,0,2,2,4,2,2,True,True,True
100,4,37,small_world,0.3,2054438802,1,2,3,5,2,2,True,True,True
100,4,37,ring,0.4,2054438802,0,3,3,6,2,2,False,False,True
100,4,37,small_world,0.4,2054438802,0,4,7,11,4,4,True,True,True
100,4,37,ring,0.5,2054438802,0,6,7,13,6,6,True,True,True
100,4,37,ring,0.5,2054438802,1,5,6,11,4,4,False,False,True
100,4,37,ring,0.5,2054438802,2,2,2,4,2,2,True,True,True
100,4,37,ring,0.5,2054438802,3,6,7,13,5,5,False,False,True
100,4,37,ring,0.5,2054438802,4,10,11,21,10,10,True,True,True
100,4,37,small_world,0.5,2054438802,0,6,7,13,6,6,True,True,True
100,4,37,small_world,0.5,2054438802,1,3,6,9,3,3,True,True,True
100,4,37,small_world,0.5,2054438802,2,6,7,13,5,5,False,False,True
100,4,37,scale_free,0.5,2054438802,0,39,43,82,30,30,False,False,False
100,4,37,er,0.6,2054438802,0,37,45,82,37,37,True,True,False
100,4,37,ring,0.6,2054438802,0,4,9,13,4,4,True,True,True
100,4,37,ring,0.6,2054438802,1,5,6,11,4,4,False,False,True
100,4,37,ring,0.6,2054438802,2,18,21,39,17,17,False,False,False
100,4,37,small_world,0.6,2054438802,0,4,9,13,4,4,True,True,True
100,4,37,small_world,0.6,2054438802,1,32,38,70,30,31,False,False,False
100,4,37,small_world,0.6,2054438802,2,2,2,4,2,2,True,True,True
100,4,37,scale_free,0.6,2054438802,0,36,40,76,31,31,False,False,False
100,4,37,er,0.7,2054438802,0,30,47,77,30,30,True,True,False
100,4,37,ring,0.7,2054438802,0,3,8,11,3,3,True,True,True
100,4,37,ring,0.7,2054438802,1,4,5,9,4,4,True,True,True
100,4,37,ring,0.7,2054438802,2,11,11,22,8,8,False,False,False
100,4,37,ring,0.7,2054438802,3,10,19,29,10,10,True,True,True
100,4,37,ring,0.7,2054438802,4,2,5,7,2,2,True,True,True
100,4,37,small_world,0.7,2054438802,0,3,8,11,3,3,True,True,True
100,4,37,small_world,0.7,2054438802,1,20,29,49,19,20,False,True,False
100,4,37,small_world,0.7,2054438802,2,2,2,4,2,2,True,True,True
100,4,37,small_world,0.7,2054438802,3,3,10,13,3,3,True,True,True
100,4,37,scale_free,0.7,2054438802,0,26,44,70,26,26,True,True,False
100,4,37,er,0.8,2054438802,0,17,40,57,17,17,True,True,False
100,4,37,er,0.8,2054438802,1,2,4,6,2,2,True,True,True
100,4,37,ring,0.8,2054438802,0,3,8,11,3,3,True,True,True
100,4,37,ring,0.8,2054438802,1,4,5,9,4,4,True,True,True
100,4,37,ring,0.8,2054438802,2,8,11,19,8,8,True,True,True
100,4,37,ring,0.8,2054438802,3,2,6,8,2,2,True,True,True
100,4,37,small_world,0.8,2054438802,0,3,8,11,3,3,True,True,True
100,4,37,small_world,0.8,2054438802,1,11,20,31,11,11,True,True,False
100,4,37,small_world,0.8,2054438802,2,2,4,6,2,2,True,True,True
100,4,37,scale_free,0.8,2054438802,0,18,44,62,18,18,True,True,False
100,4,37,er,0.9,2054438802,0,6,25,31,6,6,True,True,True
100,4,37,ring,0.9,2054438802,0,3,5,8,3,3,True,True,True
100,4,37,ring,0.9,2054438802,1,3,7,10,3,3,True,True,True
100,4,37,small_world,0.9,2054438802,0,3,5,8,3,3,True,True,True
100,4,37,small_world,0.9,2054438802,1,3,6,9,3,3,True,True,True
100,4,37,small_world,0.9,2054438802,2,2,7,9,2,2,True,True,True
100,4,37,scale_free,0.9,2054438802,0,7,19,26,7,7,True,True,True
100,4,38,ring,0.4,2046561135,0,13,13,26,12,12,False,False,False
100,4,38,small_world,0.4,2046561135,0,2,3,5,2,2,True,True,True
100,4,38,er,0.5,2046561135,0,40,42,82,37,37,False,False,False
100,4,38,ring,0.5,2046561135,0,3,4,7,3,3,True,True,True
100,4,38,small_world,0.5,2046561135,0,18,21,39,17,17,False,False,False
100,4,38,small_world,0.5,2046561135,1,2,4,6,2,2,True,True,True
100,4,38,scale_free,0.5,2046561135,0,39,39,78,32,32,False,False,False
100,4,38,er,0.6,2046561135,0,33,47,80,33,33,True,True,False
100,4,38,ring,0.6,2046561135,0,9,13,22,8,8,False,False,True
100,4,38,ring,0.6,2046561135,1,14,20,34,14,14,True,True,False
100,4,38,ring,0.6,2046561135,2,13,17,30,12,12,False,False,False
100,4,38,ring,0.6,2046561135,3,4,7,11,4,4,True,True,True
100,4,38,small_world,0.6,2046561135,0,6,8,14,6,6,True,True,True
100,4,38,small_world,0.6,2046561135,1,6,8,14,5,5,False,False,True
100,4,38,small_world,0.6,2046561135,2,26,36,62,26,26,True,True,False
100,4,38,small_world,0.6,2046561135,3,2,3,5,2,2,True,True,True
100,4,38,scale_free,0.6,2046561135,0,34,46,80,29,29,False,False,False
100,4,38,er,0.7,2046561135,0,26,46,72,26,26,True,True,False
100,4,38,ring,0.7,2046561135,0,8,14,22,8,8,True,True,True
100,4,38,ring,0.7,2046561135,1,5,10,15,5,5,True,True,True
100,4,38,ring,0.7,2046561135,2,2,4,6,2,2,True,True,True
100,4,38,ring,0.7,2046561135,3,3,7,10,3,3,True,True,True
100,4,38,ring,0.7,2046561135,4,5,9,14,5,5,True,True,True
100,4,38,ring,0.7,2046561135,5,5,8,13,5,5,True,True,True
100,4,38,ring,0.7,2046561135,6,2,5,7,2,2,True,True,True
100,4,38,small_world,0.7,2046561135,0,10,18,28,10,10,True,True,True
100,4,38,small_world,0.7,2046561135,1,3,4,7,3,3,True,True,True
100,4,38,small_world,0.7,2046561135,2,2,4,6,2,2,True,True,True
100,4,38,small_world,0.7,2046561135,3,6,11,17,6,6,True,True,True
100,4,38,small_world,0.7,2046561135,4,5,9,14,5,5,True,True,True
100,4,38,small_world,0.7,2046561135,5,2,3,5,2,2,True,True,True
100,4,38,small_world,0.7,2046561135,6,2,4,6,2,2,True,True,True
100,4,38,scale_free,0.7,2046561135,0,25,40,65,23,23,False,False,False
100,4,38,er,0.8,2046561135,0,19,42,61,19,19,True,True,False
100,4,38,ring,0.8,2046561135,0,4,10,14,4,4,True,True,True
100,4,38,ring,0.8,2046561135,1,4,11,15,4,4,True,True,True
100,4,38,ring,0.8,2046561135,2,2,4,6,2,2,True,True,True
100,4,38,ring,0.8,2046561135,3,2,4,6,2,2,True,True,True
100,4,38,ring,0.8,2046561135,4,2,5,7,2,2,True,True,True
100,4,38,ring,0.8,2046561135,5,3,5,8,3,3,True,True,True
100,4,38,small_world,0.8,2046561135,0,9,19,28,9,9,True,True,True
100,4,38,small_world,0.8,2046561135,1,2,5,7,2,2,True,True,True
100,4,38,small_world,0.8,2046561135,2,3,8,11,3,3,True,True,True
100,4,38,small_world,0.8,2046561135,3,2,4,6,2,2,True,True,True
100,4,38,small_world,0.8,2046561135,4,2,4,6,2,2,True,True,True
100,4,38,scale_free,0.8,2046561135,0,17,40,57,17,17,True,True,False
100,4,38,scale_free,0.8,2046561135,1,2,3,5,2,2,True,True,True
100,4,38,er,0.9,2046561135,0,9,30,39,9,9,True,True,True
100,4,38,ring,0.9,2046561135,0,2,6,8,2,2,True,True,True
100,4,38,ring,0.9,2046561135,1,2,5,7,2,2,True,True,True
100,4,38,small_world,0.9,2046561135,0,2,5,7,2,2,True,True,True
100,4,38,small_world,0.9,2046561135,1,2,4,6,2,2,True,True,True
100,4,38,scale_free,0.9,2046561135,0,8,35,43,8,8,True,True,True
100,4,38,scale_free,0.9,2046561135,1,2,3,5,2,2,True,True,True
100,4,39,ring,0.4,1214891787,0,6,6,12,5,5,False,False,True
100,4,39,ring,0.4,1214891787,1,11,11,22,10,10,False,False,False
100,4,39,er,0.5,1214891787,0,35,37,72,33,33,False,False,False
100,4,39,ring,0.5,1214891787,0,6,6,12,5,5,False,False,True
100,4,39,ring,0.5,1214891787,1,9,11,20,7,7,False,False,True
100,4,39,ring,0.5,1214891787,2,22,25,47,21,21,False,False,False
100,4,39,small_world,0.5,1214891787,0,46,46,92,40,40,False,False,False
100,4,39,scale_free,0.5,1214891787,0,41,45,86,34,34,False,False,False
100,4,39,er,0.6,1214891787,0,31,44,75,31,31,True,True,False
100,4,39,ring,0.6,1214891787,0,14,15,29,13,13,False,False,False
100,4,39,ring,0.6,1214891787,1,10,13,23,8,8,False,False,True
100,4,39,ring,0.6,1214891787,2,6,12,18,6,6,True,True,True
100,4,39,ring,0.6,1214891787,3,10,15,25,10,10,True,True,True
100,4,39,small_world,0.6,1214891787,0,35,50,85,33,33,False,False,False
100,4,39,small_world,0.6,1214891787,1,4,6,10,4,4,True,True,True
100,4,39,scale_free,0.6,1214891787,0,32,50,82,29,29,False,False,False
100,4,39,er,0.7,1214891787,0,25,48,73,25,25,True,True,False
100,4,39,ring,0.7,1214891787,0,13,23,36,13,13,True,True,False
100,4,39,ring,0.7,1214891787,1,6,12,18,6,6,True,True,True
100,4,39,ring,0.7,1214891787,2,2,5,7,2,2,True,True,True
100,4,39,ring,0.7,1214891787,3,4,7,11,4,4,True,True,True
100,4,39,ring,0.7,1214891787,4,2,5,7,2,2,True,True,True
100,4,39,ring,0.7,1214891787,5,3,7,10,3,3,True,True,True
100,4,39,small_world,0.7,1214891787,0,20,38,58,20,20,True,True,False
100,4,39,small_world,0.7,1214891787,1,3,4,7,3,3,True,True,True
100,4,39,small_world,0.7,1214891787,2,3,7,10,3,3,True,True,True
100,4,39,scale_free,0.7,1214891787,0,27,55,82,25,25,False,False,False
100,4,39,er,0.8,1214891787,0,16,41,57,16,16,True,True,False
100,4,39,ring,0.8,1214891787,0,8,18,26,8,8,True,True,True
100,4,39,ring,0.8,1214891787,1,5,13,18,5,5,True,True,True
100,4,39,ring,0.8,1214891787,2,3,7,10,3,3,True,True,True
100,4,39,small_world,0.8,1214891787,0,14,34,48,14,14,True,True,False
100,4,39,small_world,0.8,1214891787,1,3,7,10,3,3,True,True,True
100,4,39,scale_free,0.8,1214891787,0,20,36,56,20,20,True,True,False
100,4,39,er,0.9,1214891787,0,4,14,18,4,4,True,True,True
100,4,39,ring,0.9,1214891787,0,2,5,7,2,2,True,True,True
100,4,39,ring,0.9,1214891787,1,3,8,11,3,3,True,True,True
100,4,39,ring,0.9,1214891787,2,2,6,8,2,2,True,True,True
100,4,39,small_world,0.9,1214891787,0,2,4,6,2,2,True,True,True
100,4,39,small_world,0.9,1214891787,1,5,17,22,5,5,True,True,True
100,4,39,scale_free,0.9,1214891787,0,10,28,38,10,10,True,True,True
100,4,40,ring,0.3,1730507882,0,2,2,4,2,2,True,True,True
100,4,40,small_world,0.3,1730507882,0,2,2,4,2,2,True,True,True
100,4,40,small_world,0.3,1730507882,1,2,2,4,2,2,True,True,True
100,4,40,ring,0.4,1730507882,0,19,21,40,17,17,False,False,False
100,4,40,ring,0.4,1730507882,1,2,2,4,2,2,True,True,True
100,4,40,small_world,0.4,1730507882,0,7,9,16,7,7,True,True,True
100,4,40,small_world,0.4,1730507882,1,2,2,4,2,2,True,True,True
100,4,40,ring,0.5,1730507882,0,16,20,36,15,15,False,False,False
100,4,40,ring,0.5,1730507882,1,3,4,7,3,3,True,True,True
100,4,40,ring,0.5,1730507882,2,2,6,8,2,2,True,True,True
100,4,40,ring,0.5,1730507882,3,2,2,4,2,2,True,True,True
100,4,40,ring,0.5,1730507882,4,3,4,7,3,3,True,True,True
100,4,40,small_world,0.5,1730507882,0,7,9,16,7,7,True,True,True
100,4,40,small_world,0.5,1730507882,1,3,4,7,2,2,False,False,True
100,4,40,small_world,0.5,1730507882,2,2,2,4,2,2,True,True,True
100,4,40,scale_free,0.5,1730507882,0,43,46,89,37,37,False,False,False
100,4,40,er,0.6,1730507882,0,38,49,87,38,38,True,True,False
100,4,40,ring,0.6,1730507882,0,4,5,9,4,4,True,True,True
100,4,40,ring,0.6,1730507882,1,4,9,13,4,4,True,True,True
100,4,40,ring,0.6,1730507882,2,5,5,10,4,4,False,False,True
100,4,40,ring,0.6,1730507882,3,2,6,8,2,2,True,True,True
100,4,40,ring,0.6,1730507882,4,2,2,4,2,2,True,True,True
100,4,40,ring,0.6,1730507882,5,3,4,7,3,3,True,True,True
100,4,40,small_world,0.6,1730507882,0,28,32,60,26,26,False,False,False
100,4,40,small_world,0.6,1730507882,1,4,9,13,4,4,True,True,True
100,4,40,small_world,0.6,1730507882,2,3,5,8,2,2,False,False,True
100,4,40,small_world,0.6,1730507882,3,2,2,4,2,2,True,True,True
100,4,40,scale_free,0.6,1730507882,0,36,50,86,32,32,False,False,False
100,4,40,er,0.7,1730507882,0,29,50,79,29,29,True,True,False
100,4,40,ring,0.7,1730507882,0,3,6,9,3,3,True,True,True
100,4,40,ring,0.7,1730507882,1,2,4,6,2,2,True,True,True
100,4,40,ring,0.7,1730507882,2,4,6,10,4,4,True,True,True
100,4,40,ring,0.7,1730507882,3,4,7,11,4,4,True,True,True
100,4,40,ring,0.7,1730507882,4,2,6,8,2,2,True,True,True
100,4,40,ring,0.7,1730507882,5,7,13,20,7,7,True,True,True
100,4,40,small_world,0.7,1730507882,0,6,14,20,6,6,True,True,True
100,4,40,small_world,0.7,1730507882,1,2,3,5,2,2,True,True,True
100,4,40,small_world,0.7,1730507882,2,3,9,12,3,3,True,True,True
100,4,40,small_world,0.7,1730507882,3,2,3,5,2,2,True,True,True
100,4,40,small_world,0.7,1730507882,4,2,4,6,2,2,True,True,True
100,4,40,small_world,0.7,1730507882,5,4,6,10,4,4,True,True,True
100,4,40,small_world,0.7,1730507882,6,7,9,16,7,7,True,True,True
100,4,40,small_world,0.7,1730507882,7,2,3,5,2,2,True,True,True
100,4,40,scale_free,0.7,1730507882,0,28,56,84,28,28,True,True,False
100,4,40,er,0.8,1730507882,0,19,46,65,19,19,True,True,False
100,4,40,ring,0.8,1730507882,0,3,6,9,3,3,True,True,True
100,4,40,ring,0.8,1730507882,1,2,7,9,2,2,True,True,True
100,4,40,ring,0.8,1730507882,2,6,14,20,6,6,True,True,True
100,4,40,ring,0.8,1730507882,3,4,9,13,4,4,True,True,True
100,4,40,small_world,0.8,1730507882,0,4,10,14,4,4,True,True,True
100,4,40,small_world,0.8,1730507882,1,4,10,14,4,4,True,True,True
100,4,40,small_world,0.8,1730507882,2,4,12,16,4,4,True,True,True
100,4,40,small_world,0.8,1730507882,3,2,4,6,2,2,True,True,True
100,4,40,scale_free,0.8,1730507882,0,14,52,66,14,14,True,True,False
100,4,40,scale_free,0.8,1730507882,1,4,6,10,4,4,True,True,True
100,4,40,er,0.9,1730507882,0,7,17,24,7,7,True,True,True
100,4,40,ring,0.9,1730507882,0,2,5,7,2,2,True,True,True
100,4,40,ring,0.9,1730507882,1,4,11,15,4,4,True,True,True
100,4,40,small_world,0.9,1730507882,0,2,7,9,2,2,True,True,True
100,4,40,small_world,0.9,1730507882,1,4,13,17,4,4,True,True,True
100,4,40,scale_free,0.9,1730507882,0,3,8,11,3,3,True,True,True
100,4,40,scale_free,0.9,1730507882,1,5,21,26,5,5,True,True,True
100,4,41,scale_free,0.1,863016966,0,2,2,4,2,2,True,True,True
100,4,41,er,0.5,863016966,0,41,41,82,36,36,False,False,False
100,4,41,ring,0.5,863016966,0,14,17,31,13,13,False,False,False
100,4,41,ring,0.5,863016966,1,10,14,24,9,9,False,False,True
100,4,41,small_world,0.5,863016966,0,36,39,75,34,34,False,False,False
100,4,41,small_world,0.5,863016966,1,6,8,14,5,5,False,False,True
100,4,41,er,0.6,863016966,0,32,44,76,31,31,False,False,False
100,4,41,ring,0.6,863016966,0,17,21,38,13,13,False,False,False
100,4,41,ring,0.6,863016966,1,11,13,24,11,11,True,True,False
100,4,41,ring,0.6,863016966,2,4,5,9,3,3,False,False,True
100,4,41,ring,0.6,863016966,3,2,2,4,2,2,True,True,True
100,4,41,ring,0.6,863016966,4,5,11,16,5,5,True,True,True
100,4,41,small_world,0.6,863016966,0,33,47,80,32,32,False,False,False
100,4,41,small_world,0.6,863016966,1,2,2,4,2,2,True,True,True
100,4,41,scale_free,0.6,863016966,0,33,35,68,27,27,False,False,False
100,4,41,er,0.7,863016966,0,22,40,62,22,22,True,True,False
100,4,41,ring,0.7,863016966,0,20,33,53,20,20,True,True,False
100,4,41,ring,0.7,863016966,1,2,2,4,2,2,True,True,True
100,4,41,ring,0.7,863016966,2,2,2,4,2,2,True,True,True
100,4,41,ring,0.7,863016966,3,5,11,16,5,5,True,True,True
100,4,41,small_world,0.7,863016966,0,26,46,72,25,25,False,False,False
100,4,41,small_world,0.7,863016966,1,2,3,5,2,2,True,True,True
100,4,41,small_world,0.7,863016966,2,2,2,4,2,2,True,True,True
100,4,41,scale_free,0.7,863016966,0,24,33,57,23,23,False,False,False
100,4,41,er,0.8,863016966,0,17,38,55,17,17,True,True,False
100,4,41,ring,0.8,863016966,0,3,10,13,3,3,True,True,True
100,4,41,ring,0.8,863016966,1,3,6,9,3,3,True,True,True
100,4,41,ring,0.8,863016966,2,7,14,21,7,7,True,True,True
100,4,41,ring,0.8,863016966,3,3,4,7,3,3,True,True,True
100,4,41,ring,0.8,863016966,4,3,6,9,3,3,True,True,True
100,4,41,small_world,0.8,863016966,0,3,11,14,3,3,True,True,True
100,4,41,small_world,0.8,863016966,1,4,10,14,4,4,True,True,True
100,4,41,small_world,0.8,863016966,2,7,14,21,7,7,True,True,True
100,4,41,small_world,0.8,863016966,3,3,5,8,3,3,True,True,True
100,4,41,small_world,0.8,863016966,4,3,5,8,3,3,True,True,True
100,4,41,scale_free,0.8,863016966,0,18,37,55,18,18,True,True,False
100,4,41,er,0.9,863016966,0,7,21,28,7,7,True,True,True
100,4,41,ring,0.9,863016966,0,2,7,9,2,2,True,True,True
100,4,41,ring,0.9,863016966,1,3,6,9,3,3,True,True,True
100,4,41,ring,0.9,863016966,2,2,5,7,2,2,True,True,True
100,4,41,small_world,0.9,863016966,0,2,8,10,2,2,True,True,True
100,4,41,small_world,0.9,863016966,1,3,5,8,3,3,True,True,True
100,4,41,small_world,0.9,863016966,2,2,6,8,2,2,True,True,True
100,4,41,scale_free,0.9,863016966,0,7,22,29,7,7,True,True,True
100,4,41,scale_free,0.9,863016966,1,2,7,9,2,2,True,True,True
100,4,42,er,0.3,706689272,0,2,2,4,2,2,True,True,True
100,4,42,ring,0.3,706689272,0,2,2,4,2,2,True,True,True
100,4,42,ring,0.3,706689272,1,4,5,9,3,3,False,False,True
100,4,42,ring,0.4,706689272,0,2,2,4,2,2,True,True,True
100,4,42,ring,0.4,706689272,1,2,2,4,2,2,True,True,True
100,4,42,ring,0.4,706689272,2,4,6,10,4,4,True,True,True
100,4,42,er,0.5,706689272,0,42,42,84,40,40,False,False,False
100,4,42,ring,0.5,706689272,0,2,2,4,2,2,True,True,True
100,4,42,ring,0.5,706689272,1,6,6,12,5,5,False,False,True
100,4,42,ring,0.5,706689272,2,2,2,4,2,2,True,True,True
100,4,42,ring,0.5,706689272,3,4,6,10,4,4,True,True,True
100,4,42,ring,0.5,706689272,4,2,2,4,2,2,True,True,True
100,4,42,ring,0.5,706689272,5,2,2,4,2,2,True,True,True
100,4,42,small_world,0.5,706689272,0,7,8,15,7,7,True,True,True
100,4,42,small_world,0.5,706689272,1,4,6,10,4,4,True,True,True
100,4,42,small_world,0.5,706689272,2,2,2,4,2,2,True,True,True
100,4,42,small_world,0.5,706689272,3,2,2,4,2,2,True,True,True
100,4,42,scale_free,0.5,706689272,0,2,2,4,2,2,True,True,True
100,4,42,er,0.6,706689272,0,34,48,82,33,33,False,False,False
100,4,42,ring,0.6,706689272,0,5,7,12,5,5,True,True,True
100,4,42,ring,0.6,706689272,1,10,13,23,10,10,True,True,True
100,4,42,ring,0.6,706689272,2,13,15,28,13,13,True,True,False
100,4,42,ring,0.6,706689272,3,3,4,7,3,3,True,True,True
100,4,42,ring,0.6,706689272,4,2,2,4,2,2,True,True,True
100,4,42,ring,0.6,706689272,5,6,7,13,6,6,True,True,True
100,4,42,small_world,0.6,706689272,0,19,24,43,18,18,False,False,False
100,4,42,small_world,0.6,706689272,1,15,17,32,15,15,True,True,False
100,4,42,small_world,0.6,706689272,2,3,4,7,3,3,True,True,True
100,4,42,small_world,0.6,706689272,3,2,2,4,2,2,True,True,True
100,4,42,scale_free,0.6,706689272,0,36,42,78,30,30,False,False,False
100,4,42,er,0.7,706689272,0,24,45,69,23,23,False,False,False
100,4,42,ring,0.7,706689272,0,4,6,10,4,4,True,True,True
100,4,42,ring,0.7,706689272,1,4,6,10,4,4,True,True,True
100,4,42,ring,0.7,706689272,2,3,5,8,3,3,True,True,True
100,4,42,ring,0.7,706689272,3,7,12,19,7,7,True,True,True
100,4,42,ring,0.7,706689272,4,3,4,7,3,3,True,True,True
100,4,42,ring,0.7,706689272,5,2,2,4,2,2,True,True,True
100,4,42,ring,0.7,706689272,6,5,8,13,5,5,True,True,True
100,4,42,small_world,0.7,706689272,0,11,20,31,11,11,True,True,False
100,4,42,small_world,0.7,706689272,1,7,14,21,7,7,True,True,True
100,4,42,small_world,0.7,706689272,2,3,5,8,3,3,True,True,True
100,4,42,small_world,0.7,706689272,3,3,4,7,3,3,True,True,True
100,4,42,small_world,0.7,706689272,4,2,2,4,2,2,True,True,True
100,4,42,small_world,0.7,706689272,5,3,3,6,3,3,True,True,True
100,4,42,scale_free,0.7,706689272,0,26,43,69,26,26,True,True,False
100,4,42,er,0.8,706689272,0,18,43,61,18,18,True,True,False
100,4,42,ring,0.8,706689272,0,2,4,6,2,2,True,True,True
100,4,42,ring,0.8,706689272,1,3,7,10,3,3,True,True,True
100,4,42,ring,0.8,706689272,2,2,4,6,2,2,True,True,True
100,4,42,ring,0.8,706689272,3,7,12,19,7,7,True,True,True
100,4,42,ring,0.8,706689272,4,3,8,11,3,3,True,True,True
100,4,42,small_world,0.8,706689272,0,3,8,11,3,3,True,True,True
100,4,42,small_world,0.8,706689272,1,4,10,14,4,4,True,True,True
100,4,42,small_world,0.8,706689272,2,5,10,15,5,5,True,True,True
100,4,42,small_world,0.8,706689272,3,2,4,6,2,2,True,True,True
100,4,42,small_world,0.8,706689272,4,3,5,8,3,3,True,True,True
100,4,42,scale_free,0.8,706689272,0,17,39,56,17,17,True,True,False
100,4,42,er,0.9,706689272,0,9,26,35,9,9,True,True,True
100,4,42,ring,0.9,706689272,0,2,6,8,2,2,True,True,True
100,4,42,ring,0.9,706689272,1,2,5,7,2,2,True,True,True
100,4,42,ring,0.9,706689272,2,2,5,7,2,2,True,True,True
100,4,42,small_world,0.9,706689272,0,2,6,8,2,2,True,True,True
100,4,42,small_world,0.9,706689272,1,2,5,7,2,2,True,True,True
100,4,42,scale_free,0.9,706689272,0,2,5,7,2,2,True,True,True
100,4,42,scale_free,0.9,706689272,1,3,4,7,3,3,True,True,True
100,4,43,ring,0.4,674242762,0,2,2,4,2,2,True,True,True
100,4,43,ring,0.4,674242762,1,6,6,12,5,5,False,False,True
100,4,43,er,0.5,674242762,0,37,40,77,34,34,False,False,False
100,4,43,er,0.5,674242762,1,3,3,6,3,3,True,True,True
100,4,43,ring,0.5,674242762,0,4,6,10,4,4,True,True,True
100,4,43,ring,0.5,674242762,1,8,10,18,8,8,True,True,True
100,4,43,ring,0.5,674242762,2,2,4,6,2,2,True,True,True
100,4,43,small_world,0.5,674242762,0,35,37,72,31,31,False,False,False
100,4,43,scale_free,0.5,674242762,0,42,42,84,31,31,False,False,False
100,4,43,er,0.6,674242762,0,26,41,67,26,26,True,True,False
100,4,43,er,0.6,674242762,1,2,2,4,2,2,True,True,True
100,4,43,ring,0.6,674242762,0,11,11,22,9,9,False,False,False
100,4,43,ring,0.6,674242762,1,6,9,15,6,6,True,True,True
100,4,43,ring,0.6,674242762,2,2,2,4,2,2,True,True,True
100,4,43,ring,0.6,674242762,3,2,2,4,2,2,True,True,True
100,4,43,ring,0.6,674242762,4,3,4,7,3,3,True,True,True
100,4,43,ring,0.6,674242762,5,2,5,7,2,2,True,True,True
100,4,43,ring,0.6,674242762,6,12,15,27,12,12,True,True,False
100,4,43,ring,0.6,674242762,7,2,4,6,2,2,True,True,True
100,4,43,small_world,0.6,674242762,0,12,13,25,10,10,False,False,False
100,4,43,small_world,0.6,674242762,1,6,8,14,6,6,True,True,True
100,4,43,small_world,0.6,674242762,2,18,25,43,18,18,True,True,False
100,4,43,scale_free,0.6,674242762,0,33,49,82,28,28,False,False,False
100,4,43,er,0.7,674242762,0,23,45,68,23,23,True,True,False
100,4,43,er,0.7,674242762,1,3,3,6,3,3,True,True,True
100,4,43,ring,0.7,674242762,0,9,13,22,8,8,False,False,True
100,4,43,ring,0.7,674242762,1,5,8,13,5,5,True,True,True
100,4,43,ring,0.7,674242762,2,2,2,4,2,2,True,True,True
100,4,43,ring,0.7,674242762,3,3,4,7,3,3,True,True,True
100,4,43,ring,0.7,674242762,4,2,5,7,2,2,True,True,True
100,4,43,ring,0.7,674242762,5,5,11,16,5,5,True,True,True
100,4,43,ring,0.7,674242762,6,2,4,6,2,2,True,True,True
100,4,43,small_world,0.7,674242762,0,26,46,72,26,26,True,True,False
100,4,43,scale_free,0.7,674242762,0,26,49,75,25,25,False,False,False
100,4,43,er,0.8,674242762,0,17,41,58,17,17,True,True,False
100,4,43,ring,0.8,674242762,0,5,9,14,5,5,True,True,True
100,4,43,ring,0.8,674242762,1,2,6,8,2,2,True,True,True
100,4,43,ring,0.8,674242762,2,2,5,7,2,2,True,True,True
100,4,43,ring,0.8,674242762,3,2,5,7,2,2,True,True,True
100,4,43,ring,0.8,674242762,4,2,7,9,2,2,True,True,True
100,4,43,ring,0.8,674242762,5,2,4,6,2,2,True,True,True
100,4,43,small_world,0.8,674242762,0,3,5,8,3,3,True,True,True
100,4,43,small_world,0.8,674242762,1,7,20,27,7,7,True,True,True
100,4,43,small_world,0.8,674242762,2,2,4,6,2,2,True,True,True
100,4,43,small_world,0.8,674242762,3,5,13,18,5,5,True,True,True
100,4,43,scale_free,0.8,674242762,0,19,32,51,19,19,True,True,False
100,4,43,er,0.9,674242762,0,2,3,5,2,2,True,True,True
100,4,43,er,0.9,674242762,1,4,18,22,4,4,True,True,True
100,4,43,ring,0.9,674242762,0,2,6,8,2,2,True,True,True
100,4,43,ring,0.9,674242762,1,2,6,8,2,2,True,True,True
100,4,43,ring,0.9,674242762,2,2,5,7,2,2,True,True,True
100,4,43,ring,0.9,674242762,3,2,7,9,2,2,True,True,True
100,4,43,small_world,0.9,674242762,0,2,6,8,2,2,True,True,True
100,4,43,small_world,0.9,674242762,1,3,9,12,3,3,True,True,True
100,4,43,small_world,0.9,674242762,2,2,4,6,2,2,True,True,True
100,4,43,small_world,0.9,674242762,3,2,6,8,2,2,True,True,True
100,4,43,scale_free,0.9,674242762,0,5,11,16,5,5,True,True,True
100,4,43,scale_free,0.9,674242762,1,2,5,7,2,2,True,True,True
100,4,43,scale_free,0.9,674242762,2,2,2,4,2,2,True,True,True
100,4,44,er,0.3,3075354641,0,2,2,4,2,2,True,True,True
100,4,44,ring,0.5,3075354641,0,9,11,20,8,8,False,False,True
100,4,44,ring,0.5,3075354641,1,3,3,6,2,2,False,False,True
100,4,44,ring,0.5,3075354641,2,11,13,24,11,11,True,True,False
100,4,44,ring,0.5,3075354641,3,4,4,8,3,3,False,False,True
100,4,44,ring,0.5,3075354641,4,5,6,11,4,4,False,False,True
100,4,44,small_world,0.5,3075354641,0,28,34,62,27,27,False,False,False
100,4,44,scale_free,0.5,3075354641,0,31,41,72,29,29,False,False,False
100,4,44,er,0.6,3075354641,0,31,41,72,30,30,False,False,False
100,4,44,ring,0.6,3075354641,0,10,13,23,10,10,True,True,True
100,4,44,ring,0.6,3075354641,1,12,18,30,12,12,True,True,False
100,4,44,ring,0.6,3075354641,2,7,8,15,6,6,False,False,True
100,4,44,ring,0.6,3075354641,3,2,4,6,2,2,True,True,True
100,4,44,ring,0.6,3075354641,4,7,10,17,7,7,True,True,True
100,4,44,ring,0.6,3075354641,5,2,6,8,2,2,True,True,True
100,4,44,small_world,0.6,3075354641,0,23,34,57,23,23,True,True,False
100,4,44,small_world,0.6,3075354641,1,4,6,10,4,4,True,True,True
100,4,44,small_world,0.6,3075354641,2,4,4,8,3,3,False,False,True
100,4,44,small_world,0.6,3075354641,3,2,4,6,2,2,True,True,True
100,4,44,small_world,0.6,3075354641,4,7,10,17,7,7,True,True,True
100,4,44,scale_free,0.6,3075354641,0,27,47,74,27,27,True,True,False
100,4,44,er,0.7,3075354641,0,26,44,70,26,26,True,True,False
100,4,44,ring,0.7,3075354641,0,5,6,11,5,5,True,True,True
100,4,44,ring,0.7,3075354641,1,4,8,12,4,4,True,True,True
100,4,44,ring,0.7,3075354641,2,2,6,8,2,2,True,True,True
100,4,44,ring,0.7,3075354641,3,2,4,6,2,2,True,True,True
100,4,44,ring,0.7,3075354641,4,7,8,15,6,6,False,False,True
100,4,44,ring,0.7,3075354641,5,6,11,17,6,6,True,True,True
100,4,44,small_world,0.7,3075354641,0,7,11,18,7,7,True,True,True
100,4,44,small_world,0.7,3075354641,1,6,15,21,6,6,True,True,True
100,4,44,small_world,0.7,3075354641,2,3,5,8,3,3,True,True,True
100,4,44,small_world,0.7,3075354641,3,4,4,8,3,3,False,False,True
100,4,44,small_world,0.7,3075354641,4,6,11,17,6,6,True,True,True
100,4,44,scale_free,0.7,3075354641,0,23,52,75,23,23,True,True,False
100,4,44,er,0.8,3075354641,0,17,36,53,17,17,True,True,False
100,4,44,ring,0.8,3075354641,0,3,8,11,3,3,True,True,True
100,4,44,ring,0.8,3075354641,1,4,8,12,4,4,True,True,True
100,4,44,ring,0.8,3075354641,2,2,4,6,2,2,True,True,True
100,4,44,ring,0.8,3075354641,3,4,9,13,4,4,True,True,True
100,4,44,ring,0.8,3075354641,4,4,8,12,4,4,True,True,True
100,4,44,small_world,0.8,3075354641,0,9,23,32,9,9,True,True,True
100,4,44,small_world,0.8,3075354641,1,4,9,13,4,4,True,True,True
100,4,44,small_world,0.8,3075354641,2,4,8,12,4,4,True,True,True
100,4,44,scale_free,0.8,3075354641,0,20,55,75,20,20,True,True,False
100,4,44,er,0.9,3075354641,0,9,21,30,9,9,True,True,True
100,4,44,ring,0.9,3075354641,0,4,8,12,4,4,True,True,True
100,4,44,small_world,0.9,3075354641,0,2,7,9,2,2,True,True,True
100,4,44,small_world,0.9,3075354641,1,4,9,13,4,4,True,True,True
100,4,44,scale_free,0.9,3075354641,0,10,31,41,10,10,True,True,True
100,4,45,ring,0.3,1320047871,0,2,2,4,2,2,True,True,True
100,4,45,small_world,0.3,1320047871,0,2,2,4,2,2,True,True,True
100,4,45,ring,0.4,1320047871,0,3,3,6,2,2,False,False,True
100,4,45,ring,0.4,1320047871,1,2,2,4,2,2,True,True,True
100,4,45,ring,0.4,1320047871,2,11,13,24,11,11,True,True,False
100,4,45,small_world,0.4,1320047871,0,3,3,6,2,2,False,False,True
100,4,45,small_world,0.4,1320047871,1,2,2,4,2,2,True,True,True
100,4,45,er,0.5,1320047871,0,40,42,82,37,38,False,False,False
100,4,45,ring,0.5,1320047871,0,3,3,6,2,2,False,False,True
100,4,45,ring,0.5,1320047871,1,2,2,4,2,2,True,True,True
100,4,45,ring,0.5,1320047871,2,2,4,6,2,2,True,True,True
100,4,45,ring,0.5,1320047871,3,3,5,8,3,3,True,True,True
100,4,45,ring,0.5,1320047871,4,8,13,21,8,8,True,True,True
100,4,45,small_world,0.5,1320047871,0,3,3,6,2,2,False,False,True
100,4,45,small_world,0.5,1320047871,1,12,12,24,9,9,False,False,False
100,4,45,small_world,0.5,1320047871,2,2,2,4,2,2,True,True,True
100,4,45,small_world,0.5,1320047871,3,2,4,6,2,2,True,True,True
100,4,45,small_world,0.5,1320047871,4,12,15,27,11,11,False,False,False
100,4,45,small_world,0.5,1320047871,5,2,2,4,2,2,True,True,True
100,4,45,scale_free,0.5,1320047871,0,38,38,76,29,29,False,False,False
100,4,45,er,0.6,1320047871,0,35,47,82,34,34,False,False,False
100,4,45,ring,0.6,1320047871,0,10,13,23,10,10,True,True,True
100,4,45,ring,0.6,1320047871,1,9,11,20,9,9,True,True,True
100,4,45,ring,0.6,1320047871,2,2,2,4,2,2,True,True,True
100,4,45,ring,0.6,1320047871,3,2,4,6,2,2,True,True,True
100,4,45,ring,0.6,1320047871,4,3,5,8,3,3,True,True,True
100,4,45,ring,0.6,1320047871,5,3,3,6,2,2,False,False,True
100,4,45,ring,0.6,1320047871,6,5,8,13,5,5,True,True,True
100,4,45,small_world,0.6,1320047871,0,7,10,17,7,7,True,True,True
100,4,45,small_world,0.6,1320047871,1,18,24,42,16,16,False,False,False
100,4,45,small_world,0.6,1320047871,2,2,2,4,2,2,True,True,True
100,4,45,small_world,0.6,1320047871,3,2,4,6,2,2,True,True,True
100,4,45,small_world,0.6,1320047871,4,2,2,4,2,2,True,True,True
100,4,45,small_world,0.6,1320047871,5,5,8,13,5,5,True,True,True
100,4,45,scale_free,0.6,1320047871,0,32,41,73,28,28,False,False,False
100,4,45,er,0.7,1320047871,0,24,48,72,24,24,True,True,False
100,4,45,er,0.7,1320047871,1,2,3,5,2,2,True,True,True
100,4,45,ring,0.7,1320047871,0,3,8,11,3,3,True,True,True
100,4,45,ring,0.7,1320047871,1,9,11,20,9,9,True,True,True
100,4,45,ring,0.7,1320047871,2,2,2,4,2,2,True,True,True
100,4,45,ring,0.7,1320047871,3,2,4,6,2,2,True,True,True
100,4,45,ring,0.7,1320047871,4,4,5,9,4,4,True,True,True
100,4,45,ring,0.7,1320047871,5,4,7,11,4,4,True,True,True
100,4,45,ring,0.7,1320047871,6,2,5,7,2,2,True,True,True
100,4,45,small_world,0.7,1320047871,0,20,33,53,20,20,True,True,False
100,4,45,small_world,0.7,1320047871,1,2,2,4,2,2,True,True,True
100,4,45,small_world,0.7,1320047871,2,2,4,6,2,2,True,True,True
100,4,45,small_world,0.7,1320047871,3,2,5,7,2,2,True,True,True
100,4,45,scale_free,0.7,1320047871,0,24,35,59,23,23,False,False,False
100,4,45,er,0.8,1320047871,0,14,36,50,14,14,True,True,False
100,4,45,er,0.8,1320047871,1,2,2,4,2,2,True,True,True
100,4,45,ring,0.8,1320047871,0,4,8,12,4,4,True,True,True
100,4,45,ring,0.8,1320047871,1,3,8,11,3,3,True,True,True
100,4,45,ring,0.8,1320047871,2,3,5,8,3,3,True,True,True
100,4,45,ring,0.8,1320047871,3,4,7,11,4,4,True,True,True
100,4,45,ring,0.8,1320047871,4,2,5,7,2,2,True,True,True
100,4,45,small_world,0.8,1320047871,0,3,9,12,3,3,True,True,True
100,4,45,small_world,0.8,1320047871,1,10,19,29,10,10,True,True,True
100,4,45,small_world,0.8,1320047871,2,2,5,7,2,2,True,True,True
100,4,45,scale_free,0.8,1320047871,0,14,28,42,14,14,True,True,False
100,4,45,er,0.9,1320047871,0,5,12,17,5,5,True,True,True
100,4,45,ring,0.9,1320047871,0,4,7,11,4,4,True,True,True
100,4,45,small_world,0.9,1320047871,0,2,8,10,2,2,True,True,True
100,4,45,small_world,0.9,1320047871,1,4,9,13,4,4,True,True,True
100,4,45,scale_free,0.9,1320047871,0,3,7,10,3,3,True,True,True
100,4,45,scale_free,0.9,1320047871,1,2,4,6,2,2,True,True,True
100,4,45,scale_free,0.9,1320047871,2,3,5,8,3,3,True,True,True
100,4,46,ring,0.3,3420973130,0,2,2,4,2,2,True,True,True
100,4,46,small_world,0.4,3420973130,0,2,2,4,2,2,True,True,True
100,4,46,ring,0.5,3420973130,0,21,21,42,17,17,False,False,False
100,4,46,ring,0.5,3420973130,1,3,3,6,2,2,False,False,True
100,4,46,ring,0.5,3420973130,2,5,6,11,5,5,True,True,True
100,4,46,ring,0.5,3420973130,3,8,10,18,8,8,True,True,True
100,4,46,small_world,0.5,3420973130,0,42,42,84,37,37,False,False,False
100,4,46,small_world,0.5,3420973130,1,3,3,6,2,2,False,False,True
100,4,46,small_world,0.5,3420973130,2,2,2,4,2,2,True,True,True
100,4,46,er,0.6,3420973130,0,35,42,77,35,35,True,True,False
100,4,46,er,0.6,3420973130,1,2,3,5,2,2,True,True,True
100,4,46,ring,0.6,3420973130,0,5,8,13,5,5,True,True,True
100,4,46,ring,0.6,3420973130,1,12,14,26,11,11,False,False,False
100,4,46,ring,0.6,3420973130,2,4,6,10,4,4,True,True,True
100,4,46,ring,0.6,3420973130,3,4,7,11,4,4,True,True,True
100,4,46,ring,0.6,3420973130,4,2,4,6,2,2,True,True,True
100,4,46,ring,0.6,3420973130,5,13,16,29,11,11,False,False,False
100,4,46,small_world,0.6,3420973130,0,5,7,12,5,5,True,True,True
100,4,46,small_world,0.6,3420973130,1,33,46,79,32,32,False,False,False
100,4,46,scale_free,0.6,3420973130,0,37,46,83,33,33,False,False,False
100,4,46,er,0.7,3420973130,0,27,46,73,27,27,True,True,False
100,4,46,er,0.7,3420973130,1,3,5,8,3,3,True,True,True
100,4,46,ring,0.7,3420973130,0,3,5,8,3,3,True,True,True
100,4,46,ring,0.7,3420973130,1,9,16,25,9,9,True,True,True
100,4,46,ring,0.7,3420973130,2,3,5,8,3,3,True,True,True
100,4,46,ring,0.7,3420973130,3,3,8,11,3,3,True,True,True
100,4,46,ring,0.7,3420973130,4,2,4,6,2,2,True,True,True
100,4,46,ring,0.7,3420973130,5,5,8,13,5,5,True,True,True
100,4,46,ring,0.7,3420973130,6,5,9,14,5,5,True,True,True
100,4,46,small_world,0.7,3420973130,0,3,5,8,3,3,True,True,True
100,4,46,small_world,0.7,3420973130,1,16,30,46,16,16,True,True,False
100,4,46,small_world,0.7,3420973130,2,8,17,25,8,8,True,True,True
100,4,46,small_world,0.7,3420973130,3,2,3,5,2,2,True,True,True
100,4,46,scale_free,0.7,3420973130,0,28,46,74,28,28,True,True,False
100,4,46,er,0.8,3420973130,0,17,41,58,17,17,True,True,False
100,4,46,ring,0.8,3420973130,0,5,8,13,5,5,True,True,True
100,4,46,ring,0.8,3420973130,1,3,5,8,3,3,True,True,True
100,4,46,ring,0.8,3420973130,2,3,8,11,3,3,True,True,True
100,4,46,ring,0.8,3420973130,3,3,8,11,3,3,True,True,True
100,4,46,ring,0.8,3420973130,4,2,6,8,2,2,True,True,True
100,4,46,small_world,0.8,3420973130,0,2,7,9,2,2,True,True,True
100,4,46,small_world,0.8,3420973130,1,6,18,24,6,6,True,True,True
100,4,46,small_world,0.8,3420973130,2,6,12,18,6,6,True,True,True
100,4,46,small_world,0.8,3420973130,3,2,3,5,2,2,True,True,True
100,4,46,scale_free,0.8,3420973130,0,20,39,59,20,20,True,True,False
100,4,46,er,0.9,3420973130,0,9,32,41,9,9,True,True,True
100,4,46,ring,0.9,3420973130,0,2,5,7,2,2,True,True,True
100,4,46,ring,0.9,3420973130,1,2,6,8,2,2,True,True,True
100,4,46,small_world,0.9,3420973130,0,2,9,11,2,2,True,True,True
100,4,46,small_world,0.9,3420973130,1,2,6,8,2,2,True,True,True
100,4,46,small_world,0.9,3420973130,2,3,8,11,3,3,True,True,True
100,4,46,scale_free,0.9,3420973130,0,2,7,9,2,2,True,True,True
100,4,46,scale_free,0.9,3420973130,1,7,18,25,7,7,True,True,True
100,4,47,ring,0.3,1484392500,0,2,2,4,2,2,True,True,True
100,4,47,ring,0.3,1484392500,1,2,2,4,2,2,True,True,True
100,4,47,small_world,0.3,1484392500,0,2,2,4,2,2,True,True,True
100,4,47,ring,0.4,1484392500,0,2,2,4,2,2,True,True,True
100,4,47,ring,0.4,1484392500,1,2,2,4,2,2,True,True,True
100,4,47,ring,0.4,1484392500,2,3,3,6,2,2,False,False,True
100,4,47,small_world,0.4,1484392500,0,2,2,4,2,2,True,True,True
100,4,47,ring,0.5,1484392500,0,11,12,23,10,10,False,False,False
100,4,47,ring,0.5,1484392500,1,2,2,4,2,2,True,True,True
100,4,47,ring,0.5,1484392500,2,9,11,20,9,9,True,True,True
100,4,47,ring,0.5,1484392500,3,5,6,11,5,5,True,True,True
100,4,47,ring,0.5,1484392500,4,6,6,12,5,5,False,False,True
100,4,47,small_world,0.5,1484392500,0,2,2,4,2,2,True,True,True
100,4,47,small_world,0.5,1484392500,1,6,6,12,5,5,False,False,True
100,4,47,er,0.6,1484392500,0,34,44,78,34,34,True,True,False
100,4,47,ring,0.6,1484392500,0,8,12,20,7,7,False,False,True
100,4,47,ring,0.6,1484392500,1,2,2,4,2,2,True,True,True
100,4,47,ring,0.6,1484392500,2,7,11,18,7,7,True,True,True
100,4,47,ring,0.6,1484392500,3,3,6,9,3,3,True,True,True
100,4,47,ring,0.6,1484392500,4,5,7,12,5,5,True,True,True
100,4,47,small_world,0.6,1484392500,0,37,49,86,35,35,False,False,False
100,4,47,small_world,0.6,1484392500,1,2,2,4,2,2,True,True,True
100,4,47,scale_free,0.6,1484392500,0,37,37,74,26,26,False,False,False
100,4,47,er,0.7,1484392500,0,24,43,67,24,24,True,True,False
100,4,47,ring,0.7,1484392500,0,2,7,9,2,2,True,True,True
100,4,47,ring,0.7,1484392500,1,2,2,4,2,2,True,True,True
100,4,47,ring,0.7,1484392500,2,6,7,13,5,5,False,False,True
100,4,47,ring,0.7,1484392500,3,5,7,12,5,5,True,True,True
100,4,47,ring,0.7,1484392500,4,2,5,7,2,2,True,True,True
100,4,47,ring,0.7,1484392500,5,2,4,6,2,2,True,True,True
100,4,47,ring,0.7,1484392500,6,3,6,9,3,3,True,True,True
100,4,47,ring,0.7,1484392500,7,5,10,15,5,5,True,True,True
100,4,47,ring,0.7,1484392500,8,2,5,7,2,2,True,True,True
100,4,47,small_world,0.7,1484392500,0,7,17,24,7,7,True,True,True
100,4,47,small_world,0.7,1484392500,1,13,26,39,13,13,True,True,False
100,4,47,small_world,0.7,1484392500,2,2,2,4,2,2,True,True,True
100,4,47,small_world,0.7,1484392500,3,2,2,4,2,2,True,True,True
100,4,47,small_world,0.7,1484392500,4,5,8,13,5,5,True,True,True
100,4,47,scale_free,0.7,1484392500,0,26,36,62,20,20,False,False,False
100,4,47,er,0.8,1484392500,0,12,27,39,12,12,True,True,False
100,4,47,er,0.8,1484392500,1,2,3,5,2,2,True,True,True
100,4,47,ring,0.8,1484392500,0,6,9,15,6,6,True,True,True
100,4,47,ring,0.8,1484392500,1,3,8,11,3,3,True,True,True
100,4,47,ring,0.8,1484392500,2,2,5,7,2,2,True,True,True
100,4,47,ring,0.8,1484392500,3,2,5,7,2,2,True,True,True
100,4,47,ring,0.8,1484392500,4,3,7,10,3,3,True,True,True
100,4,47,small_world,0.8,1484392500,0,3,8,11,3,3,True,True,True
100,4,47,small_world,0.8,1484392500,1,4,7,11,4,4,True,True,True
100,4,47,small_world,0.8,1484392500,2,2,4,6,2,2,True,True,True
100,4,47,small_world,0.8,1484392500,3,3,9,12,3,3,True,True,True
100,4,47,small_world,0.8,1484392500,4,5,12,17,5,5,True,True,True
100,4,47,scale_free,0.8,1484392500,0,19,26,45,17,17,False,False,False
100,4,47,er,0.9,1484392500,0,2,8,10,2,2,True,True,True
100,4,47,ring,0.9,1484392500,0,4,10,14,4,4,True,True,True
100,4,47,small_world,0.9,1484392500,0,3,8,11,3,3,True,True,True
100,4,47,small_world,0.9,1484392500,1,2,8,10,2,2,True,True,True
100,4,47,scale_free,0.9,1484392500,0,9,17,26,8,8,False,False,True
100,4,48,ring,0.3,3318921115,0,3,3,6,2,2,False,False,True
100,4,48,small_world,0.3,3318921115,0,3,3,6,2,2,False,False,True
100,4,48,ring,0.4,3318921115,0,4,5,9,4,4,True,True,True
100,4,48,ring,0.4,3318921115,1,3,3,6,2,2,False,False,True
100,4,48,small_world,0.4,3318921115,0,3,3,6,2,2,False,False,True
100,4,48,ring,0.5,3318921115,0,15,18,33,14,14,False,False,False
100,4,48,ring,0.5,3318921115,1,3,5,8,3,3,True,True,True
100,4,48,ring,0.5,3318921115,2,4,5,9,4,4,True,True,True
100,4,48,small_world,0.5,3318921115,0,39,41,80,36,36,False,False,False
100,4,48,scale_free,0.5,3318921115,0,43,43,86,30,30,False,False,False
100,4,48,er,0.6,3318921115,0,35,41,76,32,32,False,False,False
100,4,48,ring,0.6,3318921115,0,5,7,12,4,4,False,False,True
100,4,48,ring,0.6,3318921115,1,2,5,7,2,2,True,True,True
100,4,48,ring,0.6,3318921115,2,2,6,8,2,2,True,True,True
100,4,48,ring,0.6,3318921115,3,4,5,9,4,4,True,True,True
100,4,48,ring,0.6,3318921115,4,12,16,28,11,11,False,False,False
100,4,48,small_world,0.6,3318921115,0,7,14,21,7,7,True,True,True
100,4,48,small_world,0.6,3318921115,1,28,34,62,26,26,False,False,False
100,4,48,scale_free,0.6,3318921115,0,36,44,80,28,28,False,False,False
100,4,48,er,0.7,3318921115,0,27,44,71,25,25,False,False,False
100,4,48,ring,0.7,3318921115,0,4,8,12,4,4,True,True,True
100,4,48,ring,0.7,3318921115,1,2,5,7,2,2,True,True,True
100,4,48,ring,0.7,3318921115,2,2,6,8,2,2,True,True,True
100,4,48,ring,0.7,3318921115,3,5,8,13,5,5,True,True,True
100,4,48,ring,0.7,3318921115,4,7,8,15,7,7,True,True,True
100,4,48,ring,0.7,3318921115,5,5,7,12,4,4,False,False,True
100,4,48,ring,0.7,3318921115,6,4,8,12,4,4,True,True,True
100,4,48,small_world,0.7,3318921115,0,6,15,21,6,6,True,True,True
100,4,48,small_world,0.7,3318921115,1,15,21,36,14,14,False,False,False
100,4,48,small_world,0.7,3318921115,2,5,9,14,5,5,True,True,True
100,4,48,scale_free,0.7,3318921115,0,28,42,70,25,25,False,False,False
100,4,48,er,0.8,3318921115,0,15,34,49,15,15,True,True,False
100,4,48,ring,0.8,3318921115,0,2,5,7,2,2,True,True,True
100,4,48,ring,0.8,3318921115,1,2,6,8,2,2,True,True,True
100,4,48,ring,0.8,3318921115,2,3,7,10,3,3,True,True,True
100,4,48,ring,0.8,3318921115,3,5,10,15,5,5,True,True,True
100,4,48,ring,0.8,3318921115,4,4,6,10,3,3,False,False,True
100,4,48,ring,0.8,3318921115,5,2,7,9,2,2,True,True,True
100,4,48,small_world,0.8,3318921115,0,2,4,6,2,2,True,True,True
100,4,48,small_world,0.8,3318921115,1,2,6,8,2,2,True,True,True
100,4,48,small_world,0.8,3318921115,2,11,22,33,11,11,True,True,False
100,4,48,small_world,0.8,3318921115,3,3,7,10,3,3,True,True,True
100,4,48,scale_free,0.8,3318921115,0,18,39,57,18,18,True,True,False
100,4,48,er,0.9,3318921115,0,2,4,6,2,2,True,True,True
100,4,48,er,0.9,3318921115,1,2,6,8,2,2,True,True,True
100,4,48,er,0.9,3318921115,2,2,5,7,2,2,True,True,True
100,4,48,ring,0.9,3318921115,0,2,5,7,2,2,True,True,True
100,4,48,ring,0.9,3318921115,1,2,6,8,2,2,True,True,True
100,4,48,ring,0.9,3318921115,2,2,5,7,2,2,True,True,True
100,4,48,ring,0.9,3318921115,3,2,4,6,2,2,True,True,True
100,4,48,small_world,0.9,3318921115,0,2,4,6,2,2,True,True,True
100,4,48,small_world,0.9,3318921115,1,2,6,8,2,2,True,True,True
100,4,48,small_world,0.9,3318921115,2,2,5,7,2,2,True,True,True
100,4,48,scale_free,0.9,3318921115,0,9,27,36,9,9,True,True,True
100,4,49,ring,0.4,730545888,0,2,2,4,2,2,True,True,True
100,4,49,ring,0.4,730545888,1,4,6,10,4,4,True,True,True
100,4,49,ring,0.5,730545888,0,4,6,10,4,4,True,True,True
100,4,49,ring,0.5,730545888,1,11,12,23,9,9,False,False,False
100,4,49,scale_free,0.5,730545888,0,39,42,81,28,28,False,False,False
100,4,49,er,0.6,730545888,0,37,51,88,36,36,False,False,False
100,4,49,ring,0.6,730545888,0,8,12,20,8,8,True,True,True
100,4,49,ring,0.6,730545888,1,13,17,30,13,13,True,True,False
100,4,49,ring,0.6,730545888,2,4,6,10,4,4,True,True,True
100,4,49,ring,0.6,730545888,3,8,11,19,8,8,True,True,True
100,4,49,ring,0.6,730545888,4,6,6,12,5,5,False,False,True
100,4,49,small_world,0.6,730545888,0,39,53,92,38,38,False,False,False
100,4,49,scale_free,0.6,730545888,0,30,41,71,28,28,False,False,False
100,4,49,er,0.7,730545888,0,27,53,80,27,27,True,True,False
100,4,49,ring,0.7,730545888,0,2,6,8,2,2,True,True,True
100,4,49,ring,0.7,730545888,1,8,11,19,8,8,True,True,True
100,4,49,ring,0.7,730545888,2,2,4,6,2,2,True,True,True
100,4,49,ring,0.7,730545888,3,4,6,10,4,4,True,True,True
100,4,49,ring,0.7,730545888,4,4,6,10,4,4,True,True,True
100,4,49,ring,0.7,730545888,5,2,2,4,2,2,True,True,True
100,4,49,ring,0.7,730545888,6,6,6,12,5,5,False,False,True
100,4,49,small_world,0.7,730545888,0,4,10,14,4,4,True,True,True
100,4,49,small_world,0.7,730545888,1,16,22,38,15,15,False,False,False
100,4,49,small_world,0.7,730545888,2,6,12,18,6,6,True,True,True
100,4,49,small_world,0.7,730545888,3,2,4,6,2,2,True,True,True
100,4,49,scale_free,0.7,730545888,0,24,46,70,24,24,True,True,False
100,4,49,er,0.8,730545888,0,3,7,10,3,3,True,True,True
100,4,49,er,0.8,730545888,1,4,12,16,4,4,True,True,True
100,4,49,er,0.8,730545888,2,4,8,12,4,4,True,True,True
100,4,49,er,0.8,730545888,3,2,5,7,2,2,True,True,True
100,4,49,ring,0.8,730545888,0,4,7,11,4,4,True,True,True
100,4,49,ring,0.8,730545888,1,2,6,8,2,2,True,True,True
100,4,49,ring,0.8,730545888,2,4,6,10,4,4,True,True,True
100,4,49,ring,0.8,730545888,3,6,8,14,6,6,True,True,True
100,4,49,small_world,0.8,730545888,0,4,10,14,4,4,True,True,True
100,4,49,small_world,0.8,730545888,1,3,5,8,3,3,True,True,True
100,4,49,small_world,0.8,730545888,2,4,11,15,4,4,True,True,True
100,4,49,small_world,0.8,730545888,3,2,3,5,2,2,True,True,True
100,4,49,scale_free,0.8,730545888,0,18,45,63,18,18,True,True,False
100,4,49,er,0.9,730545888,0,3,15,18,3,3,True,True,True
100,4,49,ring,0.9,730545888,0,3,6,9,3,3,True,True,True
100,4,49,ring,0.9,730545888,1,3,4,7,3,3,True,True,True
100,4,49,small_world,0.9,730545888,0,4,11,15,4,4,True,True,True
100,4,49,small_world,0.9,730545888,1,2,3,5,2,2,True,True,True
100,4,49,scale_free,0.9,730545888,0,5,27,32,5,5,True,True,True
100,4,49,scale_free,0.9,730545888,1,3,9,12,3,3,True,True,True
100,4,50,er,0.4,497815817,0,2,2,4,2,2,True,True,True
100,4,50,ring,0.4,497815817,0,9,9,18,7,7,False,False,True
100,4,50,ring,0.5,497815817,0,9,9,18,7,7,False,False,True
100,4,50,ring,0.5,497815817,1,11,11,22,8,8,False,False,False
100,4,50,ring,0.5,497815817,2,4,4,8,4,4,True,True,True
100,4,50,er,0.6,497815817,0,34,44,78,31,31,False,False,False
100,4,50,ring,0.6,497815817,0,10,11,21,8,8,False,False,True
100,4,50,ring,0.6,497815817,1,3,4,7,3,3,True,True,True
100,4,50,ring,0.6,497815817,2,5,7,12,5,5,True,True,True
100,4,50,ring,0.6,497815817,3,4,5,9,4,4,True,True,True
100,4,50,ring,0.6,497815817,4,10,12,22,9,9,False,False,True
100,4,50,ring,0.6,497815817,5,5,7,12,5,5,True,True,True
100,4,50,ring,0.6,497815817,6,2,5,7,2,2,True,True,True
100,4,50,small_world,0.6,497815817,0,36,46,82,31,31,False,False,False
100,4,50,small_world,0.6,497815817,1,3,4,7,3,3,True,True,True
100,4,50,scale_free,0.6,497815817,0,39,40,79,30,30,False,False,False
100,4,50,er,0.7,497815817,0,26,44,70,24,24,False,False,False
100,4,50,er,0.7,497815817,1,2,2,4,2,2,True,True,True
100,4,50,ring,0.7,497815817,0,8,13,21,8,8,True,True,True
100,4,50,ring,0.7,497815817,1,3,4,7,3,3,True,True,True
100,4,50,ring,0.7,497815817,2,4,7,11,4,4,True,True,True
100,4,50,ring,0.7,497815817,3,7,14,21,7,7,True,True,True
100,4,50,ring,0.7,497815817,4,5,7,12,5,5,True,True,True
100,4,50,ring,0.7,497815817,5,2,5,7,2,2,True,True,True
100,4,50,small_world,0.7,497815817,0,2,3,5,2,2,True,True,True
100,4,50,small_world,0.7,497815817,1,24,42,66,24,24,True,True,False
100,4,50,small_world,0.7,497815817,2,3,4,7,3,3,True,True,True
100,4,50,scale_free,0.7,497815817,0,30,36,66,25,25,False,False,False
100,4,50,er,0.8,497815817,0,13,31,44,13,13,True,True,False
100,4,50,er,0.8,497815817,1,4,14,18,4,4,True,True,True
100,4,50,er,0.8,497815817,2,2,2,4,2,2,True,True,True
100,4,50,ring,0.8,497815817,0,3,8,11,3,3,True,True,True
100,4,50,ring,0.8,497815817,1,2,4,6,2,2,True,True,True
100,4,50,ring,0.8,497815817,2,3,8,11,3,3,True,True,True
100,4,50,ring,0.8,497815817,3,5,13,18,5,5,True,True,True
100,4,50,ring,0.8,497815817,4,5,7,12,5,5,True,True,True
100,4,50,small_world,0.8,497815817,0,8,14,22,8,8,True,True,True
100,4,50,small_world,0.8,497815817,1,2,4,6,2,2,True,True,True
100,4,50,small_world,0.8,497815817,2,8,20,28,8,8,True,True,True
100,4,50,scale_free,0.8,497815817,0,19,32,51,18,18,False,False,False
100,4,50,er,0.9,497815817,0,4,16,20,4,4,True,True,True
100,4,50,er,0.9,497815817,1,2,2,4,2,2,True,True,True
100,4,50,ring,0.9,497815817,0,2,6,8,2,2,True,True,True
100,4,50,ring,0.9,497815817,1,2,4,6,2,2,True,True,True
100,4,50,small_world,0.9,497815817,0,2,5,7,2,2,True,True,True
100,4,50,small_world,0.9,497815817,1,3,10,13,3,3,True,True,True
100,4,50,scale_free,0.9,497815817,0,2,3,5,2,2,True,True,True
100,4,50,scale_free,0.9,497815817,1,4,10,14,4,4,True,True,True
100,4,51,small_world,0.3,915951122,0,2,2,4,2,2,True,True,True
100,4,51,ring,0.4,915951122,0,6,6,12,5,5,False,False,True
100,4,51,ring,0.4,915951122,1,14,17,31,13,13,False,False,False
100,4,51,small_world,0.4,915951122,0,2,2,4,2,2,True,True,True
100,4,51,small_world,0.4,915951122,1,6,6,12,5,5,False,False,True
100,4,51,er,0.5,915951122,0,42,44,86,39,39,False,False,False
100,4,51,ring,0.5,915951122,0,7,7,14,6,6,False,False,True
100,4,51,ring,0.5,915951122,1,7,13,20,7,7,True,True,True
100,4,51,small_world,0.5,915951122,0,39,44,83,33,33,False,False,False
100,4,51,scale_free,0.5,915951122,0,37,38,75,28,28,False,False,False
100,4,51,er,0.6,915951122,0,36,50,86,35,35,False,False,False
100,4,51,ring,0.6,915951122,0,9,10,19,6,6,False,False,True
100,4,51,ring,0.6,915951122,1,5,8,13,4,4,False,False,True
100,4,51,ring,0.6,915951122,2,9,12,21,8,8,False,False,True
100,4,51,ring,0.6,915951122,3,7,13,20,7,7,True,True,True
100,4,51,ring,0.6,915951122,4,5,9,14,5,5,True,True,True
100,4,51,small_world,0.6,915951122,0,28,41,69,24,24,False,False,False
100,4,51,small_world,0.6,915951122,1,8,9,17,6,6,False,False,True
100,4,51,scale_free,0.6,915951122,0,31,48,79,27,27,False,False,False
100,4,51,er,0.7,915951122,0,29,52,81,29,29,True,True,False
100,4,51,ring,0.7,915951122,0,2,6,8,2,2,True,True,True
100,4,51,ring,0.7,915951122,1,6,9,15,6,6,True,True,True
100,4,51,ring,0.7,915951122,2,5,10,15,5,5,True,True,True
100,4,51,ring,0.7,915951122,3,7,10,17,7,7,True,True,True
100,4,51,ring,0.7,915951122,4,5,9,14,5,5,True,True,True
100,4,51,ring,0.7,915951122,5,4,8,12,4,4,True,True,True
100,4,51,small_world,0.7,915951122,0,24,46,70,24,24,True,True,False
100,4,51,small_world,0.7,915951122,1,6,9,15,5,5,False,False,True
100,4,51,scale_free,0.7,915951122,0,23,45,68,21,21,False,False,False
100,4,51,er,0.8,915951122,0,16,35,51,16,16,True,True,False
100,4,51,er,0.8,915951122,1,2,8,10,2,2,True,True,True
100,4,51,ring,0.8,915951122,0,4,8,12,4,4,True,True,True
100,4,51,ring,0.8,915951122,1,3,8,11,3,3,True,True,True
100,4,51,ring,0.8,915951122,2,3,5,8,3,3,True,True,True
100,4,51,ring,0.8,915951122,3,3,8,11,3,3,True,True,True
100,4,51,ring,0.8,915951122,4,4,8,12,4,4,True,True,True
100,4,51,small_world,0.8,915951122,0,12,28,40,12,12,True,True,False
100,4,51,small_world,0.8,915951122,1,4,7,11,4,4,True,True,True
100,4,51,small_world,0.8,915951122,2,3,7,10,3,3,True,True,True
100,4,51,scale_free,0.8,915951122,0,15,44,59,14,14,False,False,False
100,4,51,er,0.9,915951122,0,2,10,12,2,2,True,True,True
100,4,51,er,0.9,915951122,1,3,7,10,3,3,True,True,True
100,4,51,ring,0.9,915951122,0,2,6,8,2,2,True,True,True
100,4,51,small_world,0.9,915951122,0,2,9,11,2,2,True,True,True
100,4,51,small_world,0.9,915951122,1,2,6,8,2,2,True,True,True
100,4,51,scale_free,0.9,915951122,0,6,40,46,6,6,True,True,True
100,4,51,scale_free,0.9,915951122,1,2,2,4,1,1,False,False,True
100,4,52,ring,0.4,940822374,0,4,7,11,4,4,True,True,True
100,4,52,ring,0.4,940822374,1,3,4,7,3,3,True,True,True
100,4,52,ring,0.4,940822374,2,20,21,41,18,18,False,False,False
100,4,52,small_world,0.4,940822374,0,2,3,5,2,2,True,True,True
100,4,52,small_world,0.4,940822374,1,3,3,6,3,3,True,True,True
100,4,52,small_world,0.4,940822374,2,2,3,5,2,2,True,True,True
100,4,52,small_world,0.4,940822374,3,5,6,11,5,5,True,True,True
100,4,52,ring,0.5,940822374,0,4,7,11,4,4,True,True,True
100,4,52,ring,0.5,940822374,1,8,12,20,8,8,True,True,True
100,4,52,small_world,0.5,940822374,0,2,3,5,2,2,True,True,True
100,4,52,small_world,0.5,940822374,1,27,28,55,25,25,False,False,False
100,4,52,small_world,0.5,940822374,2,2,3,5,2,2,True,True,True
100,4,52,small_world,0.5,940822374,3,5,6,11,5,5,True,True,True
100,4,52,small_world,0.5,940822374,4,2,3,5,2,2,True,True,True
100,4,52,er,0.6,940822374,0,39,46,85,39,39,True,True,False
100,4,52,ring,0.6,940822374,0,3,7,10,3,3,True,True,True
100,4,52,ring,0.6,940822374,1,10,11,21,9,9,False,False,True
100,4,52,ring,0.6,940822374,2,21,26,47,20,20,False,False,False
100,4,52,ring,0.6,940822374,3,6,8,14,6,6,True,True,True
100,4,52,small_world,0.6,940822374,0,2,3,5,2,2,True,True,True
100,4,52,small_world,0.6,940822374,1,10,11,21,9,9,False,False,True
100,4,52,small_world,0.6,940822374,2,25,32,57,24,24,False,False,False
100,4,52,small_world,0.6,940822374,3,2,3,5,2,2,True,True,True
100,4,52,scale_free,0.6,940822374,0,33,43,76,28,28,False,False,False
100,4,52,er,0.7,940822374,0,10,14,24,10,10,True,True,True
100,4,52,er,0.7,940822374,1,16,26,42,16,16,True,True,False
100,4,52,er,0.7,940822374,2,2,4,6,2,2,True,True,True
100,4,52,ring,0.7,940822374,0,2,4,6,2,2,True,True,True
100,4,52,ring,0.7,940822374,1,6,8,14,6,6,True,True,True
100,4,52,ring,0.7,940822374,2,7,10,17,7,7,True,True,True
100,4,52,ring,0.7,940822374,3,2,5,7,2,2,True,True,True
100,4,52,ring,0.7,940822374,4,7,13,20,7,7,True,True,True
100,4,52,ring,0.7,940822374,5,5,9,14,5,5,True,True,True
100,4,52,small_world,0.7,940822374,0,2,3,5,2,2,True,True,True
100,4,52,small_world,0.7,940822374,1,6,9,15,6,6,True,True,True
100,4,52,small_world,0.7,940822374,2,17,27,44,17,17,True,True,False
100,4,52,small_world,0.7,940822374,3,2,5,7,2,2,True,True,True
100,4,52,small_world,0.7,940822374,4,2,4,6,2,2,True,True,True
100,4,52,scale_free,0.7,940822374,0,27,48,75,26,26,False,False,False
100,4,52,er,0.8,940822374,0,11,22,33,11,11,True,True,False
100,4,52,er,0.8,940822374,1,4,14,18,4,4,True,True,True
100,4,52,ring,0.8,940822374,0,2,4,6,2,2,True,True,True
100,4,52,ring,0.8,940822374,1,4,8,12,4,4,True,True,True
100,4,52,ring,0.8,940822374,2,6,11,17,6,6,True,True,True
100,4,52,ring,0.8,940822374,3,3,6,9,3,3,True,True,True
100,4,52,ring,0.8,940822374,4,3,6,9,3,3,True,True,True
100,4,52,small_world,0.8,940822374,0,2,3,5,2,2,True,True,True
100,4,52,small_world,0.8,940822374,1,4,8,12,4,4,True,True,True
100,4,52,small_world,0.8,940822374,2,9,19,28,9,9,True,True,True
100,4,52,small_world,0.8,940822374,3,3,5,8,3,3,True,True,True
100,4,52,scale_free,0.8,940822374,0,18,40,58,18,18,True,True,False
100,4,52,er,0.9,940822374,0,7,25,32,7,7,True,True,True
100,4,52,ring,0.9,940822374,0,2,4,6,2,2,True,True,True
100,4,52,ring,0.9,940822374,1,3,6,9,3,3,True,True,True
100,4,52,small_world,0.9,940822374,0,3,9,12,3,3,True,True,True
100,4,52,small_world,0.9,940822374,1,3,5,8,3,3,True,True,True
100,4,52,scale_free,0.9,940822374,0,3,8,11,3,3,True,True,True
100,4,52,scale_free,0.9,940822374,1,2,6,8,2,2,True,True,True
100,4,53,ring,0.3,3341787718,0,2,2,4,2,2,True,True,True
100,4,53,small_world,0.3,3341787718,0,2,2,4,2,2,True,True,True
100,4,53,scale_free,0.3,3341787718,0,4,4,8,4,4,True,True,True
100,4,53,ring,0.4,3341787718,0,2,2,4,2,2,True,True,True
100,4,53,ring,0.4,3341787718,1,2,2,4,2,2,True,True,True
100,4,53,small_world,0.4,3341787718,0,2,2,4,2,2,True,True,True
100,4,53,small_world,0.4,3341787718,1,2,3,5,2,2,True,True,True
100,4,53,er,0.5,3341787718,0,36,39,75,33,33,False,False,False
100,4,53,ring,0.5,3341787718,0,2,2,4,2,2,True,True,True
100,4,53,ring,0.5,3341787718,1,4,4,8,3,3,False,False,True
100,4,53,ring,0.5,3341787718,2,4,4,8,4,4,True,True,True
100,4,53,ring,0.5,3341787718,3,2,2,4,2,2,True,True,True
100,4,53,ring,0.5,3341787718,4,2,2,4,2,2,True,True,True
100,4,53,ring,0.5,3341787718,5,3,4,7,3,3,True,True,True
100,4,53,ring,0.5,3341787718,6,5,9,14,5,5,True,True,True
100,4,53,small_world,0.5,3341787718,0,2,2,4,2,2,True,True,True
100,4,53,small_world,0.5,3341787718,1,16,19,35,16,16,True,True,False
100,4,53,small_world,0.5,3341787718,2,4,4,8,3,3,False,False,True
100,4,53,small_world,0.5,3341787718,3,11,13,24,11,11,True,True,False
100,4,53,small_world,0.5,3341787718,4,2,3,5,2,2,True,True,True
100,4,53,small_world,0.5,3341787718,5,2,2,4,2,2,True,True,True
100,4,53,scale_free,0.5,3341787718,0,33,45,78,30,30,False,False,False
100,4,53,er,0.6,3341787718,0,32,41,73,32,32,True,True,False
100,4,53,ring,0.6,3341787718,0,6,8,14,5,5,False,False,True
100,4,53,ring,0.6,3341787718,1,4,6,10,4,4,True,True,True
100,4,53,ring,0.6,3341787718,2,2,2,4,2,2,True,True,True
100,4,53,ring,0.6,3341787718,3,10,10,20,8,8,False,False,True
100,4,53,ring,0.6,3341787718,4,7,11,18,7,7,True,True,True
100,4,53,ring,0.6,3341787718,5,2,2,4,2,2,True,True,True
100,4,53,ring,0.6,3341787718,6,3,4,7,3,3,True,True,True
100,4,53,ring,0.6,3341787718,7,2,6,8,2,2,True,True,True
100,4,53,ring,0.6,3341787718,8,2,4,6,2,2,True,True,True
100,4,53,small_world,0.6,3341787718,0,4,5,9,3,3,False,False,True
100,4,53,small_world,0.6,3341787718,1,11,19,30,11,11,True,True,False
100,4,53,small_world,0.6,3341787718,2,11,17,28,11,11,True,True,False
100,4,53,small_world,0.6,3341787718,3,2,2,4,2,2,True,True,True
100,4,53,small_world,0.6,3341787718,4,4,4,8,3,3,False,False,True
100,4,53,small_world,0.6,3341787718,5,2,2,4,2,2,True,True,True
100,4,53,small_world,0.6,3341787718,6,2,4,6,2,2,True,True,True
100,4,53,scale_free,0.6,3341787718,0,31,53,84,28,28,False,False,False
100,4,53,er,0.7,3341787718,0,26,44,70,26,26,True,True,False
100,4,53,ring,0.7,3341787718,0,5,7,12,5,5,True,True,True
100,4,53,ring,0.7,3341787718,1,3,6,9,3,3,True,True,True
100,4,53,ring,0.7,3341787718,2,2,2,4,2,2,True,True,True
100,4,53,ring,0.7,3341787718,3,5,6,11,5,5,True,True,True
100,4,53,ring,0.7,3341787718,4,3,6,9,3,3,True,True,True
100,4,53,ring,0.7,3341787718,5,2,7,9,2,2,True,True,True
100,4,53,ring,0.7,3341787718,6,3,4,7,3,3,True,True,True
100,4,53,ring,0.7,3341787718,7,2,6,8,2,2,True,True,True
100,4,53,ring,0.7,3341787718,8,2,4,6,2,2,True,True,True
100,4,53,small_world,0.7,3341787718,0,3,4,7,3,3,True,True,True
100,4,53,small_world,0.7,3341787718,1,3,6,9,3,3,True,True,True
100,4,53,small_world,0.7,3341787718,2,2,2,4,2,2,True,True,True
100,4,53,small_world,0.7,3341787718,3,8,15,23,8,8,True,True,True
100,4,53,small_world,0.7,3341787718,4,9,17,26,9,9,True,True,True
100,4,53,small_world,0.7,3341787718,5,2,4,6,2,2,True,True,True
100,4,53,scale_free,0.7,3341787718,0,28,54,82,26,26,False,False,False
100,4,53,er,0.8,3341787718,0,15,38,53,15,15,True,True,False
100,4,53,ring,0.8,3341787718,0,2,5,7,2,2,True,True,True
100,4,53,ring,0.8,3341787718,1,2,6,8,2,2,True,True,True
100,4,53,ring,0.8,3341787718,2,2,2,4,2,2,True,True,True
100,4,53,ring,0.8,3341787718,3,4,7,11,4,4,True,True,True
100,4,53,ring,0.8,3341787718,4,2,7,9,2,2,True,True,True
100,4,53,ring,0.8,3341787718,5,2,4,6,2,2,True,True,True
100,4,53,small_world,0.8,3341787718,0,8,19,27,8,8,True,True,True
100,4,53,small_world,0.8,3341787718,1,2,6,8,2,2,True,True,True
100,4,53,small_world,0.8,3341787718,2,2,2,4,2,2,True,True,True
100,4,53,small_world,0.8,3341787718,3,5,13,18,5,5,True,True,True
100,4,53,scale_free,0.8,3341787718,0,19,48,67,18,18,False,False,False
100,4,53,er,0.9,3341787718,0,5,17,22,5,5,True,True,True
100,4,53,er,0.9,3341787718,1,2,7,9,2,2,True,True,True
100,4,53,ring,0.9,3341787718,0,3,5,8,3,3,True,True,True
100,4,53,small_world,0.9,3341787718,0,6,16,22,6,6,True,True,True
100,4,53,scale_free,0.9,3341787718,0,7,23,30,7,7,True,True,True
100,4,54,ring,0.3,2203027366,0,6,6,12,5,5,False,False,True
100,4,54,ring,0.3,2203027366,1,5,5,10,5,5,True,True,True
100,4,54,small_world,0.3,2203027366,0,6,6,12,5,5,False,False,True
100,4,54,small_world,0.3,2203027366,1,4,4,8,4,4,True,True,True
100,4,54,ring,0.4,2203027366,0,6,6,12,5,5,False,False,True
100,4,54,ring,0.4,2203027366,1,2,2,4,2,2,True,True,True
100,4,54,ring,0.4,2203027366,2,2,2,4,2,2,True,True,True
100,4,54,small_world,0.4,2203027366,0,6,6,12,5,5,False,False,True
100,4,54,small_world,0.4,2203027366,1,2,2,4,2,2,True,True,True
100,4,54,ring,0.5,2203027366,0,6,6,12,5,5,False,False,True
100,4,54,ring,0.5,2203027366,1,5,5,10,5,5,True,True,True
100,4,54,ring,0.5,2203027366,2,2,2,4,2,2,True,True,True
100,4,54,ring,0.5,2203027366,3,11,13,24,11,11,True,True,False
100,4,54,small_world,0.5,2203027366,0,2,2,4,2,2,True,True,True
100,4,54,small_world,0.5,2203027366,1,6,6,12,5,5,False,False,True
100,4,54,er,0.6,2203027366,0,37,50,87,36,36,False,False,False
100,4,54,ring,0.6,2203027366,0,5,5,10,5,5,True,True,True
100,4,54,ring,0.6,2203027366,1,4,7,11,4,4,True,True,True
100,4,54,ring,0.6,2203027366,2,2,2,4,2,2,True,True,True
100,4,54,ring,0.6,2203027366,3,5,5,10,5,5,True,True,True
100,4,54,ring,0.6,2203027366,4,2,2,4,2,2,True,True,True
100,4,54,ring,0.6,2203027366,5,7,8,15,7,7,True,True,True
100,4,54,ring,0.6,2203027366,6,6,11,17,6,6,True,True,True
100,4,54,ring,0.6,2203027366,7,6,6,12,5,5,False,False,True
100,4,54,ring,0.6,2203027366,8,2,2,4,2,2,True,True,True
100,4,54,small_world,0.6,2203027366,0,11,11,22,9,9,False,False,False
100,4,54,small_world,0.6,2203027366,1,4,8,12,4,4,True,True,True
100,4,54,small_world,0.6,2203027366,2,2,2,4,2,2,True,True,True
100,4,54,small_world,0.6,2203027366,3,5,5,10,5,5,True,True,True
100,4,54,small_world,0.6,2203027366,4,7,10,17,7,7,True,True,True
100,4,54,small_world,0.6,2203027366,5,7,8,15,7,7,True,True,True
100,4,54,scale_free,0.6,2203027366,0,35,48,83,33,33,False,False,False
100,4,54,er,0.7,2203027366,0,24,42,66,23,23,False,False,False
100,4,54,er,0.7,2203027366,1,2,3,5,2,2,True,True,True
100,4,54,ring,0.7,2203027366,0,4,5,9,4,4,True,True,True
100,4,54,ring,0.7,2203027366,1,3,7,10,3,3,True,True,True
100,4,54,ring,0.7,2203027366,2,2,2,4,2,2,True,True,True
100,4,54,ring,0.7,2203027366,3,4,6,10,4,4,True,True,True
100,4,54,ring,0.7,2203027366,4,7,12,19,7,7,True,True,True
100,4,54,ring,0.7,2203027366,5,3,9,12,3,3,True,True,True
100,4,54,ring,0.7,2203027366,6,2,2,4,2,2,True,True,True
100,4,54,small_world,0.7,2203027366,0,12,20,32,12,12,True,True,False
100,4,54,small_world,0.7,2203027366,1,3,7,10,3,3,True,True,True
100,4,54,small_world,0.7,2203027366,2,9,14,23,9,9,True,True,True
100,4,54,scale_free,0.7,2203027366,0,25,48,73,24,24,False,False,False
100,4,54,er,0.8,2203027366,0,13,33,46,13,13,True,True,False
100,4,54,er,0.8,2203027366,1,3,5,8,3,3,True,True,True
100,4,54,ring,0.8,2203027366,0,3,5,8,3,3,True,True,True
100,4,54,ring,0.8,2203027366,1,3,5,8,3,3,True,True,True
100,4,54,ring,0.8,2203027366,2,3,6,9,3,3,True,True,True
100,4,54,ring,0.8,2203027366,3,2,2,4,2,2,True,True,True
100,4,54,small_world,0.8,2203027366,0,5,11,16,5,5,True,True,True
100,4,54,small_world,0.8,2203027366,1,4,7,11,4,4,True,True,True
100,4,54,small_world,0.8,2203027366,2,3,6,9,3,3,True,True,True
100,4,54,scale_free,0.8,2203027366,0,10,25,35,10,10,True,True,True
100,4,54,scale_free,0.8,2203027366,1,2,2,4,2,2,True,True,True
100,4,54,scale_free,0.8,2203027366,2,2,5,7,2,2,True,True,True
100,4,54,er,0.9,2203027366,0,3,14,17,3,3,True,True,True
100,4,54,er,0.9,2203027366,1,2,10,12,2,2,True,True,True
100,4,54,ring,0.9,2203027366,0,2,7,9,2,2,True,True,True
100,4,54,ring,0.9,2203027366,1,4,8,12,4,4,True,True,True
100,4,54,small_world,0.9,2203027366,0,5,10,15,5,5,True,True,True
100,4,54,small_world,0.9,2203027366,1,2,7,9,2,2,True,True,True
100,4,54,scale_free,0.9,2203027366,0,4,14,18,4,4,True,True,True
100,4,55,scale_free,0.2,184283056,0,2,2,4,2,2,True,True,True
100,4,55,ring,0.4,184283056,0,6,6,12,5,5,False,False,True
100,4,55,ring,0.4,184283056,1,6,6,12,5,5,False,False,True
100,4,55,er,0.5,184283056,0,40,42,82,37,37,False,False,False
100,4,55,ring,0.5,184283056,0,6,6,12,5,5,False,False,True
100,4,55,ring,0.5,184283056,1,2,2,4,2,2,True,True,True
100,4,55,ring,0.5,184283056,2,9,11,20,8,8,False,False,True
100,4,55,ring,0.5,184283056,3,6,6,12,5,5,False,False,True
100,4,55,ring,0.5,184283056,4,4,4,8,3,3,False,False,True
100,4,55,scale_free,0.5,184283056,0,41,42,83,33,33,False,False,False
100,4,55,er,0.6,184283056,0,30,41,71,30,30,True,True,False
100,4,55,ring,0.6,184283056,0,14,14,28,11,11,False,False,False
100,4,55,ring,0.6,184283056,1,3,6,9,3,3,True,True,True
100,4,55,ring,0.6,184283056,2,2,7,9,2,2,True,True,True
100,4,55,ring,0.6,184283056,3,6,6,12,5,5,False,False,True
100,4,55,ring,0.6,184283056,4,3,6,9,3,3,True,True,True
100,4,55,ring,0.6,184283056,5,11,13,24,10,10,False,False,False
100,4,55,small_world,0.6,184283056,0,38,49,87,34,34,False,False,False
100,4,55,scale_free,0.6,184283056,0,37,41,78,32,32,False,False,False
100,4,55,er,0.7,184283056,0,26,44,70,26,26,True,True,False
100,4,55,ring,0.7,184283056,0,10,16,26,10,10,True,True,True
100,4,55,ring,0.7,184283056,1,3,6,9,3,3,True,True,True
100,4,55,ring,0.7,184283056,2,2,7,9,2,2,True,True,True
100,4,55,ring,0.7,184283056,3,4,8,12,4,4,True,True,True
100,4,55,ring,0.7,184283056,4,3,6,9,3,3,True,True,True
100,4,55,ring,0.7,184283056,5,6,10,16,5,5,False,False,True
100,4,55,ring,0.7,184283056,6,2,5,7,2,2,True,True,True
100,4,55,small_world,0.7,184283056,0,25,45,70,24,24,False,False,False
100,4,55,small_world,0.7,184283056,1,3,7,10,3,3,True,True,True
100,4,55,small_world,0.7,184283056,2,2,6,8,2,2,True,True,True
100,4,55,scale_free,0.7,184283056,0,24,35,59,22,22,False,False,False
100,4,55,scale_free,0.7,184283056,1,4,4,8,4,4,True,True,True
100,4,55,er,0.8,184283056,0,15,34,49,15,15,True,True,False
100,4,55,ring,0.8,184283056,0,7,11,18,7,7,True,True,True
100,4,55,ring,0.8,184283056,1,2,7,9,2,2,True,True,True
100,4,55,ring,0.8,184283056,2,3,7,10,3,3,True,True,True
100,4,55,ring,0.8,184283056,3,2,5,7,2,2,True,True,True
100,4,55,small_world,0.8,184283056,0,6,11,17,6,6,True,True,True
100,4,55,small_world,0.8,184283056,1,3,7,10,3,3,True,True,True
100,4,55,small_world,0.8,184283056,2,2,7,9,2,2,True,True,True
100,4,55,small_world,0.8,184283056,3,3,8,11,3,3,True,True,True
100,4,55,small_world,0.8,184283056,4,2,6,8,2,2,True,True,True
100,4,55,scale_free,0.8,184283056,0,20,36,56,20,20,True,True,False
100,4,55,er,0.9,184283056,0,2,3,5,2,2,True,True,True
100,4,55,ring,0.9,184283056,0,2,5,7,2,2,True,True,True
100,4,55,ring,0.9,184283056,1,2,5,7,2,2,True,True,True
100,4,55,small_world,0.9,184283056,0,2,5,7,2,2,True,True,True
100,4,55,small_world,0.9,184283056,1,2,6,8,2,2,True,True,True
100,4,55,scale_free,0.9,184283056,0,8,17,25,8,8,True,True,True
100,4,56,ring,0.1,1849854398,0,2,2,4,2,2,True,True,True
100,4,56,ring,0.1,1849854398,1,2,2,4,2,2,True,True,True
100,4,56,ring,0.2,1849854398,0,2,2,4,2,2,True,True,True
100,4,56,ring,0.2,1849854398,1,2,2,4,2,2,True,True,True
100,4,56,small_world,0.2,1849854398,0,2,2,4,2,2,True,True,True
100,4,56,er,0.3,1849854398,0,2,2,4,2,2,True,True,True
100,4,56,er,0.3,1849854398,1,2,2,4,2,2,True,True,True
100,4,56,ring,0.3,1849854398,0,2,2,4,2,2,True,True,True
100,4,56,er,0.4,1849854398,0,2,2,4,2,2,True,True,True
100,4,56,ring,0.4,1849854398,0,2,2,4,2,2,True,True,True
100,4,56,small_world,0.4,1849854398,0,5,5,10,5,5,True,True,True
100,4,56,er,0.5,1849854398,0,2,2,4,2,2,True,True,True
100,4,56,ring,0.5,1849854398,0,9,9,18,8,8,False,False,True
100,4,56,ring,0.5,1849854398,1,10,16,26,10,10,True,True,True
100,4,56,ring,0.5,1849854398,2,7,9,16,7,7,True,True,True
100,4,56,er,0.6,1849854398,0,37,46,83,37,37,True,True,False
100,4,56,ring,0.6,1849854398,0,7,13,20,7,7,True,True,True
100,4,56,ring,0.6,1849854398,1,7,8,15,7,7,True,True,True
100,4,56,ring,0.6,1849854398,2,7,8,15,5,5,False,False,True
100,4,56,ring,0.6,1849854398,3,5,11,16,5,5,True,True,True
100,4,56,ring,0.6,1849854398,4,4,6,10,4,4,True,True,True
100,4,56,ring,0.6,1849854398,5,2,6,8,2,2,True,True,True
100,4,56,small_world,0.6,1849854398,0,36,47,83,33,33,False,False,False
100,4,56,small_world,0.6,1849854398,1,2,6,8,2,2,True,True,True
100,4,56,scale_free,0.6,1849854398,0,39,39,78,29,29,False,False,False
100,4,56,er,0.7,1849854398,0,26,44,70,26,26,True,True,False
100,4,56,ring,0.7,1849854398,0,2,6,8,2,2,True,True,True
100,4,56,ring,0.7,1849854398,1,6,9,15,5,5,False,False,True
100,4,56,ring,0.7,1849854398,2,10,15,25,9,9,False,False,True
100,4,56,ring,0.7,1849854398,3,2,4,6,2,2,True,True,True
100,4,56,ring,0.7,1849854398,4,2,6,8,2,2,True,True,True
100,4,56,ring,0.7,1849854398,5,6,13,19,6,6,True,True,True
100,4,56,small_world,0.7,1849854398,0,24,43,67,24,24,True,True,False
100,4,56,small_world,0.7,1849854398,1,2,5,7,2,2,True,True,True
100,4,56,small_world,0.7,1849854398,2,2,6,8,2,2,True,True,True
100,4,56,scale_free,0.7,1849854398,0,29,38,67,26,26,False,False,False
100,4,56,er,0.8,1849854398,0,14,35,49,14,14,True,True,False
100,4,56,er,0.8,1849854398,1,2,3,5,2,2,True,True,True
100,4,56,ring,0.8,1849854398,0,2,6,8,2,2,True,True,True
100,4,56,ring,0.8,1849854398,1,5,5,10,5,5,True,True,True
100,4,56,ring,0.8,1849854398,2,4,7,11,4,4,True,True,True
100,4,56,ring,0.8,1849854398,3,2,6,8,2,2,True,True,True
100,4,56,ring,0.8,1849854398,4,2,7,9,2,2,True,True,True
100,4,56,small_world,0.8,1849854398,0,2,8,10,2,2,True,True,True
100,4,56,small_world,0.8,1849854398,1,12,24,36,12,12,True,True,False
100,4,56,small_world,0.8,1849854398,2,2,6,8,2,2,True,True,True
100,4,56,scale_free,0.8,1849854398,0,20,32,52,19,19,False,False,False
100,4,56,er,0.9,1849854398,0,4,16,20,4,4,True,True,True
100,4,56,er,0.9,1849854398,1,2,3,5,2,2,True,True,True
100,4,56,ring,0.9,1849854398,0,2,6,8,2,2,True,True,True
100,4,56,ring,0.9,1849854398,1,3,8,11,3,3,True,True,True
100,4,56,small_world,0.9,1849854398,0,2,9,11,2,2,True,True,True
100,4,56,small_world,0.9,1849854398,1,3,10,13,3,3,True,True,True
100,4,56,scale_free,0.9,1849854398,0,10,23,33,10,10,True,True,True
100,4,57,er,0.3,4057470833,0,2,2,4,2,2,True,True,True
100,4,57,ring,0.4,4057470833,0,3,3,6,2,2,False,False,True
100,4,57,ring,0.4,4057470833,1,2,2,4,2,2,True,True,True
100,4,57,ring,0.4,4057470833,2,2,2,4,2,2,True,True,True
100,4,57,ring,0.4,4057470833,3,2,2,4,2,2,True,True,True
100,4,57,small_world,0.4,4057470833,0,3,3,6,2,2,False,False,True
100,4,57,small_world,0.4,4057470833,1,2,2,4,2,2,True,True,True
100,4,57,small_world,0.4,4057470833,2,2,2,4,2,2,True,True,True
100,4,57,er,0.5,4057470833,0,40,40,80,37,37,False,False,False
100,4,57,ring,0.5,4057470833,0,3,7,10,3,3,True,True,True
100,4,57,ring,0.5,4057470833,1,3,3,6,2,2,False,False,True
100,4,57,ring,0.5,4057470833,2,2,2,4,2,2,True,True,True
100,4,57,ring,0.5,4057470833,3,2,2,4,2,2,True,True,True
100,4,57,ring,0.5,4057470833,4,8,8,16,7,7,False,False,True
100,4,57,ring,0.5,4057470833,5,2,2,4,2,2,True,True,True
100,4,57,small_world,0.5,4057470833,0,4,7,11,4,4,True,True,True
100,4,57,small_world,0.5,4057470833,1,3,3,6,2,2,False,False,True
100,4,57,small_world,0.5,4057470833,2,2,2,4,2,2,True,True,True
100,4,57,small_world,0.5,4057470833,3,6,6,12,4,4,False,False,True
100,4,57,small_world,0.5,4057470833,4,2,2,4,2,2,True,True,True
100,4,57,er,0.6,4057470833,0,33,43,76,32,32,False,False,False
100,4,57,ring,0.6,4057470833,0,2,4,6,2,2,True,True,True
100,4,57,ring,0.6,4057470833,1,4,6,10,4,4,True,True,True
100,4,57,ring,0.6,4057470833,2,9,11,20,8,8,False,False,True
100,4,57,ring,0.6,4057470833,3,3,5,8,3,3,True,True,True
100,4,57,ring,0.6,4057470833,4,2,2,4,2,2,True,True,True
100,4,57,ring,0.6,4057470833,5,2,2,4,2,2,True,True,True
100,4,57,ring,0.6,4057470833,6,17,23,40,17,17,True,True,False
100,4,57,small_world,0.6,4057470833,0,2,4,6,2,2,True,True,True
100,4,57,small_world,0.6,4057470833,1,28,36,64,28,28,True,True,False
100,4,57,small_world,0.6,4057470833,2,4,6,10,4,4,True,True,True
100,4,57,small_world,0.6,4057470833,3,3,4,7,2,2,False,False,True
100,4,57,er,0.7,4057470833,0,26,47,73,26,26,True,True,False
100,4,57,ring,0.7,4057470833,0,4,6,10,4,4,True,True,True
100,4,57,ring,0.7,4057470833,1,3,6,9,3,3,True,True,True
100,4,57,ring,0.7,4057470833,2,2,5,7,2,2,True,True,True
100,4,57,ring,0.7,4057470833,3,2,2,4,2,2,True,True,True
100,4,57,ring,0.7,4057470833,4,2,2,4,2,2,True,True,True
100,4,57,ring,0.7,4057470833,5,4,7,11,4,4,True,True,True
100,4,57,ring,0.7,4057470833,6,10,16,26,10,10,True,True,True
100,4,57,small_world,0.7,4057470833,0,3,5,8,3,3,True,True,True
100,4,57,small_world,0.7,4057470833,1,17,26,43,17,17,True,True,False
100,4,57,small_world,0.7,4057470833,2,2,5,7,2,2,True,True,True
100,4,57,small_world,0.7,4057470833,3,4,7,11,4,4,True,True,True
100,4,57,scale_free,0.7,4057470833,0,29,35,64,26,26,False,False,False
100,4,57,er,0.8,4057470833,0,15,36,51,15,15,True,True,False
100,4,57,ring,0.8,4057470833,0,3,7,10,3,3,True,True,True
100,4,57,ring,0.8,4057470833,1,2,2,4,2,2,True,True,True
100,4,57,ring,0.8,4057470833,2,2,2,4,2,2,True,True,True
100,4,57,ring,0.8,4057470833,3,6,10,16,6,6,True,True,True
100,4,57,small_world,0.8,4057470833,0,5,10,15,5,5,True,True,True
100,4,57,small_world,0.8,4057470833,1,6,12,18,6,6,True,True,True
100,4,57,small_world,0.8,4057470833,2,2,4,6,2,2,True,True,True
100,4,57,scale_free,0.8,4057470833,0,18,31,49,18,18,True,True,False
100,4,57,er,0.9,4057470833,0,3,8,11,3,3,True,True,True
100,4,57,er,0.9,4057470833,1,5,22,27,5,5,True,True,True
100,4,57,er,0.9,4057470833,2,2,3,5,2,2,True,True,True
100,4,57,ring,0.9,4057470833,0,2,6,8,2,2,True,True,True
100,4,57,ring,0.9,4057470833,1,2,5,7,2,2,True,True,True
100,4,57,ring,0.9,4057470833,2,3,5,8,3,3,True,True,True
100,4,57,small_world,0.9,4057470833,0,2,7,9,2,2,True,True,True
100,4,57,small_world,0.9,4057470833,1,2,6,8,2,2,True,True,True
100,4,57,small_world,0.9,4057470833,2,3,5,8,3,3,True,True,True
100,4,57,scale_free,0.9,4057470833,0,3,6,9,3,3,True,True,True
100,4,57,scale_free,0.9,4057470833,1,3,4,7,3,3,True,True,True
100,4,58,ring,0.3,2687631189,0,2,2,4,2,2,True,True,True
100,4,58,scale_free,0.3,2687631189,0,2,2,4,2,2,True,True,True
100,4,58,ring,0.4,2687631189,0,3,5,8,3,3,True,True,True
100,4,58,ring,0.4,2687631189,1,3,3,6,2,2,False,False,True
100,4,58,small_world,0.4,2687631189,0,3,3,6,2,2,False,False,True
100,4,58,ring,0.5,2687631189,0,2,4,6,2,2,True,True,True
100,4,58,ring,0.5,2687631189,1,3,5,8,3,3,True,True,True
100,4,58,ring,0.5,2687631189,2,4,4,8,3,3,False,False,True
100,4,58,small_world,0.5,2687631189,0,2,4,6,2,2,True,True,True
100,4,58,er,0.6,2687631189,0,30,42,72,29,29,False,False,False
100,4,58,er,0.6,2687631189,1,6,6,12,5,5,False,False,True
100,4,58,ring,0.6,2687631189,0,4,7,11,4,4,True,True,True
100,4,58,ring,0.6,2687631189,1,2,4,6,2,2,True,True,True
100,4,58,ring,0.6,2687631189,2,5,9,14,5,5,True,True,True
100,4,58,ring,0.6,2687631189,3,4,4,8,3,3,False,False,True
100,4,58,small_world,0.6,2687631189,0,3,4,7,3,3,True,True,True
100,4,58,small_world,0.6,2687631189,1,3,5,8,3,3,True,True,True
100,4,58,small_world,0.6,2687631189,2,2,4,6,2,2,True,True,True
100,4,58,scale_free,0.6,2687631189,0,31,45,76,28,28,False,False,False
100,4,58,scale_free,0.6,2687631189,1,2,2,4,2,2,True,True,True
100,4,58,er,0.7,2687631189,0,24,47,71,24,24,True,True,False
100,4,58,er,0.7,2687631189,1,5,7,12,5,5,True,True,True
100,4,58,ring,0.7,2687631189,0,9,11,20,9,9,True,True,True
100,4,58,ring,0.7,2687631189,1,9,12,21,9,9,True,True,True
100,4,58,ring,0.7,2687631189,2,2,4,6,2,2,True,True,True
100,4,58,ring,0.7,2687631189,3,4,6,10,4,4,True,True,True
100,4,58,ring,0.7,2687631189,4,4,4,8,3,3,False,False,True
100,4,58,small_world,0.7,2687631189,0,2,4,6,2,2,True,True,True
100,4,58,small_world,0.7,2687631189,1,2,4,6,2,2,True,True,True
100,4,58,small_world,0.7,2687631189,2,7,8,15,7,7,True,True,True
100,4,58,small_world,0.7,2687631189,3,2,4,6,2,2,True,True,True
100,4,58,scale_free,0.7,2687631189,0,28,45,73,27,27,False,False,False
100,4,58,er,0.8,2687631189,0,17,46,63,17,17,True,True,False
100,4,58,er,0.8,2687631189,1,2,3,5,2,2,True,True,True
100,4,58,ring,0.8,2687631189,0,2,6,8,2,2,True,True,True
100,4,58,ring,0.8,2687631189,1,2,4,6,2,2,True,True,True
100,4,58,ring,0.8,2687631189,2,4,8,12,4,4,True,True,True
100,4,58,ring,0.8,2687631189,3,5,12,17,5,5,True,True,True
100,4,58,ring,0.8,2687631189,4,2,4,6,2,2,True,True,True
100,4,58,ring,0.8,2687631189,5,3,5,8,3,3,True,True,True
100,4,58,small_world,0.8,2687631189,0,7,13,20,7,7,True,True,True
100,4,58,small_world,0.8,2687631189,1,2,4,6,2,2,True,True,True
100,4,58,small_world,0.8,2687631189,2,2,4,6,2,2,True,True,True
100,4,58,small_world,0.8,2687631189,3,3,5,8,3,3,True,True,True
100,4,58,small_world,0.8,2687631189,4,2,4,6,2,2,True,True,True
100,4,58,scale_free,0.8,2687631189,0,19,39,58,19,19,True,True,False
100,4,58,er,0.9,2687631189,0,2,8,10,2,2,True,True,True
100,4,58,er,0.9,2687631189,1,2,7,9,2,2,True,True,True
100,4,58,ring,0.9,2687631189,0,2,6,8,2,2,True,True,True
100,4,58,ring,0.9,2687631189,1,2,4,6,2,2,True,True,True
100,4,58,small_world,0.9,2687631189,0,2,5,7,2,2,True,True,True
100,4,58,small_world,0.9,2687631189,1,2,4,6,2,2,True,True,True
100,4,58,scale_free,0.9,2687631189,0,7,21,28,7,7,True,True,True
100,4,58,scale_free,0.9,2687631189,1,2,6,8,2,2,True,True,True
100,4,59,ring,0.4,4188159447,0,2,2,4,2,2,True,True,True
100,4,59,small_world,0.4,4188159447,0,2,2,4,2,2,True,True,True
100,4,59,er,0.5,4188159447,0,42,42,84,39,39,False,False,False
100,4,59,ring,0.5,4188159447,0,18,20,38,16,16,False,False,False
100,4,59,ring,0.5,4188159447,1,2,2,4,2,2,True,True,True
100,4,59,ring,0.5,4188159447,2,14,14,28,13,13,False,False,False
100,4,59,ring,0.5,4188159447,3,9,11,20,6,6,False,False,True
100,4,59,small_world,0.5,4188159447,0,7,7,14,6,6,False,False,True
100,4,59,small_world,0.5,4188159447,1,2,2,4,2,2,True,True,True
100,4,59,small_world,0.5,4188159447,2,6,6,12,4,4,False,False,True
100,4,59,small_world,0.5,4188159447,3,6,10,16,6,6,True,True,True
100,4,59,scale_free,0.5,4188159447,0,40,44,84,34,34,False,False,False
100,4,59,er,0.6,4188159447,0,33,45,78,31,31,False,False,False
100,4,59,er,0.6,4188159447,1,2,2,4,2,2,True,True,True
100,4,59,ring,0.6,4188159447,0,8,9,17,7,7,False,False,True
100,4,59,ring,0.6,4188159447,1,2,2,4,2,2,True,True,True
100,4,59,ring,0.6,4188159447,2,8,10,18,8,8,True,True,True
100,4,59,ring,0.6,4188159447,3,7,10,17,7,7,True,True,True
100,4,59,ring,0.6,4188159447,4,3,9,12,3,3,True,True,True
100,4,59,ring,0.6,4188159447,5,10,12,22,9,9,False,False,True
100,4,59,small_world,0.6,4188159447,0,16,24,40,16,16,True,True,False
100,4,59,small_world,0.6,4188159447,1,6,8,14,6,6,True,True,True
100,4,59,small_world,0.6,4188159447,2,2,2,4,2,2,True,True,True
100,4,59,small_world,0.6,4188159447,3,7,8,15,7,7,True,True,True
100,4,59,small_world,0.6,4188159447,4,5,5,10,4,4,False,False,True
100,4,59,scale_free,0.6,4188159447,0,32,45,77,27,27,False,False,False
100,4,59,er,0.7,4188159447,0,25,47,72,25,25,True,True,False
100,4,59,er,0.7,4188159447,1,2,3,5,2,2,True,True,True
100,4,59,ring,0.7,4188159447,0,2,5,7,2,2,True,True,True
100,4,59,ring,0.7,4188159447,1,6,9,15,6,6,True,True,True
100,4,59,ring,0.7,4188159447,2,5,11,16,5,5,True,True,True
100,4,59,ring,0.7,4188159447,3,3,8,11,3,3,True,True,True
100,4,59,ring,0.7,4188159447,4,2,4,6,2,2,True,True,True
100,4,59,ring,0.7,4188159447,5,3,9,12,3,3,True,True,True
100,4,59,ring,0.7,4188159447,6,5,8,13,5,5,True,True,True
100,4,59,ring,0.7,4188159447,7,4,5,9,4,4,True,True,True
100,4,59,small_world,0.7,4188159447,0,7,17,24,7,7,True,True,True
100,4,59,small_world,0.7,4188159447,1,13,22,35,13,13,True,True,False
100,4,59,small_world,0.7,4188159447,2,4,9,13,4,4,True,True,True
100,4,59,small_world,0.7,4188159447,3,4,5,9,4,4,True,True,True
100,4,59,scale_free,0.7,4188159447,0,26,45,71,21,21,False,False,False
100,4,59,scale_free,0.7,4188159447,1,2,3,5,2,2,True,True,True
100,4,59,er,0.8,4188159447,0,13,28,41,13,13,True,True,False
100,4,59,er,0.8,4188159447,1,2,7,9,2,2,True,True,True
100,4,59,er,0.8,4188159447,2,2,3,5,2,2,True,True,True
100,4,59,ring,0.8,4188159447,0,5,9,14,5,5,True,True,True
100,4,59,ring,0.8,4188159447,1,2,7,9,2,2,True,True,True
100,4,59,ring,0.8,4188159447,2,3,9,12,3,3,True,True,True
100,4,59,ring,0.8,4188159447,3,2,5,7,2,2,True,True,True
100,4,59,ring,0.8,4188159447,4,2,4,6,2,2,True,True,True
100,4,59,ring,0.8,4188159447,5,3,6,9,3,3,True,True,True
100,4,59,small_world,0.8,4188159447,0,9,19,28,9,9,True,True,True
100,4,59,small_world,0.8,4188159447,1,4,10,14,4,4,True,True,True
100,4,59,small_world,0.8,4188159447,2,2,7,9,2,2,True,True,True
100,4,59,small_world,0.8,4188159447,3,2,5,7,2,2,True,True,True
100,4,59,scale_free,0.8,4188159447,0,18,36,54,17,17,False,False,False
100,4,59,er,0.9,4188159447,0,8,23,31,8,8,True,True,True
100,4,59,ring,0.9,4188159447,0,3,8,11,3,3,True,True,True
100,4,59,ring,0.9,4188159447,1,2,6,8,2,2,True,True,True
100,4,59,ring,0.9,4188159447,2,2,4,6,2,2,True,True,True
100,4,59,ring,0.9,4188159447,3,2,4,6,2,2,True,True,True
100,4,59,small_world,0.9,4188159447,0,7,18,25,7,7,True,True,True
100,4,59,small_world,0.9,4188159447,1,3,8,11,3,3,True,True,True
100,4,59,scale_free,0.9,4188159447,0,10,25,35,10,10,True,True,True
100,4,60,er,0.5,1767161035,0,40,42,82,38,38,False,False,False
100,4,60,ring,0.5,1767161035,0,19,22,41,18,18,False,False,False
100,4,60,scale_free,0.5,1767161035,0,39,41,80,29,29,False,False,False
100,4,60,scale_free,0.5,1767161035,1,2,2,4,2,2,True,True,True
100,4,60,er,0.6,1767161035,0,32,42,74,32,32,True,True,False
100,4,60,er,0.6,1767161035,1,3,4,7,3,3,True,True,True
100,4,60,ring,0.6,1767161035,0,38,50,88,35,35,False,False,False
100,4,60,ring,0.6,1767161035,1,2,5,7,2,2,True,True,True
100,4,60,small_world,0.6,1767161035,0,38,51,89,37,37,False,False,False
100,4,60,small_world,0.6,1767161035,1,2,5,7,2,2,True,True,True
100,4,60,scale_free,0.6,1767161035,0,31,47,78,26,26,False,False,False
100,4,60,scale_free,0.6,1767161035,1,2,2,4,2,2,True,True,True
100,4,60,er,0.7,1767161035,0,23,40,63,23,23,True,True,False
100,4,60,er,0.7,1767161035,1,3,6,9,3,3,True,True,True
100,4,60,er,0.7,1767161035,2,3,4,7,3,3,True,True,True
100,4,60,ring,0.7,1767161035,0,4,8,12,4,4,True,True,True
100,4,60,ring,0.7,1767161035,1,11,17,28,11,11,True,True,False
100,4,60,ring,0.7,1767161035,2,9,18,27,9,9,True,True,True
100,4,60,ring,0.7,1767161035,3,5,10,15,5,5,True,True,True
100,4,60,small_world,0.7,1767161035,0,25,51,76,25,25,True,True,False
100,4,60,small_world,0.7,1767161035,1,4,5,9,4,4,True,True,True
100,4,60,scale_free,0.7,1767161035,0,27,51,78,26,26,False,False,False
100,4,60,scale_free,0.7,1767161035,1,2,2,4,2,2,True,True,True
100,4,60,er,0.8,1767161035,0,12,29,41,12,12,True,True,False
100,4,60,er,0.8,1767161035,1,3,5,8,3,3,True,True,True
100,4,60,er,0.8,1767161035,2,2,6,8,2,2,True,True,True
100,4,60,ring,0.8,1767161035,0,4,8,12,4,4,True,True,True
100,4,60,ring,0.8,1767161035,1,4,12,16,4,4,True,True,True
100,4,60,ring,0.8,1767161035,2,4,6,10,4,4,True,True,True
100,4,60,ring,0.8,1767161035,3,2,6,8,2,2,True,True,True
100,4,60,ring,0.8,1767161035,4,4,11,15,4,4,True,True,True
100,4,60,small_world,0.8,1767161035,0,7,18,25,7,7,True,True,True
100,4,60,small_world,0.8,1767161035,1,2,6,8,2,2,True,True,True
100,4,60,small_world,0.8,1767161035,2,2,6,8,2,2,True,True,True
100,4,60,small_world,0.8,1767161035,3,4,13,17,4,4,True,True,True
100,4,60,small_world,0.8,1767161035,4,4,6,10,4,4,True,True,True
100,4,60,scale_free,0.8,1767161035,0,17,40,57,17,17,True,True,False
100,4,60,er,0.9,1767161035,0,4,11,15,4,4,True,True,True
100,4,60,er,0.9,1767161035,1,2,8,10,2,2,True,True,True
100,4,60,er,0.9,1767161035,2,2,6,8,2,2,True,True,True
100,4,60,ring,0.9,1767161035,0,2,7,9,2,2,True,True,True
100,4,60,ring,0.9,1767161035,1,2,5,7,2,2,True,True,True
100,4,60,ring,0.9,1767161035,2,2,7,9,2,2,True,True,True
100,4,60,small_world,0.9,1767161035,0,2,8,10,2,2,True,True,True
100,4,60,small_world,0.9,1767161035,1,2,6,8,2,2,True,True,True
100,4,60,scale_free,0.9,1767161035,0,8,19,27,8,8,True,True,True
100,4,61,ring,0.3,985451517,0,4,6,10,4,4,True,True,True
100,4,61,ring,0.3,985451517,1,2,2,4,2,2,True,True,True
100,4,61,ring,0.3,985451517,2,3,3,6,2,2,False,False,True
100,4,61,ring,0.4,985451517,0,7,8,15,6,6,False,False,True
100,4,61,ring,0.4,985451517,1,2,2,4,2,2,True,True,True
100,4,61,ring,0.4,985451517,2,3,3,6,2,2,False,False,True
100,4,61,er,0.5,985451517,0,41,43,84,39,39,False,False,False
100,4,61,ring,0.5,985451517,0,16,18,34,14,14,False,False,False
100,4,61,ring,0.5,985451517,1,2,2,4,2,2,True,True,True
100,4,61,ring,0.5,985451517,2,7,9,16,7,7,True,True,True
100,4,61,ring,0.5,985451517,3,7,7,14,6,6,False,False,True
100,4,61,ring,0.5,985451517,4,3,3,6,2,2,False,False,True
100,4,61,small_world,0.5,985451517,0,19,21,40,16,17,False,False,False
100,4,61,small_world,0.5,985451517,1,17,19,36,15,15,False,False,False
100,4,61,er,0.6,985451517,0,38,49,87,37,37,False,False,False
100,4,61,ring,0.6,985451517,0,5,8,13,5,5,True,True,True
100,4,61,ring,0.6,985451517,1,6,10,16,5,5,False,False,True
100,4,61,ring,0.6,985451517,2,5,7,12,5,5,True,True,True
100,4,61,ring,0.6,985451517,3,8,11,19,8,8,True,True,True
100,4,61,ring,0.6,985451517,4,8,12,20,7,7,False,False,True
100,4,61,ring,0.6,985451517,5,6,6,12,5,5,False,False,True
100,4,61,small_world,0.6,985451517,0,5,7,12,5,5,True,True,True
100,4,61,small_world,0.6,985451517,1,17,28,45,17,17,True,True,False
100,4,61,small_world,0.6,985451517,2,6,9,15,5,6,False,True,True
100,4,61,small_world,0.6,985451517,3,5,7,12,5,5,True,True,True
100,4,61,scale_free,0.6,985451517,0,35,37,72,29,29,False,False,False
100,4,61,er,0.7,985451517,0,28,43,71,27,27,False,False,False
100,4,61,ring,0.7,985451517,0,10,15,25,10,10,True,True,True
100,4,61,ring,0.7,985451517,1,5,11,16,5,5,True,True,True
100,4,61,ring,0.7,985451517,2,3,8,11,3,3,True,True,True
100,4,61,ring,0.7,985451517,3,4,7,11,4,4,True,True,True
100,4,61,ring,0.7,985451517,4,2,5,7,2,2,True,True,True
100,4,61,ring,0.7,985451517,5,6,12,18,6,6,True,True,True
100,4,61,small_world,0.7,985451517,0,4,7,11,4,4,True,True,True
100,4,61,small_world,0.7,985451517,1,4,8,12,4,4,True,True,True
100,4,61,small_world,0.7,985451517,2,5,10,15,5,5,True,True,True
100,4,61,small_world,0.7,985451517,3,3,8,11,3,3,True,True,True
100,4,61,small_world,0.7,985451517,4,6,12,18,6,6,True,True,True
100,4,61,small_world,0.7,985451517,5,2,7,9,2,2,True,True,True
100,4,61,scale_free,0.7,985451517,0,28,40,68,28,28,True,True,False
100,4,61,er,0.8,985451517,0,17,37,54,17,17,True,True,False
100,4,61,ring,0.8,985451517,0,2,7,9,2,2,True,True,True
100,4,61,ring,0.8,985451517,1,3,6,9,3,3,True,True,True
100,4,61,ring,0.8,985451517,2,2,5,7,2,2,True,True,True
100,4,61,ring,0.8,985451517,3,3,6,9,3,3,True,True,True
100,4,61,ring,0.8,985451517,4,7,9,16,7,7,True,True,True
100,4,61,small_world,0.8,985451517,0,3,9,12,3,3,True,True,True
100,4,61,small_world,0.8,985451517,1,2,7,9,2,2,True,True,True
100,4,61,small_world,0.8,985451517,2,5,11,16,5,5,True,True,True
100,4,61,scale_free,0.8,985451517,0,19,34,53,19,19,True,True,False
100,4,61,er,0.9,985451517,0,8,25,33,8,8,True,True,True
100,4,61,ring,0.9,985451517,0,2,5,7,2,2,True,True,True
100,4,61,ring,0.9,985451517,1,3,6,9,3,3,True,True,True
100,4,61,small_world,0.9,985451517,0,3,9,12,3,3,True,True,True
100,4,61,small_world,0.9,985451517,1,2,3,5,2,2,True,True,True
100,4,61,scale_free,0.9,985451517,0,3,10,13,3,3,True,True,True
100,4,61,scale_free,0.9,985451517,1,4,8,12,4,4,True,True,True
100,4,61,scale_free,0.9,985451517,2,2,4,6,2,2,True,True,True
100,4,62,scale_free,0.2,1344858800,0,3,3,6,3,3,True,True,True
100,4,62,ring,0.3,1344858800,0,2,2,4,2,2,True,True,True
100,4,62,small_world,0.3,1344858800,0,4,4,8,4,4,True,True,True
100,4,62,ring,0.4,1344858800,0,2,2,4,2,2,True,True,True
100,4,62,ring,0.4,1344858800,1,2,2,4,2,2,True,True,True
100,4,62,ring,0.4,1344858800,2,2,2,4,2,2,True,True,True
100,4,62,ring,0.4,1344858800,3,3,4,7,3,3,True,True,True
100,4,62,ring,0.4,1344858800,4,2,2,4,2,2,True,True,True
100,4,62,ring,0.4,1344858800,5,4,5,9,4,4,True,True,True
100,4,62,small_world,0.4,1344858800,0,3,3,6,2,2,False,False,True
100,4,62,small_world,0.4,1344858800,1,7,7,14,6,6,False,False,True
100,4,62,small_world,0.4,1344858800,2,3,4,7,3,3,True,True,True
100,4,62,small_world,0.4,1344858800,3,2,2,4,2,2,True,True,True
100,4,62,er,0.5,1344858800,0,39,42,81,34,34,False,False,False
100,4,62,ring,0.5,1344858800,0,2,2,4,2,2,True,True,True
100,4,62,ring,0.5,1344858800,1,2,4,6,2,2,True,True,True
100,4,62,ring,0.5,1344858800,2,2,2,4,2,2,True,True,True
100,4,62,ring,0.5,1344858800,3,2,2,4,2,2,True,True,True
100,4,62,ring,0.5,1344858800,4,3,5,8,3,3,True,True,True
100,4,62,ring,0.5,1344858800,5,4,5,9,4,4,True,True,True
100,4,62,small_world,0.5,1344858800,0,11,14,25,10,10,False,False,False
100,4,62,small_world,0.5,1344858800,1,2,2,4,2,2,True,True,True
100,4,62,small_world,0.5,1344858800,2,2,2,4,2,2,True,True,True
100,4,62,small_world,0.5,1344858800,3,3,5,8,3,3,True,True,True
100,4,62,scale_free,0.5,1344858800,0,38,41,79,34,34,False,False,False
100,4,62,er,0.6,1344858800,0,33,46,79,32,32,False,False,False
100,4,62,ring,0.6,1344858800,0,10,15,25,10,10,True,True,True
100,4,62,ring,0.6,1344858800,1,7,8,15,6,6,False,False,True
100,4,62,ring,0.6,1344858800,2,2,4,6,2,2,True,True,True
100,4,62,ring,0.6,1344858800,3,2,2,4,2,2,True,True,True
100,4,62,ring,0.6,1344858800,4,2,2,4,2,2,True,True,True
100,4,62,ring,0.6,1344858800,5,6,8,14,5,5,False,False,True
100,4,62,ring,0.6,1344858800,6,2,4,6,2,2,True,True,True
100,4,62,small_world,0.6,1344858800,0,10,15,25,10,10,True,True,True
100,4,62,small_world,0.6,1344858800,1,11,16,27,11,11,True,True,False
100,4,62,small_world,0.6,1344858800,2,8,10,18,7,7,False,False,True
100,4,62,small_world,0.6,1344858800,3,2,2,4,2,2,True,True,True
100,4,62,scale_free,0.6,1344858800,0,29,33,62,24,24,False,False,False
100,4,62,er,0.7,1344858800,0,24,48,72,24,24,True,True,False
100,4,62,ring,0.7,1344858800,0,5,9,14,5,5,True,True,True
100,4,62,ring,0.7,1344858800,1,4,5,9,4,4,True,True,True
100,4,62,ring,0.7,1344858800,2,2,4,6,2,2,True,True,True
100,4,62,ring,0.7,1344858800,3,2,2,4,2,2,True,True,True
100,4,62,ring,0.7,1344858800,4,3,3,6,2,2,False,False,True
100,4,62,ring,0.7,1344858800,5,5,5,10,5,5,True,True,True
100,4,62,ring,0.7,1344858800,6,5,8,13,4,4,False,False,True
100,4,62,ring,0.7,1344858800,7,2,4,6,2,2,True,True,True
100,4,62,small_world,0.7,1344858800,0,17,26,43,16,16,False,False,False
100,4,62,small_world,0.7,1344858800,1,2,3,5,2,2,True,True,True
100,4,62,small_world,0.7,1344858800,2,6,10,16,6,6,True,True,True
100,4,62,small_world,0.7,1344858800,3,3,3,6,2,2,False,False,True
100,4,62,scale_free,0.7,1344858800,0,25,41,66,24,24,False,False,False
100,4,62,er,0.8,1344858800,0,19,44,63,19,19,True,True,False
100,4,62,ring,0.8,1344858800,0,4,10,14,4,4,True,True,True
100,4,62,ring,0.8,1344858800,1,3,5,8,3,3,True,True,True
100,4,62,ring,0.8,1344858800,2,4,6,10,4,4,True,True,True
100,4,62,ring,0.8,1344858800,3,4,6,10,4,4,True,True,True
100,4,62,ring,0.8,1344858800,4,2,6,8,2,2,True,True,True
100,4,62,small_world,0.8,1344858800,0,9,22,31,9,9,True,True,True
100,4,62,small_world,0.8,1344858800,1,3,6,9,3,3,True,True,True
100,4,62,small_world,0.8,1344858800,2,4,6,10,4,4,True,True,True
100,4,62,small_world,0.8,1344858800,3,2,6,8,2,2,True,True,True
100,4,62,scale_free,0.8,1344858800,0,15,30,45,14,14,False,False,False
100,4,62,scale_free,0.8,1344858800,1,2,4,6,2,2,True,True,True
100,4,62,scale_free,0.8,1344858800,2,2,2,4,2,2,True,True,True
100,4,62,er,0.9,1344858800,0,9,34,43,9,9,True,True,True
100,4,62,ring,0.9,1344858800,0,2,6,8,2,2,True,True,True
100,4,62,ring,0.9,1344858800,1,4,6,10,4,4,True,True,True
100,4,62,small_world,0.9,1344858800,0,2,8,10,2,2,True,True,True
100,4,62,small_world,0.9,1344858800,1,2,8,10,2,2,True,True,True
100,4,62,small_world,0.9,1344858800,2,4,6,10,4,4,True,True,True
100,4,62,scale_free,0.9,1344858800,0,2,4,6,2,2,True,True,True
100,4,62,scale_free,0.9,1344858800,1,5,11,16,5,5,True,True,True
100,4,63,ring,0.4,425291233,0,2,2,4,2,2,True,True,True
100,4,63,ring,0.4,425291233,1,2,2,4,2,2,True,True,True
100,4,63,ring,0.5,425291233,0,10,11,21,9,9,False,False,True
100,4,63,ring,0.5,425291233,1,2,2,4,2,2,True,True,True
100,4,63,ring,0.5,425291233,2,2,2,4,2,2,True,True,True
100,4,63,ring,0.5,425291233,3,12,16,28,11,11,False,False,False
100,4,63,small_world,0.5,425291233,0,2,2,4,2,2,True,True,True
100,4,63,er,0.6,425291233,0,34,45,79,33,33,False,False,False
100,4,63,ring,0.6,425291233,0,8,15,23,8,8,True,True,True
100,4,63,ring,0.6,425291233,1,5,6,11,5,5,True,True,True
100,4,63,ring,0.6,425291233,2,2,2,4,2,2,True,True,True
100,4,63,ring,0.6,425291233,3,22,29,51,21,21,False,False,False
100,4,63,ring,0.6,425291233,4,3,6,9,3,3,True,True,True
100,4,63,small_world,0.6,425291233,0,35,49,84,35,35,True,True,False
100,4,63,scale_free,0.6,425291233,0,35,45,80,32,32,False,False,False
100,4,63,er,0.7,425291233,0,2,5,7,2,2,True,True,True
100,4,63,er,0.7,425291233,1,20,36,56,19,19,False,False,False
100,4,63,er,0.7,425291233,2,2,3,5,2,2,True,True,True
100,4,63,ring,0.7,425291233,0,3,6,9,3,3,True,True,True
100,4,63,ring,0.7,425291233,1,4,7,11,4,4,True,True,True
100,4,63,ring,0.7,425291233,2,2,2,4,2,2,True,True,True
100,4,63,ring,0.7,425291233,3,12,17,29,11,11,False,False,False
100,4,63,ring,0.7,425291233,4,5,9,14,5,5,True,True,True
100,4,63,small_world,0.7,425291233,0,18,28,46,18,18,True,True,False
100,4,63,small_world,0.7,425291233,1,7,16,23,7,7,True,True,True
100,4,63,scale_free,0.7,425291233,0,29,51,80,28,29,False,True,False
100,4,63,er,0.8,425291233,0,8,17,25,8,8,True,True,True
100,4,63,er,0.8,425291233,1,2,9,11,2,2,True,True,True
100,4,63,er,0.8,425291233,2,2,5,7,2,2,True,True,True
100,4,63,er,0.8,425291233,3,2,3,5,2,2,True,True,True
100,4,63,ring,0.8,425291233,0,3,6,9,3,3,True,True,True
100,4,63,ring,0.8,425291233,1,2,4,6,2,2,True,True,True
100,4,63,ring,0.8,425291233,2,10,15,25,10,10,True,True,True
100,4,63,small_world,0.8,425291233,0,15,28,43,15,15,True,True,False
100,4,63,scale_free,0.8,425291233,0,19,41,60,19,19,True,True,False
100,4,63,er,0.9,425291233,0,2,6,8,2,2,True,True,True
100,4,63,er,0.9,425291233,1,3,9,12,3,3,True,True,True
100,4,63,ring,0.9,425291233,0,2,7,9,2,2,True,True,True
100,4,63,ring,0.9,425291233,1,3,4,7,3,3,True,True,True
100,4,63,ring,0.9,425291233,2,2,5,7,2,2,True,True,True
100,4,63,small_world,0.9,425291233,0,2,7,9,2,2,True,True,True
100,4,63,small_world,0.9,425291233,1,3,6,9,3,3,True,True,True
100,4,63,small_world,0.9,425291233,2,2,5,7,2,2,True,True,True
100,4,63,scale_free,0.9,425291233,0,10,32,42,10,10,True,True,True
100,4,64,ring,0.2,87971130,0,2,2,4,2,2,True,True,True
100,4,64,small_world,0.2,87971130,0,2,2,4,2,2,True,True,True
100,4,64,ring,0.3,87971130,0,7,7,14,6,6,False,False,True
100,4,64,ring,0.3,87971130,1,2,2,4,2,2,True,True,True
100,4,64,small_world,0.3,87971130,0,2,2,4,2,2,True,True,True
100,4,64,ring,0.4,87971130,0,5,6,11,5,5,True,True,True
100,4,64,ring,0.4,87971130,1,2,2,4,2,2,True,True,True
100,4,64,ring,0.4,87971130,2,10,11,21,9,9,False,False,True
100,4,64,ring,0.4,87971130,3,2,2,4,2,2,True,True,True
100,4,64,small_world,0.4,87971130,0,2,2,4,2,2,True,True,True
100,4,64,er,0.5,87971130,0,40,40,80,38,38,False,False,False
100,4,64,ring,0.5,87971130,0,4,5,9,4,4,True,True,True
100,4,64,ring,0.5,87971130,1,3,3,6,2,2,False,False,True
100,4,64,ring,0.5,87971130,2,12,14,26,11,11,False,False,False
100,4,64,ring,0.5,87971130,3,2,2,4,2,2,True,True,True
100,4,64,small_world,0.5,87971130,0,45,46,91,40,40,False,False,False
100,4,64,small_world,0.5,87971130,1,2,2,4,2,2,True,True,True
100,4,64,scale_free,0.5,87971130,0,43,45,88,35,35,False,False,False
100,4,64,er,0.6,87971130,0,36,46,82,35,35,False,False,False
100,4,64,ring,0.6,87971130,0,5,8,13,5,5,True,True,True
100,4,64,ring,0.6,87971130,1,9,13,22,9,9,True,True,True
100,4,64,ring,0.6,87971130,2,2,7,9,2,2,True,True,True
100,4,64,ring,0.6,87971130,3,11,15,26,11,11,True,True,False
100,4,64,small_world,0.6,87971130,0,36,46,82,34,34,False,False,False
100,4,64,small_world,0.6,87971130,1,3,5,8,3,3,True,True,True
100,4,64,scale_free,0.6,87971130,0,36,41,77,30,30,False,False,False
100,4,64,er,0.7,87971130,0,25,42,67,25,25,True,True,False
100,4,64,ring,0.7,87971130,0,4,8,12,4,4,True,True,True
100,4,64,ring,0.7,87971130,1,7,15,22,7,7,True,True,True
100,4,64,ring,0.7,87971130,2,7,10,17,7,7,True,True,True
100,4,64,ring,0.7,87971130,3,10,16,26,10,10,True,True,True
100,4,64,small_world,0.7,87971130,0,22,35,57,22,22,True,True,False
100,4,64,small_world,0.7,87971130,1,4,10,14,4,4,True,True,True
100,4,64,small_world,0.7,87971130,2,2,3,5,2,2,True,True,True
100,4,64,scale_free,0.7,87971130,0,25,36,61,25,25,True,True,False
100,4,64,scale_free,0.7,87971130,1,2,3,5,2,2,True,True,True
100,4,64,er,0.8,87971130,0,17,39,56,17,17,True,True,False
100,4,64,ring,0.8,87971130,0,2,5,7,2,2,True,True,True
100,4,64,ring,0.8,87971130,1,5,12,17,5,5,True,True,True
100,4,64,ring,0.8,87971130,2,3,6,9,3,3,True,True,True
100,4,64,ring,0.8,87971130,3,6,10,16,6,6,True,True,True
100,4,64,ring,0.8,87971130,4,2,5,7,2,2,True,True,True
100,4,64,small_world,0.8,87971130,0,8,16,24,8,8,True,True,True
100,4,64,small_world,0.8,87971130,1,3,10,13,3,3,True,True,True
100,4,64,small_world,0.8,87971130,2,3,8,11,3,3,True,True,True
100,4,64,small_world,0.8,87971130,3,3,6,9,3,3,True,True,True
100,4,64,small_world,0.8,87971130,4,2,4,6,2,2,True,True,True
100,4,64,scale_free,0.8,87971130,0,16,37,53,16,16,True,True,False
100,4,64,er,0.9,87971130,0,3,8,11,3,3,True,True,True
100,4,64,er,0.9,87971130,1,2,3,5,2,2,True,True,True
100,4,64,er,0.9,87971130,2,2,8,10,2,2,True,True,True
100,4,64,ring,0.9,87971130,0,3,9,12,3,3,True,True,True
100,4,64,ring,0.9,87971130,1,2,6,8,2,2,True,True,True
100,4,64,ring,0.9,87971130,2,2,5,7,2,2,True,True,True
100,4,64,small_world,0.9,87971130,0,2,9,11,2,2,True,True,True
100,4,64,small_world,0.9,87971130,1,2,7,9,2,2,True,True,True
100,4,64,small_world,0.9,87971130,2,2,5,7,2,2,True,True,True
100,4,64,scale_free,0.9,87971130,0,4,12,16,4,4,True,True,True
100,4,64,scale_free,0.9,87971130,1,4,8,12,4,4,True,True,True
100,4,65,ring,0.3,2467229141,0,4,6,10,3,3,False,False,True
100,4,65,ring,0.3,2467229141,1,2,2,4,2,2,True,True,True
100,4,65,small_world,0.3,2467229141,0,4,7,11,4,4,True,True,True
100,4,65,small_world,0.3,2467229141,1,2,2,4,2,2,True,True,True
100,4,65,ring,0.4,2467229141,0,5,5,10,5,5,True,True,True
100,4,65,ring,0.4,2467229141,1,2,2,4,2,2,True,True,True
100,4,65,small_world,0.4,2467229141,0,2,2,4,2,2,True,True,True
100,4,65,scale_free,0.4,2467229141,0,2,2,4,2,2,True,True,True
100,4,65,ring,0.5,2467229141,0,16,17,33,13,13,False,False,False
100,4,65,ring,0.5,2467229141,1,4,4,8,4,4,True,True,True
100,4,65,ring,0.5,2467229141,2,2,2,4,2,2,True,True,True
100,4,65,ring,0.5,2467229141,3,7,8,15,7,7,True,True,True
100,4,65,small_world,0.5,2467229141,0,43,44,87,34,34,False,False,False
100,4,65,small_world,0.5,2467229141,1,2,2,4,2,2,True,True,True
100,4,65,scale_free,0.5,2467229141,0,36,40,76,25,25,False,False,False
100,4,65,scale_free,0.5,2467229141,1,2,2,4,2,2,True,True,True
100,4,65,er,0.6,2467229141,0,32,37,69,28,28,False,False,False
100,4,65,ring,0.6,2467229141,0,4,9,13,4,4,True,True,True
100,4,65,ring,0.6,2467229141,1,2,4,6,2,2,True,True,True
100,4,65,ring,0.6,2467229141,2,2,4,6,2,2,True,True,True
100,4,65,ring,0.6,2467229141,3,6,9,15,6,6,True,True,True
100,4,65,ring,0.6,2467229141,4,7,9,16,6,6,False,False,True
100,4,65,ring,0.6,2467229141,5,3,5,8,3,3,True,True,True
100,4,65,small_world,0.6,2467229141,0,23,24,47,19,19,False,False,False
100,4,65,small_world,0.6,2467229141,1,6,9,15,6,6,True,True,True
100,4,65,small_world,0.6,2467229141,2,4,9,13,4,4,True,True,True
100,4,65,small_world,0.6,2467229141,3,2,3,5,2,2,True,True,True
100,4,65,small_world,0.6,2467229141,4,2,4,6,2,2,True,True,True
100,4,65,small_world,0.6,2467229141,5,3,4,7,2,2,False,False,True
100,4,65,scale_free,0.6,2467229141,0,28,42,70,25,25,False,False,False
100,4,65,scale_free,0.6,2467229141,1,3,6,9,3,3,True,True,True
100,4,65,scale_free,0.6,2467229141,2,2,3,5,2,2,True,True,True
100,4,65,er,0.7,2467229141,0,25,42,67,25,25,True,True,False
100,4,65,ring,0.7,2467229141,0,2,4,6,2,2,True,True,True
100,4,65,ring,0.7,2467229141,1,2,4,6,2,2,True,True,True
100,4,65,ring,0.7,2467229141,2,5,10,15,5,5,True,True,True
100,4,65,ring,0.7,2467229141,3,5,11,16,5,5,True,True,True
100,4,65,small_world,0.7,2467229141,0,19,25,44,18,18,False,False,False
100,4,65,small_world,0.7,2467229141,1,5,10,15,5,5,True,True,True
100,4,65,small_world,0.7,2467229141,2,2,3,5,2,2,True,True,True
100,4,65,small_world,0.7,2467229141,3,2,4,6,2,2,True,True,True
100,4,65,scale_free,0.7,2467229141,0,29,55,84,28,28,False,False,False
100,4,65,er,0.8,2467229141,0,17,31,48,17,17,True,True,False
100,4,65,ring,0.8,2467229141,0,4,7,11,4,4,True,True,True
100,4,65,ring,0.8,2467229141,1,6,6,12,5,5,False,False,True
100,4,65,ring,0.8,2467229141,2,4,9,13,4,4,True,True,True
100,4,65,small_world,0.8,2467229141,0,4,7,11,4,4,True,True,True
100,4,65,small_world,0.8,2467229141,1,10,15,25,10,10,True,True,True
100,4,65,scale_free,0.8,2467229141,0,19,46,65,19,19,True,True,False
100,4,65,er,0.9,2467229141,0,2,5,7,2,2,True,True,True
100,4,65,er,0.9,2467229141,1,4,11,15,4,4,True,True,True
100,4,65,er,0.9,2467229141,2,2,5,7,2,2,True,True,True
100,4,65,ring,0.9,2467229141,0,4,7,11,4,4,True,True,True
100,4,65,ring,0.9,2467229141,1,3,7,10,3,3,True,True,True
100,4,65,small_world,0.9,2467229141,0,4,8,12,4,4,True,True,True
100,4,65,small_world,0.9,2467229141,1,3,7,10,3,3,True,True,True
100,4,65,scale_free,0.9,2467229141,0,5,9,14,5,5,True,True,True
100,4,65,scale_free,0.9,2467229141,1,4,10,14,4,4,True,True,True
100,4,66,ring,0.3,1876567348,0,6,6,12,5,5,False,False,True
100,4,66,ring,0.3,1876567348,1,3,3,6,2,2,False,False,True
100,4,66,scale_free,0.3,1876567348,0,2,2,4,2,2,True,True,True
100,4,66,ring,0.4,1876567348,0,6,6,12,5,5,False,False,True
100,4,66,ring,0.4,1876567348,1,4,4,8,3,3,False,False,True
100,4,66,small_world,0.4,1876567348,0,9,9,18,9,9,True,True,True
100,4,66,er,0.5,1876567348,0,40,42,82,34,34,False,False,False
100,4,66,ring,0.5,1876567348,0,9,9,18,8,8,False,False,True
100,4,66,ring,0.5,1876567348,1,13,17,30,12,12,False,False,False
100,4,66,ring,0.5,1876567348,2,4,4,8,3,3,False,False,True
100,4,66,ring,0.5,1876567348,3,4,6,10,4,4,True,True,True
100,4,66,small_world,0.5,1876567348,0,5,7,12,5,5,True,True,True
100,4,66,small_world,0.5,1876567348,1,32,32,64,26,26,False,False,False
100,4,66,small_world,0.5,1876567348,2,2,2,4,2,2,True,True,True
100,4,66,scale_free,0.5,1876567348,0,37,38,75,29,29,False,False,False
100,4,66,scale_free,0.5,1876567348,1,2,4,6,2,2,True,True,True
100,4,66,er,0.6,1876567348,0,35,46,81,32,32,False,False,False
100,4,66,ring,0.6,1876567348,0,9,9,18,8,8,False,False,True
100,4,66,ring,0.6,1876567348,1,2,4,6,2,2,True,True,True
100,4,66,ring,0.6,1876567348,2,8,15,23,8,8,True,True,True
100,4,66,ring,0.6,1876567348,3,8,11,19,8,8,True,True,True
100,4,66,ring,0.6,1876567348,4,4,6,10,4,4,True,True,True
100,4,66,ring,0.6,1876567348,5,2,2,4,2,2,True,True,True
100,4,66,small_world,0.6,1876567348,0,5,7,12,5,5,True,True,True
100,4,66,small_world,0.6,1876567348,1,2,4,6,2,2,True,True,True
100,4,66,small_world,0.6,1876567348,2,25,37,62,24,24,False,False,False
100,4,66,small_world,0.6,1876567348,3,2,2,4,2,2,True,True,True
100,4,66,scale_free,0.6,1876567348,0,30,44,74,28,28,False,False,False
100,4,66,scale_free,0.6,1876567348,1,2,4,6,2,2,True,True,True
100,4,66,er,0.7,1876567348,0,26,44,70,25,25,False,False,False
100,4,66,ring,0.7,1876567348,0,4,7,11,4,4,True,True,True
100,4,66,ring,0.7,1876567348,1,4,5,9,4,4,True,True,True
100,4,66,ring,0.7,1876567348,2,4,10,14,4,4,True,True,True
100,4,66,ring,0.7,1876567348,3,3,6,9,3,3,True,True,True
100,4,66,ring,0.7,1876567348,4,6,11,17,6,6,True,True,True
100,4,66,ring,0.7,1876567348,5,7,12,19,7,7,True,True,True
100,4,66,small_world,0.7,1876567348,0,4,6,10,4,4,True,True,True
100,4,66,small_world,0.7,1876567348,1,18,30,48,18,18,True,True,False
100,4,66,small_world,0.7,1876567348,2,5,13,18,5,5,True,True,True
100,4,66,scale_free,0.7,1876567348,0,27,37,64,24,24,False,False,False
100,4,66,scale_free,0.7,1876567348,1,2,4,6,2,2,True,True,True
100,4,66,er,0.8,1876567348,0,18,39,57,18,18,True,True,False
100,4,66,ring,0.8,1876567348,0,4,7,11,4,4,True,True,True
100,4,66,ring,0.8,1876567348,1,2,4,6,2,2,True,True,True
100,4,66,ring,0.8,1876567348,2,2,4,6,2,2,True,True,True
100,4,66,ring,0.8,1876567348,3,3,7,10,3,3,True,True,True
100,4,66,ring,0.8,1876567348,4,5,11,16,5,5,True,True,True
100,4,66,small_world,0.8,1876567348,0,9,19,28,9,9,True,True,True
100,4,66,small_world,0.8,1876567348,1,2,4,6,2,2,True,True,True
100,4,66,small_world,0.8,1876567348,2,3,11,14,3,3,True,True,True
100,4,66,small_world,0.8,1876567348,3,5,10,15,5,5,True,True,True
100,4,66,scale_free,0.8,1876567348,0,14,31,45,14,14,True,True,False
100,4,66,scale_free,0.8,1876567348,1,2,2,4,1,1,False,False,True
100,4,66,scale_free,0.8,1876567348,2,2,4,6,2,2,True,True,True
100,4,66,er,0.9,1876567348,0,2,7,9,2,2,True,True,True
100,4,66,er,0.9,1876567348,1,2,7,9,2,2,True,True,True
100,4,66,er,0.9,1876567348,2,3,9,12,3,3,True,True,True
100,4,66,ring,0.9,1876567348,0,2,4,6,2,2,True,True,True
100,4,66,ring,0.9,1876567348,1,3,9,12,3,3,True,True,True
100,4,66,small_world,0.9,1876567348,0,2,4,6,2,2,True,True,True
100,4,66,small_world,0.9,1876567348,1,3,11,14,3,3,True,True,True
100,4,66,scale_free,0.9,1876567348,0,8,29,37,8,8,True,True,True
100,4,67,ring,0.3,776777927,0,2,2,4,2,2,True,True,True
100,4,67,ring,0.3,776777927,1,2,2,4,2,2,True,True,True
100,4,67,small_world,0.3,776777927,0,3,3,6,3,3,True,True,True
100,4,67,ring,0.4,776777927,0,2,2,4,2,2,True,True,True
100,4,67,ring,0.4,776777927,1,2,2,4,2,2,True,True,True
100,4,67,small_world,0.4,776777927,0,2,2,4,2,2,True,True,True
100,4,67,er,0.5,776777927,0,39,40,79,36,36,False,False,False
100,4,67,ring,0.5,776777927,0,2,2,4,2,2,True,True,True
100,4,67,ring,0.5,776777927,1,2,2,4,2,2,True,True,True
100,4,67,ring,0.5,776777927,2,5,5,10,5,5,True,True,True
100,4,67,ring,0.5,776777927,3,11,16,27,10,10,False,False,False
100,4,67,small_world,0.5,776777927,0,37,40,77,34,34,False,False,False
100,4,67,small_world,0.5,776777927,1,5,5,10,5,5,True,True,True
100,4,67,er,0.6,776777927,0,32,46,78,32,32,True,True,False
100,4,67,ring,0.6,776777927,0,19,24,43,19,19,True,True,False
100,4,67,ring,0.6,776777927,1,2,2,4,2,2,True,True,True
100,4,67,ring,0.6,776777927,2,5,5,10,5,5,True,True,True
100,4,67,ring,0.6,776777927,3,5,9,14,5,5,True,True,True
100,4,67,ring,0.6,776777927,4,2,4,6,2,2,True,True,True
100,4,67,ring,0.6,776777927,5,6,6,12,5,5,False,False,True
100,4,67,small_world,0.6,776777927,0,39,51,90,39,39,True,True,False
100,4,67,scale_free,0.6,776777927,0,36,38,74,30,30,False,False,False
100,4,67,er,0.7,776777927,0,24,45,69,24,24,True,True,False
100,4,67,er,0.7,776777927,1,2,3,5,2,2,True,True,True
100,4,67,ring,0.7,776777927,0,4,7,11,4,4,True,True,True
100,4,67,ring,0.7,776777927,1,2,2,4,2,2,True,True,True
100,4,67,ring,0.7,776777927,2,5,5,10,5,5,True,True,True
100,4,67,ring,0.7,776777927,3,3,7,10,3,3,True,True,True
100,4,67,ring,0.7,776777927,4,2,4,6,2,2,True,True,True
100,4,67,ring,0.7,776777927,5,4,5,9,4,4,True,True,True
100,4,67,ring,0.7,776777927,6,8,14,22,8,8,True,True,True
100,4,67,small_world,0.7,776777927,0,24,37,61,24,24,True,True,False
100,4,67,small_world,0.7,776777927,1,4,6,10,4,4,True,True,True
100,4,67,scale_free,0.7,776777927,0,29,43,72,26,26,False,False,False
100,4,67,er,0.8,776777927,0,15,37,52,15,15,True,True,False
100,4,67,er,0.8,776777927,1,2,4,6,2,2,True,True,True
100,4,67,ring,0.8,776777927,0,2,5,7,2,2,True,True,True
100,4,67,ring,0.8,776777927,1,6,8,14,6,6,True,True,True
100,4,67,ring,0.8,776777927,2,3,6,9,3,3,True,True,True
100,4,67,ring,0.8,776777927,3,6,10,16,6,6,True,True,True
100,4,67,small_world,0.8,776777927,0,2,6,8,2,2,True,True,True
100,4,67,small_world,0.8,776777927,1,13,22,35,13,13,True,True,False
100,4,67,small_world,0.8,776777927,2,3,7,10,3,3,True,True,True
100,4,67,scale_free,0.8,776777927,0,16,36,52,16,16,True,True,False
100,4,67,er,0.9,776777927,0,6,17,23,6,6,True,True,True
100,4,67,ring,0.9,776777927,0,2,4,6,2,2,True,True,True
100,4,67,ring,0.9,776777927,1,2,4,6,2,2,True,True,True
100,4,67,small_world,0.9,776777927,0,3,8,11,3,3,True,True,True
100,4,67,small_world,0.9,776777927,1,2,4,6,2,2,True,True,True
100,4,67,scale_free,0.9,776777927,0,7,26,33,7,7,True,True,True
100,4,68,ring,0.4,2076554749,0,2,2,4,2,2,True,True,True
100,4,68,ring,0.4,2076554749,1,2,2,4,2,2,True,True,True
100,4,68,ring,0.4,2076554749,2,8,8,16,6,6,False,False,True
100,4,68,ring,0.4,2076554749,3,7,7,14,6,6,False,False,True
100,4,68,small_world,0.4,2076554749,0,2,3,5,2,2,True,True,True
100,4,68,er,0.5,2076554749,0,44,45,89,42,42,False,False,False
100,4,68,ring,0.5,2076554749,0,7,9,16,7,7,True,True,True
100,4,68,ring,0.5,2076554749,1,2,2,4,2,2,True,True,True
100,4,68,ring,0.5,2076554749,2,10,12,22,9,9,False,False,True
100,4,68,ring,0.5,2076554749,3,5,7,12,4,4,False,False,True
100,4,68,ring,0.5,2076554749,4,2,2,4,2,2,True,True,True
100,4,68,ring,0.5,2076554749,5,8,12,20,7,7,False,False,True
100,4,68,small_world,0.5,2076554749,0,34,40,74,31,31,False,False,False
100,4,68,small_world,0.5,2076554749,1,2,2,4,2,2,True,True,True
100,4,68,small_world,0.5,2076554749,2,3,6,9,3,3,True,True,True
100,4,68,er,0.6,2076554749,0,34,47,81,34,34,True,True,False
100,4,68,er,0.6,2076554749,1,2,2,4,2,2,True,True,True
100,4,68,ring,0.6,2076554749,0,3,5,8,3,3,True,True,True
100,4,68,ring,0.6,2076554749,1,4,5,9,3,3,False,False,True
100,4,68,ring,0.6,2076554749,2,2,2,4,2,2,True,True,True
100,4,68,ring,0.6,2076554749,3,8,14,22,8,8,True,True,True
100,4,68,ring,0.6,2076554749,4,4,8,12,4,4,True,True,True
100,4,68,ring,0.6,2076554749,5,4,6,10,4,4,True,True,True
100,4,68,ring,0.6,2076554749,6,14,19,33,13,13,False,False,False
100,4,68,small_world,0.6,2076554749,0,37,53,90,34,34,False,False,False
100,4,68,small_world,0.6,2076554749,1,3,6,9,3,3,True,True,True
100,4,68,scale_free,0.6,2076554749,0,36,37,73,27,27,False,False,False
100,4,68,scale_free,0.6,2076554749,1,2,2,4,2,2,True,True,True
100,4,68,er,0.7,2076554749,0,25,43,68,25,25,True,True,False
100,4,68,er,0.7,2076554749,1,3,4,7,3,3,True,True,True
100,4,68,ring,0.7,2076554749,0,2,6,8,2,2,True,True,True
100,4,68,ring,0.7,2076554749,1,4,6,10,4,4,True,True,True
100,4,68,ring,0.7,2076554749,2,2,2,4,2,2,True,True,True
100,4,68,ring,0.7,2076554749,3,5,10,15,5,5,True,True,True
100,4,68,ring,0.7,2076554749,4,4,8,12,4,4,True,True,True
100,4,68,ring,0.7,2076554749,5,3,7,10,3,3,True,True,True
100,4,68,ring,0.7,2076554749,6,9,16,25,9,9,True,True,True
100,4,68,small_world,0.7,2076554749,0,2,6,8,2,2,True,True,True
100,4,68,small_world,0.7,2076554749,1,28,52,80,28,28,True,True,False
100,4,68,scale_free,0.7,2076554749,0,29,44,73,28,28,False,False,False
100,4,68,er,0.8,2076554749,0,6,14,20,6,6,True,True,True
100,4,68,er,0.8,2076554749,1,3,5,8,3,3,True,True,True
100,4,68,er,0.8,2076554749,2,7,9,16,7,7,True,True,True
100,4,68,ring,0.8,2076554749,0,4,6,10,4,4,True,True,True
100,4,68,ring,0.8,2076554749,1,2,2,4,2,2,True,True,True
100,4,68,ring,0.8,2076554749,2,4,7,11,4,4,True,True,True
100,4,68,ring,0.8,2076554749,3,2,4,6,2,2,True,True,True
100,4,68,ring,0.8,2076554749,4,4,12,16,4,4,True,True,True
100,4,68,small_world,0.8,2076554749,0,9,20,29,9,9,True,True,True
100,4,68,small_world,0.8,2076554749,1,9,18,27,9,9,True,True,True
100,4,68,scale_free,0.8,2076554749,0,19,42,61,19,19,True,True,False
100,4,68,er,0.9,2076554749,0,2,5,7,2,2,True,True,True
100,4,68,er,0.9,2076554749,1,5,7,12,5,5,True,True,True
100,4,68,ring,0.9,2076554749,0,5,9,14,5,5,True,True,True
100,4,68,small_world,0.9,2076554749,0,7,16,23,7,7,True,True,True
100,4,68,scale_free,0.9,2076554749,0,3,8,11,3,3,True,True,True
100,4,68,scale_free,0.9,2076554749,1,2,5,7,2,2,True,True,True
100,4,68,scale_free,0.9,2076554749,2,3,9,12,3,3,True,True,True
100,4,69,er,0.5,2250680480,0,36,37,73,33,33,False,False,False
100,4,69,er,0.5,2250680480,1,2,2,4,2,2,True,True,True
100,4,69,ring,0.5,2250680480,0,3,3,6,2,2,False,False,True
100,4,69,ring,0.5,2250680480,1,13,14,27,12,12,False,False,False
100,4,69,ring,0.5,2250680480,2,9,10,19,8,8,False,False,True
100,4,69,er,0.6,2250680480,0,31,43,74,31,31,True,True,False
100,4,69,ring,0.6,2250680480,0,7,8,15,6,6,False,False,True
100,4,69,ring,0.6,2250680480,1,4,5,9,4,4,True,True,True
100,4,69,ring,0.6,2250680480,2,9,10,19,9,9,True,True,True
100,4,69,ring,0.6,2250680480,3,8,11,19,8,8,True,True,True
100,4,69,ring,0.6,2250680480,4,8,8,16,7,7,False,False,True
100,4,69,ring,0.6,2250680480,5,3,3,6,2,2,False,False,True
100,4,69,small_world,0.6,2250680480,0,18,22,40,17,17,False,False,False
100,4,69,small_world,0.6,2250680480,1,8,9,17,8,8,True,True,True
100,4,69,small_world,0.6,2250680480,2,9,10,19,9,9,True,True,True
100,4,69,small_world,0.6,2250680480,3,3,3,6,2,2,False,False,True
100,4,69,scale_free,0.6,2250680480,0,37,48,85,33,33,False,False,False
100,4,69,er,0.7,2250680480,0,26,47,73,26,26,True,True,False
100,4,69,ring,0.7,2250680480,0,5,10,15,5,5,True,True,True
100,4,69,ring,0.7,2250680480,1,2,5,7,2,2,True,True,True
100,4,69,ring,0.7,2250680480,2,6,10,16,6,6,True,True,True
100,4,69,ring,0.7,2250680480,3,8,11,19,8,8,True,True,True
100,4,69,ring,0.7,2250680480,4,9,13,22,8,8,False,False,True
100,4,69,small_world,0.7,2250680480,0,21,36,57,21,21,True,True,False
100,4,69,small_world,0.7,2250680480,1,9,14,23,9,9,True,True,True
100,4,69,scale_free,0.7,2250680480,0,25,35,60,24,24,False,False,False
100,4,69,scale_free,0.7,2250680480,1,2,3,5,2,2,True,True,True
100,4,69,er,0.8,2250680480,0,15,35,50,15,15,True,True,False
100,4,69,ring,0.8,2250680480,0,2,7,9,2,2,True,True,True
100,4,69,ring,0.8,2250680480,1,3,6,9,3,3,True,True,True
100,4,69,ring,0.8,2250680480,2,3,5,8,3,3,True,True,True
100,4,69,ring,0.8,2250680480,3,2,4,6,2,2,True,True,True
100,4,69,ring,0.8,2250680480,4,8,13,21,7,7,False,False,True
100,4,69,small_world,0.8,2250680480,0,2,6,8,2,2,True,True,True
100,4,69,small_world,0.8,2250680480,1,8,14,22,8,8,True,True,True
100,4,69,small_world,0.8,2250680480,2,3,6,9,3,3,True,True,True
100,4,69,small_world,0.8,2250680480,3,3,5,8,3,3,True,True,True
100,4,69,small_world,0.8,2250680480,4,2,4,6,2,2,True,True,True
100,4,69,scale_free,0.8,2250680480,0,16,29,45,15,15,False,False,False
100,4,69,scale_free,0.8,2250680480,1,2,3,5,2,2,True,True,True
100,4,69,er,0.9,2250680480,0,7,28,35,7,7,True,True,True
100,4,69,ring,0.9,2250680480,0,2,5,7,2,2,True,True,True
100,4,69,ring,0.9,2250680480,1,5,11,16,5,5,True,True,True
100,4,69,small_world,0.9,2250680480,0,5,13,18,5,5,True,True,True
100,4,69,small_world,0.9,2250680480,1,2,4,6,2,2,True,True,True
100,4,69,scale_free,0.9,2250680480,0,5,14,19,5,5,True,True,True
100,4,70,ring,0.3,3585736529,0,6,6,12,5,5,False,False,True
100,4,70,ring,0.4,3585736529,0,2,2,4,2,2,True,True,True
100,4,70,small_world,0.4,3585736529,0,2,2,4,2,2,True,True,True
100,4,70,er,0.5,3585736529,0,38,44,82,37,37,False,False,False
100,4,70,ring,0.5,3585736529,0,22,25,47,20,20,False,False,False
100,4,70,ring,0.5,3585736529,1,3,4,7,3,3,True,True,True
100,4,70,ring,0.5,3585736529,2,8,9,17,7,7,False,False,True
100,4,70,small_world,0.5,3585736529,0,3,4,7,3,3,True,True,True
100,4,70,small_world,0.5,3585736529,1,7,9,16,6,6,False,False,True
100,4,70,er,0.6,3585736529,0,27,42,69,26,26,False,False,False
100,4,70,ring,0.6,3585736529,0,13,18,31,13,13,True,True,False
100,4,70,ring,0.6,3585736529,1,5,12,17,5,5,True,True,True
100,4,70,ring,0.6,3585736529,2,9,15,24,9,9,True,True,True
100,4,70,ring,0.6,3585736529,3,13,13,26,11,11,False,False,False
100,4,70,small_world,0.6,3585736529,0,30,40,70,29,29,False,False,False
100,4,70,small_world,0.6,3585736529,1,9,16,25,9,9,True,True,True
100,4,70,scale_free,0.6,3585736529,0,33,43,76,28,28,False,False,False
100,4,70,er,0.7,3585736529,0,23,44,67,22,22,False,False,False
100,4,70,ring,0.7,3585736529,0,9,21,30,9,9,True,True,True
100,4,70,ring,0.7,3585736529,1,3,8,11,3,3,True,True,True
100,4,70,ring,0.7,3585736529,2,3,6,9,3,3,True,True,True
100,4,70,ring,0.7,3585736529,3,4,11,15,4,4,True,True,True
100,4,70,ring,0.7,3585736529,4,5,8,13,5,5,True,True,True
100,4,70,ring,0.7,3585736529,5,5,7,12,5,5,True,True,True
100,4,70,small_world,0.7,3585736529,0,17,31,48,17,17,True,True,False
100,4,70,small_world,0.7,3585736529,1,4,7,11,4,4,True,True,True
100,4,70,small_world,0.7,3585736529,2,4,12,16,4,4,True,True,True
100,4,70,small_world,0.7,3585736529,3,3,6,9,3,3,True,True,True
100,4,70,scale_free,0.7,3585736529,0,24,44,68,22,22,False,False,False
100,4,70,er,0.8,3585736529,0,11,29,40,11,11,True,True,False
100,4,70,ring,0.8,3585736529,0,4,9,13,4,4,True,True,True
100,4,70,ring,0.8,3585736529,1,2,7,9,2,2,True,True,True
100,4,70,ring,0.8,3585736529,2,3,6,9,3,3,True,True,True
100,4,70,ring,0.8,3585736529,3,3,8,11,3,3,True,True,True
100,4,70,ring,0.8,3585736529,4,5,7,12,5,5,True,True,True
100,4,70,small_world,0.8,3585736529,0,4,8,12,4,4,True,True,True
100,4,70,small_world,0.8,3585736529,1,2,6,8,2,2,True,True,True
100,4,70,small_world,0.8,3585736529,2,5,8,13,5,5,True,True,True
100,4,70,small_world,0.8,3585736529,3,3,6,9,3,3,True,True,True
100,4,70,small_world,0.8,3585736529,4,3,8,11,3,3,True,True,True
100,4,70,scale_free,0.8,3585736529,0,17,38,55,17,17,True,True,False
100,4,70,er,0.9,3585736529,0,10,30,40,10,10,True,True,True
100,4,70,ring,0.9,3585736529,0,3,9,12,3,3,True,True,True
100,4,70,ring,0.9,3585736529,1,4,7,11,4,4,True,True,True
100,4,70,small_world,0.9,3585736529,0,3,8,11,3,3,True,True,True
100,4,70,small_world,0.9,3585736529,1,4,7,11,4,4,True,True,True
100,4,70,scale_free,0.9,3585736529,0,5,30,35,5,5,True,True,True
100,4,70,scale_free,0.9,3585736529,1,2,2,4,2,2,True,True,True
100,4,71,ring,0.3,3460768697,0,7,7,14,7,7,True,True,True
100,4,71,scale_free,0.3,3460768697,0,4,4,8,4,4,True,True,True
100,4,71,ring,0.4,3460768697,0,8,8,16,7,7,False,False,True
100,4,71,ring,0.4,3460768697,1,3,3,6,2,2,False,False,True
100,4,71,ring,0.4,3460768697,2,6,7,13,5,5,False,False,True
100,4,71,small_world,0.4,3460768697,0,6,6,12,5,5,False,False,True
100,4,71,er,0.5,3460768697,0,33,36,69,31,31,False,False,False
100,4,71,er,0.5,3460768697,1,3,3,6,3,3,True,True,True
100,4,71,ring,0.5,3460768697,0,23,26,49,18,18,False,False,False
100,4,71,small_world,0.5,3460768697,0,4,6,10,4,4,True,True,True
100,4,71,scale_free,0.5,3460768697,0,2,2,4,2,2,True,True,True
100,4,71,er,0.6,3460768697,0,29,44,73,29,29,True,True,False
100,4,71,er,0.6,3460768697,1,3,4,7,3,3,True,True,True
100,4,71,ring,0.6,3460768697,0,17,23,40,15,15,False,False,False
100,4,71,ring,0.6,3460768697,1,2,6,8,2,2,True,True,True
100,4,71,ring,0.6,3460768697,2,18,22,40,18,18,True,True,False
100,4,71,ring,0.6,3460768697,3,3,3,6,2,2,False,False,True
100,4,71,small_world,0.6,3460768697,0,37,51,88,37,37,True,True,False
100,4,71,small_world,0.6,3460768697,1,3,4,7,3,3,True,True,True
100,4,71,scale_free,0.6,3460768697,0,31,41,72,28,28,False,False,False
100,4,71,er,0.7,3460768697,0,23,46,69,23,23,True,True,False
100,4,71,ring,0.7,3460768697,0,5,10,15,5,5,True,True,True
100,4,71,ring,0.7,3460768697,1,4,9,13,4,4,True,True,True
100,4,71,ring,0.7,3460768697,2,6,9,15,6,6,True,True,True
100,4,71,ring,0.7,3460768697,3,2,5,7,2,2,True,True,True
100,4,71,ring,0.7,3460768697,4,2,7,9,2,2,True,True,True
100,4,71,ring,0.7,3460768697,5,4,5,9,4,4,True,True,True
100,4,71,ring,0.7,3460768697,6,6,8,14,6,6,True,True,True
100,4,71,small_world,0.7,3460768697,0,5,9,14,5,5,True,True,True
100,4,71,small_world,0.7,3460768697,1,15,29,44,15,15,True,True,False
100,4,71,small_world,0.7,3460768697,2,3,5,8,3,3,True,True,True
100,4,71,small_world,0.7,3460768697,3,6,9,15,6,6,True,True,True
100,4,71,scale_free,0.7,3460768697,0,25,45,70,25,25,True,True,False
100,4,71,er,0.8,3460768697,0,15,40,55,15,15,True,True,False
100,4,71,ring,0.8,3460768697,0,2,5,7,2,2,True,True,True
100,4,71,ring,0.8,3460768697,1,6,9,15,6,6,True,True,True
100,4,71,ring,0.8,3460768697,2,2,5,7,2,2,True,True,True
100,4,71,ring,0.8,3460768697,3,2,7,9,2,2,True,True,True
100,4,71,ring,0.8,3460768697,4,3,6,9,3,3,True,True,True
100,4,71,small_world,0.8,3460768697,0,3,8,11,3,3,True,True,True
100,4,71,small_world,0.8,3460768697,1,2,6,8,2,2,True,True,True
100,4,71,small_world,0.8,3460768697,2,6,9,15,6,6,True,True,True
100,4,71,small_world,0.8,3460768697,3,2,7,9,2,2,True,True,True
100,4,71,small_world,0.8,3460768697,4,3,6,9,3,3,True,True,True
100,4,71,scale_free,0.8,3460768697,0,2,4,6,2,2,True,True,True
100,4,71,scale_free,0.8,3460768697,1,16,35,51,16,16,True,True,False
100,4,71,er,0.9,3460768697,0,2,9,11,2,2,True,True,True
100,4,71,er,0.9,3460768697,1,3,11,14,3,3,True,True,True
100,4,71,er,0.9,3460768697,2,3,9,12,3,3,True,True,True
100,4,71,ring,0.9,3460768697,0,2,5,7,2,2,True,True,True
100,4,71,ring,0.9,3460768697,1,2,6,8,2,2,True,True,True
100,4,71,ring,0.9,3460768697,2,2,7,9,2,2,True,True,True
100,4,71,small_world,0.9,3460768697,0,2,5,7,2,2,True,True,True
100,4,71,small_world,0.9,3460768697,1,2,6,8,2,2,True,True,True
100,4,71,small_world,0.9,3460768697,2,2,7,9,2,2,True,True,True
100,4,71,scale_free,0.9,3460768697,0,2,4,6,2,2,True,True,True
100,4,71,scale_free,0.9,3460768697,1,2,4,6,2,2,True,True,True
100,4,71,scale_free,0.9,3460768697,2,3,6,9,3,3,True,True,True
100,4,72,er,0.4,3152644928,0,2,2,4,2,2,True,True,True
100,4,72,ring,0.4,3152644928,0,3,3,6,2,2,False,False,True
100,4,72,small_world,0.4,3152644928,0,3,3,6,2,2,False,False,True
100,4,72,er,0.5,3152644928,0,44,45,89,40,41,False,False,False
100,4,72,ring,0.5,3152644928,0,14,16,30,12,12,False,False,False
100,4,72,ring,0.5,3152644928,1,6,9,15,6,6,True,True,True
100,4,72,ring,0.5,3152644928,2,4,6,10,4,4,True,True,True
100,4,72,ring,0.5,3152644928,3,4,4,8,4,4,True,True,True
100,4,72,small_world,0.5,3152644928,0,40,41,81,33,35,False,False,False
100,4,72,small_world,0.5,3152644928,1,4,6,10,4,4,True,True,True
100,4,72,scale_free,0.5,3152644928,0,40,41,81,30,30,False,False,False
100,4,72,er,0.6,3152644928,0,33,47,80,33,33,True,True,False
100,4,72,ring,0.6,3152644928,0,16,19,35,13,13,False,False,False
100,4,72,ring,0.6,3152644928,1,8,9,17,7,7,False,False,True
100,4,72,ring,0.6,3152644928,2,8,13,21,8,8,True,True,True
100,4,72,ring,0.6,3152644928,3,5,7,12,5,5,True,True,True
100,4,72,ring,0.6,3152644928,4,3,7,10,3,3,True,True,True
100,4,72,small_world,0.6,3152644928,0,25,33,58,23,24,False,False,False
100,4,72,small_world,0.6,3152644928,1,8,9,17,7,7,False,False,True
100,4,72,small_world,0.6,3152644928,2,3,7,10,3,3,True,True,True
100,4,72,small_world,0.6,3152644928,3,4,6,10,4,4,True,True,True
100,4,72,scale_free,0.6,3152644928,0,33,45,78,27,27,False,False,False
100,4,72,er,0.7,3152644928,0,19,36,55,19,19,True,True,False
100,4,72,er,0.7,3152644928,1,2,4,6,2,2,True,True,True
100,4,72,er,0.7,3152644928,2,2,2,4,2,2,True,True,True
100,4,72,ring,0.7,3152644928,0,12,20,32,11,11,False,False,False
100,4,72,ring,0.7,3152644928,1,3,6,9,3,3,True,True,True
100,4,72,ring,0.7,3152644928,2,3,6,9,3,3,True,True,True
100,4,72,ring,0.7,3152644928,3,5,9,14,5,5,True,True,True
100,4,72,ring,0.7,3152644928,4,4,8,12,4,4,True,True,True
100,4,72,small_world,0.7,3152644928,0,13,23,36,13,13,True,True,False
100,4,72,small_world,0.7,3152644928,1,3,6,9,3,3,True,True,True
100,4,72,small_world,0.7,3152644928,2,3,6,9,3,3,True,True,True
100,4,72,small_world,0.7,3152644928,3,5,12,17,5,5,True,True,True
100,4,72,small_world,0.7,3152644928,4,4,6,10,4,4,True,True,True
100,4,72,scale_free,0.7,3152644928,0,28,37,65,25,25,False,False,False
100,4,72,er,0.8,3152644928,0,17,38,55,17,17,True,True,False
100,4,72,ring,0.8,3152644928,0,5,11,16,5,5,True,True,True
100,4,72,ring,0.8,3152644928,1,2,4,6,2,2,True,True,True
100,4,72,ring,0.8,3152644928,2,4,10,14,4,4,True,True,True
100,4,72,ring,0.8,3152644928,3,2,5,7,2,2,True,True,True
100,4,72,ring,0.8,3152644928,4,4,7,11,4,4,True,True,True
100,4,72,small_world,0.8,3152644928,0,9,22,31,9,9,True,True,True
100,4,72,small_world,0.8,3152644928,1,2,4,6,2,2,True,True,True
100,4,72,small_world,0.8,3152644928,2,3,9,12,3,3,True,True,True
100,4,72,small_world,0.8,3152644928,3,4,7,11,4,4,True,True,True
100,4,72,scale_free,0.8,3152644928,0,14,21,35,14,14,True,True,False
100,4,72,scale_free,0.8,3152644928,1,3,6,9,3,3,True,True,True
100,4,72,er,0.9,3152644928,0,2,10,12,2,2,True,True,True
100,4,72,er,0.9,3152644928,1,4,10,14,4,4,True,True,True
100,4,72,er,0.9,3152644928,2,2,7,9,2,2,True,True,True
100,4,72,ring,0.9,3152644928,0,3,8,11,3,3,True,True,True
100,4,72,ring,0.9,3152644928,1,2,5,7,2,2,True,True,True
100,4,72,ring,0.9,3152644928,2,2,6,8,2,2,True,True,True
100,4,72,small_world,0.9,3152644928,0,3,9,12,3,3,True,True,True
100,4,72,small_world,0.9,3152644928,1,2,6,8,2,2,True,True,True
100,4,72,small_world,0.9,3152644928,2,2,6,8,2,2,True,True,True
100,4,72,scale_free,0.9,3152644928,0,5,11,16,5,5,True,True,True
100,4,72,scale_free,0.9,3152644928,1,2,3,5,2,2,True,True,True
100,4,73,ring,0.4,4124191772,0,6,6,12,5,5,False,False,True
100,4,73,ring,0.4,4124191772,1,2,2,4,2,2,True,True,True
100,4,73,ring,0.4,4124191772,2,2,2,4,2,2,True,True,True
100,4,73,ring,0.4,4124191772,3,11,11,22,9,9,False,False,False
100,4,73,small_world,0.4,4124191772,0,2,2,4,2,2,True,True,True
100,4,73,er,0.5,4124191772,0,33,36,69,29,30,False,False,False
100,4,73,ring,0.5,4124191772,0,16,22,38,16,16,True,True,False
100,4,73,ring,0.5,4124191772,1,2,2,4,2,2,True,True,True
100,4,73,ring,0.5,4124191772,2,5,7,12,4,4,False,False,True
100,4,73,ring,0.5,4124191772,3,2,2,4,2,2,True,True,True
100,4,73,small_world,0.5,4124191772,0,42,43,85,37,37,False,False,False
100,4,73,small_world,0.5,4124191772,1,2,2,4,2,2,True,True,True
100,4,73,scale_free,0.5,4124191772,0,42,43,85,32,32,False,False,False
100,4,73,er,0.6,4124191772,0,31,43,74,28,28,False,False,False
100,4,73,ring,0.6,4124191772,0,5,8,13,5,5,True,True,True
100,4,73,ring,0.6,4124191772,1,2,2,4,2,2,True,True,True
100,4,73,ring,0.6,4124191772,2,4,5,9,3,3,False,False,True
100,4,73,ring,0.6,4124191772,3,2,2,4,2,2,True,True,True
100,4,73,ring,0.6,4124191772,4,5,11,16,5,5,True,True,True
100,4,73,ring,0.6,4124191772,5,2,5,7,2,2,True,True,True
100,4,73,small_world,0.6,4124191772,0,16,24,40,15,15,False,False,False
100,4,73,small_world,0.6,4124191772,1,2,2,4,2,2,True,True,True
100,4,73,small_world,0.6,4124191772,2,21,23,44,18,18,False,False,False
100,4,73,scale_free,0.6,4124191772,0,35,48,83,30,30,False,False,False
100,4,73,er,0.7,4124191772,0,22,34,56,20,20,False,False,False
100,4,73,ring,0.7,4124191772,0,2,2,4,2,2,True,True,True
100,4,73,ring,0.7,4124191772,1,3,3,6,2,2,False,False,True
100,4,73,ring,0.7,4124191772,2,9,10,19,9,9,True,True,True
100,4,73,ring,0.7,4124191772,3,9,9,18,8,8,False,False,True
100,4,73,ring,0.7,4124191772,4,2,7,9,2,2,True,True,True
100,4,73,ring,0.7,4124191772,5,2,5,7,2,2,True,True,True
100,4,73,small_world,0.7,4124191772,0,2,2,4,2,2,True,True,True
100,4,73,small_world,0.7,4124191772,1,11,14,25,11,11,True,True,False
100,4,73,small_world,0.7,4124191772,2,11,16,27,10,10,False,False,False
100,4,73,small_world,0.7,4124191772,3,2,6,8,2,2,True,True,True
100,4,73,scale_free,0.7,4124191772,0,29,48,77,27,27,False,False,False
100,4,73,er,0.8,4124191772,0,12,30,42,12,12,True,True,False
100,4,73,ring,0.8,4124191772,0,3,4,7,3,3,True,True,True
100,4,73,ring,0.8,4124191772,1,9,10,19,9,9,True,True,True
100,4,73,ring,0.8,4124191772,2,2,6,8,2,2,True,True,True
100,4,73,ring,0.8,4124191772,3,3,6,9,3,3,True,True,True
100,4,73,ring,0.8,4124191772,4,2,7,9,2,2,True,True,True
100,4,73,small_world,0.8,4124191772,0,6,10,16,6,6,True,True,True
100,4,73,small_world,0.8,4124191772,1,8,11,19,8,8,True,True,True
100,4,73,small_world,0.8,4124191772,2,4,13,17,4,4,True,True,True
100,4,73,scale_free,0.8,4124191772,0,20,37,57,20,20,True,True,False
100,4,73,er,0.9,4124191772,0,3,12,15,3,3,True,True,True
100,4,73,ring,0.9,4124191772,0,4,7,11,4,4,True,True,True
100,4,73,ring,0.9,4124191772,1,2,5,7,2,2,True,True,True
100,4,73,ring,0.9,4124191772,2,2,7,9,2,2,True,True,True
100,4,73,small_world,0.9,4124191772,0,3,8,11,3,3,True,True,True
100,4,73,small_world,0.9,4124191772,1,4,9,13,4,4,True,True,True
100,4,73,small_world,0.9,4124191772,2,2,7,9,2,2,True,True,True
100,4,73,scale_free,0.9,4124191772,0,9,32,41,9,9,True,True,True
100,4,74,er,0.3,4167778300,0,2,2,4,2,2,True,True,True
100,4,74,er,0.5,4167778300,0,39,39,78,33,33,False,False,False
100,4,74,ring,0.5,4167778300,0,18,20,38,15,15,False,False,False
100,4,74,ring,0.5,4167778300,1,10,11,21,9,9,False,False,True
100,4,74,ring,0.5,4167778300,2,14,16,30,12,12,False,False,False
100,4,74,small_world,0.5,4167778300,0,35,35,70,30,30,False,False,False
100,4,74,small_world,0.5,4167778300,1,6,9,15,6,6,True,True,True
100,4,74,er,0.6,4167778300,0,37,49,86,35,35,False,False,False
100,4,74,ring,0.6,4167778300,0,4,10,14,4,4,True,True,True
100,4,74,ring,0.6,4167778300,1,19,25,44,18,18,False,False,False
100,4,74,ring,0.6,4167778300,2,4,6,10,4,4,True,True,True
100,4,74,ring,0.6,4167778300,3,6,8,14,6,6,True,True,True
100,4,74,small_world,0.6,4167778300,0,24,37,61,23,23,False,False,False
100,4,74,small_world,0.6,4167778300,1,4,6,10,4,4,True,True,True
100,4,74,scale_free,0.6,4167778300,0,32,44,76,29,29,False,False,False
100,4,74,scale_free,0.6,4167778300,1,3,4,7,3,3,True,True,True
100,4,74,er,0.7,4167778300,0,28,48,76,27,27,False,False,False
100,4,74,ring,0.7,4167778300,0,3,8,11,3,3,True,True,True
100,4,74,ring,0.7,4167778300,1,3,7,10,3,3,True,True,True
100,4,74,ring,0.7,4167778300,2,5,8,13,4,4,False,False,True
100,4,74,ring,0.7,4167778300,3,4,9,13,4,4,True,True,True
100,4,74,ring,0.7,4167778300,4,8,9,17,7,7,False,False,True
100,4,74,ring,0.7,4167778300,5,6,8,14,6,6,True,True,True
100,4,74,small_world,0.7,4167778300,0,25,37,62,23,23,False,False,False
100,4,74,small_world,0.7,4167778300,1,4,9,13,4,4,True,True,True
100,4,74,scale_free,0.7,4167778300,0,24,46,70,23,23,False,False,False
100,4,74,scale_free,0.7,4167778300,1,3,5,8,3,3,True,True,True
100,4,74,er,0.8,4167778300,0,18,42,60,18,18,True,True,False
100,4,74,ring,0.8,4167778300,0,3,8,11,3,3,True,True,True
100,4,74,ring,0.8,4167778300,1,2,7,9,2,2,True,True,True
100,4,74,ring,0.8,4167778300,2,2,6,8,2,2,True,True,True
100,4,74,ring,0.8,4167778300,3,2,4,6,2,2,True,True,True
100,4,74,ring,0.8,4167778300,4,6,10,16,6,6,True,True,True
100,4,74,ring,0.8,4167778300,5,2,6,8,2,2,True,True,True
100,4,74,small_world,0.8,4167778300,0,5,12,17,5,5,True,True,True
100,4,74,small_world,0.8,4167778300,1,2,3,5,2,2,True,True,True
100,4,74,small_world,0.8,4167778300,2,2,6,8,2,2,True,True,True
100,4,74,small_world,0.8,4167778300,3,8,16,24,8,8,True,True,True
100,4,74,scale_free,0.8,4167778300,0,16,40,56,15,15,False,False,False
100,4,74,scale_free,0.8,4167778300,1,2,2,4,2,2,True,True,True
100,4,74,scale_free,0.8,4167778300,2,2,8,10,2,2,True,True,True
100,4,74,er,0.9,4167778300,0,6,20,26,6,6,True,True,True
100,4,74,ring,0.9,4167778300,0,2,5,7,2,2,True,True,True
100,4,74,ring,0.9,4167778300,1,2,6,8,2,2,True,True,True
100,4,74,ring,0.9,4167778300,2,2,6,8,2,2,True,True,True
100,4,74,small_world,0.9,4167778300,0,2,4,6,2,2,True,True,True
100,4,74,small_world,0.9,4167778300,1,4,11,15,4,4,True,True,True
100,4,74,scale_free,0.9,4167778300,0,6,31,37,6,6,True,True,True
100,4,75,ring,0.2,3883722151,0,2,2,4,2,2,True,True,True
100,4,75,ring,0.2,3883722151,1,2,2,4,2,2,True,True,True
100,4,75,small_world,0.2,3883722151,0,2,2,4,2,2,True,True,True
100,4,75,small_world,0.2,3883722151,1,3,3,6,3,3,True,True,True
100,4,75,ring,0.3,3883722151,0,2,2,4,2,2,True,True,True
100,4,75,ring,0.3,3883722151,1,2,2,4,2,2,True,True,True
100,4,75,small_world,0.3,3883722151,0,2,2,4,2,2,True,True,True
100,4,75,ring,0.4,3883722151,0,2,2,4,2,2,True,True,True
100,4,75,ring,0.4,3883722151,1,2,2,4,2,2,True,True,True
100,4,75,ring,0.4,3883722151,2,3,3,6,2,2,False,False,True
100,4,75,small_world,0.4,3883722151,0,2,2,4,2,2,True,True,True
100,4,75,er,0.5,3883722151,0,42,44,86,41,42,False,True,False
100,4,75,ring,0.5,3883722151,0,14,15,29,11,11,False,False,False
100,4,75,ring,0.5,3883722151,1,3,3,6,2,2,False,False,True
100,4,75,small_world,0.5,3883722151,0,31,33,64,27,27,False,False,False
100,4,75,er,0.6,3883722151,0,35,50,85,35,35,True,True,False
100,4,75,ring,0.6,3883722151,0,12,16,28,9,9,False,False,False
100,4,75,ring,0.6,3883722151,1,8,10,18,8,8,True,True,True
100,4,75,ring,0.6,3883722151,2,14,19,33,13,13,False,False,False
100,4,75,ring,0.6,3883722151,3,6,9,15,6,6,True,True,True
100,4,75,small_world,0.6,3883722151,0,35,50,85,33,33,False,False,False
100,4,75,small_world,0.6,3883722151,1,2,2,4,2,2,True,True,True
100,4,75,scale_free,0.6,3883722151,0,39,44,83,31,31,False,False,False
100,4,75,er,0.7,3883722151,0,25,44,69,25,25,True,True,False
100,4,75,ring,0.7,3883722151,0,8,14,22,7,7,False,False,True
100,4,75,ring,0.7,3883722151,1,3,8,11,3,3,True,True,True
100,4,75,ring,0.7,3883722151,2,16,24,40,16,16,True,True,False
100,4,75,small_world,0.7,3883722151,0,3,4,7,2,2,False,False,True
100,4,75,small_world,0.7,3883722151,1,17,32,49,17,17,True,True,False
100,4,75,small_world,0.7,3883722151,2,4,7,11,4,4,True,True,True
100,4,75,small_world,0.7,3883722151,3,2,2,4,2,2,True,True,True
100,4,75,scale_free,0.7,3883722151,0,30,39,69,26,26,False,False,False
100,4,75,er,0.8,3883722151,0,17,42,59,17,17,True,True,False
100,4,75,ring,0.8,3883722151,0,5,12,17,5,5,True,True,True
100,4,75,ring,0.8,3883722151,1,3,8,11,3,3,True,True,True
100,4,75,ring,0.8,3883722151,2,3,4,7,3,3,True,True,True
100,4,75,ring,0.8,3883722151,3,6,13,19,6,6,True,True,True
100,4,75,small_world,0.8,3883722151,0,5,12,17,5,5,True,True,True
100,4,75,small_world,0.8,3883722151,1,3,8,11,3,3,True,True,True
100,4,75,small_world,0.8,3883722151,2,4,9,13,4,4,True,True,True
100,4,75,small_world,0.8,3883722151,3,2,3,5,2,2,True,True,True
100,4,75,small_world,0.8,3883722151,4,2,5,7,2,2,True,True,True
100,4,75,scale_free,0.8,3883722151,0,19,32,51,19,19,True,True,False
100,4,75,er,0.9,3883722151,0,6,18,24,6,6,True,True,True
100,4,75,ring,0.9,3883722151,0,2,5,7,2,2,True,True,True
100,4,75,ring,0.9,3883722151,1,3,4,7,3,3,True,True,True
100,4,75,small_world,0.9,3883722151,0,2,5,7,2,2,True,True,True
100,4,75,small_world,0.9,3883722151,1,2,3,5,2,2,True,True,True
100,4,75,scale_free,0.9,3883722151,0,6,10,16,6,6,True,True,True
100,4,75,scale_free,0.9,3883722151,1,3,5,8,3,3,True,True,True
100,4,76,ring,0.4,2186461417,0,2,2,4,2,2,True,True,True
100,4,76,ring,0.4,2186461417,1,10,10,20,9,9,False,False,True
100,4,76,small_world,0.4,2186461417,0,2,2,4,2,2,True,True,True
100,4,76,er,0.5,2186461417,0,37,38,75,32,32,False,False,False
100,4,76,ring,0.5,2186461417,0,11,11,22,9,9,False,False,False
100,4,76,ring,0.5,2186461417,1,4,4,8,4,4,True,True,True
100,4,76,ring,0.5,2186461417,2,2,2,4,2,2,True,True,True
100,4,76,ring,0.5,2186461417,3,2,2,4,2,2,True,True,True
100,4,76,ring,0.5,2186461417,4,19,22,41,16,16,False,False,False
100,4,76,small_world,0.5,2186461417,0,10,15,25,10,10,True,True,True
100,4,76,small_world,0.5,2186461417,1,4,4,8,4,4,True,True,True
100,4,76,small_world,0.5,2186461417,2,2,2,4,2,2,True,True,True
100,4,76,scale_free,0.5,2186461417,0,2,2,4,2,2,True,True,True
100,4,76,er,0.6,2186461417,0,31,42,73,31,31,True,True,False
100,4,76,er,0.6,2186461417,1,2,3,5,2,2,True,True,True
100,4,76,ring,0.6,2186461417,0,10,12,22,9,9,False,False,True
100,4,76,ring,0.6,2186461417,1,5,7,12,5,5,True,True,True
100,4,76,ring,0.6,2186461417,2,5,6,11,4,4,False,False,True
100,4,76,ring,0.6,2186461417,3,6,10,16,6,6,True,True,True
100,4,76,small_world,0.6,2186461417,0,11,19,30,11,11,True,True,False
100,4,76,small_world,0.6,2186461417,1,27,27,54,22,22,False,False,False
100,4,76,scale_free,0.6,2186461417,0,30,35,65,26,26,False,False,False
100,4,76,scale_free,0.6,2186461417,1,2,2,4,2,2,True,True,True
100,4,76,er,0.7,2186461417,0,26,51,77,26,26,True,True,False
100,4,76,ring,0.7,2186461417,0,8,12,20,8,8,True,True,True
100,4,76,ring,0.7,2186461417,1,5,7,12,5,5,True,True,True
100,4,76,ring,0.7,2186461417,2,4,7,11,4,4,True,True,True
100,4,76,ring,0.7,2186461417,3,3,7,10,3,3,True,True,True
100,4,76,ring,0.7,2186461417,4,3,6,9,3,3,True,True,True
100,4,76,ring,0.7,2186461417,5,4,6,10,3,3,False,False,True
100,4,76,small_world,0.7,2186461417,0,2,4,6,2,2,True,True,True
100,4,76,small_world,0.7,2186461417,1,6,8,14,6,6,True,True,True
100,4,76,small_world,0.7,2186461417,2,7,14,21,7,7,True,True,True
100,4,76,small_world,0.7,2186461417,3,6,12,18,6,6,True,True,True
100,4,76,small_world,0.7,2186461417,4,3,5,8,3,3,True,True,True
100,4,76,small_world,0.7,2186461417,5,4,7,11,4,4,True,True,True
100,4,76,scale_free,0.7,2186461417,0,21,36,57,20,20,False,False,False
100,4,76,er,0.8,2186461417,0,19,46,65,19,19,True,True,False
100,4,76,ring,0.8,2186461417,0,6,14,20,6,6,True,True,True
100,4,76,ring,0.8,2186461417,1,3,7,10,3,3,True,True,True
100,4,76,ring,0.8,2186461417,2,3,8,11,3,3,True,True,True
100,4,76,ring,0.8,2186461417,3,3,7,10,3,3,True,True,True
100,4,76,small_world,0.8,2186461417,0,6,14,20,6,6,True,True,True
100,4,76,small_world,0.8,2186461417,1,8,19,27,8,8,True,True,True
100,4,76,scale_free,0.8,2186461417,0,16,40,56,16,16,True,True,False
100,4,76,er,0.9,2186461417,0,5,14,19,5,5,True,True,True
100,4,76,er,0.9,2186461417,1,3,7,10,3,3,True,True,True
100,4,76,ring,0.9,2186461417,0,2,7,9,2,2,True,True,True
100,4,76,small_world,0.9,2186461417,0,2,8,10,2,2,True,True,True
100,4,76,scale_free,0.9,2186461417,0,6,10,16,5,5,False,False,True
100,4,76,scale_free,0.9,2186461417,1,3,7,10,3,3,True,True,True
100,4,77,small_world,0.3,970946881,0,3,3,6,2,2,False,False,True
100,4,77,small_world,0.4,970946881,0,3,4,7,3,3,True,True,True
100,4,77,ring,0.5,970946881,0,9,9,18,8,8,False,False,True
100,4,77,small_world,0.5,970946881,0,5,8,13,5,5,True,True,True
100,4,77,er,0.6,970946881,0,34,45,79,34,34,True,True,False
100,4,77,ring,0.6,970946881,0,6,10,16,6,6,True,True,True
100,4,77,ring,0.6,970946881,1,13,14,27,10,10,False,False,False
100,4,77,ring,0.6,970946881,2,5,7,12,5,5,True,True,True
100,4,77,ring,0.6,970946881,3,7,9,16,7,7,True,True,True
100,4,77,ring,0.6,970946881,4,9,9,18,6,6,False,False,True
100,4,77,small_world,0.6,970946881,0,19,24,43,16,16,False,False,False
100,4,77,small_world,0.6,970946881,1,3,6,9,3,3,True,True,True
100,4,77,scale_free,0.6,970946881,0,36,42,78,29,29,False,False,False
100,4,77,er,0.7,970946881,0,26,45,71,26,26,True,True,False
100,4,77,ring,0.7,970946881,0,6,10,16,6,6,True,True,True
100,4,77,ring,0.7,970946881,1,3,8,11,3,3,True,True,True
100,4,77,ring,0.7,970946881,2,3,4,7,3,3,True,True,True
100,4,77,ring,0.7,970946881,3,3,4,7,3,3,True,True,True
100,4,77,ring,0.7,970946881,4,5,7,12,5,5,True,True,True
100,4,77,ring,0.7,970946881,5,3,7,10,3,3,True,True,True
100,4,77,ring,0.7,970946881,6,6,12,18,6,6,True,True,True
100,4,77,small_world,0.7,970946881,0,19,30,49,19,19,True,True,False
100,4,77,small_world,0.7,970946881,1,3,6,9,3,3,True,True,True
100,4,77,small_world,0.7,970946881,2,3,6,9,3,3,True,True,True
100,4,77,small_world,0.7,970946881,3,3,5,8,3,3,True,True,True
100,4,77,scale_free,0.7,970946881,0,28,42,70,24,24,False,False,False
100,4,77,er,0.8,970946881,0,13,33,46,13,13,True,True,False
100,4,77,ring,0.8,970946881,0,3,5,8,3,3,True,True,True
100,4,77,ring,0.8,970946881,1,3,8,11,3,3,True,True,True
100,4,77,ring,0.8,970946881,2,2,5,7,2,2,True,True,True
100,4,77,ring,0.8,970946881,3,3,4,7,3,3,True,True,True
100,4,77,ring,0.8,970946881,4,2,2,4,2,2,True,True,True
100,4,77,ring,0.8,970946881,5,2,7,9,2,2,True,True,True
100,4,77,small_world,0.8,970946881,0,3,5,8,3,3,True,True,True
100,4,77,small_world,0.8,970946881,1,11,21,32,11,11,True,True,False
100,4,77,small_world,0.8,970946881,2,2,6,8,2,2,True,True,True
100,4,77,scale_free,0.8,970946881,0,14,24,38,14,14,True,True,False
100,4,77,scale_free,0.8,970946881,1,2,3,5,2,2,True,True,True
100,4,77,scale_free,0.8,970946881,2,2,3,5,2,2,True,True,True
100,4,77,er,0.9,970946881,0,2,10,12,2,2,True,True,True
100,4,77,er,0.9,970946881,1,3,6,9,3,3,True,True,True
100,4,77,ring,0.9,970946881,0,2,5,7,2,2,True,True,True
100,4,77,ring,0.9,970946881,1,4,7,11,4,4,True,True,True
100,4,77,small_world,0.9,970946881,0,5,10,15,5,5,True,True,True
100,4,77,scale_free,0.9,970946881,0,7,11,18,7,7,True,True,True
100,4,77,scale_free,0.9,970946881,1,3,8,11,3,3,True,True,True
100,4,78,ring,0.3,1259105595,0,2,2,4,2,2,True,True,True
100,4,78,ring,0.3,1259105595,1,11,11,22,10,10,False,False,False
100,4,78,ring,0.4,1259105595,0,11,11,22,10,10,False,False,False
100,4,78,er,0.5,1259105595,0,35,44,79,34,34,False,False,False
100,4,78,ring,0.5,1259105595,0,3,4,7,3,3,True,True,True
100,4,78,ring,0.5,1259105595,1,2,2,4,2,2,True,True,True
100,4,78,ring,0.5,1259105595,2,18,19,37,16,16,False,False,False
100,4,78,ring,0.5,1259105595,3,2,2,4,2,2,True,True,True
100,4,78,ring,0.5,1259105595,4,2,5,7,2,2,True,True,True
100,4,78,small_world,0.5,1259105595,0,10,10,20,8,8,False,False,True
100,4,78,small_world,0.5,1259105595,1,19,19,38,17,17,False,False,False
100,4,78,small_world,0.5,1259105595,2,2,2,4,2,2,True,True,True
100,4,78,er,0.6,1259105595,0,25,47,72,25,25,True,True,False
100,4,78,ring,0.6,1259105595,0,2,4,6,2,2,True,True,True
100,4,78,ring,0.6,1259105595,1,2,2,4,2,2,True,True,True
100,4,78,ring,0.6,1259105595,2,10,15,25,10,10,True,True,True
100,4,78,ring,0.6,1259105595,3,3,6,9,3,3,True,True,True
100,4,78,ring,0.6,1259105595,4,7,7,14,6,6,False,False,True
100,4,78,ring,0.6,1259105595,5,2,2,4,2,2,True,True,True
100,4,78,ring,0.6,1259105595,6,2,5,7,2,2,True,True,True
100,4,78,small_world,0.6,1259105595,0,32,39,71,30,30,False,False,False
100,4,78,small_world,0.6,1259105595,1,3,4,7,3,3,True,True,True
100,4,78,small_world,0.6,1259105595,2,3,6,9,3,3,True,True,True
100,4,78,small_world,0.6,1259105595,3,2,2,4,2,2,True,True,True
100,4,78,er,0.7,1259105595,0,13,31,44,13,13,True,True,False
100,4,78,er,0.7,1259105595,1,2,5,7,2,2,True,True,True
100,4,78,er,0.7,1259105595,2,3,3,6,3,3,True,True,True
100,4,78,ring,0.7,1259105595,0,7,13,20,7,7,True,True,True
100,4,78,ring,0.7,1259105595,1,2,2,4,2,2,True,True,True
100,4,78,ring,0.7,1259105595,2,9,16,25,9,9,True,True,True
100,4,78,ring,0.7,1259105595,3,2,7,9,2,2,True,True,True
100,4,78,ring,0.7,1259105595,4,3,8,11,3,3,True,True,True
100,4,78,ring,0.7,1259105595,5,3,4,7,3,3,True,True,True
100,4,78,ring,0.7,1259105595,6,2,5,7,2,2,True,True,True
100,4,78,small_world,0.7,1259105595,0,2,5,7,2,2,True,True,True
100,4,78,small_world,0.7,1259105595,1,3,4,7,3,3,True,True,True
100,4,78,small_world,0.7,1259105595,2,8,16,24,8,8,True,True,True
100,4,78,small_world,0.7,1259105595,3,11,20,31,11,11,True,True,False
100,4,78,small_world,0.7,1259105595,4,2,7,9,2,2,True,True,True
100,4,78,small_world,0.7,1259105595,5,3,4,7,3,3,True,True,True
100,4,78,scale_free,0.7,1259105595,0,2,4,6,2,2,True,True,True
100,4,78,er,0.8,1259105595,0,13,33,46,13,13,True,True,False
100,4,78,ring,0.8,1259105595,0,2,6,8,2,2,True,True,True
100,4,78,ring,0.8,1259105595,1,6,11,17,6,6,True,True,True
100,4,78,ring,0.8,1259105595,2,2,5,7,2,2,True,True,True
100,4,78,ring,0.8,1259105595,3,2,7,9,2,2,True,True,True
100,4,78,ring,0.8,1259105595,4,2,4,6,2,2,True,True,True
100,4,78,ring,0.8,1259105595,5,2,5,7,2,2,True,True,True
100,4,78,small_world,0.8,1259105595,0,2,5,7,2,2,True,True,True
100,4,78,small_world,0.8,1259105595,1,8,18,26,8,8,True,True,True
100,4,78,small_world,0.8,1259105595,2,2,7,9,2,2,True,True,True
100,4,78,small_world,0.8,1259105595,3,2,5,7,2,2,True,True,True
100,4,78,small_world,0.8,1259105595,4,2,4,6,2,2,True,True,True
100,4,78,scale_free,0.8,1259105595,0,18,23,41,18,18,True,True,False
100,4,78,er,0.9,1259105595,0,4,14,18,4,4,True,True,True
100,4,78,ring,0.9,1259105595,0,2,5,7,2,2,True,True,True
100,4,78,ring,0.9,1259105595,1,2,4,6,2,2,True,True,True
100,4,78,ring,0.9,1259105595,2,2,5,7,2,2,True,True,True
100,4,78,small_world,0.9,1259105595,0,3,8,11,3,3,True,True,True
100,4,78,small_world,0.9,1259105595,1,2,7,9,2,2,True,True,True
100,4,78,small_world,0.9,1259105595,2,2,4,6,2,2,True,True,True
100,4,78,scale_free,0.9,1259105595,0,4,7,11,4,4,True,True,True
100,4,78,scale_free,0.9,1259105595,1,4,6,10,4,4,True,True,True
100,4,79,ring,0.2,4058173523,0,5,5,10,5,5,True,True,True
100,4,79,ring,0.3,4058173523,0,2,2,4,2,2,True,True,True
100,4,79,ring,0.3,4058173523,1,4,7,11,4,4,True,True,True
100,4,79,ring,0.4,4058173523,0,2,2,4,2,2,True,True,True
100,4,79,ring,0.4,4058173523,1,2,2,4,2,2,True,True,True
100,4,79,ring,0.4,4058173523,2,2,2,4,2,2,True,True,True
100,4,79,small_world,0.4,4058173523,0,2,2,4,2,2,True,True,True
100,4,79,small_world,0.4,4058173523,1,2,2,4,2,2,True,True,True
100,4,79,er,0.5,4058173523,0,42,44,86,40,40,False,False,False
100,4,79,ring,0.5,4058173523,0,2,2,4,2,2,True,True,True
100,4,79,ring,0.5,4058173523,1,3,4,7,3,3,True,True,True
100,4,79,ring,0.5,4058173523,2,2,2,4,2,2,True,True,True
100,4,79,small_world,0.5,4058173523,0,2,4,6,2,2,True,True,True
100,4,79,er,0.6,4058173523,0,35,47,82,34,34,False,False,False
100,4,79,ring,0.6,4058173523,0,6,6,12,5,5,False,False,True
100,4,79,ring,0.6,4058173523,1,15,19,34,13,13,False,False,False
100,4,79,ring,0.6,4058173523,2,15,18,33,14,14,False,False,False
100,4,79,ring,0.6,4058173523,3,2,2,4,2,2,True,True,True
100,4,79,small_world,0.6,4058173523,0,34,44,78,33,33,False,False,False
100,4,79,scale_free,0.6,4058173523,0,35,47,82,28,28,False,False,False
100,4,79,er,0.7,4058173523,0,27,48,75,27,27,True,True,False
100,4,79,ring,0.7,4058173523,0,4,8,12,4,4,True,True,True
100,4,79,ring,0.7,4058173523,1,3,7,10,3,3,True,True,True
100,4,79,ring,0.7,4058173523,2,8,15,23,8,8,True,True,True
100,4,79,ring,0.7,4058173523,3,11,16,27,10,10,False,False,False
100,4,79,ring,0.7,4058173523,4,3,4,7,3,3,True,True,True
100,4,79,small_world,0.7,4058173523,0,25,47,72,25,25,True,True,False
100,4,79,small_world,0.7,4058173523,1,2,3,5,2,2,True,True,True
100,4,79,scale_free,0.7,4058173523,0,27,45,72,23,23,False,False,False
100,4,79,er,0.8,4058173523,0,15,37,52,15,15,True,True,False
100,4,79,ring,0.8,4058173523,0,2,4,6,2,2,True,True,True
100,4,79,ring,0.8,4058173523,1,2,7,9,2,2,True,True,True
100,4,79,ring,0.8,4058173523,2,5,9,14,5,5,True,True,True
100,4,79,ring,0.8,4058173523,3,4,8,12,4,4,True,True,True
100,4,79,ring,0.8,4058173523,4,2,5,7,2,2,True,True,True
100,4,79,ring,0.8,4058173523,5,2,5,7,2,2,True,True,True
100,4,79,small_world,0.8,4058173523,0,2,4,6,2,2,True,True,True
100,4,79,small_world,0.8,4058173523,1,3,8,11,3,3,True,True,True
100,4,79,small_world,0.8,4058173523,2,3,9,12,3,3,True,True,True
100,4,79,small_world,0.8,4058173523,3,2,7,9,2,2,True,True,True
100,4,79,small_world,0.8,4058173523,4,2,3,5,2,2,True,True,True
100,4,79,small_world,0.8,4058173523,5,4,8,12,4,4,True,True,True
100,4,79,small_world,0.8,4058173523,6,2,4,6,2,2,True,True,True
100,4,79,scale_free,0.8,4058173523,0,16,27,43,16,16,True,True,False
100,4,79,er,0.9,4058173523,0,5,21,26,5,5,True,True,True
100,4,79,er,0.9,4058173523,1,2,8,10,2,2,True,True,True
100,4,79,er,0.9,4058173523,2,2,3,5,2,2,True,True,True
100,4,79,ring,0.9,4058173523,0,3,6,9,3,3,True,True,True
100,4,79,small_world,0.9,4058173523,0,4,12,16,4,4,True,True,True
100,4,79,scale_free,0.9,4058173523,0,6,11,17,6,6,True,True,True
100,4,79,scale_free,0.9,4058173523,1,2,5,7,2,2,True,True,True
100,4,80,ring,0.4,3530227378,0,2,2,4,2,2,True,True,True
100,4,80,ring,0.4,3530227378,1,6,6,12,5,5,False,False,True
100,4,80,small_world,0.4,3530227378,0,2,2,4,2,2,True,True,True
100,4,80,er,0.5,3530227378,0,3,3,6,3,3,True,True,True
100,4,80,er,0.5,3530227378,1,2,4,6,2,2,True,True,True
100,4,80,er,0.5,3530227378,2,2,2,4,2,2,True,True,True
100,4,80,ring,0.5,3530227378,0,5,6,11,4,4,False,False,True
100,4,80,ring,0.5,3530227378,1,4,4,8,4,4,True,True,True
100,4,80,ring,0.5,3530227378,2,6,6,12,5,5,False,False,True
100,4,80,ring,0.5,3530227378,3,6,7,13,6,6,True,True,True
100,4,80,small_world,0.5,3530227378,0,13,15,28,13,13,True,True,False
100,4,80,small_world,0.5,3530227378,1,12,13,25,10,11,False,False,False
100,4,80,scale_free,0.5,3530227378,0,2,2,4,2,2,True,True,True
100,4,80,er,0.6,3530227378,0,33,48,81,33,33,True,True,False
100,4,80,er,0.6,3530227378,1,2,3,5,2,2,True,True,True
100,4,80,er,0.6,3530227378,2,2,2,4,2,2,True,True,True
100,4,80,ring,0.6,3530227378,0,4,6,10,3,3,False,False,True
100,4,80,ring,0.6,3530227378,1,5,10,15,5,5,True,True,True
100,4,80,ring,0.6,3530227378,2,4,6,10,4,4,True,True,True
100,4,80,ring,0.6,3530227378,3,5,6,11,4,4,False,False,True
100,4,80,ring,0.6,3530227378,4,3,9,12,3,3,True,True,True
100,4,80,small_world,0.6,3530227378,0,10,17,27,10,10,True,True,True
100,4,80,small_world,0.6,3530227378,1,13,17,30,13,13,True,True,False
100,4,80,small_world,0.6,3530227378,2,10,13,23,8,9,False,False,True
100,4,80,scale_free,0.6,3530227378,0,33,46,79,29,29,False,False,False
100,4,80,scale_free,0.6,3530227378,1,2,2,4,2,2,True,True,True
100,4,80,er,0.7,3530227378,0,27,49,76,27,27,True,True,False
100,4,80,ring,0.7,3530227378,0,6,10,16,5,5,False,False,True
100,4,80,ring,0.7,3530227378,1,5,7,12,5,5,True,True,True
100,4,80,ring,0.7,3530227378,2,3,5,8,3,3,True,True,True
100,4,80,ring,0.7,3530227378,3,5,10,15,5,5,True,True,True
100,4,80,ring,0.7,3530227378,4,2,6,8,2,2,True,True,True
100,4,80,ring,0.7,3530227378,5,2,5,7,2,2,True,True,True
100,4,80,ring,0.7,3530227378,6,2,2,4,2,2,True,True,True
100,4,80,ring,0.7,3530227378,7,2,2,4,2,2,True,True,True
100,4,80,ring,0.7,3530227378,8,3,9,12,3,3,True,True,True
100,4,80,small_world,0.7,3530227378,0,8,18,26,8,8,True,True,True
100,4,80,small_world,0.7,3530227378,1,3,3,6,2,2,False,False,True
100,4,80,small_world,0.7,3530227378,2,9,15,24,9,9,True,True,True
100,4,80,small_world,0.7,3530227378,3,7,15,22,7,7,True,True,True
100,4,80,small_world,0.7,3530227378,4,2,2,4,2,2,True,True,True
100,4,80,scale_free,0.7,3530227378,0,28,48,76,27,27,False,False,False
100,4,80,er,0.8,3530227378,0,17,47,64,17,17,True,True,False
100,4,80,ring,0.8,3530227378,0,2,5,7,2,2,True,True,True
100,4,80,ring,0.8,3530227378,1,3,4,7,3,3,True,True,True
100,4,80,ring,0.8,3530227378,2,3,5,8,3,3,True,True,True
100,4,80,ring,0.8,3530227378,3,4,10,14,4,4,True,True,True
100,4,80,ring,0.8,3530227378,4,2,5,7,2,2,True,True,True
100,4,80,small_world,0.8,3530227378,0,2,3,5,2,2,True,True,True
100,4,80,small_world,0.8,3530227378,1,3,5,8,3,3,True,True,True
100,4,80,small_world,0.8,3530227378,2,5,12,17,5,5,True,True,True
100,4,80,scale_free,0.8,3530227378,0,19,36,55,19,19,True,True,False
100,4,80,er,0.9,3530227378,0,7,30,37,7,7,True,True,True
100,4,80,ring,0.9,3530227378,0,2,4,6,2,2,True,True,True
100,4,80,small_world,0.9,3530227378,0,2,4,6,2,2,True,True,True
100,4,80,scale_free,0.9,3530227378,0,9,27,36,9,9,True,True,True
100,4,81,small_world,0.3,1589306367,0,3,3,6,3,3,True,True,True
100,4,81,er,0.4,1589306367,0,2,2,4,2,2,True,True,True
100,4,81,ring,0.4,1589306367,0,2,2,4,2,2,True,True,True
100,4,81,ring,0.4,1589306367,1,2,2,4,2,2,True,True,True
100,4,81,ring,0.4,1589306367,2,2,2,4,2,2,True,True,True
100,4,81,ring,0.4,1589306367,3,2,2,4,2,2,True,True,True
100,4,81,ring,0.4,1589306367,4,6,6,12,5,5,False,False,True
100,4,81,small_world,0.4,1589306367,0,2,2,4,2,2,True,True,True
100,4,81,small_world,0.4,1589306367,1,2,2,4,2,2,True,True,True
100,4,81,er,0.5,1589306367,0,41,42,83,40,40,False,False,False
100,4,81,ring,0.5,1589306367,0,12,15,27,12,12,True,True,False
100,4,81,ring,0.5,1589306367,1,3,3,6,2,2,False,False,True
100,4,81,ring,0.5,1589306367,2,2,2,4,2,2,True,True,True
100,4,81,ring,0.5,1589306367,3,7,9,16,7,7,True,True,True
100,4,81,ring,0.5,1589306367,4,2,2,4,2,2,True,True,True
100,4,81,ring,0.5,1589306367,5,2,4,6,2,2,True,True,True
100,4,81,ring,0.5,1589306367,6,3,3,6,2,2,False,False,True
100,4,81,small_world,0.5,1589306367,0,31,32,63,28,28,False,False,False
100,4,81,small_world,0.5,1589306367,1,3,3,6,2,2,False,False,True
100,4,81,small_world,0.5,1589306367,2,4,6,10,4,4,True,True,True
100,4,81,small_world,0.5,1589306367,3,2,2,4,2,2,True,True,True
100,4,81,scale_free,0.5,1589306367,0,2,4,6,2,2,True,True,True
100,4,81,er,0.6,1589306367,0,37,49,86,37,37,True,True,False
100,4,81,ring,0.6,1589306367,0,3,6,9,3,3,True,True,True
100,4,81,ring,0.6,1589306367,1,3,3,6,2,2,False,False,True
100,4,81,ring,0.6,1589306367,2,5,6,11,4,4,False,False,True
100,4,81,ring,0.6,1589306367,3,3,6,9,3,3,True,True,True
100,4,81,ring,0.6,1589306367,4,3,4,7,3,3,True,True,True
100,4,81,ring,0.6,1589306367,5,2,2,4,2,2,True,True,True
100,4,81,ring,0.6,1589306367,6,3,3,6,2,2,False,False,True
100,4,81,ring,0.6,1589306367,7,4,7,11,4,4,True,True,True
100,4,81,small_world,0.6,1589306367,0,3,6,9,3,3,True,True,True
100,4,81,small_world,0.6,1589306367,1,3,3,6,2,2,False,False,True
100,4,81,small_world,0.6,1589306367,2,28,32,60,25,25,False,False,False
100,4,81,small_world,0.6,1589306367,3,2,2,4,2,2,True,True,True
100,4,81,scale_free,0.6,1589306367,0,33,36,69,26,26,False,False,False
100,4,81,er,0.7,1589306367,0,26,45,71,26,26,True,True,False
100,4,81,er,0.7,1589306367,1,2,4,6,2,2,True,True,True
100,4,81,ring,0.7,1589306367,0,3,3,6,2,2,False,False,True
100,4,81,ring,0.7,1589306367,1,2,2,4,2,2,True,True,True
100,4,81,ring,0.7,1589306367,2,3,3,6,2,2,False,False,True
100,4,81,ring,0.7,1589306367,3,3,4,7,3,3,True,True,True
100,4,81,ring,0.7,1589306367,4,2,6,8,2,2,True,True,True
100,4,81,small_world,0.7,1589306367,0,3,3,6,2,2,False,False,True
100,4,81,small_world,0.7,1589306367,1,11,16,27,11,11,True,True,False
100,4,81,small_world,0.7,1589306367,2,7,11,18,7,7,True,True,True
100,4,81,scale_free,0.7,1589306367,0,23,35,58,20,20,False,False,False
100,4,81,scale_free,0.7,1589306367,1,3,3,6,3,3,True,True,True
100,4,81,er,0.8,1589306367,0,8,22,30,8,8,True,True,True
100,4,81,er,0.8,1589306367,1,9,19,28,9,9,True,True,True
100,4,81,er,0.8,1589306367,2,2,5,7,2,2,True,True,True
100,4,81,ring,0.8,1589306367,0,4,9,13,4,4,True,True,True
100,4,81,ring,0.8,1589306367,1,4,6,10,4,4,True,True,True
100,4,81,ring,0.8,1589306367,2,5,6,11,4,4,False,False,True
100,4,81,ring,0.8,1589306367,3,3,4,7,3,3,True,True,True
100,4,81,small_world,0.8,1589306367,0,18,33,51,18,18,True,True,False
100,4,81,scale_free,0.8,1589306367,0,14,30,44,11,11,False,False,False
100,4,81,er,0.9,1589306367,0,4,16,20,4,4,True,True,True
100,4,81,er,0.9,1589306367,1,2,7,9,2,2,True,True,True
100,4,81,ring,0.9,1589306367,0,3,7,10,3,3,True,True,True
100,4,81,ring,0.9,1589306367,1,4,7,11,4,4,True,True,True
100,4,81,ring,0.9,1589306367,2,2,5,7,2,2,True,True,True
100,4,81,small_world,0.9,1589306367,0,4,10,14,4,4,True,True,True
100,4,81,small_world,0.9,1589306367,1,4,10,14,4,4,True,True,True
100,4,81,scale_free,0.9,1589306367,0,2,4,6,2,2,True,True,True
100,4,81,scale_free,0.9,1589306367,1,7,13,20,7,7,True,True,True
100,4,82,ring,0.2,3065806452,0,7,7,14,5,5,False,False,True
100,4,82,ring,0.3,3065806452,0,4,6,10,3,3,False,False,True
100,4,82,ring,0.4,3065806452,0,16,18,34,13,13,False,False,False
100,4,82,ring,0.4,3065806452,1,5,5,10,4,4,False,False,True
100,4,82,er,0.5,3065806452,0,37,38,75,33,33,False,False,False
100,4,82,ring,0.5,3065806452,0,25,27,52,21,21,False,False,False
100,4,82,ring,0.5,3065806452,1,2,2,4,2,2,True,True,True
100,4,82,scale_free,0.5,3065806452,0,35,42,77,29,29,False,False,False
100,4,82,er,0.6,3065806452,0,33,47,80,33,33,True,True,False
100,4,82,ring,0.6,3065806452,0,14,19,33,14,14,True,True,False
100,4,82,ring,0.6,3065806452,1,3,5,8,3,3,True,True,True
100,4,82,ring,0.6,3065806452,2,18,21,39,17,17,False,False,False
100,4,82,ring,0.6,3065806452,3,2,2,4,2,2,True,True,True
100,4,82,small_world,0.6,3065806452,0,30,39,69,30,30,True,True,False
100,4,82,small_world,0.6,3065806452,1,2,3,5,2,2,True,True,True
100,4,82,small_world,0.6,3065806452,2,3,4,7,3,3,True,True,True
100,4,82,small_world,0.6,3065806452,3,2,3,5,2,2,True,True,True
100,4,82,scale_free,0.6,3065806452,0,31,46,77,25,25,False,False,False
100,4,82,er,0.7,3065806452,0,27,48,75,27,27,True,True,False
100,4,82,ring,0.7,3065806452,0,6,11,17,6,6,True,True,True
100,4,82,ring,0.7,3065806452,1,2,4,6,2,2,True,True,True
100,4,82,ring,0.7,3065806452,2,12,14,26,11,11,False,False,False
100,4,82,ring,0.7,3065806452,3,2,2,4,2,2,True,True,True
100,4,82,ring,0.7,3065806452,4,3,3,6,2,2,False,False,True
100,4,82,small_world,0.7,3065806452,0,18,26,44,18,18,True,True,False
100,4,82,small_world,0.7,3065806452,1,2,5,7,2,2,True,True,True
100,4,82,small_world,0.7,3065806452,2,2,8,10,2,2,True,True,True
100,4,82,small_world,0.7,3065806452,3,2,3,5,2,2,True,True,True
100,4,82,small_world,0.7,3065806452,4,3,3,6,2,2,False,False,True
100,4,82,scale_free,0.7,3065806452,0,28,45,73,25,25,False,False,False
100,4,82,er,0.8,3065806452,0,17,46,63,17,17,True,True,False
100,4,82,ring,0.8,3065806452,0,3,9,12,3,3,True,True,True
100,4,82,ring,0.8,3065806452,1,2,4,6,2,2,True,True,True
100,4,82,ring,0.8,3065806452,2,4,6,10,4,4,True,True,True
100,4,82,ring,0.8,3065806452,3,3,6,9,3,3,True,True,True
100,4,82,ring,0.8,3065806452,4,3,4,7,3,3,True,True,True
100,4,82,small_world,0.8,3065806452,0,3,8,11,3,3,True,True,True
100,4,82,small_world,0.8,3065806452,1,2,5,7,2,2,True,True,True
100,4,82,small_world,0.8,3065806452,2,2,8,10,2,2,True,True,True
100,4,82,small_world,0.8,3065806452,3,6,10,16,6,6,True,True,True
100,4,82,small_world,0.8,3065806452,4,2,3,5,2,2,True,True,True
100,4,82,scale_free,0.8,3065806452,0,19,38,57,18,18,False,False,False
100,4,82,er,0.9,3065806452,0,3,15,18,3,3,True,True,True
100,4,82,er,0.9,3065806452,1,3,7,10,3,3,True,True,True
100,4,82,ring,0.9,3065806452,0,2,7,9,2,2,True,True,True
100,4,82,ring,0.9,3065806452,1,2,4,6,2,2,True,True,True
100,4,82,small_world,0.9,3065806452,0,2,4,6,2,2,True,True,True
100,4,82,scale_free,0.9,3065806452,0,5,9,14,5,5,True,True,True
100,4,82,scale_free,0.9,3065806452,1,3,6,9,3,3,True,True,True
100,4,82,scale_free,0.9,3065806452,2,2,4,6,2,2,True,True,True
100,4,83,er,0.4,791606958,0,2,2,4,2,2,True,True,True
100,4,83,ring,0.4,791606958,0,6,6,12,5,5,False,False,True
100,4,83,ring,0.4,791606958,1,2,2,4,2,2,True,True,True
100,4,83,ring,0.4,791606958,2,2,2,4,2,2,True,True,True
100,4,83,ring,0.4,791606958,3,2,2,4,2,2,True,True,True
100,4,83,ring,0.4,791606958,4,2,2,4,2,2,True,True,True
100,4,83,ring,0.4,791606958,5,4,5,9,3,3,False,False,True
100,4,83,ring,0.4,791606958,6,5,5,10,5,5,True,True,True
100,4,83,small_world,0.4,791606958,0,3,3,6,3,3,True,True,True
100,4,83,small_world,0.4,791606958,1,2,2,4,2,2,True,True,True
100,4,83,small_world,0.4,791606958,2,4,4,8,3,3,False,False,True
100,4,83,er,0.5,791606958,0,36,37,73,34,34,False,False,False
100,4,83,er,0.5,791606958,1,2,2,4,2,2,True,True,True
100,4,83,ring,0.5,791606958,0,6,7,13,6,6,True,True,True
100,4,83,ring,0.5,791606958,1,3,5,8,3,3,True,True,True
100,4,83,ring,0.5,791606958,2,4,6,10,4,4,True,True,True
100,4,83,ring,0.5,791606958,3,4,5,9,3,3,False,False,True
100,4,83,ring,0.5,791606958,4,5,5,10,5,5,True,True,True
100,4,83,small_world,0.5,791606958,0,39,40,79,37,37,False,False,False
100,4,83,small_world,0.5,791606958,1,2,4,6,2,2,True,True,True
100,4,83,small_world,0.5,791606958,2,4,4,8,3,3,False,False,True
100,4,83,scale_free,0.5,791606958,0,40,42,82,33,33,False,False,False
100,4,83,scale_free,0.5,791606958,1,2,3,5,2,2,True,True,True
100,4,83,er,0.6,791606958,0,32,42,74,32,32,True,True,False
100,4,83,er,0.6,791606958,1,2,2,4,2,2,True,True,True
100,4,83,er,0.6,791606958,2,2,2,4,2,2,True,True,True
100,4,83,ring,0.6,791606958,0,5,7,12,5,5,True,True,True
100,4,83,ring,0.6,791606958,1,3,4,7,3,3,True,True,True
100,4,83,ring,0.6,791606958,2,3,6,9,3,3,True,True,True
100,4,83,ring,0.6,791606958,3,2,2,4,2,2,True,True,True
100,4,83,ring,0.6,791606958,4,3,5,8,3,3,True,True,True
100,4,83,ring,0.6,791606958,5,4,6,10,4,4,True,True,True
100,4,83,ring,0.6,791606958,6,10,11,21,9,9,False,False,True
100,4,83,ring,0.6,791606958,7,2,2,4,2,2,True,True,True
100,4,83,ring,0.6,791606958,8,6,7,13,5,5,False,False,True
100,4,83,small_world,0.6,791606958,0,26,31,57,25,25,False,False,False
100,4,83,small_world,0.6,791606958,1,4,5,9,3,3,False,False,True
100,4,83,small_world,0.6,791606958,2,5,7,12,5,5,True,True,True
100,4,83,small_world,0.6,791606958,3,2,4,6,2,2,True,True,True
100,4,83,scale_free,0.6,791606958,0,35,46,81,32,32,False,False,False
100,4,83,scale_free,0.6,791606958,1,2,3,5,2,2,True,True,True
100,4,83,er,0.7,791606958,0,21,38,59,21,21,True,True,False
100,4,83,er,0.7,791606958,1,2,3,5,2,2,True,True,True
100,4,83,er,0.7,791606958,2,2,2,4,2,2,True,True,True
100,4,83,ring,0.7,791606958,0,2,5,7,2,2,True,True,True
100,4,83,ring,0.7,791606958,1,2,4,6,2,2,True,True,True
100,4,83,ring,0.7,791606958,2,2,4,6,2,2,True,True,True
100,4,83,ring,0.7,791606958,3,2,5,7,2,2,True,True,True
100,4,83,ring,0.7,791606958,4,3,6,9,3,3,True,True,True
100,4,83,ring,0.7,791606958,5,9,13,22,9,9,True,True,True
100,4,83,ring,0.7,791606958,6,2,2,4,2,2,True,True,True
100,4,83,ring,0.7,791606958,7,5,6,11,4,4,False,False,True
100,4,83,small_world,0.7,791606958,0,13,22,35,13,13,True,True,False
100,4,83,small_world,0.7,791606958,1,2,3,5,2,2,True,True,True
100,4,83,small_world,0.7,791606958,2,2,4,6,2,2,True,True,True
100,4,83,small_world,0.7,791606958,3,8,12,20,8,8,True,True,True
100,4,83,scale_free,0.7,791606958,0,21,37,58,20,20,False,False,False
100,4,83,scale_free,0.7,791606958,1,5,8,13,5,5,True,True,True
100,4,83,scale_free,0.7,791606958,2,2,4,6,2,2,True,True,True
100,4,83,er,0.8,791606958,0,15,31,46,15,15,True,True,False
100,4,83,er,0.8,791606958,1,2,3,5,2,2,True,True,True
100,4,83,ring,0.8,791606958,0,2,4,6,2,2,True,True,True
100,4,83,ring,0.8,791606958,1,2,4,6,2,2,True,True,True
100,4,83,ring,0.8,791606958,2,3,6,9,3,3,True,True,True
100,4,83,ring,0.8,791606958,3,5,14,19,5,5,True,True,True
100,4,83,ring,0.8,791606958,4,3,5,8,3,3,True,True,True
100,4,83,ring,0.8,791606958,5,2,5,7,2,2,True,True,True
100,4,83,small_world,0.8,791606958,0,9,21,30,9,9,True,True,True
100,4,83,small_world,0.8,791606958,1,3,4,7,2,2,False,False,True
100,4,83,small_world,0.8,791606958,2,2,4,6,2,2,True,True,True
100,4,83,small_world,0.8,791606958,3,5,13,18,5,5,True,True,True
100,4,83,scale_free,0.8,791606958,0,15,27,42,15,15,True,True,False
100,4,83,scale_free,0.8,791606958,1,2,7,9,2,2,True,True,True
100,4,83,scale_free,0.8,791606958,2,3,7,10,3,3,True,True,True
100,4,83,er,0.9,791606958,0,4,9,13,4,4,True,True,True
100,4,83,er,0.9,791606958,1,2,4,6,2,2,True,True,True
100,4,83,ring,0.9,791606958,0,2,5,7,2,2,True,True,True
100,4,83,ring,0.9,791606958,1,3,5,8,3,3,True,True,True
100,4,83,small_world,0.9,791606958,0,3,4,7,2,2,False,False,True
100,4,83,small_world,0.9,791606958,1,2,4,6,2,2,True,True,True
100,4,83,scale_free,0.9,791606958,0,7,13,20,7,7,True,True,True
100,4,83,scale_free,0.9,791606958,1,2,4,6,2,2,True,True,True
100,4,84,ring,0.3,1500449020,0,2,2,4,2,2,True,True,True
100,4,84,ring,0.3,1500449020,1,5,5,10,5,5,True,True,True
100,4,84,scale_free,0.3,1500449020,0,3,3,6,3,3,True,True,True
100,4,84,scale_free,0.3,1500449020,1,2,2,4,2,2,True,True,True
100,4,84,er,0.4,1500449020,0,2,2,4,2,2,True,True,True
100,4,84,ring,0.4,1500449020,0,5,6,11,5,5,True,True,True
100,4,84,ring,0.4,1500449020,1,5,5,10,5,5,True,True,True
100,4,84,ring,0.4,1500449020,2,2,2,4,2,2,True,True,True
100,4,84,scale_free,0.4,1500449020,0,3,3,6,3,3,True,True,True
100,4,84,scale_free,0.4,1500449020,1,2,2,4,2,2,True,True,True
100,4,84,ring,0.5,1500449020,0,8,8,16,7,7,False,False,True
100,4,84,ring,0.5,1500449020,1,19,25,44,18,18,False,False,False
100,4,84,ring,0.5,1500449020,2,3,3,6,2,2,False,False,True
100,4,84,small_world,0.5,1500449020,0,3,3,6,2,2,False,False,True
100,4,84,scale_free,0.5,1500449020,0,3,3,6,3,3,True,True,True
100,4,84,er,0.6,1500449020,0,35,40,75,33,33,False,False,False
100,4,84,er,0.6,1500449020,1,2,4,6,2,2,True,True,True
100,4,84,ring,0.6,1500449020,0,7,8,15,6,6,False,False,True
100,4,84,ring,0.6,1500449020,1,4,6,10,4,4,True,True,True
100,4,84,ring,0.6,1500449020,2,12,19,31,12,12,True,True,False
100,4,84,ring,0.6,1500449020,3,16,16,32,13,13,False,False,False
100,4,84,small_world,0.6,1500449020,0,35,45,80,33,33,False,False,False
100,4,84,small_world,0.6,1500449020,1,4,6,10,4,4,True,True,True
100,4,84,scale_free,0.6,1500449020,0,37,40,77,28,28,False,False,False
100,4,84,scale_free,0.6,1500449020,1,2,3,5,2,2,True,True,True
100,4,84,er,0.7,1500449020,0,26,39,65,26,26,True,True,False
100,4,84,er,0.7,1500449020,1,2,5,7,2,2,True,True,True
100,4,84,er,0.7,1500449020,2,2,4,6,2,2,True,True,True
100,4,84,ring,0.7,1500449020,0,3,4,7,3,3,True,True,True
100,4,84,ring,0.7,1500449020,1,5,8,13,5,5,True,True,True
100,4,84,ring,0.7,1500449020,2,2,7,9,2,2,True,True,True
100,4,84,ring,0.7,1500449020,3,13,19,32,13,13,True,True,False
100,4,84,ring,0.7,1500449020,4,6,7,13,5,5,False,False,True
100,4,84,small_world,0.7,1500449020,0,9,18,27,9,9,True,True,True
100,4,84,small_world,0.7,1500449020,1,3,4,7,3,3,True,True,True
100,4,84,small_world,0.7,1500449020,2,4,5,9,4,4,True,True,True
100,4,84,small_world,0.7,1500449020,3,7,12,19,7,7,True,True,True
100,4,84,small_world,0.7,1500449020,4,6,8,14,6,6,True,True,True
100,4,84,scale_free,0.7,1500449020,0,28,34,62,25,25,False,False,False
100,4,84,scale_free,0.7,1500449020,1,2,3,5,2,2,True,True,True
100,4,84,er,0.8,1500449020,0,14,28,42,14,14,True,True,False
100,4,84,er,0.8,1500449020,1,4,11,15,4,4,True,True,True
100,4,84,ring,0.8,1500449020,0,3,6,9,3,3,True,True,True
100,4,84,ring,0.8,1500449020,1,8,18,26,8,8,True,True,True
100,4,84,ring,0.8,1500449020,2,5,8,13,5,5,True,True,True
100,4,84,small_world,0.8,1500449020,0,3,7,10,3,3,True,True,True
100,4,84,small_world,0.8,1500449020,1,2,4,6,2,2,True,True,True
100,4,84,small_world,0.8,1500449020,2,6,13,19,6,6,True,True,True
100,4,84,small_world,0.8,1500449020,3,4,5,9,4,4,True,True,True
100,4,84,scale_free,0.8,1500449020,0,14,23,37,14,14,True,True,False
100,4,84,scale_free,0.8,1500449020,1,2,4,6,2,2,True,True,True
100,4,84,scale_free,0.8,1500449020,2,2,2,4,2,2,True,True,True
100,4,84,er,0.9,1500449020,0,2,7,9,2,2,True,True,True
100,4,84,er,0.9,1500449020,1,4,8,12,4,4,True,True,True
100,4,84,ring,0.9,1500449020,0,3,6,9,3,3,True,True,True
100,4,84,ring,0.9,1500449020,1,2,6,8,2,2,True,True,True
100,4,84,small_world,0.9,1500449020,0,3,7,10,3,3,True,True,True
100,4,84,small_world,0.9,1500449020,1,2,5,7,2,2,True,True,True
100,4,84,scale_free,0.9,1500449020,0,7,18,25,7,7,True,True,True
100,4,85,ring,0.2,2394383633,0,2,2,4,2,2,True,True,True
100,4,85,ring,0.2,2394383633,1,2,2,4,2,2,True,True,True
100,4,85,ring,0.3,2394383633,0,3,3,6,2,2,False,False,True
100,4,85,ring,0.3,2394383633,1,2,2,4,2,2,True,True,True
100,4,85,ring,0.3,2394383633,2,7,7,14,4,4,False,False,True
100,4,85,ring,0.4,2394383633,0,2,2,4,2,2,True,True,True
100,4,85,ring,0.4,2394383633,1,8,9,17,6,6,False,False,True
100,4,85,er,0.5,2394383633,0,40,43,83,39,39,False,False,False
100,4,85,ring,0.5,2394383633,0,22,23,45,20,20,False,False,False
100,4,85,ring,0.5,2394383633,1,2,2,4,2,2,True,True,True
100,4,85,ring,0.5,2394383633,2,7,10,17,6,6,False,False,True
100,4,85,small_world,0.5,2394383633,0,33,38,71,28,28,False,False,False
100,4,85,er,0.6,2394383633,0,33,48,81,33,33,True,True,False
100,4,85,ring,0.6,2394383633,0,17,28,45,17,17,True,True,False
100,4,85,ring,0.6,2394383633,1,2,2,4,2,2,True,True,True
100,4,85,ring,0.6,2394383633,2,2,2,4,2,2,True,True,True
100,4,85,ring,0.6,2394383633,3,2,2,4,2,2,True,True,True
100,4,85,ring,0.6,2394383633,4,3,9,12,3,3,True,True,True
100,4,85,small_world,0.6,2394383633,0,19,36,55,19,19,True,True,False
100,4,85,small_world,0.6,2394383633,1,2,4,6,2,2,True,True,True
100,4,85,small_world,0.6,2394383633,2,2,2,4,2,2,True,True,True
100,4,85,scale_free,0.6,2394383633,0,33,39,72,28,28,False,False,False
100,4,85,er,0.7,2394383633,0,25,56,81,25,25,True,True,False
100,4,85,ring,0.7,2394383633,0,3,6,9,3,3,True,True,True
100,4,85,ring,0.7,2394383633,1,3,5,8,3,3,True,True,True
100,4,85,ring,0.7,2394383633,2,8,9,17,8,8,True,True,True
100,4,85,ring,0.7,2394383633,3,2,2,4,2,2,True,True,True
100,4,85,ring,0.7,2394383633,4,2,2,4,2,2,True,True,True
100,4,85,ring,0.7,2394383633,5,3,9,12,3,3,True,True,True
100,4,85,ring,0.7,2394383633,6,5,13,18,5,5,True,True,True
100,4,85,ring,0.7,2394383633,7,2,4,6,2,2,True,True,True
100,4,85,small_world,0.7,2394383633,0,9,22,31,9,9,True,True,True
100,4,85,small_world,0.7,2394383633,1,3,4,7,2,2,False,False,True
100,4,85,small_world,0.7,2394383633,2,7,8,15,7,7,True,True,True
100,4,85,small_world,0.7,2394383633,3,4,5,9,4,4,True,True,True
100,4,85,small_world,0.7,2394383633,4,2,2,4,2,2,True,True,True
100,4,85,small_world,0.7,2394383633,5,2,6,8,2,2,True,True,True
100,4,85,scale_free,0.7,2394383633,0,25,41,66,24,24,False,False,False
100,4,85,er,0.8,2394383633,0,10,25,35,10,10,True,True,True
100,4,85,er,0.8,2394383633,1,3,5,8,3,3,True,True,True
100,4,85,ring,0.8,2394383633,0,2,5,7,2,2,True,True,True
100,4,85,ring,0.8,2394383633,1,5,7,12,5,5,True,True,True
100,4,85,ring,0.8,2394383633,2,4,5,9,4,4,True,True,True
100,4,85,ring,0.8,2394383633,3,4,11,15,4,4,True,True,True
100,4,85,ring,0.8,2394383633,4,2,4,6,2,2,True,True,True
100,4,85,small_world,0.8,2394383633,0,2,6,8,2,2,True,True,True
100,4,85,small_world,0.8,2394383633,1,5,8,13,5,5,True,True,True
100,4,85,small_world,0.8,2394383633,2,6,8,14,6,6,True,True,True
100,4,85,small_world,0.8,2394383633,3,3,8,11,3,3,True,True,True
100,4,85,scale_free,0.8,2394383633,0,17,38,55,17,17,True,True,False
100,4,85,er,0.9,2394383633,0,3,8,11,3,3,True,True,True
100,4,85,er,0.9,2394383633,1,3,8,11,3,3,True,True,True
100,4,85,er,0.9,2394383633,2,2,8,10,2,2,True,True,True
100,4,85,ring,0.9,2394383633,0,3,4,7,3,3,True,True,True
100,4,85,small_world,0.9,2394383633,0,3,4,7,3,3,True,True,True
100,4,85,scale_free,0.9,2394383633,0,7,25,32,7,7,True,True,True
100,4,86,ring,0.4,416759421,0,10,11,21,9,9,False,False,True
100,4,86,er,0.5,416759421,0,34,37,71,29,29,False,False,False
100,4,86,ring,0.5,416759421,0,2,2,4,2,2,True,True,True
100,4,86,ring,0.5,416759421,1,16,20,36,14,14,False,False,False
100,4,86,ring,0.5,416759421,2,3,3,6,2,2,False,False,True
100,4,86,small_world,0.5,416759421,0,22,26,48,20,20,False,False,False
100,4,86,small_world,0.5,416759421,1,11,11,22,8,8,False,False,False
100,4,86,er,0.6,416759421,0,31,42,73,28,28,False,False,False
100,4,86,ring,0.6,416759421,0,11,12,23,10,10,False,False,False
100,4,86,ring,0.6,416759421,1,15,25,40,14,14,False,False,False
100,4,86,ring,0.6,416759421,2,5,10,15,5,5,True,True,True
100,4,86,ring,0.6,416759421,3,4,7,11,4,4,True,True,True
100,4,86,small_world,0.6,416759421,0,20,33,53,19,19,False,False,False
100,4,86,small_world,0.6,416759421,1,9,9,18,9,9,True,True,True
100,4,86,small_world,0.6,416759421,2,2,5,7,2,2,True,True,True
100,4,86,small_world,0.6,416759421,3,2,3,5,1,1,False,False,True
100,4,86,small_world,0.6,416759421,4,3,5,8,3,3,True,True,True
100,4,86,scale_free,0.6,416759421,0,38,42,80,32,32,False,False,False
100,4,86,er,0.7,416759421,0,25,43,68,24,24,False,False,False
100,4,86,er,0.7,416759421,1,2,2,4,2,2,True,True,True
100,4,86,ring,0.7,416759421,0,2,7,9,2,2,True,True,True
100,4,86,ring,0.7,416759421,1,9,11,20,8,8,False,False,True
100,4,86,ring,0.7,416759421,2,3,7,10,3,3,True,True,True
100,4,86,ring,0.7,416759421,3,4,7,11,4,4,True,True,True
100,4,86,ring,0.7,416759421,4,6,11,17,6,6,True,True,True
100,4,86,ring,0.7,416759421,5,2,6,8,2,2,True,True,True
100,4,86,ring,0.7,416759421,6,3,6,9,3,3,True,True,True
100,4,86,small_world,0.7,416759421,0,8,20,28,8,8,True,True,True
100,4,86,small_world,0.7,416759421,1,8,9,17,6,6,False,False,True
100,4,86,small_world,0.7,416759421,2,3,7,10,3,3,True,True,True
100,4,86,small_world,0.7,416759421,3,2,3,5,2,2,True,True,True
100,4,86,small_world,0.7,416759421,4,2,5,7,2,2,True,True,True
100,4,86,small_world,0.7,416759421,5,2,3,5,1,1,False,False,True
100,4,86,small_world,0.7,416759421,6,3,6,9,3,3,True,True,True
100,4,86,scale_free,0.7,416759421,0,28,39,67,27,27,False,False,False
100,4,86,er,0.8,416759421,0,15,36,51,15,15,True,True,False
100,4,86,er,0.8,416759421,1,2,3,5,2,2,True,True,True
100,4,86,ring,0.8,416759421,0,2,7,9,2,2,True,True,True
100,4,86,ring,0.8,416759421,1,2,5,7,2,2,True,True,True
100,4,86,ring,0.8,416759421,2,4,6,10,4,4,True,True,True
100,4,86,ring,0.8,416759421,3,2,6,8,2,2,True,True,True
100,4,86,ring,0.8,416759421,4,2,4,6,2,2,True,True,True
100,4,86,ring,0.8,416759421,5,3,6,9,3,3,True,True,True
100,4,86,small_world,0.8,416759421,0,6,20,26,6,6,True,True,True
100,4,86,small_world,0.8,416759421,1,2,5,7,2,2,True,True,True
100,4,86,small_world,0.8,416759421,2,4,6,10,4,4,True,True,True
100,4,86,small_world,0.8,416759421,3,2,4,6,2,2,True,True,True
100,4,86,small_world,0.8,416759421,4,3,6,9,3,3,True,True,True
100,4,86,scale_free,0.8,416759421,0,19,36,55,19,19,True,True,False
100,4,86,er,0.9,416759421,0,7,22,29,7,7,True,True,True
100,4,86,ring,0.9,416759421,0,2,7,9,2,2,True,True,True
100,4,86,ring,0.9,416759421,1,2,7,9,2,2,True,True,True
100,4,86,small_world,0.9,416759421,0,5,18,23,5,5,True,True,True
100,4,86,small_world,0.9,416759421,1,2,7,9,2,2,True,True,True
100,4,86,scale_free,0.9,416759421,0,4,15,19,4,4,True,True,True
100,4,86,scale_free,0.9,416759421,1,2,5,7,2,2,True,True,True
100,4,86,scale_free,0.9,416759421,2,2,4,6,2,2,True,True,True
100,4,87,ring,0.4,1033985123,0,3,3,6,2,2,False,False,True
100,4,87,scale_free,0.4,1033985123,0,2,2,4,2,2,True,True,True
100,4,87,er,0.5,1033985123,0,42,43,85,37,37,False,False,False
100,4,87,ring,0.5,1033985123,0,38,41,79,37,37,False,False,False
100,4,87,ring,0.5,1033985123,1,2,2,4,2,2,True,True,True
100,4,87,small_world,0.5,1033985123,0,44,47,91,39,39,False,False,False
100,4,87,scale_free,0.5,1033985123,0,40,41,81,31,31,False,False,False
100,4,87,er,0.6,1033985123,0,34,48,82,33,33,False,False,False
100,4,87,ring,0.6,1033985123,0,8,12,20,8,8,True,True,True
100,4,87,ring,0.6,1033985123,1,9,9,18,9,9,True,True,True
100,4,87,ring,0.6,1033985123,2,4,6,10,4,4,True,True,True
100,4,87,ring,0.6,1033985123,3,2,5,7,2,2,True,True,True
100,4,87,ring,0.6,1033985123,4,10,17,27,10,10,True,True,True
100,4,87,small_world,0.6,1033985123,0,6,9,15,6,6,True,True,True
100,4,87,small_world,0.6,1033985123,1,15,15,30,13,13,False,False,False
100,4,87,small_world,0.6,1033985123,2,19,30,49,18,18,False,False,False
100,4,87,scale_free,0.6,1033985123,0,34,41,75,28,28,False,False,False
100,4,87,er,0.7,1033985123,0,27,49,76,26,26,False,False,False
100,4,87,ring,0.7,1033985123,0,7,13,20,7,7,True,True,True
100,4,87,ring,0.7,1033985123,1,5,8,13,5,5,True,True,True
100,4,87,ring,0.7,1033985123,2,6,8,14,6,6,True,True,True
100,4,87,ring,0.7,1033985123,3,2,5,7,2,2,True,True,True
100,4,87,ring,0.7,1033985123,4,9,18,27,9,9,True,True,True
100,4,87,small_world,0.7,1033985123,0,5,9,14,5,5,True,True,True
100,4,87,small_world,0.7,1033985123,1,21,41,62,21,21,True,True,False
100,4,87,small_world,0.7,1033985123,2,3,3,6,2,2,False,False,True
100,4,87,scale_free,0.7,1033985123,0,26,41,67,24,24,False,False,False
100,4,87,er,0.8,1033985123,0,4,10,14,4,4,True,True,True
100,4,87,er,0.8,1033985123,1,9,18,27,9,9,True,True,True
100,4,87,er,0.8,1033985123,2,2,5,7,2,2,True,True,True
100,4,87,ring,0.8,1033985123,0,3,7,10,3,3,True,True,True
100,4,87,ring,0.8,1033985123,1,3,6,9,3,3,True,True,True
100,4,87,ring,0.8,1033985123,2,4,8,12,4,4,True,True,True
100,4,87,ring,0.8,1033985123,3,3,5,8,3,3,True,True,True
100,4,87,ring,0.8,1033985123,4,3,9,12,3,3,True,True,True
100,4,87,small_world,0.8,1033985123,0,3,6,9,3,3,True,True,True
100,4,87,small_world,0.8,1033985123,1,2,8,10,2,2,True,True,True
100,4,87,small_world,0.8,1033985123,2,3,3,6,2,2,False,False,True
100,4,87,small_world,0.8,1033985123,3,4,9,13,4,4,True,True,True
100,4,87,small_world,0.8,1033985123,4,3,9,12,3,3,True,True,True
100,4,87,small_world,0.8,1033985123,5,2,4,6,2,2,True,True,True
100,4,87,scale_free,0.8,1033985123,0,18,46,64,17,17,False,False,False
100,4,87,ring,0.9,1033985123,0,3,7,10,3,3,True,True,True
100,4,87,ring,0.9,1033985123,1,2,4,6,2,2,True,True,True
100,4,87,ring,0.9,1033985123,2,2,6,8,2,2,True,True,True
100,4,87,small_world,0.9,1033985123,0,3,9,12,3,3,True,True,True
100,4,87,small_world,0.9,1033985123,1,2,6,8,2,2,True,True,True
100,4,87,small_world,0.9,1033985123,2,2,4,6,2,2,True,True,True
100,4,87,scale_free,0.9,1033985123,0,8,36,44,8,8,True,True,True
100,4,88,scale_free,0.3,2449359498,0,3,4,7,3,3,True,True,True
100,4,88,scale_free,0.4,2449359498,0,2,4,6,2,2,True,True,True
100,4,88,er,0.5,2449359498,0,37,42,79,36,36,False,False,False
100,4,88,ring,0.5,2449359498,0,27,28,55,25,25,False,False,False
100,4,88,er,0.6,2449359498,0,28,40,68,28,28,True,True,False
100,4,88,er,0.6,2449359498,1,2,2,4,2,2,True,True,True
100,4,88,ring,0.6,2449359498,0,16,19,35,16,16,True,True,False
100,4,88,ring,0.6,2449359498,1,2,2,4,2,2,True,True,True
100,4,88,ring,0.6,2449359498,2,16,19,35,15,15,False,False,False
100,4,88,ring,0.6,2449359498,3,6,12,18,6,6,True,True,True
100,4,88,small_world,0.6,2449359498,0,37,46,83,36,36,False,False,False
100,4,88,small_world,0.6,2449359498,1,2,2,4,2,2,True,True,True
100,4,88,scale_free,0.6,2449359498,0,37,39,76,29,29,False,False,False
100,4,88,scale_free,0.6,2449359498,1,2,3,5,2,2,True,True,True
100,4,88,er,0.7,2449359498,0,17,34,51,17,17,True,True,False
100,4,88,er,0.7,2449359498,1,3,8,11,3,3,True,True,True
100,4,88,ring,0.7,2449359498,0,6,12,18,6,6,True,True,True
100,4,88,ring,0.7,2449359498,1,5,11,16,5,5,True,True,True
100,4,88,ring,0.7,2449359498,2,2,4,6,2,2,True,True,True
100,4,88,ring,0.7,2449359498,3,6,8,14,6,6,True,True,True
100,4,88,ring,0.7,2449359498,4,5,8,13,5,5,True,True,True
100,4,88,ring,0.7,2449359498,5,6,12,18,6,6,True,True,True
100,4,88,small_world,0.7,2449359498,0,5,9,14,5,5,True,True,True
100,4,88,small_world,0.7,2449359498,1,17,29,46,17,17,True,True,False
100,4,88,small_world,0.7,2449359498,2,2,4,6,2,2,True,True,True
100,4,88,small_world,0.7,2449359498,3,5,9,14,5,5,True,True,True
100,4,88,scale_free,0.7,2449359498,0,27,32,59,25,25,False,False,False
100,4,88,scale_free,0.7,2449359498,1,2,3,5,2,2,True,True,True
100,4,88,er,0.8,2449359498,0,3,8,11,3,3,True,True,True
100,4,88,er,0.8,2449359498,1,11,26,37,11,11,True,True,False
100,4,88,ring,0.8,2449359498,0,5,9,14,5,5,True,True,True
100,4,88,ring,0.8,2449359498,1,3,9,12,3,3,True,True,True
100,4,88,ring,0.8,2449359498,2,5,8,13,5,5,True,True,True
100,4,88,ring,0.8,2449359498,3,4,8,12,4,4,True,True,True
100,4,88,small_world,0.8,2449359498,0,4,7,11,4,4,True,True,True
100,4,88,small_world,0.8,2449359498,1,5,14,19,5,5,True,True,True
100,4,88,small_world,0.8,2449359498,2,5,8,13,5,5,True,True,True
100,4,88,small_world,0.8,2449359498,3,3,5,8,3,3,True,True,True
100,4,88,scale_free,0.8,2449359498,0,15,20,35,14,14,False,False,False
100,4,88,scale_free,0.8,2449359498,1,3,5,8,3,3,True,True,True
100,4,88,er,0.9,2449359498,0,4,11,15,4,4,True,True,True
100,4,88,ring,0.9,2449359498,0,2,4,6,2,2,True,True,True
100,4,88,ring,0.9,2449359498,1,2,5,7,2,2,True,True,True
100,4,88,small_world,0.9,2449359498,0,3,8,11,3,3,True,True,True
100,4,88,small_world,0.9,2449359498,1,2,5,7,2,2,True,True,True
100,4,88,small_world,0.9,2449359498,2,2,8,10,2,2,True,True,True
100,4,88,scale_free,0.9,2449359498,0,3,8,11,3,3,True,True,True
100,4,88,scale_free,0.9,2449359498,1,5,11,16,5,5,True,True,True
100,4,89,scale_free,0.2,457347036,0,2,2,4,2,2,True,True,True
100,4,89,ring,0.3,457347036,0,8,8,16,7,7,False,False,True
100,4,89,ring,0.4,457347036,0,9,9,18,7,7,False,False,True
100,4,89,scale_free,0.4,457347036,0,36,36,72,32,32,False,False,False
100,4,89,ring,0.5,457347036,0,29,31,60,25,25,False,False,False
100,4,89,ring,0.5,457347036,1,3,3,6,2,2,False,False,True
100,4,89,ring,0.5,457347036,2,9,10,19,8,8,False,False,True
100,4,89,small_world,0.5,457347036,0,32,38,70,30,30,False,False,False
100,4,89,scale_free,0.5,457347036,0,41,45,86,36,36,False,False,False
100,4,89,er,0.6,457347036,0,37,46,83,37,37,True,True,False
100,4,89,ring,0.6,457347036,0,4,6,10,3,3,False,False,True
100,4,89,ring,0.6,457347036,1,3,4,7,3,3,True,True,True
100,4,89,ring,0.6,457347036,2,7,9,16,7,7,True,True,True
100,4,89,ring,0.6,457347036,3,15,18,33,14,14,False,False,False
100,4,89,ring,0.6,457347036,4,2,7,9,2,2,True,True,True
100,4,89,ring,0.6,457347036,5,2,7,9,2,2,True,True,True
100,4,89,small_world,0.6,457347036,0,16,18,34,14,14,False,False,False
100,4,89,small_world,0.6,457347036,1,15,22,37,15,15,True,True,False
100,4,89,small_world,0.6,457347036,2,7,9,16,5,5,False,False,True
100,4,89,small_world,0.6,457347036,3,2,7,9,2,2,True,True,True
100,4,89,scale_free,0.6,457347036,0,35,54,89,31,31,False,False,False
100,4,89,er,0.7,457347036,0,29,48,77,29,29,True,True,False
100,4,89,ring,0.7,457347036,0,9,13,22,8,8,False,False,True
100,4,89,ring,0.7,457347036,1,5,11,16,5,5,True,True,True
100,4,89,ring,0.7,457347036,2,6,6,12,5,5,False,False,True
100,4,89,ring,0.7,457347036,3,4,7,11,4,4,True,True,True
100,4,89,ring,0.7,457347036,4,2,4,6,2,2,True,True,True
100,4,89,ring,0.7,457347036,5,2,7,9,2,2,True,True,True
100,4,89,ring,0.7,457347036,6,2,7,9,2,2,True,True,True
100,4,89,small_world,0.7,457347036,0,20,35,55,19,19,False,False,False
100,4,89,small_world,0.7,457347036,1,6,10,16,6,6,True,True,True
100,4,89,small_world,0.7,457347036,2,2,4,6,2,2,True,True,True
100,4,89,small_world,0.7,457347036,3,2,7,9,2,2,True,True,True
100,4,89,scale_free,0.7,457347036,0,28,57,85,25,25,False,False,False
100,4,89,er,0.8,457347036,0,19,43,62,19,19,True,True,False
100,4,89,ring,0.8,457347036,0,5,9,14,5,5,True,True,True
100,4,89,ring,0.8,457347036,1,3,4,7,3,3,True,True,True
100,4,89,ring,0.8,457347036,2,2,4,6,2,2,True,True,True
100,4,89,ring,0.8,457347036,3,2,7,9,2,2,True,True,True
100,4,89,small_world,0.8,457347036,0,7,17,24,7,7,True,True,True
100,4,89,small_world,0.8,457347036,1,3,8,11,3,3,True,True,True
100,4,89,small_world,0.8,457347036,2,3,4,7,3,3,True,True,True
100,4,89,small_world,0.8,457347036,3,2,7,9,2,2,True,True,True
100,4,89,scale_free,0.8,457347036,0,19,50,69,18,18,False,False,False
100,4,89,er,0.9,457347036,0,10,33,43,10,10,True,True,True
100,4,89,ring,0.9,457347036,0,2,4,6,2,2,True,True,True
100,4,89,small_world,0.9,457347036,0,2,7,9,2,2,True,True,True
100,4,89,small_world,0.9,457347036,1,2,5,7,2,2,True,True,True
100,4,89,scale_free,0.9,457347036,0,7,24,31,7,7,True,True,True
100,4,89,scale_free,0.9,457347036,1,2,3,5,2,2,True,True,True
100,4,90,ring,0.3,2165528187,0,7,7,14,6,6,False,False,True
100,4,90,scale_free,0.3,2165528187,0,2,2,4,2,2,True,True,True
100,4,90,er,0.4,2165528187,0,2,2,4,2,2,True,True,True
100,4,90,er,0.4,2165528187,1,2,2,4,2,2,True,True,True
100,4,90,ring,0.4,2165528187,0,8,9,17,7,7,False,False,True
100,4,90,ring,0.4,2165528187,1,7,7,14,6,6,False,False,True
100,4,90,er,0.5,2165528187,0,36,36,72,33,33,False,False,False
100,4,90,er,0.5,2165528187,1,2,2,4,2,2,True,True,True
100,4,90,ring,0.5,2165528187,0,3,3,6,2,2,False,False,True
100,4,90,ring,0.5,2165528187,1,3,7,10,3,3,True,True,True
100,4,90,ring,0.5,2165528187,2,12,16,28,12,12,True,True,False
100,4,90,ring,0.5,2165528187,3,2,2,4,2,2,True,True,True
100,4,90,ring,0.5,2165528187,4,4,5,9,4,4,True,True,True
100,4,90,small_world,0.5,2165528187,0,35,39,74,31,31,False,False,False
100,4,90,er,0.6,2165528187,0,33,44,77,33,33,True,True,False
100,4,90,ring,0.6,2165528187,0,3,7,10,3,3,True,True,True
100,4,90,ring,0.6,2165528187,1,3,7,10,3,3,True,True,True
100,4,90,ring,0.6,2165528187,2,5,10,15,5,5,True,True,True
100,4,90,ring,0.6,2165528187,3,8,11,19,8,8,True,True,True
100,4,90,ring,0.6,2165528187,4,4,5,9,4,4,True,True,True
100,4,90,small_world,0.6,2165528187,0,33,41,74,32,32,False,False,False
100,4,90,small_world,0.6,2165528187,1,4,7,11,4,4,True,True,True
100,4,90,scale_free,0.6,2165528187,0,35,38,73,30,30,False,False,False
100,4,90,er,0.7,2165528187,0,23,45,68,23,23,True,True,False
100,4,90,er,0.7,2165528187,1,2,3,5,2,2,True,True,True
100,4,90,ring,0.7,2165528187,0,12,14,26,10,10,False,False,False
100,4,90,ring,0.7,2165528187,1,2,6,8,2,2,True,True,True
100,4,90,ring,0.7,2165528187,2,2,4,6,2,2,True,True,True
100,4,90,ring,0.7,2165528187,3,3,7,10,3,3,True,True,True
100,4,90,ring,0.7,2165528187,4,2,4,6,2,2,True,True,True
100,4,90,ring,0.7,2165528187,5,4,9,13,4,4,True,True,True
100,4,90,ring,0.7,2165528187,6,2,4,6,2,2,True,True,True
100,4,90,ring,0.7,2165528187,7,3,4,7,3,3,True,True,True
100,4,90,small_world,0.7,2165528187,0,16,27,43,16,16,True,True,False
100,4,90,small_world,0.7,2165528187,1,2,6,8,2,2,True,True,True
100,4,90,small_world,0.7,2165528187,2,6,11,17,6,6,True,True,True
100,4,90,small_world,0.7,2165528187,3,2,4,6,2,2,True,True,True
100,4,90,small_world,0.7,2165528187,4,3,4,7,3,3,True,True,True
100,4,90,scale_free,0.7,2165528187,0,16,24,40,16,16,True,True,False
100,4,90,scale_free,0.7,2165528187,1,7,8,15,6,6,False,False,True
100,4,90,er,0.8,2165528187,0,10,29,39,10,10,True,True,True
100,4,90,er,0.8,2165528187,1,2,6,8,2,2,True,True,True
100,4,90,ring,0.8,2165528187,0,4,9,13,4,4,True,True,True
100,4,90,ring,0.8,2165528187,1,2,4,6,2,2,True,True,True
100,4,90,ring,0.8,2165528187,2,2,4,6,2,2,True,True,True
100,4,90,ring,0.8,2165528187,3,2,4,6,2,2,True,True,True
100,4,90,ring,0.8,2165528187,4,2,4,6,2,2,True,True,True
100,4,90,ring,0.8,2165528187,5,3,4,7,3,3,True,True,True
100,4,90,ring,0.8,2165528187,6,3,7,10,3,3,True,True,True
100,4,90,small_world,0.8,2165528187,0,9,20,29,9,9,True,True,True
100,4,90,small_world,0.8,2165528187,1,4,8,12,4,4,True,True,True
100,4,90,small_world,0.8,2165528187,2,2,4,6,2,2,True,True,True
100,4,90,small_world,0.8,2165528187,3,3,4,7,3,3,True,True,True
100,4,90,scale_free,0.8,2165528187,0,14,24,38,14,14,True,True,False
100,4,90,scale_free,0.8,2165528187,1,4,6,10,4,4,True,True,True
100,4,90,er,0.9,2165528187,0,3,14,17,3,3,True,True,True
100,4,90,ring,0.9,2165528187,0,3,7,10,3,3,True,True,True
100,4,90,ring,0.9,2165528187,1,2,4,6,2,2,True,True,True
100,4,90,ring,0.9,2165528187,2,2,4,6,2,2,True,True,True
100,4,90,small_world,0.9,2165528187,0,3,7,10,3,3,True,True,True
100,4,90,small_world,0.9,2165528187,1,2,4,6,2,2,True,True,True
100,4,90,small_world,0.9,2165528187,2,2,4,6,2,2,True,True,True
100,4,90,scale_free,0.9,2165528187,0,2,6,8,2,2,True,True,True
100,4,90,scale_free,0.9,2165528187,1,4,5,9,4,4,True,True,True
100,4,90,scale_free,0.9,2165528187,2,4,6,10,4,4,True,True,True
100,4,91,ring,0.4,1298892974,0,2,2,4,2,2,True,True,True
100,4,91,ring,0.4,1298892974,1,2,2,4,2,2,True,True,True
100,4,91,small_world,0.4,1298892974,0,2,2,4,2,2,True,True,True
100,4,91,ring,0.5,1298892974,0,3,3,6,2,2,False,False,True
100,4,91,ring,0.5,1298892974,1,8,10,18,7,7,False,False,True
100,4,91,ring,0.5,1298892974,2,2,2,4,2,2,True,True,True
100,4,91,small_world,0.5,1298892974,0,3,3,6,2,2,False,False,True
100,4,91,small_world,0.5,1298892974,1,2,2,4,2,2,True,True,True
100,4,91,scale_free,0.5,1298892974,0,37,44,81,31,31,False,False,False
100,4,91,er,0.6,1298892974,0,31,40,71,28,28,False,False,False
100,4,91,er,0.6,1298892974,1,2,3,5,2,2,True,True,True
100,4,91,ring,0.6,1298892974,0,10,16,26,10,10,True,True,True
100,4,91,ring,0.6,1298892974,1,4,7,11,4,4,True,True,True
100,4,91,ring,0.6,1298892974,2,3,3,6,2,2,False,False,True
100,4,91,ring,0.6,1298892974,3,2,7,9,2,2,True,True,True
100,4,91,ring,0.6,1298892974,4,11,11,22,9,9,False,False,False
100,4,91,small_world,0.6,1298892974,0,16,23,39,16,16,True,True,False
100,4,91,small_world,0.6,1298892974,1,3,3,6,2,2,False,False,True
100,4,91,small_world,0.6,1298892974,2,7,7,14,6,6,False,False,True
100,4,91,small_world,0.6,1298892974,3,3,6,9,3,3,True,True,True
100,4,91,small_world,0.6,1298892974,4,9,10,19,8,8,False,False,True
100,4,91,scale_free,0.6,1298892974,0,29,48,77,27,27,False,False,False
100,4,91,er,0.7,1298892974,0,28,44,72,27,27,False,False,False
100,4,91,ring,0.7,1298892974,0,5,10,15,5,5,True,True,True
100,4,91,ring,0.7,1298892974,1,4,7,11,4,4,True,True,True
100,4,91,ring,0.7,1298892974,2,3,8,11,3,3,True,True,True
100,4,91,ring,0.7,1298892974,3,3,4,7,3,3,True,True,True
100,4,91,ring,0.7,1298892974,4,2,7,9,2,2,True,True,True
100,4,91,ring,0.7,1298892974,5,12,17,29,11,11,False,False,False
100,4,91,small_world,0.7,1298892974,0,22,40,62,22,22,True,True,False
100,4,91,small_world,0.7,1298892974,1,3,4,7,3,3,True,True,True
100,4,91,small_world,0.7,1298892974,2,3,7,10,3,3,True,True,True
100,4,91,scale_free,0.7,1298892974,0,25,55,80,25,25,True,True,False
100,4,91,er,0.8,1298892974,0,4,5,9,4,4,True,True,True
100,4,91,er,0.8,1298892974,1,13,27,40,13,13,True,True,False
100,4,91,ring,0.8,1298892974,0,4,7,11,4,4,True,True,True
100,4,91,ring,0.8,1298892974,1,2,4,6,2,2,True,True,True
100,4,91,ring,0.8,1298892974,2,2,7,9,2,2,True,True,True
100,4,91,ring,0.8,1298892974,3,3,6,9,3,3,True,True,True
100,4,91,ring,0.8,1298892974,4,2,6,8,2,2,True,True,True
100,4,91,ring,0.8,1298892974,5,2,5,7,2,2,True,True,True
100,4,91,small_world,0.8,1298892974,0,3,9,12,3,3,True,True,True
100,4,91,small_world,0.8,1298892974,1,7,15,22,7,7,True,True,True
100,4,91,small_world,0.8,1298892974,2,2,4,6,2,2,True,True,True
100,4,91,small_world,0.8,1298892974,3,3,11,14,3,3,True,True,True
100,4,91,scale_free,0.8,1298892974,0,16,56,72,16,16,True,True,False
100,4,91,scale_free,0.8,1298892974,1,2,2,4,2,2,True,True,True
100,4,91,er,0.9,1298892974,0,2,10,12,2,2,True,True,True
100,4,91,er,0.9,1298892974,1,3,8,11,3,3,True,True,True
100,4,91,er,0.9,1298892974,2,2,5,7,2,2,True,True,True
100,4,91,ring,0.9,1298892974,0,2,5,7,2,2,True,True,True
100,4,91,ring,0.9,1298892974,1,2,4,6,2,2,True,True,True
100,4,91,small_world,0.9,1298892974,0,2,5,7,2,2,True,True,True
100,4,91,small_world,0.9,1298892974,1,2,5,7,2,2,True,True,True
100,4,91,scale_free,0.9,1298892974,0,8,23,31,8,8,True,True,True
100,4,92,ring,0.4,1078482031,0,5,5,10,4,4,False,False,True
100,4,92,ring,0.5,1078482031,0,5,9,14,5,5,True,True,True
100,4,92,ring,0.5,1078482031,1,4,4,8,3,3,False,False,True
100,4,92,ring,0.5,1078482031,2,6,6,12,5,5,False,False,True
100,4,92,small_world,0.5,1078482031,0,7,9,16,7,7,True,True,True
100,4,92,scale_free,0.5,1078482031,0,38,41,79,33,33,False,False,False
100,4,92,er,0.6,1078482031,0,35,46,81,34,35,False,True,False
100,4,92,ring,0.6,1078482031,0,20,25,45,18,18,False,False,False
100,4,92,ring,0.6,1078482031,1,5,5,10,4,4,False,False,True
100,4,92,ring,0.6,1078482031,2,2,6,8,2,2,True,True,True
100,4,92,ring,0.6,1078482031,3,2,4,6,2,2,True,True,True
100,4,92,ring,0.6,1078482031,4,9,11,20,8,8,False,False,True
100,4,92,small_world,0.6,1078482031,0,28,36,64,26,26,False,False,False
100,4,92,small_world,0.6,1078482031,1,3,4,7,3,3,True,True,True
100,4,92,small_world,0.6,1078482031,2,5,8,13,5,5,True,True,True
100,4,92,scale_free,0.6,1078482031,0,36,46,82,34,34,False,False,False
100,4,92,er,0.7,1078482031,0,28,47,75,28,28,True,True,False
100,4,92,ring,0.7,1078482031,0,3,6,9,3,3,True,True,True
100,4,92,ring,0.7,1078482031,1,9,12,21,8,8,False,False,True
100,4,92,ring,0.7,1078482031,2,2,6,8,2,2,True,True,True
100,4,92,ring,0.7,1078482031,3,2,4,6,2,2,True,True,True
100,4,92,ring,0.7,1078482031,4,3,8,11,3,3,True,True,True
100,4,92,ring,0.7,1078482031,5,3,6,9,3,3,True,True,True
100,4,92,ring,0.7,1078482031,6,5,7,12,4,4,False,False,True
100,4,92,ring,0.7,1078482031,7,3,7,10,3,3,True,True,True
100,4,92,small_world,0.7,1078482031,0,3,7,10,3,3,True,True,True
100,4,92,small_world,0.7,1078482031,1,10,15,25,9,9,False,False,True
100,4,92,small_world,0.7,1078482031,2,6,12,18,6,6,True,True,True
100,4,92,small_world,0.7,1078482031,3,2,2,4,2,2,True,True,True
100,4,92,small_world,0.7,1078482031,4,6,10,16,5,5,False,False,True
100,4,92,scale_free,0.7,1078482031,0,28,43,71,27,27,False,False,False
100,4,92,scale_free,0.7,1078482031,1,2,2,4,2,2,True,True,True
100,4,92,er,0.8,1078482031,0,16,27,43,16,16,True,True,False
100,4,92,er,0.8,1078482031,1,2,3,5,2,2,True,True,True
100,4,92,ring,0.8,1078482031,0,8,13,21,8,8,True,True,True
100,4,92,ring,0.8,1078482031,1,3,8,11,3,3,True,True,True
100,4,92,ring,0.8,1078482031,2,3,7,10,3,3,True,True,True
100,4,92,ring,0.8,1078482031,3,2,5,7,2,2,True,True,True
100,4,92,small_world,0.8,1078482031,0,12,24,36,12,12,True,True,False
100,4,92,small_world,0.8,1078482031,1,4,10,14,4,4,True,True,True
100,4,92,small_world,0.8,1078482031,2,2,2,4,2,2,True,True,True
100,4,92,scale_free,0.8,1078482031,0,20,40,60,19,19,False,False,False
100,4,92,er,0.9,1078482031,0,8,20,28,8,8,True,True,True
100,4,92,ring,0.9,1078482031,0,3,8,11,3,3,True,True,True
100,4,92,ring,0.9,1078482031,1,2,7,9,2,2,True,True,True
100,4,92,small_world,0.9,1078482031,0,4,12,16,4,4,True,True,True
100,4,92,scale_free,0.9,1078482031,0,8,22,30,8,8,True,True,True
100,4,93,ring,0.3,1299782562,0,5,5,10,5,5,True,True,True
100,4,93,er,0.4,1299782562,0,4,4,8,4,4,True,True,True
100,4,93,er,0.4,1299782562,1,2,2,4,2,2,True,True,True
100,4,93,er,0.4,1299782562,2,2,2,4,2,2,True,True,True
100,4,93,ring,0.4,1299782562,0,2,2,4,2,2,True,True,True
100,4,93,ring,0.4,1299782562,1,2,2,4,2,2,True,True,True
100,4,93,ring,0.5,1299782562,0,2,2,4,2,2,True,True,True
100,4,93,small_world,0.5,1299782562,0,48,48,96,42,42,False,False,False
100,4,93,scale_free,0.5,1299782562,0,37,42,79,30,30,False,False,False
100,4,93,er,0.6,1299782562,0,33,39,72,31,31,False,False,False
100,4,93,er,0.6,1299782562,1,3,6,9,3,3,True,True,True
100,4,93,ring,0.6,1299782562,0,10,12,22,9,9,False,False,True
100,4,93,ring,0.6,1299782562,1,14,17,31,13,13,False,False,False
100,4,93,ring,0.6,1299782562,2,13,21,34,12,12,False,False,False
100,4,93,ring,0.6,1299782562,3,3,4,7,3,3,True,True,True
100,4,93,small_world,0.6,1299782562,0,6,7,13,6,6,True,True,True
100,4,93,small_world,0.6,1299782562,1,32,46,78,31,31,False,False,False
100,4,93,small_world,0.6,1299782562,2,2,2,4,2,2,True,True,True
100,4,93,scale_free,0.6,1299782562,0,36,48,84,33,33,False,False,False
100,4,93,er,0.7,1299782562,0,25,43,68,24,25,False,True,False
100,4,93,er,0.7,1299782562,1,3,7,10,3,3,True,True,True
100,4,93,ring,0.7,1299782562,0,2,4,6,2,2,True,True,True
100,4,93,ring,0.7,1299782562,1,13,18,31,13,13,True,True,False
100,4,93,ring,0.7,1299782562,2,6,10,16,6,6,True,True,True
100,4,93,ring,0.7,1299782562,3,2,5,7,2,2,True,True,True
100,4,93,ring,0.7,1299782562,4,2,4,6,2,2,True,True,True
100,4,93,ring,0.7,1299782562,5,4,6,10,4,4,True,True,True
100,4,93,small_world,0.7,1299782562,0,23,38,61,23,23,True,True,False
100,4,93,small_world,0.7,1299782562,1,2,4,6,2,2,True,True,True
100,4,93,small_world,0.7,1299782562,2,4,7,11,4,4,True,True,True
100,4,93,scale_free,0.7,1299782562,0,29,53,82,28,28,False,False,False
100,4,93,er,0.8,1299782562,0,15,32,47,15,15,True,True,False
100,4,93,er,0.8,1299782562,1,2,5,7,2,2,True,True,True
100,4,93,ring,0.8,1299782562,0,2,6,8,2,2,True,True,True
100,4,93,ring,0.8,1299782562,1,6,10,16,6,6,True,True,True
100,4,93,ring,0.8,1299782562,2,2,5,7,2,2,True,True,True
100,4,93,ring,0.8,1299782562,3,2,4,6,2,2,True,True,True
100,4,93,ring,0.8,1299782562,4,3,6,9,3,3,True,True,True
100,4,93,small_world,0.8,1299782562,0,2,8,10,2,2,True,True,True
100,4,93,small_world,0.8,1299782562,1,2,7,9,2,2,True,True,True
100,4,93,small_world,0.8,1299782562,2,9,18,27,9,9,True,True,True
100,4,93,small_world,0.8,1299782562,3,2,4,6,2,2,True,True,True
100,4,93,small_world,0.8,1299782562,4,3,7,10,3,3,True,True,True
100,4,93,scale_free,0.8,1299782562,0,20,47,67,20,20,True,True,False
100,4,93,er,0.9,1299782562,0,2,8,10,2,2,True,True,True
100,4,93,er,0.9,1299782562,1,2,5,7,2,2,True,True,True
100,4,93,er,0.9,1299782562,2,2,3,5,2,2,True,True,True
100,4,93,er,0.9,1299782562,3,2,6,8,2,2,True,True,True
100,4,93,ring,0.9,1299782562,0,2,6,8,2,2,True,True,True
100,4,93,ring,0.9,1299782562,1,2,4,6,2,2,True,True,True
100,4,93,ring,0.9,1299782562,2,2,4,6,2,2,True,True,True
100,4,93,small_world,0.9,1299782562,0,2,7,9,2,2,True,True,True
100,4,93,small_world,0.9,1299782562,1,2,4,6,2,2,True,True,True
100,4,93,small_world,0.9,1299782562,2,2,8,10,2,2,True,True,True
100,4,93,small_world,0.9,1299782562,3,2,4,6,2,2,True,True,True
100,4,93,scale_free,0.9,1299782562,0,9,20,29,9,9,True,True,True
100,4,94,small_world,0.3,1344051025,0,3,3,6,3,3,True,True,True
100,4,94,ring,0.4,1344051025,0,10,10,20,7,7,False,False,True
100,4,94,ring,0.4,1344051025,1,8,9,17,7,7,False,False,True
100,4,94,ring,0.4,1344051025,2,8,10,18,8,8,True,True,True
100,4,94,ring,0.4,1344051025,3,2,2,4,2,2,True,True,True
100,4,94,ring,0.4,1344051025,4,2,2,4,2,2,True,True,True
100,4,94,small_world,0.4,1344051025,0,3,3,6,3,3,True,True,True
100,4,94,small_world,0.4,1344051025,1,2,2,4,2,2,True,True,True
100,4,94,er,0.5,1344051025,0,37,41,78,35,35,False,False,False
100,4,94,ring,0.5,1344051025,0,2,7,9,2,2,True,True,True
100,4,94,ring,0.5,1344051025,1,6,6,12,5,5,False,False,True
100,4,94,ring,0.5,1344051025,2,3,5,8,3,3,True,True,True
100,4,94,ring,0.5,1344051025,3,4,6,10,4,4,True,True,True
100,4,94,ring,0.5,1344051025,4,2,2,4,2,2,True,True,True
100,4,94,small_world,0.5,1344051025,0,7,12,19,7,7,True,True,True
100,4,94,small_world,0.5,1344051025,1,3,3,6,3,3,True,True,True
100,4,94,er,0.6,1344051025,0,28,43,71,27,27,False,False,False
100,4,94,ring,0.6,1344051025,0,2,7,9,2,2,True,True,True
100,4,94,ring,0.6,1344051025,1,7,11,18,7,7,True,True,True
100,4,94,ring,0.6,1344051025,2,5,5,10,5,5,True,True,True
100,4,94,ring,0.6,1344051025,3,8,9,17,8,8,True,True,True
100,4,94,small_world,0.6,1344051025,0,7,13,20,7,7,True,True,True
100,4,94,small_world,0.6,1344051025,1,29,33,62,26,26,False,False,False
100,4,94,small_world,0.6,1344051025,2,2,2,4,2,2,True,True,True
100,4,94,scale_free,0.6,1344051025,0,33,36,69,26,26,False,False,False
100,4,94,scale_free,0.6,1344051025,1,2,4,6,2,2,True,True,True
100,4,94,er,0.7,1344051025,0,22,47,69,22,22,True,True,False
100,4,94,ring,0.7,1344051025,0,2,7,9,2,2,True,True,True
100,4,94,ring,0.7,1344051025,1,7,10,17,7,7,True,True,True
100,4,94,ring,0.7,1344051025,2,5,8,13,5,5,True,True,True
100,4,94,ring,0.7,1344051025,3,3,4,7,3,3,True,True,True
100,4,94,ring,0.7,1344051025,4,5,6,11,5,5,True,True,True
100,4,94,ring,0.7,1344051025,5,6,11,17,6,6,True,True,True
100,4,94,small_world,0.7,1344051025,0,6,12,18,6,6,True,True,True
100,4,94,small_world,0.7,1344051025,1,16,28,44,16,16,True,True,False
100,4,94,small_world,0.7,1344051025,2,6,7,13,6,6,True,True,True
100,4,94,scale_free,0.7,1344051025,0,21,30,51,19,19,False,False,False
100,4,94,scale_free,0.7,1344051025,1,3,6,9,3,3,True,True,True
100,4,94,scale_free,0.7,1344051025,2,2,5,7,2,2,True,True,True
100,4,94,er,0.8,1344051025,0,10,23,33,10,10,True,True,True
100,4,94,ring,0.8,1344051025,0,4,7,11,4,4,True,True,True
100,4,94,ring,0.8,1344051025,1,5,8,13,5,5,True,True,True
100,4,94,ring,0.8,1344051025,2,3,8,11,3,3,True,True,True
100,4,94,ring,0.8,1344051025,3,2,5,7,2,2,True,True,True
100,4,94,small_world,0.8,1344051025,0,3,8,11,3,3,True,True,True
100,4,94,small_world,0.8,1344051025,1,2,6,8,2,2,True,True,True
100,4,94,small_world,0.8,1344051025,2,4,9,13,4,4,True,True,True
100,4,94,small_world,0.8,1344051025,3,6,11,17,6,6,True,True,True
100,4,94,scale_free,0.8,1344051025,0,14,28,42,14,14,True,True,False
100,4,94,scale_free,0.8,1344051025,1,2,5,7,2,2,True,True,True
100,4,94,er,0.9,1344051025,0,2,7,9,2,2,True,True,True
100,4,94,er,0.9,1344051025,1,2,3,5,2,2,True,True,True
100,4,94,ring,0.9,1344051025,0,3,8,11,3,3,True,True,True
100,4,94,ring,0.9,1344051025,1,4,5,9,4,4,True,True,True
100,4,94,small_world,0.9,1344051025,0,2,5,7,2,2,True,True,True
100,4,94,small_world,0.9,1344051025,1,5,12,17,5,5,True,True,True
100,4,94,scale_free,0.9,1344051025,0,2,4,6,2,2,True,True,True
100,4,94,scale_free,0.9,1344051025,1,4,13,17,4,4,True,True,True
100,4,94,scale_free,0.9,1344051025,2,2,3,5,2,2,True,True,True
100,4,95,ring,0.3,2051386971,0,3,3,6,2,2,False,False,True
100,4,95,ring,0.3,2051386971,1,2,2,4,2,2,True,True,True
100,4,95,small_world,0.3,2051386971,0,3,3,6,3,3,True,True,True
100,4,95,er,0.4,2051386971,0,2,3,5,2,2,True,True,True
100,4,95,ring,0.4,2051386971,0,3,3,6,2,2,False,False,True
100,4,95,ring,0.4,2051386971,1,5,5,10,5,5,True,True,True
100,4,95,er,0.5,2051386971,0,2,3,5,2,2,True,True,True
100,4,95,ring,0.5,2051386971,0,3,3,6,2,2,False,False,True
100,4,95,ring,0.5,2051386971,1,6,6,12,6,6,True,True,True
100,4,95,ring,0.5,2051386971,2,2,2,4,2,2,True,True,True
100,4,95,ring,0.5,2051386971,3,6,6,12,6,6,True,True,True
100,4,95,ring,0.5,2051386971,4,4,8,12,4,4,True,True,True
100,4,95,ring,0.5,2051386971,5,6,8,14,5,5,False,False,True
100,4,95,small_world,0.5,2051386971,0,37,38,75,30,30,False,False,False
100,4,95,scale_free,0.5,2051386971,0,40,43,83,31,31,False,False,False
100,4,95,er,0.6,2051386971,0,35,46,81,35,35,True,True,False
100,4,95,ring,0.6,2051386971,0,3,3,6,2,2,False,False,True
100,4,95,ring,0.6,2051386971,1,5,7,12,5,5,True,True,True
100,4,95,ring,0.6,2051386971,2,2,2,4,2,2,True,True,True
100,4,95,ring,0.6,2051386971,3,3,3,6,2,2,False,False,True
100,4,95,ring,0.6,2051386971,4,5,6,11,5,5,True,True,True
100,4,95,ring,0.6,2051386971,5,4,8,12,4,4,True,True,True
100,4,95,ring,0.6,2051386971,6,2,2,4,2,2,True,True,True
100,4,95,ring,0.6,2051386971,7,4,6,10,4,4,True,True,True
100,4,95,ring,0.6,2051386971,8,2,2,4,2,2,True,True,True
100,4,95,small_world,0.6,2051386971,0,19,24,43,18,18,False,False,False
100,4,95,small_world,0.6,2051386971,1,2,3,5,2,2,True,True,True
100,4,95,small_world,0.6,2051386971,2,3,3,6,2,2,False,False,True
100,4,95,small_world,0.6,2051386971,3,4,9,13,4,4,True,True,True
100,4,95,small_world,0.6,2051386971,4,2,2,4,2,2,True,True,True
100,4,95,scale_free,0.6,2051386971,0,34,49,83,32,32,False,False,False
100,4,95,er,0.7,2051386971,0,26,47,73,26,26,True,True,False
100,4,95,ring,0.7,2051386971,0,5,5,10,4,4,False,False,True
100,4,95,ring,0.7,2051386971,1,3,3,6,2,2,False,False,True
100,4,95,ring,0.7,2051386971,2,3,4,7,3,3,True,True,True
100,4,95,ring,0.7,2051386971,3,5,7,12,5,5,True,True,True
100,4,95,ring,0.7,2051386971,4,4,6,10,3,3,False,False,True
100,4,95,ring,0.7,2051386971,5,4,7,11,4,4,True,True,True
100,4,95,ring,0.7,2051386971,6,2,5,7,2,2,True,True,True
100,4,95,ring,0.7,2051386971,7,3,7,10,3,3,True,True,True
100,4,95,small_world,0.7,2051386971,0,10,15,25,10,10,True,True,True
100,4,95,small_world,0.7,2051386971,1,5,9,14,5,5,True,True,True
100,4,95,small_world,0.7,2051386971,2,2,3,5,2,2,True,True,True
100,4,95,small_world,0.7,2051386971,3,4,5,9,3,3,False,False,True
100,4,95,small_world,0.7,2051386971,4,2,5,7,2,2,True,True,True
100,4,95,scale_free,0.7,2051386971,0,26,57,83,26,26,True,True,False
100,4,95,er,0.8,2051386971,0,17,39,56,17,17,True,True,False
100,4,95,ring,0.8,2051386971,0,4,5,9,4,4,True,True,True
100,4,95,ring,0.8,2051386971,1,6,13,19,6,6,True,True,True
100,4,95,ring,0.8,2051386971,2,3,5,8,3,3,True,True,True
100,4,95,ring,0.8,2051386971,3,2,5,7,2,2,True,True,True
100,4,95,small_world,0.8,2051386971,0,4,5,9,4,4,True,True,True
100,4,95,small_world,0.8,2051386971,1,6,16,22,6,6,True,True,True
100,4,95,small_world,0.8,2051386971,2,2,3,5,2,2,True,True,True
100,4,95,small_world,0.8,2051386971,3,3,4,7,3,3,True,True,True
100,4,95,scale_free,0.8,2051386971,0,18,49,67,18,18,True,True,False
100,4,95,er,0.9,2051386971,0,4,14,18,4,4,True,True,True
100,4,95,er,0.9,2051386971,1,2,4,6,2,2,True,True,True
100,4,95,er,0.9,2051386971,2,2,3,5,2,2,True,True,True
100,4,95,ring,0.9,2051386971,0,2,6,8,2,2,True,True,True
100,4,95,ring,0.9,2051386971,1,3,9,12,3,3,True,True,True
100,4,95,ring,0.9,2051386971,2,3,5,8,3,3,True,True,True
100,4,95,small_world,0.9,2051386971,0,2,5,7,2,2,True,True,True
100,4,95,small_world,0.9,2051386971,1,2,7,9,2,2,True,True,True
100,4,95,small_world,0.9,2051386971,2,3,4,7,3,3,True,True,True
100,4,95,scale_free,0.9,2051386971,0,8,29,37,8,8,True,True,True
100,4,95,scale_free,0.9,2051386971,1,2,5,7,2,2,True,True,True
100,4,96,ring,0.4,2957913780,0,2,2,4,2,2,True,True,True
100,4,96,ring,0.4,2957913780,1,2,2,4,2,2,True,True,True
100,4,96,ring,0.4,2957913780,2,4,5,9,3,3,False,False,True
100,4,96,small_world,0.4,2957913780,0,9,9,18,7,7,False,False,True
100,4,96,small_world,0.4,2957913780,1,2,2,4,2,2,True,True,True
100,4,96,small_world,0.4,2957913780,2,4,5,9,3,3,False,False,True
100,4,96,er,0.5,2957913780,0,43,45,88,40,40,False,False,False
100,4,96,ring,0.5,2957913780,0,16,18,34,14,14,False,False,False
100,4,96,ring,0.5,2957913780,1,3,4,7,3,3,True,True,True
100,4,96,ring,0.5,2957913780,2,9,12,21,9,9,True,True,True
100,4,96,ring,0.5,2957913780,3,2,2,4,2,2,True,True,True
100,4,96,small_world,0.5,2957913780,0,19,19,38,16,17,False,False,False
100,4,96,small_world,0.5,2957913780,1,2,3,5,2,2,True,True,True
100,4,96,small_world,0.5,2957913780,2,4,4,8,3,3,False,False,True
100,4,96,small_world,0.5,2957913780,3,7,11,18,6,6,False,False,True
100,4,96,er,0.6,2957913780,0,36,52,88,35,35,False,False,False
100,4,96,ring,0.6,2957913780,0,3,5,8,3,3,True,True,True
100,4,96,ring,0.6,2957913780,1,3,4,7,3,3,True,True,True
100,4,96,ring,0.6,2957913780,2,3,4,7,3,3,True,True,True
100,4,96,ring,0.6,2957913780,3,2,2,4,2,2,True,True,True
100,4,96,ring,0.6,2957913780,4,5,8,13,5,5,True,True,True
100,4,96,ring,0.6,2957913780,5,6,9,15,6,6,True,True,True
100,4,96,ring,0.6,2957913780,6,3,7,10,3,3,True,True,True
100,4,96,small_world,0.6,2957913780,0,3,5,8,3,3,True,True,True
100,4,96,small_world,0.6,2957913780,1,4,4,8,3,3,False,False,True
100,4,96,small_world,0.6,2957913780,2,5,12,17,5,5,True,True,True
100,4,96,small_world,0.6,2957913780,3,2,2,4,2,2,True,True,True
100,4,96,small_world,0.6,2957913780,4,3,6,9,3,3,True,True,True
100,4,96,small_world,0.6,2957913780,5,6,9,15,6,6,True,True,True
100,4,96,small_world,0.6,2957913780,6,3,7,10,3,3,True,True,True
100,4,96,scale_free,0.6,2957913780,0,33,44,77,30,30,False,False,False
100,4,96,scale_free,0.6,2957913780,1,2,2,4,2,2,True,True,True
100,4,96,er,0.7,2957913780,0,27,47,74,26,26,False,False,False
100,4,96,ring,0.7,2957913780,0,2,5,7,2,2,True,True,True
100,4,96,ring,0.7,2957913780,1,2,2,4,2,2,True,True,True
100,4,96,ring,0.7,2957913780,2,3,4,7,3,3,True,True,True
100,4,96,ring,0.7,2957913780,3,12,12,24,10,10,False,False,False
100,4,96,ring,0.7,2957913780,4,2,4,6,2,2,True,True,True
100,4,96,ring,0.7,2957913780,5,3,4,7,3,3,True,True,True
100,4,96,small_world,0.7,2957913780,0,5,7,12,5,5,True,True,True
100,4,96,small_world,0.7,2957913780,1,5,12,17,5,5,True,True,True
100,4,96,small_world,0.7,2957913780,2,12,13,25,11,11,False,False,False
100,4,96,small_world,0.7,2957913780,3,3,4,7,3,3,True,True,True
100,4,96,scale_free,0.7,2957913780,0,26,48,74,24,24,False,False,False
100,4,96,er,0.8,2957913780,0,18,42,60,18,18,True,True,False
100,4,96,ring,0.8,2957913780,0,3,8,11,3,3,True,True,True
100,4,96,ring,0.8,2957913780,1,3,4,7,3,3,True,True,True
100,4,96,small_world,0.8,2957913780,0,5,13,18,5,5,True,True,True
100,4,96,small_world,0.8,2957913780,1,2,8,10,2,2,True,True,True
100,4,96,small_world,0.8,2957913780,2,3,4,7,3,3,True,True,True
100,4,96,scale_free,0.8,2957913780,0,12,20,32,11,11,False,False,False
100,4,96,scale_free,0.8,2957913780,1,2,3,5,2,2,True,True,True
100,4,96,er,0.9,2957913780,0,4,13,17,4,4,True,True,True
100,4,96,ring,0.9,2957913780,0,2,5,7,2,2,True,True,True
100,4,96,small_world,0.9,2957913780,0,2,8,10,2,2,True,True,True
100,4,96,small_world,0.9,2957913780,1,2,5,7,2,2,True,True,True
100,4,96,scale_free,0.9,2957913780,0,2,3,5,2,2,True,True,True
100,4,96,scale_free,0.9,2957913780,1,4,9,13,4,4,True,True,True
100,4,96,scale_free,0.9,2957913780,2,2,5,7,2,2,True,True,True
100,4,97,er,0.3,887013538,0,2,2,4,2,2,True,True,True
100,4,97,ring,0.4,887013538,0,5,7,12,4,4,False,False,True
100,4,97,ring,0.4,887013538,1,2,2,4,2,2,True,True,True
100,4,97,small_world,0.4,887013538,0,2,2,4,2,2,True,True,True
100,4,97,er,0.5,887013538,0,41,42,83,35,35,False,False,False
100,4,97,ring,0.5,887013538,0,3,3,6,2,2,False,False,True
100,4,97,ring,0.5,887013538,1,8,10,18,7,7,False,False,True
100,4,97,ring,0.5,887013538,2,9,15,24,9,9,True,True,True
100,4,97,small_world,0.5,887013538,0,28,32,60,24,24,False,False,False
100,4,97,small_world,0.5,887013538,1,13,14,27,11,11,False,False,False
100,4,97,scale_free,0.5,887013538,0,36,40,76,30,30,False,False,False
100,4,97,er,0.6,887013538,0,29,40,69,27,27,False,False,False
100,4,97,ring,0.6,887013538,0,3,7,10,3,3,True,True,True
100,4,97,ring,0.6,887013538,1,5,7,12,4,4,False,False,True
100,4,97,ring,0.6,887013538,2,3,3,6,2,2,False,False,True
100,4,97,ring,0.6,887013538,3,12,16,28,12,12,True,True,False
100,4,97,ring,0.6,887013538,4,8,14,22,8,8,True,True,True
100,4,97,small_world,0.6,887013538,0,24,33,57,23,23,False,False,False
100,4,97,small_world,0.6,887013538,1,11,16,27,10,10,False,False,False
100,4,97,scale_free,0.6,887013538,0,37,42,79,33,33,False,False,False
100,4,97,er,0.7,887013538,0,25,42,67,25,25,True,True,False
100,4,97,ring,0.7,887013538,0,3,7,10,3,3,True,True,True
100,4,97,ring,0.7,887013538,1,2,5,7,2,2,True,True,True
100,4,97,ring,0.7,887013538,2,10,13,23,10,10,True,True,True
100,4,97,ring,0.7,887013538,3,4,9,13,4,4,True,True,True
100,4,97,ring,0.7,887013538,4,3,9,12,3,3,True,True,True
100,4,97,ring,0.7,887013538,5,7,15,22,7,7,True,True,True
100,4,97,small_world,0.7,887013538,0,29,55,84,29,29,True,True,False
100,4,97,scale_free,0.7,887013538,0,28,41,69,28,28,True,True,False
100,4,97,er,0.8,887013538,0,3,5,8,3,3,True,True,True
100,4,97,er,0.8,887013538,1,10,23,33,10,10,True,True,True
100,4,97,ring,0.8,887013538,0,2,6,8,2,2,True,True,True
100,4,97,ring,0.8,887013538,1,4,10,14,4,4,True,True,True
100,4,97,ring,0.8,887013538,2,2,6,8,2,2,True,True,True
100,4,97,ring,0.8,887013538,3,3,9,12,3,3,True,True,True
100,4,97,ring,0.8,887013538,4,4,9,13,4,4,True,True,True
100,4,97,ring,0.8,887013538,5,2,6,8,2,2,True,True,True
100,4,97,small_world,0.8,887013538,0,13,33,46,13,13,True,True,False
100,4,97,small_world,0.8,887013538,1,2,6,8,2,2,True,True,True
100,4,97,small_world,0.8,887013538,2,3,9,12,3,3,True,True,True
100,4,97,scale_free,0.8,887013538,0,17,28,45,17,17,True,True,False
100,4,97,er,0.9,887013538,0,5,7,12,5,5,True,True,True
100,4,97,er,0.9,887013538,1,2,6,8,2,2,True,True,True
100,4,97,ring,0.9,887013538,0,3,9,12,3,3,True,True,True
100,4,97,ring,0.9,887013538,1,2,6,8,2,2,True,True,True
100,4,97,small_world,0.9,887013538,0,2,6,8,2,2,True,True,True
100,4,97,small_world,0.9,887013538,1,5,15,20,5,5,True,True,True
100,4,97,scale_free,0.9,887013538,0,8,20,28,8,8,True,True,True
100,4,98,ring,0.5,2310140860,0,13,14,27,12,12,False,False,False
100,4,98,ring,0.5,2310140860,1,12,19,31,12,12,True,True,False
100,4,98,ring,0.5,2310140860,2,2,2,4,2,2,True,True,True
100,4,98,ring,0.5,2310140860,3,4,4,8,3,3,False,False,True
100,4,98,ring,0.5,2310140860,4,4,4,8,4,4,True,True,True
100,4,98,small_world,0.5,2310140860,0,39,44,83,36,36,False,False,False
100,4,98,scale_free,0.5,2310140860,0,35,43,78,30,30,False,False,False
100,4,98,er,0.6,2310140860,0,2,2,4,2,2,True,True,True
100,4,98,er,0.6,2310140860,1,34,45,79,32,32,False,False,False
100,4,98,er,0.6,2310140860,2,2,2,4,2,2,True,True,True
100,4,98,ring,0.6,2310140860,0,10,14,24,7,7,False,False,True
100,4,98,ring,0.6,2310140860,1,4,5,9,4,4,True,True,True
100,4,98,ring,0.6,2310140860,2,3,10,13,3,3,True,True,True
100,4,98,ring,0.6,2310140860,3,4,6,10,4,4,True,True,True
100,4,98,ring,0.6,2310140860,4,2,2,4,2,2,True,True,True
100,4,98,ring,0.6,2310140860,5,3,5,8,3,3,True,True,True
100,4,98,small_world,0.6,2310140860,0,19,24,43,16,16,False,False,False
100,4,98,small_world,0.6,2310140860,1,12,23,35,12,12,True,True,False
100,4,98,scale_free,0.6,2310140860,0,35,50,85,31,31,False,False,False
100,4,98,er,0.7,2310140860,0,27,44,71,27,27,True,True,False
100,4,98,ring,0.7,2310140860,0,13,17,30,13,13,True,True,False
100,4,98,ring,0.7,2310140860,1,3,4,7,3,3,True,True,True
100,4,98,ring,0.7,2310140860,2,3,10,13,3,3,True,True,True
100,4,98,ring,0.7,2310140860,3,4,6,10,4,4,True,True,True
100,4,98,ring,0.7,2310140860,4,6,9,15,6,6,True,True,True
100,4,98,small_world,0.7,2310140860,0,4,5,9,4,4,True,True,True
100,4,98,small_world,0.7,2310140860,1,19,28,47,18,18,False,False,False
100,4,98,small_world,0.7,2310140860,2,6,14,20,6,6,True,True,True
100,4,98,scale_free,0.7,2310140860,0,26,47,73,26,26,True,True,False
100,4,98,er,0.8,2310140860,0,14,35,49,14,14,True,True,False
100,4,98,er,0.8,2310140860,1,2,2,4,2,2,True,True,True
100,4,98,ring,0.8,2310140860,0,7,14,21,7,7,True,True,True
100,4,98,ring,0.8,2310140860,1,2,4,6,2,2,True,True,True
100,4,98,ring,0.8,2310140860,2,2,5,7,2,2,True,True,True
100,4,98,ring,0.8,2310140860,3,2,4,6,2,2,True,True,True
100,4,98,ring,0.8,2310140860,4,3,6,9,3,3,True,True,True
100,4,98,small_world,0.8,2310140860,0,14,29,43,14,14,True,True,False
100,4,98,small_world,0.8,2310140860,1,2,5,7,2,2,True,True,True
100,4,98,scale_free,0.8,2310140860,0,17,45,62,17,17,True,True,False
100,4,98,er,0.9,2310140860,0,6,16,22,6,6,True,True,True
100,4,98,ring,0.9,2310140860,0,2,7,9,2,2,True,True,True
100,4,98,small_world,0.9,2310140860,0,3,11,14,3,3,True,True,True
100,4,98,small_world,0.9,2310140860,1,2,7,9,2,2,True,True,True
100,4,98,scale_free,0.9,2310140860,0,8,29,37,8,8,True,True,True
100,4,99,small_world,0.1,142532691,0,2,2,4,1,1,False,False,True
100,4,99,ring,0.3,142532691,0,8,9,17,7,7,False,False,True
100,4,99,ring,0.3,142532691,1,3,3,6,2,2,False,False,True
100,4,99,small_world,0.3,142532691,0,3,4,7,2,3,False,True,True
100,4,99,ring,0.4,142532691,0,7,10,17,7,7,True,True,True
100,4,99,ring,0.4,142532691,1,2,2,4,2,2,True,True,True
100,4,99,small_world,0.4,142532691,0,7,10,17,6,6,False,False,True
100,4,99,scale_free,0.4,142532691,0,2,2,4,2,2,True,True,True
100,4,99,er,0.5,142532691,0,38,38,76,34,34,False,False,False
100,4,99,ring,0.5,142532691,0,10,11,21,9,9,False,False,True
100,4,99,ring,0.5,142532691,1,12,12,24,12,12,True,True,False
100,4,99,ring,0.5,142532691,2,5,6,11,5,5,True,True,True
100,4,99,ring,0.5,142532691,3,2,2,4,2,2,True,True,True
100,4,99,ring,0.5,142532691,4,2,2,4,2,2,True,True,True
100,4,99,ring,0.5,142532691,5,3,4,7,3,3,True,True,True
100,4,99,small_world,0.5,142532691,0,10,11,21,10,10,True,True,True
100,4,99,small_world,0.5,142532691,1,3,4,7,3,3,True,True,True
100,4,99,er,0.6,142532691,0,34,47,81,34,34,True,True,False
100,4,99,ring,0.6,142532691,0,6,10,16,6,6,True,True,True
100,4,99,ring,0.6,142532691,1,2,4,6,2,2,True,True,True
100,4,99,ring,0.6,142532691,2,3,3,6,2,2,False,False,True
100,4,99,ring,0.6,142532691,3,7,9,16,6,6,False,False,True
100,4,99,ring,0.6,142532691,4,4,5,9,4,4,True,True,True
100,4,99,ring,0.6,142532691,5,2,2,4,2,2,True,True,True
100,4,99,ring,0.6,142532691,6,2,4,6,2,2,True,True,True
100,4,99,ring,0.6,142532691,7,2,2,4,2,2,True,True,True
100,4,99,ring,0.6,142532691,8,6,7,13,6,6,True,True,True
100,4,99,ring,0.6,142532691,9,2,2,4,2,2,True,True,True
100,4,99,small_world,0.6,142532691,0,10,14,24,10,10,True,True,True
100,4,99,small_world,0.6,142532691,1,10,13,23,9,9,False,False,True
100,4,99,small_world,0.6,142532691,2,10,12,22,10,10,True,True,True
100,4,99,small_world,0.6,142532691,3,3,3,6,2,2,False,False,True
100,4,99,small_world,0.6,142532691,4,2,2,4,2,2,True,True,True
100,4,99,scale_free,0.6,142532691,0,31,36,67,26,26,False,False,False
100,4,99,er,0.7,142532691,0,24,42,66,24,24,True,True,False
100,4,99,ring,0.7,142532691,0,4,12,16,4,4,True,True,True
100,4,99,ring,0.7,142532691,1,3,3,6,2,2,False,False,True
100,4,99,ring,0.7,142532691,2,3,3,6,2,2,False,False,True
100,4,99,ring,0.7,142532691,3,3,5,8,3,3,True,True,True
100,4,99,ring,0.7,142532691,4,4,6,10,4,4,True,True,True
100,4,99,ring,0.7,142532691,5,2,2,4,2,2,True,True,True
100,4,99,ring,0.7,142532691,6,2,2,4,2,2,True,True,True
100,4,99,ring,0.7,142532691,7,2,2,4,2,2,True,True,True
100,4,99,ring,0.7,142532691,8,2,2,4,2,2,True,True,True
100,4,99,small_world,0.7,142532691,0,6,13,19,6,6,True,True,True
100,4,99,small_world,0.7,142532691,1,3,5,8,3,3,True,True,True
100,4,99,small_world,0.7,142532691,2,3,4,7,3,3,True,True,True
100,4,99,small_world,0.7,142532691,3,4,5,9,3,3,False,False,True
100,4,99,small_world,0.7,142532691,4,5,8,13,5,5,True,True,True
100,4,99,small_world,0.7,142532691,5,4,4,8,4,4,True,True,True
100,4,99,scale_free,0.7,142532691,0,29,37,66,23,23,False,False,False
100,4,99,er,0.8,142532691,0,5,11,16,5,5,True,True,True
100,4,99,er,0.8,142532691,1,3,8,11,3,3,True,True,True
100,4,99,er,0.8,142532691,2,2,4,6,2,2,True,True,True
100,4,99,er,0.8,142532691,3,3,9,12,3,3,True,True,True
100,4,99,ring,0.8,142532691,0,3,3,6,2,2,False,False,True
100,4,99,ring,0.8,142532691,1,2,2,4,2,2,True,True,True
100,4,99,ring,0.8,142532691,2,4,6,10,4,4,True,True,True
100,4,99,ring,0.8,142532691,3,3,4,7,3,3,True,True,True
100,4,99,ring,0.8,142532691,4,2,5,7,2,2,True,True,True
100,4,99,small_world,0.8,142532691,0,3,4,7,3,3,True,True,True
100,4,99,small_world,0.8,142532691,1,2,3,5,2,2,True,True,True
100,4,99,small_world,0.8,142532691,2,9,13,22,9,9,True,True,True
100,4,99,scale_free,0.8,142532691,0,14,35,49,13,13,False,False,False
100,4,99,scale_free,0.8,142532691,1,3,4,7,3,3,True,True,True
100,4,99,scale_free,0.8,142532691,2,2,2,4,2,2,True,True,True
100,4,99,er,0.9,142532691,0,2,9,11,2,2,True,True,True
100,4,99,er,0.9,142532691,1,2,7,9,2,2,True,True,True
100,4,99,ring,0.9,142532691,0,3,5,8,3,3,True,True,True
100,4,99,ring,0.9,142532691,1,2,4,6,2,2,True,True,True
100,4,99,small_world,0.9,142532691,0,3,7,10,3,3,True,True,True
100,4,99,small_world,0.9,142532691,1,2,4,6,2,2,True,True,True
100,4,99,scale_free,0.9,142532691,0,7,20,27,6,6,False,False,True
200,4,0,ring,0.2,1838017743,0,2,2,4,2,2,True,True,True
200,4,0,ring,0.2,1838017743,1,2,2,4,2,2,True,True,True
200,4,0,small_world,0.2,1838017743,0,2,2,4,2,2,True,True,True
200,4,0,scale_free,0.2,1838017743,0,2,2,4,2,2,True,True,True
200,4,0,ring,0.3,1838017743,0,2,2,4,2,2,True,True,True
200,4,0,ring,0.3,1838017743,1,2,2,4,2,2,True,True,True
200,4,0,small_world,0.3,1838017743,0,2,2,4,2,2,True,True,True
200,4,0,small_world,0.3,1838017743,1,2,2,4,2,2,True,True,True
200,4,0,small_world,0.3,1838017743,2,3,3,6,3,3,True,True,True
200,4,0,ring,0.4,1838017743,0,3,4,7,3,3,True,True,True
200,4,0,ring,0.4,1838017743,1,6,7,13,5,5,False,False,True
200,4,0,ring,0.4,1838017743,2,5,9,14,5,5,True,True,True
200,4,0,small_world,0.4,1838017743,0,3,4,7,3,3,True,True,True
200,4,0,small_world,0.4,1838017743,1,3,3,6,3,3,True,True,True
200,4,0,er,0.5,1838017743,0,78,82,160,70,70,False,False,False
200,4,0,ring,0.5,1838017743,0,5,8,13,5,5,True,True,True
200,4,0,ring,0.5,1838017743,1,3,4,7,3,3,True,True,True
200,4,0,ring,0.5,1838017743,2,7,11,18,7,7,True,True,True
200,4,0,ring,0.5,1838017743,3,8,12,20,8,8,True,True,True
200,4,0,ring,0.5,1838017743,4,2,4,6,2,2,True,True,True
200,4,0,ring,0.5,1838017743,5,2,2,4,2,2,True,True,True
200,4,0,small_world,0.5,1838017743,0,3,4,7,3,3,True,True,True
200,4,0,small_world,0.5,1838017743,1,8,12,20,8,8,True,True,True
200,4,0,small_world,0.5,1838017743,2,2,2,4,2,2,True,True,True
200,4,0,scale_free,0.5,1838017743,0,81,84,165,67,67,False,False,False
200,4,0,er,0.6,1838017743,0,69,88,157,68,68,False,False,False
200,4,0,ring,0.6,1838017743,0,25,28,53,24,24,False,False,False
200,4,0,ring,0.6,1838017743,1,3,4,7,3,3,True,True,True
200,4,0,ring,0.6,1838017743,2,3,4,7,3,3,True,True,True
200,4,0,ring,0.6,1838017743,3,6,10,16,6,6,True,True,True
200,4,0,ring,0.6,1838017743,4,14,16,30,13,13,False,False,False
200,4,0,ring,0.6,1838017743,5,2,2,4,2,2,True,True,True
200,4,0,ring,0.6,1838017743,6,2,4,6,2,2,True,True,True
200,4,0,ring,0.6,1838017743,7,5,5,10,5,5,True,True,True
200,4,0,ring,0.6,1838017743,8,2,4,6,2,2,True,True,True
200,4,0,small_world,0.6,1838017743,0,52,62,114,48,48,False,False,False
200,4,0,small_world,0.6,1838017743,1,3,4,7,3,3,True,True,True
200,4,0,small_world,0.6,1838017743,2,2,5,7,2,2,True,True,True
200,4,0,small_world,0.6,1838017743,3,16,18,34,15,15,False,False,False
200,4,0,small_world,0.6,1838017743,4,5,5,10,5,5,True,True,True
200,4,0,scale_free,0.6,1838017743,0,68,95,163,62,62,False,False,False
200,4,0,er,0.7,1838017743,0,48,74,122,48,48,True,True,False
200,4,0,er,0.7,1838017743,1,2,7,9,2,2,True,True,True
200,4,0,er,0.7,1838017743,2,2,4,6,2,2,True,True,True
200,4,0,ring,0.7,1838017743,0,2,4,6,2,2,True,True,True
200,4,0,ring,0.7,1838017743,1,11,15,26,11,11,True,True,False
200,4,0,ring,0.7,1838017743,2,2,5,7,2,2,True,True,True
200,4,0,ring,0.7,1838017743,3,2,4,6,2,2,True,True,True
200,4,0,ring,0.7,1838017743,4,5,9,14,5,5,True,True,True
200,4,0,ring,0.7,1838017743,5,6,10,16,6,6,True,True,True
200,4,0,ring,0.7,1838017743,6,7,7,14,6,6,False,False,True
200,4,0,ring,0.7,1838017743,7,2,4,6,2,2,True,True,True
200,4,0,ring,0.7,1838017743,8,5,5,10,5,5,True,True,True
200,4,0,ring,0.7,1838017743,9,6,7,13,5,5,False,False,True
200,4,0,ring,0.7,1838017743,10,8,12,20,8,8,True,True,True
200,4,0,small_world,0.7,1838017743,0,4,8,12,4,4,True,True,True
200,4,0,small_world,0.7,1838017743,1,16,28,44,16,16,True,True,False
200,4,0,small_world,0.7,1838017743,2,2,5,7,2,2,True,True,True
200,4,0,small_world,0.7,1838017743,3,2,5,7,2,2,True,True,True
200,4,0,small_world,0.7,1838017743,4,23,32,55,23,23,True,True,False
200,4,0,small_world,0.7,1838017743,5,4,6,10,4,4,True,True,True
200,4,0,small_world,0.7,1838017743,6,5,5,10,5,5,True,True,True
200,4,0,scale_free,0.7,1838017743,0,56,98,154,52,52,False,False,False
200,4,0,er,0.8,1838017743,0,33,72,105,33,33,True,True,False
200,4,0,ring,0.8,1838017743,0,7,18,25,7,7,True,True,True
200,4,0,ring,0.8,1838017743,1,2,7,9,2,2,True,True,True
200,4,0,ring,0.8,1838017743,2,2,4,6,2,2,True,True,True
200,4,0,ring,0.8,1838017743,3,3,6,9,3,3,True,True,True
200,4,0,ring,0.8,1838017743,4,6,7,13,5,5,False,False,True
200,4,0,ring,0.8,1838017743,5,2,4,6,2,2,True,True,True
200,4,0,ring,0.8,1838017743,6,3,6,9,3,3,True,True,True
200,4,0,ring,0.8,1838017743,7,2,5,7,2,2,True,True,True
200,4,0,ring,0.8,1838017743,8,4,8,12,4,4,True,True,True
200,4,0,small_world,0.8,1838017743,0,3,7,10,3,3,True,True,True
200,4,0,small_world,0.8,1838017743,1,3,10,13,3,3,True,True,True
200,4,0,small_world,0.8,1838017743,2,3,8,11,3,3,True,True,True
200,4,0,small_world,0.8,1838017743,3,7,17,24,7,7,True,True,True
200,4,0,small_world,0.8,1838017743,4,2,4,6,2,2,True,True,True
200,4,0,small_world,0.8,1838017743,5,10,19,29,10,10,True,True,True
200,4,0,small_world,0.8,1838017743,6,3,6,9,3,3,True,True,True
200,4,0,small_world,0.8,1838017743,7,2,3,5,2,2,True,True,True
200,4,0,scale_free,0.8,1838017743,0,36,90,126,36,36,True,True,False
200,4,0,er,0.9,1838017743,0,8,24,32,8,8,True,True,True
200,4,0,er,0.9,1838017743,1,2,3,5,2,2,True,True,True
200,4,0,er,0.9,1838017743,2,3,7,10,3,3,True,True,True
200,4,0,ring,0.9,1838017743,0,3,8,11,3,3,True,True,True
200,4,0,ring,0.9,1838017743,1,3,9,12,3,3,True,True,True
200,4,0,ring,0.9,1838017743,2,2,7,9,2,2,True,True,True
200,4,0,small_world,0.9,1838017743,0,2,7,9,2,2,True,True,True
200,4,0,small_world,0.9,1838017743,1,3,8,11,3,3,True,True,True
200,4,0,small_world,0.9,1838017743,2,3,11,14,3,3,True,True,True
200,4,0,small_world,0.9,1838017743,3,2,7,9,2,2,True,True,True
200,4,0,scale_free,0.9,1838017743,0,16,59,75,16,16,True,True,False
200,4,1,ring,0.2,1090643372,0,2,2,4,2,2,True,True,True
200,4,1,ring,0.2,1090643372,1,2,2,4,2,2,True,True,True
200,4,1,small_world,0.2,1090643372,0,2,2,4,2,2,True,True,True
200,4,1,ring,0.3,1090643372,0,7,7,14,6,6,False,False,True
200,4,1,ring,0.3,1090643372,1,2,2,4,2,2,True,True,True
200,4,1,small_world,0.3,1090643372,0,6,6,12,6,6,True,True,True
200,4,1,scale_free,0.3,1090643372,0,2,2,4,2,2,True,True,True
200,4,1,er,0.4,1090643372,0,2,2,4,2,2,True,True,True
200,4,1,ring,0.4,1090643372,0,14,14,28,12,12,False,False,False
200,4,1,ring,0.4,1090643372,1,2,2,4,2,2,True,True,True
200,4,1,ring,0.4,1090643372,2,6,7,13,6,6,True,True,True
200,4,1,ring,0.4,1090643372,3,2,2,4,2,2,True,True,True
200,4,1,small_world,0.4,1090643372,0,4,4,8,3,3,False,False,True
200,4,1,small_world,0.4,1090643372,1,2,2,4,2,2,True,True,True
200,4,1,small_world,0.4,1090643372,2,5,6,11,5,5,True,True,True
200,4,1,small_world,0.4,1090643372,3,7,7,14,7,7,True,True,True
200,4,1,er,0.5,1090643372,0,73,76,149,65,65,False,False,False
200,4,1,er,0.5,1090643372,1,4,4,8,4,4,True,True,True
200,4,1,er,0.5,1090643372,2,3,3,6,3,3,True,True,True
200,4,1,ring,0.5,1090643372,0,4,6,10,4,4,True,True,True
200,4,1,ring,0.5,1090643372,1,11,13,24,11,11,True,True,False
200,4,1,ring,0.5,1090643372,2,16,20,36,13,13,False,False,False
200,4,1,ring,0.5,1090643372,3,6,7,13,6,6,True,True,True
200,4,1,ring,0.5,1090643372,4,7,7,14,5,5,False,False,True
200,4,1,ring,0.5,1090643372,5,2,2,4,2,2,True,True,True
200,4,1,small_world,0.5,1090643372,0,6,7,13,6,6,True,True,True
200,4,1,small_world,0.5,1090643372,1,66,66,132,55,55,False,False,False
200,4,1,small_world,0.5,1090643372,2,5,7,12,5,5,True,True,True
200,4,1,small_world,0.5,1090643372,3,3,5,8,3,3,True,True,True
200,4,1,small_world,0.5,1090643372,4,7,7,14,7,7,True,True,True
200,4,1,scale_free,0.5,1090643372,0,78,78,156,61,61,False,False,False
200,4,1,er,0.6,1090643372,0,62,90,152,60,60,False,False,False
200,4,1,er,0.6,1090643372,1,3,3,6,3,3,True,True,True
200,4,1,ring,0.6,1090643372,0,4,6,10,4,4,True,True,True
200,4,1,ring,0.6,1090643372,1,3,6,9,3,3,True,True,True
200,4,1,ring,0.6,1090643372,2,2,5,7,2,2,True,True,True
200,4,1,ring,0.6,1090643372,3,3,5,8,3,3,True,True,True
200,4,1,ring,0.6,1090643372,4,3,3,6,2,2,False,False,True
200,4,1,ring,0.6,1090643372,5,9,14,23,8,8,False,False,True
200,4,1,ring,0.6,1090643372,6,15,17,32,14,14,False,False,False
200,4,1,ring,0.6,1090643372,7,6,11,17,6,6,True,True,True
200,4,1,ring,0.6,1090643372,8,6,8,14,5,5,False,False,True
200,4,1,ring,0.6,1090643372,9,9,10,19,8,8,False,False,True
200,4,1,ring,0.6,1090643372,10,2,4,6,2,2,True,True,True
200,4,1,ring,0.6,1090643372,11,6,7,13,4,4,False,False,True
200,4,1,ring,0.6,1090643372,12,2,2,4,2,2,True,True,True
200,4,1,small_world,0.6,1090643372,0,6,7,13,6,6,True,True,True
200,4,1,small_world,0.6,1090643372,1,38,57,95,37,37,False,False,False
200,4,1,small_world,0.6,1090643372,2,3,6,9,3,3,True,True,True
200,4,1,small_world,0.6,1090643372,3,8,11,19,8,8,True,True,True
200,4,1,small_world,0.6,1090643372,4,13,13,26,12,12,False,False,False
200,4,1,small_world,0.6,1090643372,5,3,4,7,3,3,True,True,True
200,4,1,scale_free,0.6,1090643372,0,68,75,143,62,62,False,False,False
200,4,1,er,0.7,1090643372,0,48,87,135,47,47,False,False,False
200,4,1,er,0.7,1090643372,1,2,2,4,2,2,True,True,True
200,4,1,er,0.7,1090643372,2,3,3,6,3,3,True,True,True
200,4,1,ring,0.7,1090643372,0,5,9,14,5,5,True,True,True
200,4,1,ring,0.7,1090643372,1,3,6,9,3,3,True,True,True
200,4,1,ring,0.7,1090643372,2,2,5,7,2,2,True,True,True
200,4,1,ring,0.7,1090643372,3,3,6,9,3,3,True,True,True
200,4,1,ring,0.7,1090643372,4,5,8,13,5,5,True,True,True
200,4,1,ring,0.7,1090643372,5,2,5,7,2,2,True,True,True
200,4,1,ring,0.7,1090643372,6,7,11,18,7,7,True,True,True
200,4,1,ring,0.7,1090643372,7,3,8,11,3,3,True,True,True
200,4,1,ring,0.7,1090643372,8,6,8,14,5,5,False,False,True
200,4,1,ring,0.7,1090643372,9,3,4,7,3,3,True,True,True
200,4,1,ring,0.7,1090643372,10,4,6,10,4,4,True,True,True
200,4,1,ring,0.7,1090643372,11,2,4,6,2,2,True,True,True
200,4,1,ring,0.7,1090643372,12,10,12,22,9,9,False,False,True
200,4,1,small_world,0.7,1090643372,0,5,8,13,5,5,True,True,True
200,4,1,small_world,0.7,1090643372,1,3,6,9,3,3,True,True,True
200,4,1,small_world,0.7,1090643372,2,32,52,84,31,31,False,False,False
200,4,1,small_world,0.7,1090643372,3,3,5,8,3,3,True,True,True
200,4,1,small_world,0.7,1090643372,4,7,10,17,7,7,True,True,True
200,4,1,small_world,0.7,1090643372,5,3,4,7,3,3,True,True,True
200,4,1,scale_free,0.7,1090643372,0,51,79,130,51,51,True,True,False
200,4,1,er,0.8,1090643372,0,24,57,81,24,24,True,True,False
200,4,1,er,0.8,1090643372,1,2,3,5,2,2,True,True,True
200,4,1,er,0.8,1090643372,2,2,3,5,2,2,True,True,True
200,4,1,er,0.8,1090643372,3,2,7,9,2,2,True,True,True
200,4,1,er,0.8,1090643372,4,3,3,6,3,3,True,True,True
200,4,1,ring,0.8,1090643372,0,3,6,9,3,3,True,True,True
200,4,1,ring,0.8,1090643372,1,2,5,7,2,2,True,True,True
200,4,1,ring,0.8,1090643372,2,4,7,11,4,4,True,True,True
200,4,1,ring,0.8,1090643372,3,2,6,8,2,2,True,True,True
200,4,1,ring,0.8,1090643372,4,3,7,10,3,3,True,True,True
200,4,1,ring,0.8,1090643372,5,2,6,8,2,2,True,True,True
200,4,1,ring,0.8,1090643372,6,2,7,9,2,2,True,True,True
200,4,1,ring,0.8,1090643372,7,4,6,10,4,4,True,True,True
200,4,1,ring,0.8,1090643372,8,2,4,6,2,2,True,True,True
200,4,1,ring,0.8,1090643372,9,6,11,17,6,6,True,True,True
200,4,1,ring,0.8,1090643372,10,2,6,8,2,2,True,True,True
200,4,1,small_world,0.8,1090643372,0,3,9,12,3,3,True,True,True
200,4,1,small_world,0.8,1090643372,1,3,6,9,3,3,True,True,True
200,4,1,small_world,0.8,1090643372,2,3,8,11,3,3,True,True,True
200,4,1,small_world,0.8,1090643372,3,3,7,10,3,3,True,True,True
200,4,1,small_world,0.8,1090643372,4,9,18,27,9,9,True,True,True
200,4,1,small_world,0.8,1090643372,5,4,7,11,4,4,True,True,True
200,4,1,small_world,0.8,1090643372,6,2,4,6,2,2,True,True,True
200,4,1,small_world,0.8,1090643372,7,2,6,8,2,2,True,True,True
200,4,1,small_world,0.8,1090643372,8,3,6,9,3,3,True,True,True
200,4,1,small_world,0.8,1090643372,9,2,6,8,2,2,True,True,True
200,4,1,scale_free,0.8,1090643372,0,31,71,102,31,31,True,True,False
200,4,1,er,0.9,1090643372,0,9,35,44,9,9,True,True,True
200,4,1,er,0.9,1090643372,1,2,7,9,2,2,True,True,True
200,4,1,er,0.9,1090643372,2,2,4,6,2,2,True,True,True
200,4,1,ring,0.9,1090643372,0,2,4,6,2,2,True,True,True
200,4,1,ring,0.9,1090643372,1,2,6,8,2,2,True,True,True
200,4,1,ring,0.9,1090643372,2,2,4,6,2,2,True,True,True
200,4,1,ring,0.9,1090643372,3,3,5,8,3,3,True,True,True
200,4,1,small_world,0.9,1090643372,0,2,7,9,2,2,True,True,True
200,4,1,small_world,0.9,1090643372,1,5,10,15,5,5,True,True,True
200,4,1,small_world,0.9,1090643372,2,3,10,13,3,3,True,True,True
200,4,1,small_world,0.9,1090643372,3,2,4,6,2,2,True,True,True
200,4,1,scale_free,0.9,1090643372,0,15,48,63,15,15,True,True,False
200,4,1,scale_free,0.9,1090643372,1,2,4,6,2,2,True,True,True
200,4,2,small_world,0.2,3612633924,0,2,2,4,2,2,True,True,True
200,4,2,ring,0.3,3612633924,0,3,3,6,2,2,False,False,True
200,4,2,ring,0.3,3612633924,1,2,2,4,2,2,True,True,True
200,4,2,ring,0.3,3612633924,2,5,5,10,4,4,False,False,True
200,4,2,ring,0.3,3612633924,3,2,2,4,2,2,True,True,True
200,4,2,ring,0.3,3612633924,4,8,8,16,6,6,False,False,True
200,4,2,ring,0.3,3612633924,5,2,2,4,2,2,True,True,True
200,4,2,ring,0.3,3612633924,6,2,2,4,2,2,True,True,True
200,4,2,small_world,0.3,3612633924,0,4,4,8,4,4,True,True,True
200,4,2,small_world,0.3,3612633924,1,2,2,4,2,2,True,True,True
200,4,2,small_world,0.3,3612633924,2,2,2,4,2,2,True,True,True
200,4,2,small_world,0.3,3612633924,3,2,2,4,2,2,True,True,True
200,4,2,ring,0.4,3612633924,0,5,5,10,4,4,False,False,True
200,4,2,ring,0.4,3612633924,1,4,4,8,3,3,False,False,True
200,4,2,ring,0.4,3612633924,2,4,6,10,3,3,False,False,True
200,4,2,ring,0.4,3612633924,3,4,5,9,4,4,True,True,True
200,4,2,ring,0.4,3612633924,4,2,2,4,2,2,True,True,True
200,4,2,small_world,0.4,3612633924,0,4,4,8,4,4,True,True,True
200,4,2,small_world,0.4,3612633924,1,5,6,11,4,4,False,False,True
200,4,2,small_world,0.4,3612633924,2,2,2,4,2,2,True,True,True
200,4,2,er,0.5,3612633924,0,77,79,156,67,67,False,False,False
200,4,2,ring,0.5,3612633924,0,8,8,16,5,5,False,False,True
200,4,2,ring,0.5,3612633924,1,7,7,14,6,6,False,False,True
200,4,2,ring,0.5,3612633924,2,2,4,6,2,2,True,True,True
200,4,2,ring,0.5,3612633924,3,6,6,12,5,5,False,False,True
200,4,2,ring,0.5,3612633924,4,6,6,12,5,5,False,False,True
200,4,2,ring,0.5,3612633924,5,5,5,10,4,4,False,False,True
200,4,2,ring,0.5,3612633924,6,4,5,9,4,4,True,True,True
200,4,2,ring,0.5,3612633924,7,2,2,4,2,2,True,True,True
200,4,2,small_world,0.5,3612633924,0,13,14,27,10,10,False,False,False
200,4,2,small_world,0.5,3612633924,1,2,3,5,2,2,True,True,True
200,4,2,small_world,0.5,3612633924,2,6,6,12,5,5,False,False,True
200,4,2,small_world,0.5,3612633924,3,3,3,6,3,3,True,True,True
200,4,2,small_world,0.5,3612633924,4,2,2,4,2,2,True,True,True
200,4,2,scale_free,0.5,3612633924,0,73,85,158,64,64,False,False,False
200,4,2,er,0.6,3612633924,0,70,89,159,69,69,False,False,False
200,4,2,ring,0.6,3612633924,0,13,15,28,11,11,False,False,False
200,4,2,ring,0.6,3612633924,1,5,5,10,4,4,False,False,True
200,4,2,ring,0.6,3612633924,2,6,8,14,6,6,True,True,True
200,4,2,ring,0.6,3612633924,3,2,5,7,2,2,True,True,True
200,4,2,ring,0.6,3612633924,4,2,2,4,2,2,True,True,True
200,4,2,ring,0.6,3612633924,5,5,7,12,4,4,False,False,True
200,4,2,ring,0.6,3612633924,6,7,8,15,6,6,False,False,True
200,4,2,ring,0.6,3612633924,7,5,7,12,4,4,False,False,True
200,4,2,ring,0.6,3612633924,8,4,4,8,3,3,False,False,True
200,4,2,ring,0.6,3612633924,9,10,11,21,9,9,False,False,True
200,4,2,ring,0.6,3612633924,10,2,4,6,2,2,True,True,True
200,4,2,ring,0.6,3612633924,11,10,11,21,9,9,False,False,True
200,4,2,ring,0.6,3612633924,12,2,2,4,2,2,True,True,True
200,4,2,small_world,0.6,3612633924,0,6,10,16,6,6,True,True,True
200,4,2,small_world,0.6,3612633924,1,15,15,30,14,14,False,False,False
200,4,2,small_world,0.6,3612633924,2,27,34,61,26,26,False,False,False
200,4,2,small_world,0.6,3612633924,3,2,5,7,2,2,True,True,True
200,4,2,small_world,0.6,3612633924,4,2,5,7,2,2,True,True,True
200,4,2,small_world,0.6,3612633924,5,3,3,6,3,3,True,True,True
200,4,2,small_world,0.6,3612633924,6,10,12,22,9,9,False,False,True
200,4,2,small_world,0.6,3612633924,7,4,4,8,3,3,False,False,True
200,4,2,small_world,0.6,3612633924,8,2,2,4,2,2,True,True,True
200,4,2,scale_free,0.6,3612633924,0,67,90,157,62,62,False,False,False
200,4,2,er,0.7,3612633924,0,50,85,135,50,50,True,True,False
200,4,2,er,0.7,3612633924,1,2,4,6,2,2,True,True,True
200,4,2,ring,0.7,3612633924,0,8,11,19,8,8,True,True,True
200,4,2,ring,0.7,3612633924,1,7,14,21,7,7,True,True,True
200,4,2,ring,0.7,3612633924,2,6,10,16,6,6,True,True,True
200,4,2,ring,0.7,3612633924,3,7,8,15,6,6,False,False,True
200,4,2,ring,0.7,3612633924,4,3,3,6,2,2,False,False,True
200,4,2,ring,0.7,3612633924,5,3,4,7,3,3,True,True,True
200,4,2,ring,0.7,3612633924,6,3,3,6,2,2,False,False,True
200,4,2,ring,0.7,3612633924,7,2,2,4,2,2,True,True,True
200,4,2,ring,0.7,3612633924,8,6,10,16,6,6,True,True,True
200,4,2,ring,0.7,3612633924,9,6,11,17,5,5,False,False,True
200,4,2,ring,0.7,3612633924,10,3,5,8,3,3,True,True,True
200,4,2,small_world,0.7,3612633924,0,4,11,15,4,4,True,True,True
200,4,2,small_world,0.7,3612633924,1,21,41,62,21,21,True,True,False
200,4,2,small_world,0.7,3612633924,2,21,26,47,20,20,False,False,False
200,4,2,small_world,0.7,3612633924,3,3,3,6,2,2,False,False,True
200,4,2,small_world,0.7,3612633924,4,2,2,4,2,2,True,True,True
200,4,2,scale_free,0.7,3612633924,0,51,87,138,49,49,False,False,False
200,4,2,er,0.8,3612633924,0,28,66,94,28,28,True,True,False
200,4,2,er,0.8,3612633924,1,4,7,11,4,4,True,True,True
200,4,2,ring,0.8,3612633924,0,2,5,7,2,2,True,True,True
200,4,2,ring,0.8,3612633924,1,7,14,21,7,7,True,True,True
200,4,2,ring,0.8,3612633924,2,2,5,7,2,2,True,True,True
200,4,2,ring,0.8,3612633924,3,6,9,15,6,6,True,True,True
200,4,2,ring,0.8,3612633924,4,4,6,10,4,4,True,True,True
200,4,2,ring,0.8,3612633924,5,3,7,10,3,3,True,True,True
200,4,2,ring,0.8,3612633924,6,2,4,6,2,2,True,True,True
200,4,2,ring,0.8,3612633924,7,2,5,7,2,2,True,True,True
200,4,2,ring,0.8,3612633924,8,3,9,12,3,3,True,True,True
200,4,2,ring,0.8,3612633924,9,2,5,7,2,2,True,True,True
200,4,2,small_world,0.8,3612633924,0,2,4,6,2,2,True,True,True
200,4,2,small_world,0.8,3612633924,1,20,39,59,20,20,True,True,False
200,4,2,small_world,0.8,3612633924,2,2,6,8,2,2,True,True,True
200,4,2,small_world,0.8,3612633924,3,2,5,7,2,2,True,True,True
200,4,2,small_world,0.8,3612633924,4,3,7,10,3,3,True,True,True
200,4,2,small_world,0.8,3612633924,5,3,9,12,3,3,True,True,True
200,4,2,small_world,0.8,3612633924,6,3,10,13,3,3,True,True,True
200,4,2,scale_free,0.8,3612633924,0,36,81,117,35,35,False,False,False
200,4,2,er,0.9,3612633924,0,5,19,24,5,5,True,True,True
200,4,2,er,0.9,3612633924,1,3,17,20,3,3,True,True,True
200,4,2,er,0.9,3612633924,2,5,10,15,5,5,True,True,True
200,4,2,er,0.9,3612633924,3,2,5,7,2,2,True,True,True
200,4,2,ring,0.9,3612633924,0,2,5,7,2,2,True,True,True
200,4,2,ring,0.9,3612633924,1,2,7,9,2,2,True,True,True
200,4,2,ring,0.9,3612633924,2,3,6,9,3,3,True,True,True
200,4,2,ring,0.9,3612633924,3,2,6,8,2,2,True,True,True
200,4,2,small_world,0.9,3612633924,0,5,17,22,5,5,True,True,True
200,4,2,small_world,0.9,3612633924,1,2,6,8,2,2,True,True,True
200,4,2,small_world,0.9,3612633924,2,2,4,6,2,2,True,True,True
200,4,2,small_world,0.9,3612633924,3,2,6,8,2,2,True,True,True
200,4,2,scale_free,0.9,3612633924,0,3,4,7,3,3,True,True,True
200,4,2,scale_free,0.9,3612633924,1,12,31,43,12,12,True,True,False
200,4,3,ring,0.3,3679421566,0,2,2,4,2,2,True,True,True
200,4,3,ring,0.3,3679421566,1,3,5,8,3,3,True,True,True
200,4,3,ring,0.4,3679421566,0,3,3,6,2,2,False,False,True
200,4,3,ring,0.4,3679421566,1,3,3,6,2,2,False,False,True
200,4,3,ring,0.4,3679421566,2,6,6,12,5,5,False,False,True
200,4,3,ring,0.4,3679421566,3,2,2,4,2,2,True,True,True
200,4,3,ring,0.4,3679421566,4,2,5,7,2,2,True,True,True
200,4,3,small_world,0.4,3679421566,0,3,3,6,2,2,False,False,True
200,4,3,er,0.5,3679421566,0,79,87,166,74,74,False,False,False
200,4,3,ring,0.5,3679421566,0,4,4,8,4,4,True,True,True
200,4,3,ring,0.5,3679421566,1,3,4,7,3,3,True,True,True
200,4,3,ring,0.5,3679421566,2,12,16,28,10,10,False,False,False
200,4,3,ring,0.5,3679421566,3,11,11,22,9,9,False,False,False
200,4,3,ring,0.5,3679421566,4,2,2,4,2,2,True,True,True
200,4,3,ring,0.5,3679421566,5,2,5,7,2,2,True,True,True
200,4,3,ring,0.5,3679421566,6,2,2,4,2,2,True,True,True
200,4,3,small_world,0.5,3679421566,0,3,4,7,3,3,True,True,True
200,4,3,small_world,0.5,3679421566,1,3,4,7,3,3,True,True,True
200,4,3,small_world,0.5,3679421566,2,2,3,5,2,2,True,True,True
200,4,3,scale_free,0.5,3679421566,0,78,94,172,66,66,False,False,False
200,4,3,er,0.6,3679421566,0,61,84,145,58,58,False,False,False
200,4,3,er,0.6,3679421566,1,2,2,4,2,2,True,True,True
200,4,3,ring,0.6,3679421566,0,12,12,24,10,10,False,False,False
200,4,3,ring,0.6,3679421566,1,13,17,30,13,13,True,True,False
200,4,3,ring,0.6,3679421566,2,3,4,7,3,3,True,True,True
200,4,3,ring,0.6,3679421566,3,7,13,20,7,7,True,True,True
200,4,3,ring,0.6,3679421566,4,2,6,8,2,2,True,True,True
200,4,3,ring,0.6,3679421566,5,5,7,12,4,4,False,False,True
200,4,3,ring,0.6,3679421566,6,2,2,4,2,2,True,True,True
200,4,3,ring,0.6,3679421566,7,2,5,7,2,2,True,True,True
200,4,3,ring,0.6,3679421566,8,10,11,21,10,10,True,True,True
200,4,3,small_world,0.6,3679421566,0,67,84,151,65,65,False,False,False
200,4,3,small_world,0.6,3679421566,1,3,4,7,3,3,True,True,True
200,4,3,small_world,0.6,3679421566,2,3,5,8,3,3,True,True,True
200,4,3,scale_free,0.6,3679421566,0,67,100,167,57,57,False,False,False
200,4,3,er,0.7,3679421566,0,51,95,146,51,51,True,True,False
200,4,3,ring,0.7,3679421566,0,3,8,11,3,3,True,True,True
200,4,3,ring,0.7,3679421566,1,8,8,16,6,6,False,False,True
200,4,3,ring,0.7,3679421566,2,12,12,24,10,10,False,False,False
200,4,3,ring,0.7,3679421566,3,7,9,16,7,7,True,True,True
200,4,3,ring,0.7,3679421566,4,4,10,14,4,4,True,True,True
200,4,3,ring,0.7,3679421566,5,2,4,6,2,2,True,True,True
200,4,3,ring,0.7,3679421566,6,4,9,13,4,4,True,True,True
200,4,3,ring,0.7,3679421566,7,2,6,8,2,2,True,True,True
200,4,3,ring,0.7,3679421566,8,2,7,9,2,2,True,True,True
200,4,3,ring,0.7,3679421566,9,2,5,7,2,2,True,True,True
200,4,3,ring,0.7,3679421566,10,8,13,21,8,8,True,True,True
200,4,3,ring,0.7,3679421566,11,3,5,8,3,3,True,True,True
200,4,3,small_world,0.7,3679421566,0,47,88,135,47,47,True,True,False
200,4,3,small_world,0.7,3679421566,1,3,7,10,3,3,True,True,True
200,4,3,small_world,0.7,3679421566,2,2,3,5,2,2,True,True,True
200,4,3,scale_free,0.7,3679421566,0,53,90,143,48,48,False,False,False
200,4,3,er,0.8,3679421566,0,33,80,113,33,33,True,True,False
200,4,3,ring,0.8,3679421566,0,2,7,9,2,2,True,True,True
200,4,3,ring,0.8,3679421566,1,8,15,23,8,8,True,True,True
200,4,3,ring,0.8,3679421566,2,2,6,8,2,2,True,True,True
200,4,3,ring,0.8,3679421566,3,4,9,13,4,4,True,True,True
200,4,3,ring,0.8,3679421566,4,3,7,10,3,3,True,True,True
200,4,3,ring,0.8,3679421566,5,4,9,13,4,4,True,True,True
200,4,3,ring,0.8,3679421566,6,2,7,9,2,2,True,True,True
200,4,3,ring,0.8,3679421566,7,5,8,13,5,5,True,True,True
200,4,3,ring,0.8,3679421566,8,3,5,8,3,3,True,True,True
200,4,3,small_world,0.8,3679421566,0,2,7,9,2,2,True,True,True
200,4,3,small_world,0.8,3679421566,1,2,8,10,2,2,True,True,True
200,4,3,small_world,0.8,3679421566,2,4,7,11,4,4,True,True,True
200,4,3,small_world,0.8,3679421566,3,2,7,9,2,2,True,True,True
200,4,3,small_world,0.8,3679421566,4,4,7,11,4,4,True,True,True
200,4,3,small_world,0.8,3679421566,5,3,11,14,3,3,True,True,True
200,4,3,small_world,0.8,3679421566,6,17,39,56,17,17,True,True,False
200,4,3,small_world,0.8,3679421566,7,2,3,5,2,2,True,True,True
200,4,3,scale_free,0.8,3679421566,0,31,65,96,31,31,True,True,False
200,4,3,er,0.9,3679421566,0,13,44,57,13,13,True,True,False
200,4,3,ring,0.9,3679421566,0,3,7,10,3,3,True,True,True
200,4,3,ring,0.9,3679421566,1,2,7,9,2,2,True,True,True
200,4,3,ring,0.9,3679421566,2,2,5,7,2,2,True,True,True
200,4,3,small_world,0.9,3679421566,0,3,7,10,3,3,True,True,True
200,4,3,small_world,0.9,3679421566,1,3,11,14,3,3,True,True,True
200,4,3,small_world,0.9,3679421566,2,3,10,13,3,3,True,True,True
200,4,3,small_world,0.9,3679421566,3,2,4,6,2,2,True,True,True
200,4,3,small_world,0.9,3679421566,4,2,8,10,2,2,True,True,True
200,4,3,scale_free,0.9,3679421566,0,5,14,19,5,5,True,True,True
200,4,3,scale_free,0.9,3679421566,1,5,12,17,5,5,True,True,True
200,4,3,scale_free,0.9,3679421566,2,2,2,4,2,2,True,True,True
200,4,4,ring,0.3,1263744515,0,2,2,4,2,2,True,True,True
200,4,4,ring,0.3,1263744515,1,2,2,4,2,2,True,True,True
200,4,4,ring,0.3,1263744515,2,5,7,12,5,5,True,True,True
200,4,4,ring,0.3,1263744515,3,2,2,4,2,2,True,True,True
200,4,4,small_world,0.3,1263744515,0,2,2,4,2,2,True,True,True
200,4,4,small_world,0.3,1263744515,1,3,3,6,3,3,True,True,True
200,4,4,scale_free,0.3,1263744515,0,2,3,5,2,2,True,True,True
200,4,4,er,0.4,1263744515,0,2,2,4,2,2,True,True,True
200,4,4,ring,0.4,1263744515,0,11,11,22,10,10,False,False,False
200,4,4,ring,0.4,1263744515,1,2,2,4,2,2,True,True,True
200,4,4,ring,0.4,1263744515,2,2,2,4,2,2,True,True,True
200,4,4,ring,0.4,1263744515,3,2,2,4,2,2,True,True,True
200,4,4,ring,0.4,1263744515,4,2,2,4,2,2,True,True,True
200,4,4,ring,0.4,1263744515,5,3,4,7,3,3,True,True,True
200,4,4,small_world,0.4,1263744515,0,12,13,25,10,10,False,False,False
200,4,4,small_world,0.4,1263744515,1,4,4,8,4,4,True,True,True
200,4,4,small_world,0.4,1263744515,2,2,2,4,2,2,True,True,True
200,4,4,small_world,0.4,1263744515,3,3,4,7,3,3,True,True,True
200,4,4,small_world,0.4,1263744515,4,2,2,4,2,2,True,True,True
200,4,4,ring,0.5,1263744515,0,8,10,18,8,8,True,True,True
200,4,4,ring,0.5,1263744515,1,2,2,4,2,2,True,True,True
200,4,4,ring,0.5,1263744515,2,14,14,28,11,11,False,False,False
200,4,4,ring,0.5,1263744515,3,2,2,4,2,2,True,True,True
200,4,4,ring,0.5,1263744515,4,2,2,4,2,2,True,True,True
200,4,4,ring,0.5,1263744515,5,2,2,4,2,2,True,True,True
200,4,4,ring,0.5,1263744515,6,8,9,17,7,7,False,False,True
200,4,4,ring,0.5,1263744515,7,5,5,10,5,5,True,True,True
200,4,4,ring,0.5,1263744515,8,2,5,7,2,2,True,True,True
200,4,4,small_world,0.5,1263744515,0,33,35,68,28,28,False,False,False
200,4,4,small_world,0.5,1263744515,1,4,4,8,4,4,True,True,True
200,4,4,small_world,0.5,1263744515,2,7,8,15,7,7,True,True,True
200,4,4,small_world,0.5,1263744515,3,3,3,6,2,2,False,False,True
200,4,4,small_world,0.5,1263744515,4,3,3,6,3,3,True,True,True
200,4,4,small_world,0.5,1263744515,5,3,4,7,3,3,True,True,True
200,4,4,scale_free,0.5,1263744515,0,2,3,5,2,2,True,True,True
200,4,4,er,0.6,1263744515,0,67,90,157,64,64,False,False,False
200,4,4,ring,0.6,1263744515,0,6,10,16,6,6,True,True,True
200,4,4,ring,0.6,1263744515,1,9,12,21,9,9,True,True,True
200,4,4,ring,0.6,1263744515,2,2,6,8,2,2,True,True,True
200,4,4,ring,0.6,1263744515,3,4,5,9,4,4,True,True,True
200,4,4,ring,0.6,1263744515,4,22,24,46,18,18,False,False,False
200,4,4,ring,0.6,1263744515,5,5,6,11,4,4,False,False,True
200,4,4,ring,0.6,1263744515,6,8,9,17,7,7,False,False,True
200,4,4,ring,0.6,1263744515,7,7,10,17,7,7,True,True,True
200,4,4,ring,0.6,1263744515,8,8,9,17,8,8,True,True,True
200,4,4,ring,0.6,1263744515,9,5,5,10,5,5,True,True,True
200,4,4,ring,0.6,1263744515,10,2,5,7,2,2,True,True,True
200,4,4,small_world,0.6,1263744515,0,19,30,49,18,18,False,False,False
200,4,4,small_world,0.6,1263744515,1,34,39,73,32,32,False,False,False
200,4,4,small_world,0.6,1263744515,2,3,6,9,3,3,True,True,True
200,4,4,small_world,0.6,1263744515,3,3,4,7,3,3,True,True,True
200,4,4,small_world,0.6,1263744515,4,7,9,16,7,7,True,True,True
200,4,4,small_world,0.6,1263744515,5,3,3,6,2,2,False,False,True
200,4,4,small_world,0.6,1263744515,6,2,3,5,2,2,True,True,True
200,4,4,small_world,0.6,1263744515,7,3,5,8,3,3,True,True,True
200,4,4,small_world,0.6,1263744515,8,2,5,7,2,2,True,True,True
200,4,4,scale_free,0.6,1263744515,0,71,77,148,55,55,False,False,False
200,4,4,er,0.7,1263744515,0,53,96,149,53,53,True,True,False
200,4,4,ring,0.7,1263744515,0,2,7,9,2,2,True,True,True
200,4,4,ring,0.7,1263744515,1,2,4,6,2,2,True,True,True
200,4,4,ring,0.7,1263744515,2,5,9,14,5,5,True,True,True
200,4,4,ring,0.7,1263744515,3,2,6,8,2,2,True,True,True
200,4,4,ring,0.7,1263744515,4,14,21,35,14,14,True,True,False
200,4,4,ring,0.7,1263744515,5,8,14,22,8,8,True,True,True
200,4,4,ring,0.7,1263744515,6,6,11,17,6,6,True,True,True
200,4,4,ring,0.7,1263744515,7,6,11,17,6,6,True,True,True
200,4,4,ring,0.7,1263744515,8,8,9,17,8,8,True,True,True
200,4,4,ring,0.7,1263744515,9,4,7,11,4,4,True,True,True
200,4,4,ring,0.7,1263744515,10,2,5,7,2,2,True,True,True
200,4,4,small_world,0.7,1263744515,0,2,6,8,2,2,True,True,True
200,4,4,small_world,0.7,1263744515,1,43,71,114,43,43,True,True,False
200,4,4,small_world,0.7,1263744515,2,2,4,6,2,2,True,True,True
200,4,4,small_world,0.7,1263744515,3,7,9,16,7,7,True,True,True
200,4,4,small_world,0.7,1263744515,4,2,6,8,2,2,True,True,True
200,4,4,small_world,0.7,1263744515,5,2,3,5,2,2,True,True,True
200,4,4,small_world,0.7,1263744515,6,2,6,8,2,2,True,True,True
200,4,4,scale_free,0.7,1263744515,0,53,69,122,42,42,False,False,False
200,4,4,er,0.8,1263744515,0,35,87,122,35,35,True,True,False
200,4,4,ring,0.8,1263744515,0,2,4,6,2,2,True,True,True
200,4,4,ring,0.8,1263744515,1,2,5,7,2,2,True,True,True
200,4,4,ring,0.8,1263744515,2,2,6,8,2,2,True,True,True
200,4,4,ring,0.8,1263744515,3,6,12,18,6,6,True,True,True
200,4,4,ring,0.8,1263744515,4,3,7,10,3,3,True,True,True
200,4,4,ring,0.8,1263744515,5,4,8,12,4,4,True,True,True
200,4,4,ring,0.8,1263744515,6,3,9,12,3,3,True,True,True
200,4,4,ring,0.8,1263744515,7,8,12,20,8,8,True,True,True
200,4,4,ring,0.8,1263744515,8,2,5,7,2,2,True,True,True
200,4,4,small_world,0.8,1263744515,0,13,29,42,13,13,True,True,False
200,4,4,small_world,0.8,1263744515,1,7,15,22,7,7,True,True,True
200,4,4,small_world,0.8,1263744515,2,2,4,6,2,2,True,True,True
200,4,4,small_world,0.8,1263744515,3,7,12,19,7,7,True,True,True
200,4,4,small_world,0.8,1263744515,4,2,6,8,2,2,True,True,True
200,4,4,small_world,0.8,1263744515,5,2,7,9,2,2,True,True,True
200,4,4,small_world,0.8,1263744515,6,2,5,7,2,2,True,True,True
200,4,4,scale_free,0.8,1263744515,0,35,57,92,34,34,False,False,False
200,4,4,scale_free,0.8,1263744515,1,2,3,5,2,2,True,True,True
200,4,4,er,0.9,1263744515,0,6,20,26,6,6,True,True,True
200,4,4,er,0.9,1263744515,1,4,13,17,4,4,True,True,True
200,4,4,ring,0.9,1263744515,0,2,4,6,2,2,True,True,True
200,4,4,ring,0.9,1263744515,1,3,9,12,3,3,True,True,True
200,4,4,ring,0.9,1263744515,2,2,5,7,2,2,True,True,True
200,4,4,ring,0.9,1263744515,3,2,6,8,2,2,True,True,True
200,4,4,ring,0.9,1263744515,4,2,5,7,2,2,True,True,True
200,4,4,ring,0.9,1263744515,5,2,5,7,2,2,True,True,True
200,4,4,small_world,0.9,1263744515,0,3,9,12,3,3,True,True,True
200,4,4,small_world,0.9,1263744515,1,4,10,14,4,4,True,True,True
200,4,4,small_world,0.9,1263744515,2,3,8,11,3,3,True,True,True
200,4,4,small_world,0.9,1263744515,3,2,5,7,2,2,True,True,True
200,4,4,small_world,0.9,1263744515,4,2,5,7,2,2,True,True,True
200,4,4,scale_free,0.9,1263744515,0,16,39,55,16,16,True,True,False
200,4,5,scale_free,0.1,3979401341,0,2,2,4,2,2,True,True,True
200,4,5,er,0.2,3979401341,0,2,2,4,2,2,True,True,True
200,4,5,ring,0.2,3979401341,0,2,2,4,2,2,True,True,True
200,4,5,scale_free,0.2,3979401341,0,2,2,4,2,2,True,True,True
200,4,5,ring,0.3,3979401341,0,2,2,4,2,2,True,True,True
200,4,5,er,0.4,3979401341,0,2,2,4,2,2,True,True,True
200,4,5,er,0.4,3979401341,1,2,2,4,2,2,True,True,True
200,4,5,ring,0.4,3979401341,0,8,9,17,6,6,False,False,True
200,4,5,ring,0.4,3979401341,1,12,12,24,11,11,False,False,False
200,4,5,small_world,0.4,3979401341,0,2,2,4,2,2,True,True,True
200,4,5,er,0.5,3979401341,0,3,3,6,3,3,True,True,True
200,4,5,er,0.5,3979401341,1,2,2,4,2,2,True,True,True
200,4,5,ring,0.5,3979401341,0,20,21,41,16,16,False,False,False
200,4,5,ring,0.5,3979401341,1,17,19,36,15,15,False,False,False
200,4,5,ring,0.5,3979401341,2,7,10,17,7,7,True,True,True
200,4,5,ring,0.5,3979401341,3,3,4,7,3,3,True,True,True
200,4,5,ring,0.5,3979401341,4,5,5,10,5,5,True,True,True
200,4,5,ring,0.5,3979401341,5,5,5,10,4,4,False,False,True
200,4,5,ring,0.5,3979401341,6,4,4,8,3,3,False,False,True
200,4,5,small_world,0.5,3979401341,0,2,2,4,2,2,True,True,True
200,4,5,scale_free,0.5,3979401341,0,78,88,166,61,61,False,False,False
200,4,5,er,0.6,3979401341,0,61,82,143,60,61,False,True,False
200,4,5,er,0.6,3979401341,1,2,4,6,2,2,True,True,True
200,4,5,ring,0.6,3979401341,0,19,19,38,14,14,False,False,False
200,4,5,ring,0.6,3979401341,1,6,8,14,6,6,True,True,True
200,4,5,ring,0.6,3979401341,2,8,14,22,8,8,True,True,True
200,4,5,ring,0.6,3979401341,3,5,7,12,5,5,True,True,True
200,4,5,ring,0.6,3979401341,4,6,8,14,6,6,True,True,True
200,4,5,ring,0.6,3979401341,5,3,4,7,3,3,True,True,True
200,4,5,ring,0.6,3979401341,6,4,6,10,4,4,True,True,True
200,4,5,ring,0.6,3979401341,7,5,5,10,4,4,False,False,True
200,4,5,ring,0.6,3979401341,8,5,5,10,4,4,False,False,True
200,4,5,ring,0.6,3979401341,9,13,16,29,12,12,False,False,False
200,4,5,ring,0.6,3979401341,10,5,12,17,5,5,True,True,True
200,4,5,small_world,0.6,3979401341,0,72,90,162,66,66,False,False,False
200,4,5,small_world,0.6,3979401341,1,2,2,4,2,2,True,True,True
200,4,5,small_world,0.6,3979401341,2,5,12,17,5,5,True,True,True
200,4,5,scale_free,0.6,3979401341,0,68,92,160,58,58,False,False,False
200,4,5,er,0.7,3979401341,0,43,77,120,43,43,True,True,False
200,4,5,er,0.7,3979401341,1,4,7,11,4,4,True,True,True
200,4,5,er,0.7,3979401341,2,2,4,6,2,2,True,True,True
200,4,5,ring,0.7,3979401341,0,18,26,44,17,17,False,False,False
200,4,5,ring,0.7,3979401341,1,5,10,15,5,5,True,True,True
200,4,5,ring,0.7,3979401341,2,2,5,7,2,2,True,True,True
200,4,5,ring,0.7,3979401341,3,6,12,18,6,6,True,True,True
200,4,5,ring,0.7,3979401341,4,3,4,7,3,3,True,True,True
200,4,5,ring,0.7,3979401341,5,6,10,16,6,6,True,True,True
200,4,5,ring,0.7,3979401341,6,10,13,23,9,9,False,False,True
200,4,5,ring,0.7,3979401341,7,4,10,14,4,4,True,True,True
200,4,5,ring,0.7,3979401341,8,2,5,7,2,2,True,True,True
200,4,5,small_world,0.7,3979401341,0,51,85,136,50,50,False,False,False
200,4,5,small_world,0.7,3979401341,1,4,10,14,4,4,True,True,True
200,4,5,small_world,0.7,3979401341,2,2,5,7,2,2,True,True,True
200,4,5,scale_free,0.7,3979401341,0,50,78,128,46,46,False,False,False
200,4,5,scale_free,0.7,3979401341,1,3,3,6,3,3,True,True,True
200,4,5,er,0.8,3979401341,0,30,73,103,30,30,True,True,False
200,4,5,er,0.8,3979401341,1,2,5,7,2,2,True,True,True
200,4,5,ring,0.8,3979401341,0,2,4,6,2,2,True,True,True
200,4,5,ring,0.8,3979401341,1,9,15,24,9,9,True,True,True
200,4,5,ring,0.8,3979401341,2,3,9,12,3,3,True,True,True
200,4,5,ring,0.8,3979401341,3,4,10,14,4,4,True,True,True
200,4,5,ring,0.8,3979401341,4,2,5,7,2,2,True,True,True
200,4,5,ring,0.8,3979401341,5,2,6,8,2,2,True,True,True
200,4,5,ring,0.8,3979401341,6,2,4,6,2,2,True,True,True
200,4,5,ring,0.8,3979401341,7,2,6,8,2,2,True,True,True
200,4,5,ring,0.8,3979401341,8,6,8,14,5,5,False,False,True
200,4,5,ring,0.8,3979401341,9,2,5,7,2,2,True,True,True
200,4,5,small_world,0.8,3979401341,0,2,4,6,2,2,True,True,True
200,4,5,small_world,0.8,3979401341,1,19,42,61,19,19,True,True,False
200,4,5,small_world,0.8,3979401341,2,4,12,16,4,4,True,True,True
200,4,5,small_world,0.8,3979401341,3,2,6,8,2,2,True,True,True
200,4,5,small_world,0.8,3979401341,4,7,12,19,6,6,False,False,True
200,4,5,small_world,0.8,3979401341,5,2,5,7,2,2,True,True,True
200,4,5,scale_free,0.8,3979401341,0,38,75,113,37,37,False,False,False
200,4,5,er,0.9,3979401341,0,17,56,73,17,17,True,True,False
200,4,5,ring,0.9,3979401341,0,2,5,7,2,2,True,True,True
200,4,5,ring,0.9,3979401341,1,4,13,17,4,4,True,True,True
200,4,5,ring,0.9,3979401341,2,2,6,8,2,2,True,True,True
200,4,5,ring,0.9,3979401341,3,2,5,7,2,2,True,True,True
200,4,5,small_world,0.9,3979401341,0,3,9,12,3,3,True,True,True
200,4,5,small_world,0.9,3979401341,1,6,21,27,6,6,True,True,True
200,4,5,small_world,0.9,3979401341,2,2,9,11,2,2,True,True,True
200,4,5,small_world,0.9,3979401341,3,2,6,8,2,2,True,True,True
200,4,5,small_world,0.9,3979401341,4,3,9,12,3,3,True,True,True
200,4,5,scale_free,0.9,3979401341,0,12,31,43,12,12,True,True,False
200,4,5,scale_free,0.9,3979401341,1,3,9,12,3,3,True,True,True
200,4,5,scale_free,0.9,3979401341,2,2,5,7,2,2,True,True,True
200,4,6,ring,0.2,2138978472,0,4,4,8,4,4,True,True,True
200,4,6,ring,0.2,2138978472,1,4,4,8,3,3,False,False,True
200,4,6,small_world,0.2,2138978472,0,2,2,4,2,2,True,True,True
200,4,6,small_world,0.2,2138978472,1,4,4,8,3,3,False,False,True
200,4,6,ring,0.3,2138978472,0,4,4,8,4,4,True,True,True
200,4,6,ring,0.3,2138978472,1,4,4,8,3,3,False,False,True
200,4,6,small_world,0.3,2138978472,0,2,2,4,2,2,True,True,True
200,4,6,small_world,0.3,2138978472,1,4,4,8,3,3,False,False,True
200,4,6,er,0.4,2138978472,0,2,3,5,2,2,True,True,True
200,4,6,ring,0.4,2138978472,0,4,5,9,4,4,True,True,True
200,4,6,ring,0.4,2138978472,1,5,5,10,4,4,False,False,True
200,4,6,ring,0.4,2138978472,2,8,9,17,6,6,False,False,True
200,4,6,small_world,0.4,2138978472,0,2,2,4,2,2,True,True,True
200,4,6,small_world,0.4,2138978472,1,2,2,4,2,2,True,True,True
200,4,6,er,0.5,2138978472,0,78,82,160,70,70,False,False,False
200,4,6,er,0.5,2138978472,1,2,2,4,2,2,True,True,True
200,4,6,er,0.5,2138978472,2,2,4,6,2,2,True,True,True
200,4,6,ring,0.5,2138978472,0,28,28,56,24,24,False,False,False
200,4,6,ring,0.5,2138978472,1,2,4,6,2,2,True,True,True
200,4,6,ring,0.5,2138978472,2,4,6,10,3,3,False,False,True
200,4,6,ring,0.5,2138978472,3,33,34,67,28,28,False,False,False
200,4,6,ring,0.5,2138978472,4,4,6,10,3,3,False,False,True
200,4,6,ring,0.5,2138978472,5,3,3,6,2,2,False,False,True
200,4,6,small_world,0.5,2138978472,0,73,76,149,65,65,False,False,False
200,4,6,small_world,0.5,2138978472,1,5,6,11,5,5,True,True,True
200,4,6,small_world,0.5,2138978472,2,2,2,4,2,2,True,True,True
200,4,6,scale_free,0.5,2138978472,0,76,77,153,59,59,False,False,False
200,4,6,er,0.6,2138978472,0,67,88,155,63,63,False,False,False
200,4,6,er,0.6,2138978472,1,3,3,6,3,3,True,True,True
200,4,6,er,0.6,2138978472,2,2,4,6,2,2,True,True,True
200,4,6,ring,0.6,2138978472,0,9,10,19,8,8,False,False,True
200,4,6,ring,0.6,2138978472,1,3,6,9,3,3,True,True,True
200,4,6,ring,0.6,2138978472,2,12,20,32,12,12,True,True,False
200,4,6,ring,0.6,2138978472,3,7,7,14,6,6,False,False,True
200,4,6,ring,0.6,2138978472,4,2,2,4,2,2,True,True,True
200,4,6,ring,0.6,2138978472,5,14,19,33,13,13,False,False,False
200,4,6,ring,0.6,2138978472,6,16,18,34,14,14,False,False,False
200,4,6,ring,0.6,2138978472,7,7,11,18,6,6,False,False,True
200,4,6,ring,0.6,2138978472,8,3,7,10,3,3,True,True,True
200,4,6,small_world,0.6,2138978472,0,63,84,147,60,60,False,False,False
200,4,6,small_world,0.6,2138978472,1,4,6,10,4,4,True,True,True
200,4,6,small_world,0.6,2138978472,2,5,7,12,5,5,True,True,True
200,4,6,small_world,0.6,2138978472,3,2,2,4,2,2,True,True,True
200,4,6,scale_free,0.6,2138978472,0,62,85,147,56,56,False,False,False
200,4,6,scale_free,0.6,2138978472,1,2,2,4,2,2,True,True,True
200,4,6,scale_free,0.6,2138978472,2,2,2,4,2,2,True,True,True
200,4,6,er,0.7,2138978472,0,50,90,140,50,50,True,True,False
200,4,6,er,0.7,2138978472,1,2,3,5,2,2,True,True,True
200,4,6,er,0.7,2138978472,2,2,4,6,2,2,True,True,True
200,4,6,ring,0.7,2138978472,0,4,7,11,4,4,True,True,True
200,4,6,ring,0.7,2138978472,1,3,6,9,3,3,True,True,True
200,4,6,ring,0.7,2138978472,2,11,21,32,11,11,True,True,False
200,4,6,ring,0.7,2138978472,3,5,7,12,5,5,True,True,True
200,4,6,ring,0.7,2138978472,4,3,4,7,3,3,True,True,True
200,4,6,ring,0.7,2138978472,5,5,6,11,5,5,True,True,True
200,4,6,ring,0.7,2138978472,6,2,5,7,2,2,True,True,True
200,4,6,ring,0.7,2138978472,7,6,11,17,6,6,True,True,True
200,4,6,ring,0.7,2138978472,8,12,18,30,12,12,True,True,False
200,4,6,ring,0.7,2138978472,9,2,4,6,2,2,True,True,True
200,4,6,ring,0.7,2138978472,10,3,7,10,3,3,True,True,True
200,4,6,small_world,0.7,2138978472,0,15,23,38,15,15,True,True,False
200,4,6,small_world,0.7,2138978472,1,2,3,5,2,2,True,True,True
200,4,6,small_world,0.7,2138978472,2,2,4,6,2,2,True,True,True
200,4,6,small_world,0.7,2138978472,3,5,10,15,5,5,True,True,True
200,4,6,small_world,0.7,2138978472,4,34,61,95,33,33,False,False,False
200,4,6,scale_free,0.7,2138978472,0,48,76,124,44,44,False,False,False
200,4,6,scale_free,0.7,2138978472,1,2,2,4,2,2,True,True,True
200,4,6,er,0.8,2138978472,0,33,83,116,33,33,True,True,False
200,4,6,ring,0.8,2138978472,0,3,8,11,3,3,True,True,True
200,4,6,ring,0.8,2138978472,1,3,6,9,3,3,True,True,True
200,4,6,ring,0.8,2138978472,2,4,9,13,4,4,True,True,True
200,4,6,ring,0.8,2138978472,3,3,7,10,3,3,True,True,True
200,4,6,ring,0.8,2138978472,4,2,5,7,2,2,True,True,True
200,4,6,ring,0.8,2138978472,5,2,4,6,2,2,True,True,True
200,4,6,ring,0.8,2138978472,6,3,6,9,3,3,True,True,True
200,4,6,ring,0.8,2138978472,7,2,5,7,2,2,True,True,True
200,4,6,ring,0.8,2138978472,8,2,4,6,2,2,True,True,True
200,4,6,ring,0.8,2138978472,9,2,7,9,2,2,True,True,True
200,4,6,ring,0.8,2138978472,10,2,4,6,2,2,True,True,True
200,4,6,ring,0.8,2138978472,11,2,6,8,2,2,True,True,True
200,4,6,ring,0.8,2138978472,12,2,4,6,2,2,True,True,True
200,4,6,ring,0.8,2138978472,13,3,7,10,3,3,True,True,True
200,4,6,small_world,0.8,2138978472,0,3,8,11,3,3,True,True,True
200,4,6,small_world,0.8,2138978472,1,7,15,22,7,7,True,True,True
200,4,6,small_world,0.8,2138978472,2,5,11,16,5,5,True,True,True
200,4,6,small_world,0.8,2138978472,3,3,6,9,3,3,True,True,True
200,4,6,small_world,0.8,2138978472,4,6,16,22,6,6,True,True,True
200,4,6,small_world,0.8,2138978472,5,2,4,6,2,2,True,True,True
200,4,6,small_world,0.8,2138978472,6,3,8,11,3,3,True,True,True
200,4,6,small_world,0.8,2138978472,7,2,4,6,2,2,True,True,True
200,4,6,small_world,0.8,2138978472,8,2,7,9,2,2,True,True,True
200,4,6,small_world,0.8,2138978472,9,2,4,6,2,2,True,True,True
200,4,6,scale_free,0.8,2138978472,0,31,64,95,29,29,False,False,False
200,4,6,scale_free,0.8,2138978472,1,3,6,9,3,3,True,True,True
200,4,6,er,0.9,2138978472,0,2,8,10,2,2,True,True,True
200,4,6,er,0.9,2138978472,1,4,14,18,4,4,True,True,True
200,4,6,er,0.9,2138978472,2,2,6,8,2,2,True,True,True
200,4,6,er,0.9,2138978472,3,3,10,13,3,3,True,True,True
200,4,6,ring,0.9,2138978472,0,2,4,6,2,2,True,True,True
200,4,6,ring,0.9,2138978472,1,3,6,9,3,3,True,True,True
200,4,6,ring,0.9,2138978472,2,2,5,7,2,2,True,True,True
200,4,6,ring,0.9,2138978472,3,2,4,6,2,2,True,True,True
200,4,6,small_world,0.9,2138978472,0,2,4,6,2,2,True,True,True
200,4,6,small_world,0.9,2138978472,1,3,6,9,3,3,True,True,True
200,4,6,small_world,0.9,2138978472,2,2,7,9,2,2,True,True,True
200,4,6,small_world,0.9,2138978472,3,2,5,7,2,2,True,True,True
200,4,6,small_world,0.9,2138978472,4,3,8,11,3,3,True,True,True
200,4,6,scale_free,0.9,2138978472,0,14,48,62,14,14,True,True,False
200,4,7,ring,0.1,4130632612,0,2,2,4,2,2,True,True,True
200,4,7,small_world,0.1,4130632612,0,2,2,4,2,2,True,True,True
200,4,7,ring,0.2,4130632612,0,3,4,7,3,3,True,True,True
200,4,7,ring,0.2,4130632612,1,2,2,4,2,2,True,True,True
200,4,7,small_world,0.2,4130632612,0,2,2,4,2,2,True,True,True
200,4,7,ring,0.3,4130632612,0,2,2,4,2,2,True,True,True
200,4,7,ring,0.3,4130632612,1,2,2,4,2,2,True,True,True
200,4,7,ring,0.3,4130632612,2,3,3,6,2,2,False,False,True
200,4,7,ring,0.3,4130632612,3,4,5,9,3,3,False,False,True
200,4,7,small_world,0.3,4130632612,0,2,2,4,2,2,True,True,True
200,4,7,small_world,0.3,4130632612,1,2,2,4,2,2,True,True,True
200,4,7,er,0.4,4130632612,0,2,2,4,2,2,True,True,True
200,4,7,er,0.4,4130632612,1,2,3,5,2,2,True,True,True
200,4,7,ring,0.4,4130632612,0,2,2,4,2,2,True,True,True
200,4,7,ring,0.4,4130632612,1,3,3,6,2,2,False,False,True
200,4,7,ring,0.4,4130632612,2,4,6,10,4,4,True,True,True
200,4,7,ring,0.4,4130632612,3,15,17,32,15,15,True,True,False
200,4,7,ring,0.4,4130632612,4,4,5,9,4,4,True,True,True
200,4,7,small_world,0.4,4130632612,0,5,5,10,4,4,False,False,True
200,4,7,small_world,0.4,4130632612,1,3,3,6,2,2,False,False,True
200,4,7,small_world,0.4,4130632612,2,8,9,17,7,7,False,False,True
200,4,7,er,0.5,4130632612,0,76,82,158,71,71,False,False,False
200,4,7,er,0.5,4130632612,1,2,2,4,2,2,True,True,True
200,4,7,er,0.5,4130632612,2,2,2,4,2,2,True,True,True
200,4,7,ring,0.5,4130632612,0,5,5,10,4,4,False,False,True
200,4,7,ring,0.5,4130632612,1,2,2,4,2,2,True,True,True
200,4,7,ring,0.5,4130632612,2,6,7,13,6,6,True,True,True
200,4,7,ring,0.5,4130632612,3,7,10,17,7,7,True,True,True
200,4,7,ring,0.5,4130632612,4,4,6,10,4,4,True,True,True
200,4,7,ring,0.5,4130632612,5,11,12,23,11,11,True,True,False
200,4,7,ring,0.5,4130632612,6,2,5,7,2,2,True,True,True
200,4,7,ring,0.5,4130632612,7,4,5,9,4,4,True,True,True
200,4,7,small_world,0.5,4130632612,0,31,34,65,28,28,False,False,False
200,4,7,small_world,0.5,4130632612,1,13,13,26,11,11,False,False,False
200,4,7,small_world,0.5,4130632612,2,4,4,8,4,4,True,True,True
200,4,7,small_world,0.5,4130632612,3,3,4,7,3,3,True,True,True
200,4,7,er,0.6,4130632612,0,62,90,152,62,62,True,True,False
200,4,7,er,0.6,4130632612,1,3,4,7,3,3,True,True,True
200,4,7,er,0.6,4130632612,2,3,3,6,3,3,True,True,True
200,4,7,ring,0.6,4130632612,0,30,34,64,26,26,False,False,False
200,4,7,ring,0.6,4130632612,1,7,10,17,7,7,True,True,True
200,4,7,ring,0.6,4130632612,2,7,10,17,7,7,True,True,True
200,4,7,ring,0.6,4130632612,3,2,5,7,2,2,True,True,True
200,4,7,ring,0.6,4130632612,4,7,10,17,7,7,True,True,True
200,4,7,ring,0.6,4130632612,5,9,13,22,9,9,True,True,True
200,4,7,ring,0.6,4130632612,6,2,4,6,2,2,True,True,True
200,4,7,ring,0.6,4130632612,7,3,4,7,3,3,True,True,True
200,4,7,ring,0.6,4130632612,8,3,6,9,3,3,True,True,True
200,4,7,ring,0.6,4130632612,9,2,5,7,2,2,True,True,True
200,4,7,ring,0.6,4130632612,10,4,5,9,4,4,True,True,True
200,4,7,small_world,0.6,4130632612,0,54,73,127,51,51,False,False,False
200,4,7,small_world,0.6,4130632612,1,4,6,10,4,4,True,True,True
200,4,7,small_world,0.6,4130632612,2,2,5,7,2,2,True,True,True
200,4,7,small_world,0.6,4130632612,3,6,9,15,6,6,True,True,True
200,4,7,small_world,0.6,4130632612,4,2,3,5,2,2,True,True,True
200,4,7,scale_free,0.6,4130632612,0,69,89,158,60,60,False,False,False
200,4,7,er,0.7,4130632612,0,51,92,143,51,51,True,True,False
200,4,7,er,0.7,4130632612,1,3,5,8,3,3,True,True,True
200,4,7,ring,0.7,4130632612,0,3,8,11,3,3,True,True,True
200,4,7,ring,0.7,4130632612,1,7,10,17,7,7,True,True,True
200,4,7,ring,0.7,4130632612,2,7,12,19,7,7,True,True,True
200,4,7,ring,0.7,4130632612,3,3,5,8,3,3,True,True,True
200,4,7,ring,0.7,4130632612,4,2,6,8,2,2,True,True,True
200,4,7,ring,0.7,4130632612,5,4,9,13,4,4,True,True,True
200,4,7,ring,0.7,4130632612,6,2,4,6,2,2,True,True,True
200,4,7,ring,0.7,4130632612,7,2,6,8,2,2,True,True,True
200,4,7,ring,0.7,4130632612,8,12,17,29,12,12,True,True,False
200,4,7,ring,0.7,4130632612,9,13,18,31,13,13,True,True,False
200,4,7,small_world,0.7,4130632612,0,5,10,15,5,5,True,True,True
200,4,7,small_world,0.7,4130632612,1,34,58,92,34,34,True,True,False
200,4,7,small_world,0.7,4130632612,2,4,6,10,4,4,True,True,True
200,4,7,small_world,0.7,4130632612,3,12,17,29,12,12,True,True,False
200,4,7,scale_free,0.7,4130632612,0,52,92,144,51,51,False,False,False
200,4,7,scale_free,0.7,4130632612,1,2,2,4,2,2,True,True,True
200,4,7,er,0.8,4130632612,0,29,69,98,29,29,True,True,False
200,4,7,er,0.8,4130632612,1,2,4,6,2,2,True,True,True
200,4,7,er,0.8,4130632612,2,2,6,8,2,2,True,True,True
200,4,7,ring,0.8,4130632612,0,6,9,15,6,6,True,True,True
200,4,7,ring,0.8,4130632612,1,2,5,7,2,2,True,True,True
200,4,7,ring,0.8,4130632612,2,3,9,12,3,3,True,True,True
200,4,7,ring,0.8,4130632612,3,11,18,29,11,11,True,True,False
200,4,7,ring,0.8,4130632612,4,5,8,13,5,5,True,True,True
200,4,7,ring,0.8,4130632612,5,5,9,14,5,5,True,True,True
200,4,7,small_world,0.8,4130632612,0,2,5,7,2,2,True,True,True
200,4,7,small_world,0.8,4130632612,1,12,26,38,12,12,True,True,False
200,4,7,small_world,0.8,4130632612,2,4,6,10,4,4,True,True,True
200,4,7,small_world,0.8,4130632612,3,2,5,7,2,2,True,True,True
200,4,7,small_world,0.8,4130632612,4,11,23,34,11,11,True,True,False
200,4,7,small_world,0.8,4130632612,5,5,10,15,5,5,True,True,True
200,4,7,scale_free,0.8,4130632612,0,33,77,110,33,33,True,True,False
200,4,7,er,0.9,4130632612,0,15,49,64,15,15,True,True,False
200,4,7,ring,0.9,4130632612,0,2,4,6,2,2,True,True,True
200,4,7,ring,0.9,4130632612,1,2,6,8,2,2,True,True,True
200,4,7,ring,0.9,4130632612,2,2,5,7,2,2,True,True,True
200,4,7,ring,0.9,4130632612,3,4,8,12,4,4,True,True,True
200,4,7,ring,0.9,4130632612,4,3,6,9,3,3,True,True,True
200,4,7,ring,0.9,4130632612,5,2,6,8,2,2,True,True,True
200,4,7,small_world,0.9,4130632612,0,2,5,7,2,2,True,True,True
200,4,7,small_world,0.9,4130632612,1,2,4,6,2,2,True,True,True
200,4,7,small_world,0.9,4130632612,2,2,6,8,2,2,True,True,True
200,4,7,small_world,0.9,4130632612,3,2,5,7,2,2,True,True,True
200,4,7,small_world,0.9,4130632612,4,5,14,19,5,5,True,True,True
200,4,7,small_world,0.9,4130632612,5,3,7,10,3,3,True,True,True
200,4,7,small_world,0.9,4130632612,6,2,5,7,2,2,True,True,True
200,4,7,scale_free,0.9,4130632612,0,16,64,80,16,16,True,True,False
200,4,8,ring,0.3,4187542900,0,2,2,4,2,2,True,True,True
200,4,8,ring,0.3,4187542900,1,2,2,4,2,2,True,True,True
200,4,8,ring,0.3,4187542900,2,2,2,4,2,2,True,True,True
200,4,8,ring,0.4,4187542900,0,2,2,4,2,2,True,True,True
200,4,8,ring,0.4,4187542900,1,2,2,4,2,2,True,True,True
200,4,8,ring,0.4,4187542900,2,3,4,7,3,3,True,True,True
200,4,8,ring,0.4,4187542900,3,3,3,6,2,2,False,False,True
200,4,8,small_world,0.4,4187542900,0,2,2,4,2,2,True,True,True
200,4,8,small_world,0.4,4187542900,1,3,3,6,2,2,False,False,True
200,4,8,er,0.5,4187542900,0,85,87,172,80,80,False,False,False
200,4,8,ring,0.5,4187542900,0,2,2,4,2,2,True,True,True
200,4,8,ring,0.5,4187542900,1,13,17,30,11,11,False,False,False
200,4,8,ring,0.5,4187542900,2,2,2,4,2,2,True,True,True
200,4,8,ring,0.5,4187542900,3,13,13,26,12,12,False,False,False
200,4,8,ring,0.5,4187542900,4,3,5,8,3,3,True,True,True
200,4,8,ring,0.5,4187542900,5,5,7,12,5,5,True,True,True
200,4,8,ring,0.5,4187542900,6,2,4,6,2,2,True,True,True
200,4,8,ring,0.5,4187542900,7,6,7,13,6,6,True,True,True
200,4,8,ring,0.5,4187542900,8,6,6,12,5,5,False,False,True
200,4,8,ring,0.5,4187542900,9,2,2,4,2,2,True,True,True
200,4,8,ring,0.5,4187542900,10,3,4,7,3,3,True,True,True
200,4,8,ring,0.5,4187542900,11,3,3,6,2,2,False,False,True
200,4,8,small_world,0.5,4187542900,0,72,74,146,63,63,False,False,False
200,4,8,small_world,0.5,4187542900,1,2,3,5,2,2,True,True,True
200,4,8,small_world,0.5,4187542900,2,2,3,5,2,2,True,True,True
200,4,8,small_world,0.5,4187542900,3,2,2,4,2,2,True,True,True
200,4,8,small_world,0.5,4187542900,4,3,3,6,2,2,False,False,True
200,4,8,er,0.6,4187542900,0,70,99,169,69,69,False,False,False
200,4,8,ring,0.6,4187542900,0,8,14,22,8,8,True,True,True
200,4,8,ring,0.6,4187542900,1,2,2,4,2,2,True,True,True
200,4,8,ring,0.6,4187542900,2,6,7,13,6,6,True,True,True
200,4,8,ring,0.6,4187542900,3,5,9,14,5,5,True,True,True
200,4,8,ring,0.6,4187542900,4,5,7,12,5,5,True,True,True
200,4,8,ring,0.6,4187542900,5,5,7,12,5,5,True,True,True
200,4,8,ring,0.6,4187542900,6,3,4,7,3,3,True,True,True
200,4,8,ring,0.6,4187542900,7,18,19,37,16,16,False,False,False
200,4,8,small_world,0.6,4187542900,0,64,81,145,62,62,False,False,False
200,4,8,small_world,0.6,4187542900,1,12,13,25,11,11,False,False,False
200,4,8,scale_free,0.6,4187542900,0,71,90,161,60,60,False,False,False
200,4,8,er,0.7,4187542900,0,48,97,145,48,48,True,True,False
200,4,8,er,0.7,4187542900,1,3,6,9,3,3,True,True,True
200,4,8,ring,0.7,4187542900,0,16,20,36,15,15,False,False,False
200,4,8,ring,0.7,4187542900,1,4,7,11,4,4,True,True,True
200,4,8,ring,0.7,4187542900,2,2,2,4,2,2,True,True,True
200,4,8,ring,0.7,4187542900,3,6,7,13,6,6,True,True,True
200,4,8,ring,0.7,4187542900,4,5,9,14,5,5,True,True,True
200,4,8,ring,0.7,4187542900,5,4,7,11,4,4,True,True,True
200,4,8,ring,0.7,4187542900,6,4,7,11,4,4,True,True,True
200,4,8,ring,0.7,4187542900,7,2,5,7,2,2,True,True,True
200,4,8,ring,0.7,4187542900,8,4,5,9,4,4,True,True,True
200,4,8,ring,0.7,4187542900,9,2,7,9,2,2,True,True,True
200,4,8,small_world,0.7,4187542900,0,38,57,95,37,37,False,False,False
200,4,8,small_world,0.7,4187542900,1,3,5,8,3,3,True,True,True
200,4,8,small_world,0.7,4187542900,2,5,10,15,5,5,True,True,True
200,4,8,small_world,0.7,4187542900,3,4,7,11,4,4,True,True,True
200,4,8,small_world,0.7,4187542900,4,4,5,9,4,4,True,True,True
200,4,8,scale_free,0.7,4187542900,0,54,91,145,48,48,False,False,False
200,4,8,er,0.8,4187542900,0,27,68,95,27,27,True,True,False
200,4,8,er,0.8,4187542900,1,4,6,10,4,4,True,True,True
200,4,8,er,0.8,4187542900,2,2,6,8,2,2,True,True,True
200,4,8,ring,0.8,4187542900,0,5,8,13,5,5,True,True,True
200,4,8,ring,0.8,4187542900,1,2,5,7,2,2,True,True,True
200,4,8,ring,0.8,4187542900,2,4,7,11,4,4,True,True,True
200,4,8,ring,0.8,4187542900,3,5,8,13,5,5,True,True,True
200,4,8,ring,0.8,4187542900,4,5,9,14,5,5,True,True,True
200,4,8,ring,0.8,4187542900,5,4,7,11,4,4,True,True,True
200,4,8,ring,0.8,4187542900,6,4,7,11,4,4,True,True,True
200,4,8,ring,0.8,4187542900,7,2,7,9,2,2,True,True,True
200,4,8,small_world,0.8,4187542900,0,18,37,55,18,18,True,True,False
200,4,8,small_world,0.8,4187542900,1,3,5,8,3,3,True,True,True
200,4,8,small_world,0.8,4187542900,2,2,7,9,2,2,True,True,True
200,4,8,small_world,0.8,4187542900,3,3,8,11,3,3,True,True,True
200,4,8,small_world,0.8,4187542900,4,4,8,12,4,4,True,True,True
200,4,8,small_world,0.8,4187542900,5,4,6,10,4,4,True,True,True
200,4,8,scale_free,0.8,4187542900,0,38,88,126,36,36,False,False,False
200,4,8,er,0.9,4187542900,0,15,47,62,15,15,True,True,False
200,4,8,er,0.9,4187542900,1,2,8,10,2,2,True,True,True
200,4,8,ring,0.9,4187542900,0,2,4,6,2,2,True,True,True
200,4,8,ring,0.9,4187542900,1,2,5,7,2,2,True,True,True
200,4,8,ring,0.9,4187542900,2,3,9,12,3,3,True,True,True
200,4,8,ring,0.9,4187542900,3,3,4,7,3,3,True,True,True
200,4,8,small_world,0.9,4187542900,0,7,22,29,7,7,True,True,True
200,4,8,small_world,0.9,4187542900,1,2,7,9,2,2,True,True,True
200,4,8,small_world,0.9,4187542900,2,5,11,16,5,5,True,True,True
200,4,8,scale_free,0.9,4187542900,0,16,53,69,16,16,True,True,False
200,4,9,er,0.2,1252842989,0,2,2,4,2,2,True,True,True
200,4,9,er,0.3,1252842989,0,2,2,4,2,2,True,True,True
200,4,9,er,0.3,1252842989,1,2,2,4,2,2,True,True,True
200,4,9,er,0.3,1252842989,2,2,2,4,2,2,True,True,True
200,4,9,ring,0.3,1252842989,0,3,3,6,2,2,False,False,True
200,4,9,ring,0.3,1252842989,1,6,6,12,5,5,False,False,True
200,4,9,er,0.4,1252842989,0,2,2,4,2,2,True,True,True
200,4,9,ring,0.4,1252842989,0,6,6,12,5,5,False,False,True
200,4,9,ring,0.4,1252842989,1,6,6,12,5,5,False,False,True
200,4,9,ring,0.4,1252842989,2,23,23,46,19,19,False,False,False
200,4,9,ring,0.4,1252842989,3,5,6,11,4,4,False,False,True
200,4,9,small_world,0.4,1252842989,0,4,4,8,4,4,True,True,True
200,4,9,small_world,0.4,1252842989,1,5,6,11,4,4,False,False,True
200,4,9,er,0.5,1252842989,0,77,78,155,69,69,False,False,False
200,4,9,er,0.5,1252842989,1,2,3,5,2,2,True,True,True
200,4,9,ring,0.5,1252842989,0,7,10,17,6,6,False,False,True
200,4,9,ring,0.5,1252842989,1,3,5,8,3,3,True,True,True
200,4,9,ring,0.5,1252842989,2,2,2,4,2,2,True,True,True
200,4,9,ring,0.5,1252842989,3,5,7,12,4,4,False,False,True
200,4,9,ring,0.5,1252842989,4,21,30,51,20,20,False,False,False
200,4,9,ring,0.5,1252842989,5,5,6,11,4,4,False,False,True
200,4,9,small_world,0.5,1252842989,0,59,64,123,53,53,False,False,False
200,4,9,small_world,0.5,1252842989,1,4,5,9,4,4,True,True,True
200,4,9,small_world,0.5,1252842989,2,5,6,11,4,4,False,False,True
200,4,9,scale_free,0.5,1252842989,0,75,82,157,60,60,False,False,False
200,4,9,er,0.6,1252842989,0,63,85,148,59,59,False,False,False
200,4,9,er,0.6,1252842989,1,2,2,4,2,2,True,True,True
200,4,9,er,0.6,1252842989,2,2,4,6,2,2,True,True,True
200,4,9,ring,0.6,1252842989,0,22,22,44,21,21,False,False,False
200,4,9,ring,0.6,1252842989,1,2,2,4,2,2,True,True,True
200,4,9,ring,0.6,1252842989,2,4,4,8,3,3,False,False,True
200,4,9,ring,0.6,1252842989,3,2,6,8,2,2,True,True,True
200,4,9,ring,0.6,1252842989,4,6,11,17,6,6,True,True,True
200,4,9,ring,0.6,1252842989,5,12,20,32,12,12,True,True,False
200,4,9,ring,0.6,1252842989,6,4,7,11,4,4,True,True,True
200,4,9,ring,0.6,1252842989,7,8,8,16,6,6,False,False,True
200,4,9,ring,0.6,1252842989,8,3,4,7,3,3,True,True,True
200,4,9,ring,0.6,1252842989,9,5,6,11,4,4,False,False,True
200,4,9,small_world,0.6,1252842989,0,52,63,115,48,48,False,False,False
200,4,9,small_world,0.6,1252842989,1,2,4,6,2,2,True,True,True
200,4,9,small_world,0.6,1252842989,2,3,6,9,3,3,True,True,True
200,4,9,small_world,0.6,1252842989,3,4,8,12,4,4,True,True,True
200,4,9,small_world,0.6,1252842989,4,3,3,6,2,3,False,True,True
200,4,9,small_world,0.6,1252842989,5,5,6,11,4,4,False,False,True
200,4,9,scale_free,0.6,1252842989,0,69,91,160,60,60,False,False,False
200,4,9,er,0.7,1252842989,0,45,82,127,45,45,True,True,False
200,4,9,er,0.7,1252842989,1,2,2,4,2,2,True,True,True
200,4,9,ring,0.7,1252842989,0,3,7,10,3,3,True,True,True
200,4,9,ring,0.7,1252842989,1,2,2,4,2,2,True,True,True
200,4,9,ring,0.7,1252842989,2,4,4,8,3,3,False,False,True
200,4,9,ring,0.7,1252842989,3,2,6,8,2,2,True,True,True
200,4,9,ring,0.7,1252842989,4,6,11,17,6,6,True,True,True
200,4,9,ring,0.7,1252842989,5,6,13,19,6,6,True,True,True
200,4,9,ring,0.7,1252842989,6,3,9,12,3,3,True,True,True
200,4,9,ring,0.7,1252842989,7,5,6,11,4,4,False,False,True
200,4,9,ring,0.7,1252842989,8,7,10,17,7,7,True,True,True
200,4,9,ring,0.7,1252842989,9,8,9,17,7,7,False,False,True
200,4,9,ring,0.7,1252842989,10,3,7,10,3,3,True,True,True
200,4,9,ring,0.7,1252842989,11,4,9,13,4,4,True,True,True
200,4,9,small_world,0.7,1252842989,0,7,12,19,7,7,True,True,True
200,4,9,small_world,0.7,1252842989,1,5,7,12,4,4,False,False,True
200,4,9,small_world,0.7,1252842989,2,5,13,18,5,5,True,True,True
200,4,9,small_world,0.7,1252842989,3,2,4,6,2,2,True,True,True
200,4,9,small_world,0.7,1252842989,4,3,6,9,3,3,True,True,True
200,4,9,small_world,0.7,1252842989,5,4,8,12,4,4,True,True,True
200,4,9,small_world,0.7,1252842989,6,12,21,33,11,11,False,False,False
200,4,9,small_world,0.7,1252842989,7,3,4,7,3,3,True,True,True
200,4,9,small_world,0.7,1252842989,8,8,10,18,7,7,False,False,True
200,4,9,small_world,0.7,1252842989,9,3,7,10,3,3,True,True,True
200,4,9,small_world,0.7,1252842989,10,2,4,6,2,2,True,True,True
200,4,9,scale_free,0.7,1252842989,0,54,83,137,51,51,False,False,False
200,4,9,er,0.8,1252842989,0,31,75,106,31,31,True,True,False
200,4,9,ring,0.8,1252842989,0,2,2,4,2,2,True,True,True
200,4,9,ring,0.8,1252842989,1,3,5,8,3,3,True,True,True
200,4,9,ring,0.8,1252842989,2,2,7,9,2,2,True,True,True
200,4,9,ring,0.8,1252842989,3,4,11,15,4,4,True,True,True
200,4,9,ring,0.8,1252842989,4,3,9,12,3,3,True,True,True
200,4,9,ring,0.8,1252842989,5,3,4,7,3,3,True,True,True
200,4,9,ring,0.8,1252842989,6,3,7,10,3,3,True,True,True
200,4,9,ring,0.8,1252842989,7,4,6,10,4,4,True,True,True
200,4,9,ring,0.8,1252842989,8,4,9,13,4,4,True,True,True
200,4,9,small_world,0.8,1252842989,0,4,9,13,4,4,True,True,True
200,4,9,small_world,0.8,1252842989,1,5,13,18,5,5,True,True,True
200,4,9,small_world,0.8,1252842989,2,5,7,12,5,5,True,True,True
200,4,9,small_world,0.8,1252842989,3,2,3,5,2,2,True,True,True
200,4,9,small_world,0.8,1252842989,4,2,7,9,2,2,True,True,True
200,4,9,small_world,0.8,1252842989,5,4,10,14,4,4,True,True,True
200,4,9,small_world,0.8,1252842989,6,2,7,9,2,2,True,True,True
200,4,9,small_world,0.8,1252842989,7,3,4,7,3,3,True,True,True
200,4,9,small_world,0.8,1252842989,8,4,7,11,4,4,True,True,True
200,4,9,small_world,0.8,1252842989,9,2,4,6,2,2,True,True,True
200,4,9,scale_free,0.8,1252842989,0,35,74,109,35,35,True,True,False
200,4,9,scale_free,0.8,1252842989,1,2,3,5,2,2,True,True,True
200,4,9,er,0.9,1252842989,0,4,19,23,4,4,True,True,True
200,4,9,er,0.9,1252842989,1,9,31,40,9,9,True,True,True
200,4,9,er,0.9,1252842989,2,2,5,7,2,2,True,True,True
200,4,9,ring,0.9,1252842989,0,4,5,9,4,4,True,True,True
200,4,9,ring,0.9,1252842989,1,2,7,9,2,2,True,True,True
200,4,9,ring,0.9,1252842989,2,3,6,9,3,3,True,True,True
200,4,9,small_world,0.9,1252842989,0,4,6,10,4,4,True,True,True
200,4,9,small_world,0.9,1252842989,1,2,5,7,2,2,True,True,True
200,4,9,small_world,0.9,1252842989,2,2,7,9,2,2,True,True,True
200,4,9,scale_free,0.9,1252842989,0,18,56,74,18,18,True,True,False
200,4,10,ring,0.3,1105475730,0,14,14,28,11,11,False,False,False
200,4,10,ring,0.3,1105475730,1,5,5,10,4,4,False,False,True
200,4,10,small_world,0.3,1105475730,0,5,5,10,4,4,False,False,True
200,4,10,er,0.4,1105475730,0,2,2,4,2,2,True,True,True
200,4,10,ring,0.4,1105475730,0,8,11,19,8,8,True,True,True
200,4,10,ring,0.4,1105475730,1,3,3,6,2,2,False,False,True
200,4,10,ring,0.4,1105475730,2,4,5,9,3,3,False,False,True
200,4,10,small_world,0.4,1105475730,0,14,14,28,12,12,False,False,False
200,4,10,small_world,0.4,1105475730,1,3,3,6,2,2,False,False,True
200,4,10,er,0.5,1105475730,0,70,71,141,67,67,False,False,False
200,4,10,er,0.5,1105475730,1,2,2,4,2,2,True,True,True
200,4,10,er,0.5,1105475730,2,2,2,4,2,2,True,True,True
200,4,10,er,0.5,1105475730,3,2,3,5,2,2,True,True,True
200,4,10,ring,0.5,1105475730,0,19,20,39,17,17,False,False,False
200,4,10,ring,0.5,1105475730,1,2,2,4,2,2,True,True,True
200,4,10,ring,0.5,1105475730,2,7,8,15,6,6,False,False,True
200,4,10,ring,0.5,1105475730,3,7,12,19,7,7,True,True,True
200,4,10,ring,0.5,1105475730,4,10,10,20,8,8,False,False,True
200,4,10,ring,0.5,1105475730,5,4,4,8,4,4,True,True,True
200,4,10,ring,0.5,1105475730,6,4,4,8,3,3,False,False,True
200,4,10,ring,0.5,1105475730,7,3,3,6,2,2,False,False,True
200,4,10,ring,0.5,1105475730,8,13,16,29,10,10,False,False,False
200,4,10,ring,0.5,1105475730,9,4,4,8,3,3,False,False,True
200,4,10,small_world,0.5,1105475730,0,61,74,135,56,56,False,False,False
200,4,10,small_world,0.5,1105475730,1,4,4,8,3,3,False,False,True
200,4,10,small_world,0.5,1105475730,2,8,8,16,7,7,False,False,True
200,4,10,small_world,0.5,1105475730,3,3,3,6,2,2,False,False,True
200,4,10,er,0.6,1105475730,0,63,81,144,61,61,False,False,False
200,4,10,er,0.6,1105475730,1,2,3,5,2,2,True,True,True
200,4,10,ring,0.6,1105475730,0,21,34,55,20,20,False,False,False
200,4,10,ring,0.6,1105475730,1,7,8,15,6,6,False,False,True
200,4,10,ring,0.6,1105475730,2,2,4,6,2,2,True,True,True
200,4,10,ring,0.6,1105475730,3,4,7,11,4,4,True,True,True
200,4,10,ring,0.6,1105475730,4,6,6,12,5,5,False,False,True
200,4,10,ring,0.6,1105475730,5,3,4,7,3,3,True,True,True
200,4,10,ring,0.6,1105475730,6,3,5,8,3,3,True,True,True
200,4,10,ring,0.6,1105475730,7,7,8,15,6,6,False,False,True
200,4,10,ring,0.6,1105475730,8,2,2,4,2,2,True,True,True
200,4,10,ring,0.6,1105475730,9,12,17,29,11,11,False,False,False
200,4,10,ring,0.6,1105475730,10,2,2,4,2,2,True,True,True
200,4,10,small_world,0.6,1105475730,0,48,69,117,46,46,False,False,False
200,4,10,small_world,0.6,1105475730,1,8,8,16,7,7,False,False,True
200,4,10,small_world,0.6,1105475730,2,4,11,15,4,4,True,True,True
200,4,10,small_world,0.6,1105475730,3,11,15,26,10,10,False,False,False
200,4,10,small_world,0.6,1105475730,4,2,2,4,2,2,True,True,True
200,4,10,small_world,0.6,1105475730,5,2,2,4,2,2,True,True,True
200,4,10,scale_free,0.6,1105475730,0,67,85,152,55,55,False,False,False
200,4,10,er,0.7,1105475730,0,47,81,128,47,47,True,True,False
200,4,10,er,0.7,1105475730,1,2,5,7,2,2,True,True,True
200,4,10,ring,0.7,1105475730,0,2,4,6,2,2,True,True,True
200,4,10,ring,0.7,1105475730,1,4,5,9,4,4,True,True,True
200,4,10,ring,0.7,1105475730,2,6,7,13,6,6,True,True,True
200,4,10,ring,0.7,1105475730,3,2,4,6,2,2,True,True,True
200,4,10,ring,0.7,1105475730,4,4,7,11,4,4,True,True,True
200,4,10,ring,0.7,1105475730,5,4,4,8,4,4,True,True,True
200,4,10,ring,0.7,1105475730,6,2,4,6,2,2,True,True,True
200,4,10,ring,0.7,1105475730,7,11,15,26,10,10,False,False,False
200,4,10,ring,0.7,1105475730,8,2,2,4,2,2,True,True,True
200,4,10,ring,0.7,1105475730,9,5,8,13,4,4,False,False,True
200,4,10,ring,0.7,1105475730,10,2,2,4,2,2,True,True,True
200,4,10,ring,0.7,1105475730,11,6,13,19,6,6,True,True,True
200,4,10,small_world,0.7,1105475730,0,29,50,79,29,29,True,True,False
200,4,10,small_world,0.7,1105475730,1,3,8,11,3,3,True,True,True
200,4,10,small_world,0.7,1105475730,2,15,23,38,14,14,False,False,False
200,4,10,small_world,0.7,1105475730,3,4,4,8,4,4,True,True,True
200,4,10,small_world,0.7,1105475730,4,2,2,4,2,2,True,True,True
200,4,10,small_world,0.7,1105475730,5,3,3,6,3,3,True,True,True
200,4,10,small_world,0.7,1105475730,6,2,2,4,2,2,True,True,True
200,4,10,scale_free,0.7,1105475730,0,55,92,147,51,51,False,False,False
200,4,10,er,0.8,1105475730,0,35,78,113,35,35,True,True,False
200,4,10,ring,0.8,1105475730,0,2,6,8,2,2,True,True,True
200,4,10,ring,0.8,1105475730,1,3,5,8,3,3,True,True,True
200,4,10,ring,0.8,1105475730,2,7,12,19,7,7,True,True,True
200,4,10,ring,0.8,1105475730,3,2,4,6,2,2,True,True,True
200,4,10,ring,0.8,1105475730,4,2,4,6,2,2,True,True,True
200,4,10,ring,0.8,1105475730,5,4,8,12,4,4,True,True,True
200,4,10,ring,0.8,1105475730,6,3,7,10,3,3,True,True,True
200,4,10,ring,0.8,1105475730,7,5,8,13,4,4,False,False,True
200,4,10,ring,0.8,1105475730,8,2,2,4,2,2,True,True,True
200,4,10,ring,0.8,1105475730,9,3,9,12,3,3,True,True,True
200,4,10,small_world,0.8,1105475730,0,2,6,8,2,2,True,True,True
200,4,10,small_world,0.8,1105475730,1,3,8,11,3,3,True,True,True
200,4,10,small_world,0.8,1105475730,2,9,17,26,9,9,True,True,True
200,4,10,small_world,0.8,1105475730,3,4,13,17,4,4,True,True,True
200,4,10,small_world,0.8,1105475730,4,2,8,10,2,2,True,True,True
200,4,10,small_world,0.8,1105475730,5,7,13,20,7,7,True,True,True
200,4,10,small_world,0.8,1105475730,6,2,4,6,2,2,True,True,True
200,4,10,small_world,0.8,1105475730,7,4,8,12,4,4,True,True,True
200,4,10,small_world,0.8,1105475730,8,3,7,10,3,3,True,True,True
200,4,10,small_world,0.8,1105475730,9,2,2,4,2,2,True,True,True
200,4,10,scale_free,0.8,1105475730,0,35,79,114,35,35,True,True,False
200,4,10,er,0.9,1105475730,0,8,26,34,8,8,True,True,True
200,4,10,er,0.9,1105475730,1,2,5,7,2,2,True,True,True
200,4,10,ring,0.9,1105475730,0,2,4,6,2,2,True,True,True
200,4,10,ring,0.9,1105475730,1,4,7,11,4,4,True,True,True
200,4,10,ring,0.9,1105475730,2,2,6,8,2,2,True,True,True
200,4,10,ring,0.9,1105475730,3,2,5,7,2,2,True,True,True
200,4,10,ring,0.9,1105475730,4,2,7,9,2,2,True,True,True
200,4,10,small_world,0.9,1105475730,0,2,4,6,2,2,True,True,True
200,4,10,small_world,0.9,1105475730,1,2,7,9,2,2,True,True,True
200,4,10,small_world,0.9,1105475730,2,2,8,10,2,2,True,True,True
200,4,10,small_world,0.9,1105475730,3,4,8,12,4,4,True,True,True
200,4,10,small_world,0.9,1105475730,4,2,7,9,2,2,True,True,True
200,4,10,small_world,0.9,1105475730,5,2,5,7,2,2,True,True,True
200,4,10,scale_free,0.9,1105475730,0,18,63,81,18,18,True,True,False
200,4,11,er,0.3,698091068,0,2,2,4,2,2,True,True,True
200,4,11,er,0.4,698091068,0,2,2,4,2,2,True,True,True
200,4,11,ring,0.4,698091068,0,6,6,12,6,6,True,True,True
200,4,11,scale_free,0.4,698091068,0,2,2,4,2,2,True,True,True
200,4,11,er,0.5,698091068,0,73,78,151,69,69,False,False,False
200,4,11,er,0.5,698091068,1,2,2,4,2,2,True,True,True
200,4,11,er,0.5,698091068,2,2,2,4,2,2,True,True,True
200,4,11,ring,0.5,698091068,0,43,44,87,36,36,False,False,False
200,4,11,ring,0.5,698091068,1,3,3,6,2,2,False,False,True
200,4,11,ring,0.5,698091068,2,3,3,6,2,2,False,False,True
200,4,11,ring,0.5,698091068,3,3,6,9,3,3,True,True,True
200,4,11,ring,0.5,698091068,4,4,4,8,3,3,False,False,True
200,4,11,ring,0.5,698091068,5,2,2,4,2,2,True,True,True
200,4,11,ring,0.5,698091068,6,18,20,38,16,16,False,False,False
200,4,11,ring,0.5,698091068,7,2,2,4,2,2,True,True,True
200,4,11,ring,0.5,698091068,8,10,10,20,9,9,False,False,True
200,4,11,small_world,0.5,698091068,0,5,5,10,5,5,True,True,True
200,4,11,small_world,0.5,698091068,1,5,6,11,5,5,True,True,True
200,4,11,small_world,0.5,698091068,2,49,51,100,44,44,False,False,False
200,4,11,small_world,0.5,698091068,3,7,7,14,6,6,False,False,True
200,4,11,small_world,0.5,698091068,4,3,3,6,2,2,False,False,True
200,4,11,small_world,0.5,698091068,5,2,2,4,2,2,True,True,True
200,4,11,scale_free,0.5,698091068,0,2,2,4,2,2,True,True,True
200,4,11,er,0.6,698091068,0,61,90,151,61,61,True,True,False
200,4,11,er,0.6,698091068,1,3,3,6,3,3,True,True,True
200,4,11,er,0.6,698091068,2,2,2,4,2,2,True,True,True
200,4,11,ring,0.6,698091068,0,16,22,38,16,16,True,True,False
200,4,11,ring,0.6,698091068,1,15,19,34,14,14,False,False,False
200,4,11,ring,0.6,698091068,2,5,8,13,5,5,True,True,True
200,4,11,ring,0.6,698091068,3,3,3,6,2,2,False,False,True
200,4,11,ring,0.6,698091068,4,5,7,12,5,5,True,True,True
200,4,11,ring,0.6,698091068,5,2,5,7,2,2,True,True,True
200,4,11,ring,0.6,698091068,6,5,8,13,5,5,True,True,True
200,4,11,ring,0.6,698091068,7,17,21,38,16,16,False,False,False
200,4,11,ring,0.6,698091068,8,2,2,4,2,2,True,True,True
200,4,11,ring,0.6,698091068,9,6,10,16,6,6,True,True,True
200,4,11,small_world,0.6,698091068,0,42,60,102,41,41,False,False,False
200,4,11,small_world,0.6,698091068,1,5,6,11,5,5,True,True,True
200,4,11,small_world,0.6,698091068,2,2,3,5,2,2,True,True,True
200,4,11,small_world,0.6,698091068,3,2,3,5,2,2,True,True,True
200,4,11,small_world,0.6,698091068,4,17,19,36,16,16,False,False,False
200,4,11,small_world,0.6,698091068,5,4,6,10,4,4,True,True,True
200,4,11,scale_free,0.6,698091068,0,61,80,141,51,51,False,False,False
200,4,11,scale_free,0.6,698091068,1,2,2,4,2,2,True,True,True
200,4,11,er,0.7,698091068,0,42,85,127,42,42,True,True,False
200,4,11,er,0.7,698091068,1,3,3,6,3,3,True,True,True
200,4,11,er,0.7,698091068,2,2,3,5,2,2,True,True,True
200,4,11,ring,0.7,698091068,0,2,4,6,2,2,True,True,True
200,4,11,ring,0.7,698091068,1,2,5,7,2,2,True,True,True
200,4,11,ring,0.7,698091068,2,8,8,16,7,7,False,False,True
200,4,11,ring,0.7,698091068,3,3,5,8,3,3,True,True,True
200,4,11,ring,0.7,698091068,4,3,3,6,2,2,False,False,True
200,4,11,ring,0.7,698091068,5,5,7,12,5,5,True,True,True
200,4,11,ring,0.7,698091068,6,2,5,7,2,2,True,True,True
200,4,11,ring,0.7,698091068,7,4,8,12,4,4,True,True,True
200,4,11,ring,0.7,698091068,8,10,14,24,10,10,True,True,True
200,4,11,ring,0.7,698091068,9,3,9,12,3,3,True,True,True
200,4,11,ring,0.7,698091068,10,5,11,16,5,5,True,True,True
200,4,11,ring,0.7,698091068,11,6,9,15,6,6,True,True,True
200,4,11,small_world,0.7,698091068,0,3,5,8,3,3,True,True,True
200,4,11,small_world,0.7,698091068,1,2,3,5,2,2,True,True,True
200,4,11,small_world,0.7,698091068,2,41,69,110,40,40,False,False,False
200,4,11,small_world,0.7,698091068,3,2,3,5,2,2,True,True,True
200,4,11,small_world,0.7,698091068,4,2,5,7,2,2,True,True,True
200,4,11,scale_free,0.7,698091068,0,51,82,133,46,46,False,False,False
200,4,11,er,0.8,698091068,0,33,81,114,33,33,True,True,False
200,4,11,ring,0.8,698091068,0,2,4,6,2,2,True,True,True
200,4,11,ring,0.8,698091068,1,5,10,15,5,5,True,True,True
200,4,11,ring,0.8,698091068,2,2,6,8,2,2,True,True,True
200,4,11,ring,0.8,698091068,3,7,8,15,6,6,False,False,True
200,4,11,ring,0.8,698091068,4,4,8,12,4,4,True,True,True
200,4,11,ring,0.8,698091068,5,4,8,12,4,4,True,True,True
200,4,11,ring,0.8,698091068,6,2,4,6,2,2,True,True,True
200,4,11,ring,0.8,698091068,7,3,8,11,3,3,True,True,True
200,4,11,ring,0.8,698091068,8,4,9,13,4,4,True,True,True
200,4,11,small_world,0.8,698091068,0,4,7,11,4,4,True,True,True
200,4,11,small_world,0.8,698091068,1,3,5,8,3,3,True,True,True
200,4,11,small_world,0.8,698091068,2,11,20,31,10,10,False,False,False
200,4,11,small_world,0.8,698091068,3,7,18,25,7,7,True,True,True
200,4,11,small_world,0.8,698091068,4,6,9,15,6,6,True,True,True
200,4,11,small_world,0.8,698091068,5,2,4,6,2,2,True,True,True
200,4,11,scale_free,0.8,698091068,0,35,53,88,33,33,False,False,False
200,4,11,er,0.9,698091068,0,5,12,17,5,5,True,True,True
200,4,11,er,0.9,698091068,1,2,4,6,2,2,True,True,True
200,4,11,er,0.9,698091068,2,5,23,28,5,5,True,True,True
200,4,11,ring,0.9,698091068,0,3,10,13,3,3,True,True,True
200,4,11,ring,0.9,698091068,1,3,7,10,3,3,True,True,True
200,4,11,ring,0.9,698091068,2,2,4,6,2,2,True,True,True
200,4,11,ring,0.9,698091068,3,2,4,6,2,2,True,True,True
200,4,11,small_world,0.9,698091068,0,3,7,10,3,3,True,True,True
200,4,11,small_world,0.9,698091068,1,3,7,10,3,3,True,True,True
200,4,11,small_world,0.9,698091068,2,4,11,15,4,4,True,True,True
200,4,11,small_world,0.9,698091068,3,3,7,10,3,3,True,True,True
200,4,11,scale_free,0.9,698091068,0,2,3,5,2,2,True,True,True
200,4,11,scale_free,0.9,698091068,1,12,35,47,12,12,True,True,False
200,4,11,scale_free,0.9,698091068,2,2,3,5,2,2,True,True,True
200,4,12,ring,0.3,464229323,0,3,3,6,2,2,False,False,True
200,4,12,ring,0.4,464229323,0,12,13,25,10,10,False,False,False
200,4,12,ring,0.4,464229323,1,4,4,8,3,3,False,False,True
200,4,12,small_world,0.4,464229323,0,2,2,4,2,2,True,True,True
200,4,12,small_world,0.4,464229323,1,4,5,9,4,4,True,True,True
200,4,12,small_world,0.4,464229323,2,2,2,4,2,2,True,True,True
200,4,12,small_world,0.4,464229323,3,3,5,8,3,3,True,True,True
200,4,12,scale_free,0.4,464229323,0,3,3,6,3,3,True,True,True
200,4,12,er,0.5,464229323,0,78,80,158,69,69,False,False,False
200,4,12,ring,0.5,464229323,0,10,12,22,10,10,True,True,True
200,4,12,ring,0.5,464229323,1,7,10,17,6,6,False,False,True
200,4,12,ring,0.5,464229323,2,2,2,4,2,2,True,True,True
200,4,12,ring,0.5,464229323,3,7,8,15,7,7,True,True,True
200,4,12,ring,0.5,464229323,4,2,2,4,2,2,True,True,True
200,4,12,ring,0.5,464229323,5,19,21,40,17,17,False,False,False
200,4,12,ring,0.5,464229323,6,2,2,4,2,2,True,True,True
200,4,12,small_world,0.5,464229323,0,4,4,8,3,3,False,False,True
200,4,12,small_world,0.5,464229323,1,41,42,83,37,37,False,False,False
200,4,12,small_world,0.5,464229323,2,2,2,4,2,2,True,True,True
200,4,12,small_world,0.5,464229323,3,13,13,26,12,12,False,False,False
200,4,12,small_world,0.5,464229323,4,2,2,4,2,2,True,True,True
200,4,12,small_world,0.5,464229323,5,2,5,7,2,2,True,True,True
200,4,12,small_world,0.5,464229323,6,2,2,4,2,2,True,True,True
200,4,12,small_world,0.5,464229323,7,3,5,8,3,3,True,True,True
200,4,12,er,0.6,464229323,0,69,94,163,67,67,False,False,False
200,4,12,ring,0.6,464229323,0,5,6,11,4,4,False,False,True
200,4,12,ring,0.6,464229323,1,8,10,18,8,8,True,True,True
200,4,12,ring,0.6,464229323,2,6,11,17,6,6,True,True,True
200,4,12,ring,0.6,464229323,3,2,2,4,2,2,True,True,True
200,4,12,ring,0.6,464229323,4,6,8,14,6,6,True,True,True
200,4,12,ring,0.6,464229323,5,16,22,38,15,15,False,False,False
200,4,12,small_world,0.6,464229323,0,51,57,108,46,46,False,False,False
200,4,12,small_world,0.6,464229323,1,2,3,5,2,2,True,True,True
200,4,12,small_world,0.6,464229323,2,2,4,6,2,2,True,True,True
200,4,12,small_world,0.6,464229323,3,2,2,4,2,2,True,True,True
200,4,12,small_world,0.6,464229323,4,16,20,36,14,14,False,False,False
200,4,12,small_world,0.6,464229323,5,2,4,6,2,2,True,True,True
200,4,12,scale_free,0.6,464229323,0,2,2,4,2,2,True,True,True
200,4,12,er,0.7,464229323,0,54,104,158,53,53,False,False,False
200,4,12,ring,0.7,464229323,0,4,7,11,4,4,True,True,True
200,4,12,ring,0.7,464229323,1,5,13,18,5,5,True,True,True
200,4,12,ring,0.7,464229323,2,5,12,17,5,5,True,True,True
200,4,12,ring,0.7,464229323,3,2,2,4,2,2,True,True,True
200,4,12,ring,0.7,464229323,4,2,2,4,2,2,True,True,True
200,4,12,ring,0.7,464229323,5,4,10,14,4,4,True,True,True
200,4,12,ring,0.7,464229323,6,7,11,18,6,6,False,False,True
200,4,12,ring,0.7,464229323,7,9,18,27,9,9,True,True,True
200,4,12,ring,0.7,464229323,8,6,9,15,6,6,True,True,True
200,4,12,ring,0.7,464229323,9,8,14,22,8,8,True,True,True
200,4,12,small_world,0.7,464229323,0,3,5,8,3,3,True,True,True
200,4,12,small_world,0.7,464229323,1,32,53,85,31,31,False,False,False
200,4,12,small_world,0.7,464229323,2,3,7,10,3,3,True,True,True
200,4,12,small_world,0.7,464229323,3,2,4,6,2,2,True,True,True
200,4,12,small_world,0.7,464229323,4,7,10,17,7,7,True,True,True
200,4,12,small_world,0.7,464229323,5,6,13,19,6,6,True,True,True
200,4,12,small_world,0.7,464229323,6,4,11,15,4,4,True,True,True
200,4,12,scale_free,0.7,464229323,0,53,58,111,43,43,False,False,False
200,4,12,scale_free,0.7,464229323,1,2,2,4,2,2,True,True,True
200,4,12,scale_free,0.7,464229323,2,2,2,4,2,2,True,True,True
200,4,12,er,0.8,464229323,0,34,84,118,34,34,True,True,False
200,4,12,ring,0.8,464229323,0,3,7,10,3,3,True,True,True
200,4,12,ring,0.8,464229323,1,4,11,15,4,4,True,True,True
200,4,12,ring,0.8,464229323,2,3,5,8,3,3,True,True,True
200,4,12,ring,0.8,464229323,3,3,7,10,3,3,True,True,True
200,4,12,ring,0.8,464229323,4,4,6,10,3,3,False,False,True
200,4,12,ring,0.8,464229323,5,2,5,7,2,2,True,True,True
200,4,12,ring,0.8,464229323,6,2,5,7,2,2,True,True,True
200,4,12,ring,0.8,464229323,7,2,7,9,2,2,True,True,True
200,4,12,ring,0.8,464229323,8,5,10,15,5,5,True,True,True
200,4,12,ring,0.8,464229323,9,5,11,16,5,5,True,True,True
200,4,12,ring,0.8,464229323,10,2,4,6,2,2,True,True,True
200,4,12,small_world,0.8,464229323,0,2,4,6,2,2,True,True,True
200,4,12,small_world,0.8,464229323,1,6,11,17,6,6,True,True,True
200,4,12,small_world,0.8,464229323,2,5,12,17,5,5,True,True,True
200,4,12,small_world,0.8,464229323,3,3,6,9,3,3,True,True,True
200,4,12,small_world,0.8,464229323,4,5,10,15,5,5,True,True,True
200,4,12,small_world,0.8,464229323,5,4,6,10,3,3,False,False,True
200,4,12,small_world,0.8,464229323,6,5,13,18,5,5,True,True,True
200,4,12,small_world,0.8,464229323,7,2,7,9,2,2,True,True,True
200,4,12,scale_free,0.8,464229323,0,36,44,80,33,33,False,False,False
200,4,12,scale_free,0.8,464229323,1,2,2,4,2,2,True,True,True
200,4,12,er,0.9,464229323,0,14,44,58,14,14,True,True,False
200,4,12,er,0.9,464229323,1,3,17,20,3,3,True,True,True
200,4,12,ring,0.9,464229323,0,2,7,9,2,2,True,True,True
200,4,12,ring,0.9,464229323,1,2,6,8,2,2,True,True,True
200,4,12,ring,0.9,464229323,2,2,6,8,2,2,True,True,True
200,4,12,ring,0.9,464229323,3,2,7,9,2,2,True,True,True
200,4,12,ring,0.9,464229323,4,2,4,6,2,2,True,True,True
200,4,12,small_world,0.9,464229323,0,3,8,11,3,3,True,True,True
200,4,12,small_world,0.9,464229323,1,2,7,9,2,2,True,True,True
200,4,12,small_world,0.9,464229323,2,2,6,8,2,2,True,True,True
200,4,12,small_world,0.9,464229323,3,2,7,9,2,2,True,True,True
200,4,12,scale_free,0.9,464229323,0,13,24,37,13,13,True,True,False
200,4,12,scale_free,0.9,464229323,1,2,5,7,2,2,True,True,True
200,4,13,ring,0.3,320328439,0,2,2,4,2,2,True,True,True
200,4,13,ring,0.4,320328439,0,4,4,8,4,4,True,True,True
200,4,13,ring,0.4,320328439,1,3,5,8,3,3,True,True,True
200,4,13,ring,0.4,320328439,2,2,2,4,2,2,True,True,True
200,4,13,ring,0.4,320328439,3,2,2,4,2,2,True,True,True
200,4,13,ring,0.4,320328439,4,4,4,8,3,3,False,False,True
200,4,13,small_world,0.4,320328439,0,4,4,8,4,4,True,True,True
200,4,13,small_world,0.4,320328439,1,3,5,8,3,3,True,True,True
200,4,13,small_world,0.4,320328439,2,2,2,4,2,2,True,True,True
200,4,13,scale_free,0.4,320328439,0,2,2,4,2,2,True,True,True
200,4,13,er,0.5,320328439,0,77,83,160,71,71,False,False,False
200,4,13,er,0.5,320328439,1,2,2,4,2,2,True,True,True
200,4,13,ring,0.5,320328439,0,6,9,15,6,6,True,True,True
200,4,13,ring,0.5,320328439,1,9,9,18,8,8,False,False,True
200,4,13,ring,0.5,320328439,2,4,4,8,4,4,True,True,True
200,4,13,ring,0.5,320328439,3,2,5,7,2,2,True,True,True
200,4,13,ring,0.5,320328439,4,2,2,4,2,2,True,True,True
200,4,13,ring,0.5,320328439,5,17,17,34,16,16,False,False,False
200,4,13,ring,0.5,320328439,6,5,8,13,5,5,True,True,True
200,4,13,ring,0.5,320328439,7,4,4,8,3,3,False,False,True
200,4,13,ring,0.5,320328439,8,2,2,4,2,2,True,True,True
200,4,13,ring,0.5,320328439,9,2,4,6,2,2,True,True,True
200,4,13,small_world,0.5,320328439,0,62,65,127,56,56,False,False,False
200,4,13,small_world,0.5,320328439,1,4,4,8,4,4,True,True,True
200,4,13,small_world,0.5,320328439,2,2,5,7,2,2,True,True,True
200,4,13,small_world,0.5,320328439,3,2,4,6,2,2,True,True,True
200,4,13,scale_free,0.5,320328439,0,2,2,4,2,2,True,True,True
200,4,13,er,0.6,320328439,0,66,97,163,64,64,False,False,False
200,4,13,ring,0.6,320328439,0,11,18,29,11,11,True,True,False
200,4,13,ring,0.6,320328439,1,7,10,17,7,7,True,True,True
200,4,13,ring,0.6,320328439,2,4,4,8,4,4,True,True,True
200,4,13,ring,0.6,320328439,3,2,5,7,2,2,True,True,True
200,4,13,ring,0.6,320328439,4,7,7,14,6,6,False,False,True
200,4,13,ring,0.6,320328439,5,8,9,17,8,8,True,True,True
200,4,13,ring,0.6,320328439,6,5,7,12,5,5,True,True,True
200,4,13,ring,0.6,320328439,7,8,14,22,8,8,True,True,True
200,4,13,ring,0.6,320328439,8,5,8,13,5,5,True,True,True
200,4,13,ring,0.6,320328439,9,3,5,8,3,3,True,True,True
200,4,13,ring,0.6,320328439,10,11,11,22,9,9,False,False,False
200,4,13,ring,0.6,320328439,11,4,5,9,4,4,True,True,True
200,4,13,ring,0.6,320328439,12,2,4,6,2,2,True,True,True
200,4,13,small_world,0.6,320328439,0,51,73,124,49,50,False,False,False
200,4,13,small_world,0.6,320328439,1,3,7,10,3,3,True,True,True
200,4,13,small_world,0.6,320328439,2,4,4,8,4,4,True,True,True
200,4,13,small_world,0.6,320328439,3,2,5,7,2,2,True,True,True
200,4,13,small_world,0.6,320328439,4,3,3,6,3,3,True,True,True
200,4,13,small_world,0.6,320328439,5,2,2,4,2,2,True,True,True
200,4,13,small_world,0.6,320328439,6,2,4,6,2,2,True,True,True
200,4,13,scale_free,0.6,320328439,0,69,73,142,53,53,False,False,False
200,4,13,er,0.7,320328439,0,49,96,145,48,48,False,False,False
200,4,13,er,0.7,320328439,1,2,2,4,2,2,True,True,True
200,4,13,ring,0.7,320328439,0,2,6,8,2,2,True,True,True
200,4,13,ring,0.7,320328439,1,2,7,9,2,2,True,True,True
200,4,13,ring,0.7,320328439,2,9,17,26,9,9,True,True,True
200,4,13,ring,0.7,320328439,3,6,8,14,6,6,True,True,True
200,4,13,ring,0.7,320328439,4,8,9,17,8,8,True,True,True
200,4,13,ring,0.7,320328439,5,4,8,12,4,4,True,True,True
200,4,13,ring,0.7,320328439,6,2,6,8,2,2,True,True,True
200,4,13,ring,0.7,320328439,7,4,9,13,4,4,True,True,True
200,4,13,ring,0.7,320328439,8,5,8,13,5,5,True,True,True
200,4,13,ring,0.7,320328439,9,5,9,14,4,4,False,False,True
200,4,13,ring,0.7,320328439,10,6,9,15,5,5,False,False,True
200,4,13,ring,0.7,320328439,11,4,5,9,4,4,True,True,True
200,4,13,small_world,0.7,320328439,0,8,18,26,8,8,True,True,True
200,4,13,small_world,0.7,320328439,1,34,65,99,34,34,True,True,False
200,4,13,small_world,0.7,320328439,2,6,7,13,6,6,True,True,True
200,4,13,small_world,0.7,320328439,3,3,3,6,3,3,True,True,True
200,4,13,small_world,0.7,320328439,4,2,2,4,2,2,True,True,True
200,4,13,small_world,0.7,320328439,5,4,5,9,3,3,False,False,True
200,4,13,scale_free,0.7,320328439,0,50,76,126,43,43,False,False,False
200,4,13,scale_free,0.7,320328439,1,2,2,4,2,2,True,True,True
200,4,13,er,0.8,320328439,0,26,73,99,26,26,True,True,False
200,4,13,er,0.8,320328439,1,2,2,4,2,2,True,True,True
200,4,13,er,0.8,320328439,2,2,4,6,2,2,True,True,True
200,4,13,ring,0.8,320328439,0,2,5,7,2,2,True,True,True
200,4,13,ring,0.8,320328439,1,3,7,10,3,3,True,True,True
200,4,13,ring,0.8,320328439,2,3,6,9,3,3,True,True,True
200,4,13,ring,0.8,320328439,3,3,7,10,3,3,True,True,True
200,4,13,ring,0.8,320328439,4,3,7,10,3,3,True,True,True
200,4,13,ring,0.8,320328439,5,2,6,8,2,2,True,True,True
200,4,13,ring,0.8,320328439,6,3,6,9,3,3,True,True,True
200,4,13,ring,0.8,320328439,7,2,4,6,2,2,True,True,True
200,4,13,ring,0.8,320328439,8,3,5,8,3,3,True,True,True
200,4,13,ring,0.8,320328439,9,4,5,9,4,4,True,True,True
200,4,13,ring,0.8,320328439,10,4,5,9,4,4,True,True,True
200,4,13,small_world,0.8,320328439,0,3,11,14,3,3,True,True,True
200,4,13,small_world,0.8,320328439,1,2,5,7,2,2,True,True,True
200,4,13,small_world,0.8,320328439,2,3,7,10,3,3,True,True,True
200,4,13,small_world,0.8,320328439,3,3,6,9,3,3,True,True,True
200,4,13,small_world,0.8,320328439,4,3,7,10,3,3,True,True,True
200,4,13,small_world,0.8,320328439,5,2,3,5,2,2,True,True,True
200,4,13,small_world,0.8,320328439,6,3,8,11,3,3,True,True,True
200,4,13,small_world,0.8,320328439,7,8,11,19,8,8,True,True,True
200,4,13,small_world,0.8,320328439,8,2,3,5,2,2,True,True,True
200,4,13,small_world,0.8,320328439,9,3,5,8,3,3,True,True,True
200,4,13,scale_free,0.8,320328439,0,35,70,105,35,35,True,True,False
200,4,13,scale_free,0.8,320328439,1,2,4,6,2,2,True,True,True
200,4,13,scale_free,0.8,320328439,2,2,3,5,2,2,True,True,True
200,4,13,er,0.9,320328439,0,6,18,24,6,6,True,True,True
200,4,13,er,0.9,320328439,1,5,16,21,5,5,True,True,True
200,4,13,er,0.9,320328439,2,4,21,25,4,4,True,True,True
200,4,13,ring,0.9,320328439,0,3,7,10,3,3,True,True,True
200,4,13,ring,0.9,320328439,1,2,4,6,2,2,True,True,True
200,4,13,ring,0.9,320328439,2,4,5,9,4,4,True,True,True
200,4,13,small_world,0.9,320328439,0,2,8,10,2,2,True,True,True
200,4,13,small_world,0.9,320328439,1,2,3,5,2,2,True,True,True
200,4,13,small_world,0.9,320328439,2,2,5,7,2,2,True,True,True
200,4,13,small_world,0.9,320328439,3,4,5,9,4,4,True,True,True
200,4,13,scale_free,0.9,320328439,0,3,5,8,3,3,True,True,True
200,4,13,scale_free,0.9,320328439,1,9,24,33,9,9,True,True,True
200,4,13,scale_free,0.9,320328439,2,4,9,13,4,4,True,True,True
200,4,13,scale_free,0.9,320328439,3,2,4,6,2,2,True,True,True
200,4,14,scale_free,0.2,3130596825,0,2,2,4,2,2,True,True,True
200,4,14,ring,0.3,3130596825,0,2,2,4,2,2,True,True,True
200,4,14,ring,0.3,3130596825,1,2,2,4,2,2,True,True,True
200,4,14,ring,0.3,3130596825,2,2,2,4,2,2,True,True,True
200,4,14,ring,0.3,3130596825,3,3,3,6,2,2,False,False,True
200,4,14,small_world,0.3,3130596825,0,3,5,8,3,3,True,True,True
200,4,14,small_world,0.3,3130596825,1,2,2,4,2,2,True,True,True
200,4,14,ring,0.4,3130596825,0,7,8,15,5,5,False,False,True
200,4,14,ring,0.4,3130596825,1,2,2,4,2,2,True,True,True
200,4,14,ring,0.4,3130596825,2,8,8,16,6,6,False,False,True
200,4,14,ring,0.4,3130596825,3,2,2,4,2,2,True,True,True
200,4,14,ring,0.4,3130596825,4,2,2,4,2,2,True,True,True
200,4,14,ring,0.4,3130596825,5,2,2,4,2,2,True,True,True
200,4,14,ring,0.4,3130596825,6,4,4,8,4,4,True,True,True
200,4,14,ring,0.4,3130596825,7,5,5,10,4,4,False,False,True
200,4,14,ring,0.4,3130596825,8,6,6,12,6,6,True,True,True
200,4,14,ring,0.4,3130596825,9,3,4,7,3,3,True,True,True
200,4,14,small_world,0.4,3130596825,0,2,2,4,2,2,True,True,True
200,4,14,small_world,0.4,3130596825,1,2,2,4,2,2,True,True,True
200,4,14,small_world,0.4,3130596825,2,4,4,8,3,3,False,False,True
200,4,14,small_world,0.4,3130596825,3,3,4,7,3,3,True,True,True
200,4,14,er,0.5,3130596825,0,89,89,178,81,81,False,False,False
200,4,14,ring,0.5,3130596825,0,8,11,19,8,8,True,True,True
200,4,14,ring,0.5,3130596825,1,4,5,9,4,4,True,True,True
200,4,14,ring,0.5,3130596825,2,4,4,8,4,4,True,True,True
200,4,14,ring,0.5,3130596825,3,4,5,9,4,4,True,True,True
200,4,14,ring,0.5,3130596825,4,8,11,19,8,8,True,True,True
200,4,14,ring,0.5,3130596825,5,5,7,12,5,5,True,True,True
200,4,14,ring,0.5,3130596825,6,16,16,32,13,13,False,False,False
200,4,14,small_world,0.5,3130596825,0,2,4,6,2,2,True,True,True
200,4,14,small_world,0.5,3130596825,1,4,4,8,3,3,False,False,True
200,4,14,small_world,0.5,3130596825,2,3,4,7,3,3,True,True,True
200,4,14,er,0.6,3130596825,0,71,92,163,69,69,False,False,False
200,4,14,ring,0.6,3130596825,0,5,6,11,5,5,True,True,True
200,4,14,ring,0.6,3130596825,1,2,2,4,2,2,True,True,True
200,4,14,ring,0.6,3130596825,2,7,12,19,7,7,True,True,True
200,4,14,ring,0.6,3130596825,3,4,5,9,4,4,True,True,True
200,4,14,ring,0.6,3130596825,4,11,11,22,9,9,False,False,False
200,4,14,ring,0.6,3130596825,5,3,6,9,3,3,True,True,True
200,4,14,ring,0.6,3130596825,6,9,14,23,9,9,True,True,True
200,4,14,ring,0.6,3130596825,7,3,5,8,3,3,True,True,True
200,4,14,ring,0.6,3130596825,8,10,15,25,10,10,True,True,True
200,4,14,ring,0.6,3130596825,9,3,3,6,2,2,False,False,True
200,4,14,small_world,0.6,3130596825,0,13,17,30,12,12,False,False,False
200,4,14,small_world,0.6,3130596825,1,51,60,111,47,47,False,False,False
200,4,14,small_world,0.6,3130596825,2,3,5,8,3,3,True,True,True
200,4,14,small_world,0.6,3130596825,3,3,5,8,3,3,True,True,True
200,4,14,small_world,0.6,3130596825,4,4,5,9,4,4,True,True,True
200,4,14,scale_free,0.6,3130596825,0,63,84,147,54,54,False,False,False
200,4,14,scale_free,0.6,3130596825,1,2,2,4,2,2,True,True,True
200,4,14,er,0.7,3130596825,0,52,93,145,52,52,True,True,False
200,4,14,er,0.7,3130596825,1,2,3,5,2,2,True,True,True
200,4,14,ring,0.7,3130596825,0,5,6,11,5,5,True,True,True
200,4,14,ring,0.7,3130596825,1,2,2,4,2,2,True,True,True
200,4,14,ring,0.7,3130596825,2,3,5,8,3,3,True,True,True
200,4,14,ring,0.7,3130596825,3,4,5,9,4,4,True,True,True
200,4,14,ring,0.7,3130596825,4,3,8,11,3,3,True,True,True
200,4,14,ring,0.7,3130596825,5,2,2,4,2,2,True,True,True
200,4,14,ring,0.7,3130596825,6,3,5,8,3,3,True,True,True
200,4,14,ring,0.7,3130596825,7,2,7,9,2,2,True,True,True
200,4,14,ring,0.7,3130596825,8,10,23,33,10,10,True,True,True
200,4,14,ring,0.7,3130596825,9,9,16,25,9,9,True,True,True
200,4,14,ring,0.7,3130596825,10,2,4,6,2,2,True,True,True
200,4,14,ring,0.7,3130596825,11,2,2,4,2,2,True,True,True
200,4,14,small_world,0.7,3130596825,0,2,7,9,2,2,True,True,True
200,4,14,small_world,0.7,3130596825,1,17,35,52,17,17,True,True,False
200,4,14,small_world,0.7,3130596825,2,10,16,26,10,10,True,True,True
200,4,14,small_world,0.7,3130596825,3,2,3,5,2,2,True,True,True
200,4,14,small_world,0.7,3130596825,4,7,10,17,7,7,True,True,True
200,4,14,small_world,0.7,3130596825,5,2,4,6,2,2,True,True,True
200,4,14,scale_free,0.7,3130596825,0,51,88,139,47,47,False,False,False
200,4,14,scale_free,0.7,3130596825,1,2,2,4,2,2,True,True,True
200,4,14,er,0.8,3130596825,0,29,76,105,29,29,True,True,False
200,4,14,er,0.8,3130596825,1,2,2,4,2,2,True,True,True
200,4,14,ring,0.8,3130596825,0,4,6,10,4,4,True,True,True
200,4,14,ring,0.8,3130596825,1,3,6,9,3,3,True,True,True
200,4,14,ring,0.8,3130596825,2,4,5,9,4,4,True,True,True
200,4,14,ring,0.8,3130596825,3,3,5,8,3,3,True,True,True
200,4,14,ring,0.8,3130596825,4,4,12,16,4,4,True,True,True
200,4,14,ring,0.8,3130596825,5,3,9,12,3,3,True,True,True
200,4,14,ring,0.8,3130596825,6,2,6,8,2,2,True,True,True
200,4,14,ring,0.8,3130596825,7,3,10,13,3,3,True,True,True
200,4,14,ring,0.8,3130596825,8,4,5,9,3,3,False,False,True
200,4,14,ring,0.8,3130596825,9,2,2,4,2,2,True,True,True
200,4,14,small_world,0.8,3130596825,0,10,25,35,10,10,True,True,True
200,4,14,small_world,0.8,3130596825,1,3,8,11,3,3,True,True,True
200,4,14,small_world,0.8,3130596825,2,6,13,19,6,6,True,True,True
200,4,14,small_world,0.8,3130596825,3,4,5,9,4,4,True,True,True
200,4,14,small_world,0.8,3130596825,4,2,3,5,2,2,True,True,True
200,4,14,small_world,0.8,3130596825,5,3,10,13,3,3,True,True,True
200,4,14,small_world,0.8,3130596825,6,2,6,8,2,2,True,True,True
200,4,14,small_world,0.8,3130596825,7,3,5,8,3,3,True,True,True
200,4,14,scale_free,0.8,3130596825,0,27,64,91,26,26,False,False,False
200,4,14,er,0.9,3130596825,0,4,15,19,4,4,True,True,True
200,4,14,er,0.9,3130596825,1,10,31,41,10,10,True,True,True
200,4,14,er,0.9,3130596825,2,2,5,7,2,2,True,True,True
200,4,14,ring,0.9,3130596825,0,2,4,6,2,2,True,True,True
200,4,14,ring,0.9,3130596825,1,3,6,9,3,3,True,True,True
200,4,14,ring,0.9,3130596825,2,4,5,9,4,4,True,True,True
200,4,14,ring,0.9,3130596825,3,2,7,9,2,2,True,True,True
200,4,14,small_world,0.9,3130596825,0,4,11,15,4,4,True,True,True
200,4,14,small_world,0.9,3130596825,1,4,11,15,4,4,True,True,True
200,4,14,small_world,0.9,3130596825,2,4,5,9,4,4,True,True,True
200,4,14,scale_free,0.9,3130596825,0,16,42,58,16,16,True,True,False
200,4,14,scale_free,0.9,3130596825,1,2,6,8,2,2,True,True,True
200,4,15,small_world,0.2,2442420432,0,2,2,4,2,2,True,True,True
200,4,15,er,0.3,2442420432,0,2,2,4,2,2,True,True,True
200,4,15,small_world,0.3,2442420432,0,2,2,4,2,2,True,True,True
200,4,15,er,0.4,2442420432,0,2,3,5,2,2,True,True,True
200,4,15,er,0.4,2442420432,1,2,2,4,2,2,True,True,True
200,4,15,ring,0.4,2442420432,0,5,6,11,5,5,True,True,True
200,4,15,small_world,0.4,2442420432,0,21,21,42,18,18,False,False,False
200,4,15,small_world,0.4,2442420432,1,3,3,6,3,3,True,True,True
200,4,15,er,0.5,2442420432,0,76,77,153,69,69,False,False,False
200,4,15,er,0.5,2442420432,1,2,4,6,2,2,True,True,True
200,4,15,er,0.5,2442420432,2,2,3,5,2,2,True,True,True
200,4,15,ring,0.5,2442420432,0,5,6,11,5,5,True,True,True
200,4,15,ring,0.5,2442420432,1,5,9,14,5,5,True,True,True
200,4,15,ring,0.5,2442420432,2,3,3,6,2,2,False,False,True
200,4,15,ring,0.5,2442420432,3,5,10,15,5,5,True,True,True
200,4,15,ring,0.5,2442420432,4,2,2,4,2,2,True,True,True
200,4,15,ring,0.5,2442420432,5,2,2,4,2,2,True,True,True
200,4,15,ring,0.5,2442420432,6,7,8,15,6,6,False,False,True
200,4,15,ring,0.5,2442420432,7,13,13,26,11,11,False,False,False
200,4,15,ring,0.5,2442420432,8,4,5,9,4,4,True,True,True
200,4,15,ring,0.5,2442420432,9,6,10,16,5,5,False,False,True
200,4,15,small_world,0.5,2442420432,0,22,29,51,19,19,False,False,False
200,4,15,small_world,0.5,2442420432,1,32,32,64,27,27,False,False,False
200,4,15,small_world,0.5,2442420432,2,5,9,14,5,5,True,True,True
200,4,15,scale_free,0.5,2442420432,0,81,81,162,64,64,False,False,False
200,4,15,er,0.6,2442420432,0,68,93,161,67,67,False,False,False
200,4,15,er,0.6,2442420432,1,2,4,6,2,2,True,True,True
200,4,15,ring,0.6,2442420432,0,7,8,15,6,6,False,False,True
200,4,15,ring,0.6,2442420432,1,2,2,4,2,2,True,True,True
200,4,15,ring,0.6,2442420432,2,13,14,27,11,11,False,False,False
200,4,15,ring,0.6,2442420432,3,8,10,18,6,6,False,False,True
200,4,15,ring,0.6,2442420432,4,5,6,11,4,4,False,False,True
200,4,15,ring,0.6,2442420432,5,2,7,9,2,2,True,True,True
200,4,15,ring,0.6,2442420432,6,2,2,4,2,2,True,True,True
200,4,15,ring,0.6,2442420432,7,2,2,4,2,2,True,True,True
200,4,15,ring,0.6,2442420432,8,6,9,15,5,5,False,False,True
200,4,15,ring,0.6,2442420432,9,11,15,26,10,10,False,False,False
200,4,15,ring,0.6,2442420432,10,2,2,4,2,2,True,True,True
200,4,15,ring,0.6,2442420432,11,6,10,16,5,5,False,False,True
200,4,15,small_world,0.6,2442420432,0,26,35,61,22,22,False,False,False
200,4,15,small_world,0.6,2442420432,1,2,2,4,2,2,True,True,True
200,4,15,small_world,0.6,2442420432,2,18,22,40,15,15,False,False,False
200,4,15,small_world,0.6,2442420432,3,24,28,52,21,21,False,False,False
200,4,15,small_world,0.6,2442420432,4,2,2,4,2,2,True,True,True
200,4,15,scale_free,0.6,2442420432,0,68,84,152,56,56,False,False,False
200,4,15,er,0.7,2442420432,0,55,97,152,55,55,True,True,False
200,4,15,er,0.7,2442420432,1,2,7,9,2,2,True,True,True
200,4,15,ring,0.7,2442420432,0,2,2,4,2,2,True,True,True
200,4,15,ring,0.7,2442420432,1,3,7,10,3,3,True,True,True
200,4,15,ring,0.7,2442420432,2,12,19,31,11,11,False,False,False
200,4,15,ring,0.7,2442420432,3,9,17,26,9,9,True,True,True
200,4,15,ring,0.7,2442420432,4,3,6,9,3,3,True,True,True
200,4,15,ring,0.7,2442420432,5,4,6,10,3,3,False,False,True
200,4,15,ring,0.7,2442420432,6,9,13,22,9,9,True,True,True
200,4,15,ring,0.7,2442420432,7,2,2,4,2,2,True,True,True
200,4,15,ring,0.7,2442420432,8,8,10,18,7,7,False,False,True
200,4,15,ring,0.7,2442420432,9,3,3,6,2,2,False,False,True
200,4,15,small_world,0.7,2442420432,0,2,2,4,2,2,True,True,True
200,4,15,small_world,0.7,2442420432,1,3,8,11,3,3,True,True,True
200,4,15,small_world,0.7,2442420432,2,45,75,120,43,43,False,False,False
200,4,15,small_world,0.7,2442420432,3,3,4,7,2,2,False,False,True
200,4,15,small_world,0.7,2442420432,4,2,2,4,2,2,True,True,True
200,4,15,scale_free,0.7,2442420432,0,50,90,140,45,45,False,False,False
200,4,15,er,0.8,2442420432,0,37,90,127,37,37,True,True,False
200,4,15,ring,0.8,2442420432,0,2,5,7,2,2,True,True,True
200,4,15,ring,0.8,2442420432,1,4,8,12,4,4,True,True,True
200,4,15,ring,0.8,2442420432,2,4,8,12,4,4,True,True,True
200,4,15,ring,0.8,2442420432,3,2,7,9,2,2,True,True,True
200,4,15,ring,0.8,2442420432,4,3,8,11,3,3,True,True,True
200,4,15,ring,0.8,2442420432,5,3,7,10,3,3,True,True,True
200,4,15,ring,0.8,2442420432,6,4,8,12,4,4,True,True,True
200,4,15,ring,0.8,2442420432,7,3,4,7,3,3,True,True,True
200,4,15,ring,0.8,2442420432,8,5,8,13,5,5,True,True,True
200,4,15,ring,0.8,2442420432,9,3,3,6,2,2,False,False,True
200,4,15,ring,0.8,2442420432,10,2,2,4,2,2,True,True,True
200,4,15,small_world,0.8,2442420432,0,2,5,7,2,2,True,True,True
200,4,15,small_world,0.8,2442420432,1,4,8,12,4,4,True,True,True
200,4,15,small_world,0.8,2442420432,2,7,19,26,7,7,True,True,True
200,4,15,small_world,0.8,2442420432,3,8,21,29,8,8,True,True,True
200,4,15,small_world,0.8,2442420432,4,5,9,14,5,5,True,True,True
200,4,15,small_world,0.8,2442420432,5,3,7,10,3,3,True,True,True
200,4,15,small_world,0.8,2442420432,6,3,4,7,3,3,True,True,True
200,4,15,small_world,0.8,2442420432,7,2,2,4,2,2,True,True,True
200,4,15,scale_free,0.8,2442420432,0,32,72,104,30,30,False,False,False
200,4,15,scale_free,0.8,2442420432,1,2,2,4,2,2,True,True,True
200,4,15,er,0.9,2442420432,0,10,37,47,10,10,True,True,True
200,4,15,er,0.9,2442420432,1,3,7,10,3,3,True,True,True
200,4,15,er,0.9,2442420432,2,4,10,14,4,4,True,True,True
200,4,15,er,0.9,2442420432,3,2,6,8,2,2,True,True,True
200,4,15,ring,0.9,2442420432,0,2,6,8,2,2,True,True,True
200,4,15,ring,0.9,2442420432,1,2,7,9,2,2,True,True,True
200,4,15,ring,0.9,2442420432,2,2,5,7,2,2,True,True,True
200,4,15,ring,0.9,2442420432,3,3,3,6,2,2,False,False,True
200,4,15,ring,0.9,2442420432,4,2,2,4,2,2,True,True,True
200,4,15,small_world,0.9,2442420432,0,4,13,17,4,4,True,True,True
200,4,15,small_world,0.9,2442420432,1,3,8,11,3,3,True,True,True
200,4,15,small_world,0.9,2442420432,2,2,5,7,2,2,True,True,True
200,4,15,small_world,0.9,2442420432,3,2,2,4,2,2,True,True,True
200,4,15,scale_free,0.9,2442420432,0,10,30,40,10,10,True,True,True
200,4,15,scale_free,0.9,2442420432,1,3,4,7,3,3,True,True,True
200,4,16,scale_free,0.3,547159183,0,2,2,4,2,2,True,True,True
200,4,16,er,0.4,547159183,0,2,2,4,2,2,True,True,True
200,4,16,ring,0.4,547159183,0,2,2,4,2,2,True,True,True
200,4,16,ring,0.4,547159183,1,3,3,6,2,2,False,False,True
200,4,16,ring,0.4,547159183,2,4,4,8,3,3,False,False,True
200,4,16,ring,0.4,547159183,3,4,6,10,4,4,True,True,True
200,4,16,small_world,0.4,547159183,0,2,3,5,2,2,True,True,True
200,4,16,small_world,0.4,547159183,1,4,6,10,4,4,True,True,True
200,4,16,scale_free,0.4,547159183,0,2,2,4,2,2,True,True,True
200,4,16,er,0.5,547159183,0,77,87,164,76,76,False,False,False
200,4,16,er,0.5,547159183,1,2,2,4,2,2,True,True,True
200,4,16,ring,0.5,547159183,0,6,6,12,5,5,False,False,True
200,4,16,ring,0.5,547159183,1,15,15,30,12,12,False,False,False
200,4,16,ring,0.5,547159183,2,9,9,18,6,6,False,False,True
200,4,16,ring,0.5,547159183,3,5,5,10,5,5,True,True,True
200,4,16,ring,0.5,547159183,4,3,3,6,2,2,False,False,True
200,4,16,ring,0.5,547159183,5,46,48,94,39,39,False,False,False
200,4,16,small_world,0.5,547159183,0,9,9,18,6,6,False,False,True
200,4,16,scale_free,0.5,547159183,0,75,77,152,62,62,False,False,False
200,4,16,scale_free,0.5,547159183,1,2,3,5,2,2,True,True,True
200,4,16,er,0.6,547159183,0,69,103,172,68,68,False,False,False
200,4,16,er,0.6,547159183,1,2,2,4,2,2,True,True,True
200,4,16,ring,0.6,547159183,0,8,10,18,7,7,False,False,True
200,4,16,ring,0.6,547159183,1,6,8,14,6,6,True,True,True
200,4,16,ring,0.6,547159183,2,6,8,14,6,6,True,True,True
200,4,16,ring,0.6,547159183,3,5,7,12,5,5,True,True,True
200,4,16,ring,0.6,547159183,4,2,4,6,2,2,True,True,True
200,4,16,ring,0.6,547159183,5,2,2,4,2,2,True,True,True
200,4,16,ring,0.6,547159183,6,3,3,6,2,2,False,False,True
200,4,16,ring,0.6,547159183,7,18,21,39,17,17,False,False,False
200,4,16,ring,0.6,547159183,8,22,31,53,20,20,False,False,False
200,4,16,small_world,0.6,547159183,0,68,83,151,62,62,False,False,False
200,4,16,small_world,0.6,547159183,1,4,4,8,4,4,True,True,True
200,4,16,small_world,0.6,547159183,2,5,7,12,5,5,True,True,True
200,4,16,small_world,0.6,547159183,3,2,5,7,2,2,True,True,True
200,4,16,scale_free,0.6,547159183,0,70,89,159,62,62,False,False,False
200,4,16,er,0.7,547159183,0,50,93,143,50,50,True,True,False
200,4,16,er,0.7,547159183,1,4,5,9,4,4,True,True,True
200,4,16,ring,0.7,547159183,0,6,11,17,6,6,True,True,True
200,4,16,ring,0.7,547159183,1,5,8,13,5,5,True,True,True
200,4,16,ring,0.7,547159183,2,5,5,10,5,5,True,True,True
200,4,16,ring,0.7,547159183,3,4,7,11,4,4,True,True,True
200,4,16,ring,0.7,547159183,4,4,8,12,4,4,True,True,True
200,4,16,ring,0.7,547159183,5,2,2,4,2,2,True,True,True
200,4,16,ring,0.7,547159183,6,3,3,6,2,2,False,False,True
200,4,16,ring,0.7,547159183,7,10,14,24,10,10,True,True,True
200,4,16,ring,0.7,547159183,8,4,7,11,4,4,True,True,True
200,4,16,ring,0.7,547159183,9,7,12,19,6,6,False,False,True
200,4,16,ring,0.7,547159183,10,6,8,14,5,5,False,False,True
200,4,16,small_world,0.7,547159183,0,4,8,12,4,4,True,True,True
200,4,16,small_world,0.7,547159183,1,44,65,109,41,41,False,False,False
200,4,16,small_world,0.7,547159183,2,3,5,8,3,3,True,True,True
200,4,16,small_world,0.7,547159183,3,3,5,8,3,3,True,True,True
200,4,16,scale_free,0.7,547159183,0,56,86,142,54,54,False,False,False
200,4,16,er,0.8,547159183,0,31,78,109,31,31,True,True,False
200,4,16,ring,0.8,547159183,0,4,9,13,4,4,True,True,True
200,4,16,ring,0.8,547159183,1,5,5,10,5,5,True,True,True
200,4,16,ring,0.8,547159183,2,3,7,10,3,3,True,True,True
200,4,16,ring,0.8,547159183,3,2,5,7,2,2,True,True,True
200,4,16,ring,0.8,547159183,4,3,5,8,3,3,True,True,True
200,4,16,ring,0.8,547159183,5,8,14,22,8,8,True,True,True
200,4,16,ring,0.8,547159183,6,2,5,7,2,2,True,True,True
200,4,16,ring,0.8,547159183,7,5,9,14,5,5,True,True,True
200,4,16,small_world,0.8,547159183,0,2,7,9,2,2,True,True,True
200,4,16,small_world,0.8,547159183,1,4,9,13,4,4,True,True,True
200,4,16,small_world,0.8,547159183,2,12,20,32,12,12,True,True,False
200,4,16,small_world,0.8,547159183,3,3,8,11,3,3,True,True,True
200,4,16,small_world,0.8,547159183,4,2,5,7,2,2,True,True,True
200,4,16,small_world,0.8,547159183,5,9,16,25,9,9,True,True,True
200,4,16,scale_free,0.8,547159183,0,32,62,94,32,32,True,True,False
200,4,16,scale_free,0.8,547159183,1,2,6,8,2,2,True,True,True
200,4,16,er,0.9,547159183,0,11,44,55,11,11,True,True,False
200,4,16,er,0.9,547159183,1,2,5,7,2,2,True,True,True
200,4,16,ring,0.9,547159183,0,2,7,9,2,2,True,True,True
200,4,16,ring,0.9,547159183,1,3,6,9,3,3,True,True,True
200,4,16,ring,0.9,547159183,2,2,7,9,2,2,True,True,True
200,4,16,ring,0.9,547159183,3,2,7,9,2,2,True,True,True
200,4,16,small_world,0.9,547159183,0,2,7,9,2,2,True,True,True
200,4,16,small_world,0.9,547159183,1,2,7,9,2,2,True,True,True
200,4,16,small_world,0.9,547159183,2,3,6,9,3,3,True,True,True
200,4,16,small_world,0.9,547159183,3,2,7,9,2,2,True,True,True
200,4,16,small_world,0.9,547159183,4,2,7,9,2,2,True,True,True
200,4,16,scale_free,0.9,547159183,0,13,34,47,13,13,True,True,False
200,4,17,scale_free,0.1,1325409642,0,3,3,6,3,3,True,True,True
200,4,17,scale_free,0.2,1325409642,0,4,4,8,4,4,True,True,True
200,4,17,ring,0.3,1325409642,0,3,4,7,3,3,True,True,True
200,4,17,ring,0.3,1325409642,1,2,2,4,2,2,True,True,True
200,4,17,ring,0.3,1325409642,2,2,2,4,2,2,True,True,True
200,4,17,ring,0.3,1325409642,3,2,2,4,2,2,True,True,True
200,4,17,ring,0.3,1325409642,4,2,2,4,2,2,True,True,True
200,4,17,ring,0.3,1325409642,5,23,23,46,21,21,False,False,False
200,4,17,small_world,0.3,1325409642,0,3,3,6,3,3,True,True,True
200,4,17,small_world,0.3,1325409642,1,2,2,4,2,2,True,True,True
200,4,17,small_world,0.3,1325409642,2,2,2,4,2,2,True,True,True
200,4,17,small_world,0.3,1325409642,3,2,2,4,2,2,True,True,True
200,4,17,scale_free,0.3,1325409642,0,2,2,4,2,2,True,True,True
200,4,17,scale_free,0.3,1325409642,1,3,3,6,2,2,False,False,True
200,4,17,scale_free,0.3,1325409642,2,4,4,8,4,4,True,True,True
200,4,17,ring,0.4,1325409642,0,3,4,7,3,3,True,True,True
200,4,17,ring,0.4,1325409642,1,2,2,4,2,2,True,True,True
200,4,17,ring,0.4,1325409642,2,3,6,9,3,3,True,True,True
200,4,17,ring,0.4,1325409642,3,4,4,8,4,4,True,True,True
200,4,17,ring,0.4,1325409642,4,27,27,54,23,23,False,False,False
200,4,17,small_world,0.4,1325409642,0,6,8,14,6,6,True,True,True
200,4,17,small_world,0.4,1325409642,1,3,6,9,3,3,True,True,True
200,4,17,scale_free,0.4,1325409642,0,2,2,4,2,2,True,True,True
200,4,17,er,0.5,1325409642,0,82,86,168,77,77,False,False,False
200,4,17,ring,0.5,1325409642,0,7,8,15,6,6,False,False,True
200,4,17,ring,0.5,1325409642,1,2,5,7,2,2,True,True,True
200,4,17,ring,0.5,1325409642,2,5,6,11,4,4,False,False,True
200,4,17,ring,0.5,1325409642,3,2,2,4,2,2,True,True,True
200,4,17,ring,0.5,1325409642,4,3,6,9,3,3,True,True,True
200,4,17,ring,0.5,1325409642,5,4,4,8,4,4,True,True,True
200,4,17,ring,0.5,1325409642,6,4,4,8,4,4,True,True,True
200,4,17,ring,0.5,1325409642,7,10,17,27,10,10,True,True,True
200,4,17,small_world,0.5,1325409642,0,2,5,7,2,2,True,True,True
200,4,17,small_world,0.5,1325409642,1,3,6,9,3,3,True,True,True
200,4,17,small_world,0.5,1325409642,2,15,16,31,14,14,False,False,False
200,4,17,scale_free,0.5,1325409642,0,75,82,157,65,65,False,False,False
200,4,17,er,0.6,1325409642,0,3,3,6,3,3,True,True,True
200,4,17,er,0.6,1325409642,1,68,93,161,68,68,True,True,False
200,4,17,ring,0.6,1325409642,0,24,25,49,20,20,False,False,False
200,4,17,ring,0.6,1325409642,1,7,8,15,6,6,False,False,True
200,4,17,ring,0.6,1325409642,2,2,5,7,2,2,True,True,True
200,4,17,ring,0.6,1325409642,3,5,7,12,5,5,True,True,True
200,4,17,ring,0.6,1325409642,4,2,2,4,2,2,True,True,True
200,4,17,ring,0.6,1325409642,5,2,5,7,2,2,True,True,True
200,4,17,ring,0.6,1325409642,6,3,5,8,3,3,True,True,True
200,4,17,ring,0.6,1325409642,7,6,6,12,5,5,False,False,True
200,4,17,ring,0.6,1325409642,8,2,4,6,2,2,True,True,True
200,4,17,ring,0.6,1325409642,9,7,8,15,7,7,True,True,True
200,4,17,ring,0.6,1325409642,10,7,7,14,7,7,True,True,True
200,4,17,small_world,0.6,1325409642,0,48,50,98,42,42,False,False,False
200,4,17,small_world,0.6,1325409642,1,2,5,7,2,2,True,True,True
200,4,17,small_world,0.6,1325409642,2,2,2,4,2,2,True,True,True
200,4,17,small_world,0.6,1325409642,3,2,5,7,2,2,True,True,True
200,4,17,small_world,0.6,1325409642,4,8,10,18,8,8,True,True,True
200,4,17,small_world,0.6,1325409642,5,2,4,6,2,2,True,True,True
200,4,17,small_world,0.6,1325409642,6,5,5,10,4,4,False,False,True
200,4,17,small_world,0.6,1325409642,7,2,3,5,2,2,True,True,True
200,4,17,scale_free,0.6,1325409642,0,65,89,154,59,59,False,False,False
200,4,17,er,0.7,1325409642,0,49,93,142,49,49,True,True,False
200,4,17,er,0.7,1325409642,1,2,3,5,2,2,True,True,True
200,4,17,er,0.7,1325409642,2,3,3,6,3,3,True,True,True
200,4,17,ring,0.7,1325409642,0,5,9,14,5,5,True,True,True
200,4,17,ring,0.7,1325409642,1,8,10,18,7,7,False,False,True
200,4,17,ring,0.7,1325409642,2,8,11,19,8,8,True,True,True
200,4,17,ring,0.7,1325409642,3,2,5,7,2,2,True,True,True
200,4,17,ring,0.7,1325409642,4,2,6,8,2,2,True,True,True
200,4,17,ring,0.7,1325409642,5,4,5,9,4,4,True,True,True
200,4,17,ring,0.7,1325409642,6,2,5,7,2,2,True,True,True
200,4,17,ring,0.7,1325409642,7,6,8,14,6,6,True,True,True
200,4,17,ring,0.7,1325409642,8,3,4,7,3,3,True,True,True
200,4,17,ring,0.7,1325409642,9,2,4,6,2,2,True,True,True
200,4,17,ring,0.7,1325409642,10,4,6,10,4,4,True,True,True
200,4,17,ring,0.7,1325409642,11,7,7,14,7,7,True,True,True
200,4,17,ring,0.7,1325409642,12,4,5,9,3,3,False,False,True
200,4,17,small_world,0.7,1325409642,0,34,48,82,32,32,False,False,False
200,4,17,small_world,0.7,1325409642,1,2,5,7,2,2,True,True,True
200,4,17,small_world,0.7,1325409642,2,5,9,14,5,5,True,True,True
200,4,17,small_world,0.7,1325409642,3,3,3,6,3,3,True,True,True
200,4,17,small_world,0.7,1325409642,4,2,5,7,2,2,True,True,True
200,4,17,small_world,0.7,1325409642,5,3,5,8,3,3,True,True,True
200,4,17,small_world,0.7,1325409642,6,2,4,6,2,2,True,True,True
200,4,17,small_world,0.7,1325409642,7,4,6,10,3,3,False,False,True
200,4,17,small_world,0.7,1325409642,8,2,3,5,2,2,True,True,True
200,4,17,scale_free,0.7,1325409642,0,45,85,130,45,45,True,True,False
200,4,17,er,0.8,1325409642,0,28,75,103,28,28,True,True,False
200,4,17,er,0.8,1325409642,1,3,9,12,3,3,True,True,True
200,4,17,er,0.8,1325409642,2,2,3,5,2,2,True,True,True
200,4,17,er,0.8,1325409642,3,2,4,6,2,2,True,True,True
200,4,17,ring,0.8,1325409642,0,4,8,12,4,4,True,True,True
200,4,17,ring,0.8,1325409642,1,2,4,6,2,2,True,True,True
200,4,17,ring,0.8,1325409642,2,3,4,7,3,3,True,True,True
200,4,17,ring,0.8,1325409642,3,5,12,17,5,5,True,True,True
200,4,17,ring,0.8,1325409642,4,2,5,7,2,2,True,True,True
200,4,17,ring,0.8,1325409642,5,2,6,8,2,2,True,True,True
200,4,17,ring,0.8,1325409642,6,2,4,6,2,2,True,True,True
200,4,17,ring,0.8,1325409642,7,3,5,8,3,3,True,True,True
200,4,17,ring,0.8,1325409642,8,2,4,6,2,2,True,True,True
200,4,17,ring,0.8,1325409642,9,2,4,6,2,2,True,True,True
200,4,17,ring,0.8,1325409642,10,4,6,10,4,4,True,True,True
200,4,17,ring,0.8,1325409642,11,5,13,18,5,5,True,True,True
200,4,17,small_world,0.8,1325409642,0,19,41,60,19,19,True,True,False
200,4,17,small_world,0.8,1325409642,1,3,4,7,3,3,True,True,True
200,4,17,small_world,0.8,1325409642,2,2,4,6,2,2,True,True,True
200,4,17,small_world,0.8,1325409642,3,2,5,7,2,2,True,True,True
200,4,17,small_world,0.8,1325409642,4,2,4,6,2,2,True,True,True
200,4,17,small_world,0.8,1325409642,5,2,4,6,2,2,True,True,True
200,4,17,small_world,0.8,1325409642,6,2,4,6,2,2,True,True,True
200,4,17,small_world,0.8,1325409642,7,2,3,5,2,2,True,True,True
200,4,17,scale_free,0.8,1325409642,0,30,79,109,30,30,True,True,False
200,4,17,er,0.9,1325409642,0,2,5,7,2,2,True,True,True
200,4,17,er,0.9,1325409642,1,7,28,35,7,7,True,True,True
200,4,17,er,0.9,1325409642,2,2,8,10,2,2,True,True,True
200,4,17,er,0.9,1325409642,3,2,3,5,2,2,True,True,True
200,4,17,ring,0.9,1325409642,0,3,7,10,3,3,True,True,True
200,4,17,ring,0.9,1325409642,1,2,5,7,2,2,True,True,True
200,4,17,ring,0.9,1325409642,2,2,4,6,2,2,True,True,True
200,4,17,ring,0.9,1325409642,3,2,6,8,2,2,True,True,True
200,4,17,ring,0.9,1325409642,4,2,4,6,2,2,True,True,True
200,4,17,ring,0.9,1325409642,5,3,7,10,3,3,True,True,True
200,4,17,small_world,0.9,1325409642,0,5,16,21,5,5,True,True,True
200,4,17,small_world,0.9,1325409642,1,2,4,6,2,2,True,True,True
200,4,17,small_world,0.9,1325409642,2,2,4,6,2,2,True,True,True
200,4,17,small_world,0.9,1325409642,3,3,8,11,3,3,True,True,True
200,4,17,scale_free,0.9,1325409642,0,13,30,43,13,13,True,True,False
200,4,17,scale_free,0.9,1325409642,1,2,2,4,2,2,True,True,True
200,4,18,er,0.1,135977782,0,3,3,6,3,3,True,True,True
200,4,18,scale_free,0.1,135977782,0,2,2,4,2,2,True,True,True
200,4,18,scale_free,0.2,135977782,0,2,2,4,2,2,True,True,True
200,4,18,ring,0.3,135977782,0,9,9,18,7,7,False,False,True
200,4,18,small_world,0.3,135977782,0,2,2,4,2,2,True,True,True
200,4,18,ring,0.4,135977782,0,2,2,4,2,2,True,True,True
200,4,18,ring,0.4,135977782,1,7,7,14,5,5,False,False,True
200,4,18,ring,0.4,135977782,2,18,18,36,15,15,False,False,False
200,4,18,ring,0.4,135977782,3,2,2,4,2,2,True,True,True
200,4,18,small_world,0.4,135977782,0,7,7,14,5,5,False,False,True
200,4,18,small_world,0.4,135977782,1,2,2,4,2,2,True,True,True
200,4,18,scale_free,0.4,135977782,0,2,3,5,2,2,True,True,True
200,4,18,er,0.5,135977782,0,82,83,165,72,72,False,False,False
200,4,18,ring,0.5,135977782,0,20,20,40,18,18,False,False,False
200,4,18,ring,0.5,135977782,1,2,2,4,2,2,True,True,True
200,4,18,ring,0.5,135977782,2,15,21,36,15,15,True,True,False
200,4,18,ring,0.5,135977782,3,2,2,4,2,2,True,True,True
200,4,18,ring,0.5,135977782,4,25,29,54,23,23,False,False,False
200,4,18,small_world,0.5,135977782,0,76,81,157,68,68,False,False,False
200,4,18,small_world,0.5,135977782,1,2,2,4,2,2,True,True,True
200,4,18,scale_free,0.5,135977782,0,84,86,170,66,66,False,False,False
200,4,18,er,0.6,135977782,0,64,87,151,63,63,False,False,False
200,4,18,ring,0.6,135977782,0,11,14,25,11,11,True,True,False
200,4,18,ring,0.6,135977782,1,3,3,6,2,2,False,False,True
200,4,18,ring,0.6,135977782,2,12,14,26,12,12,True,True,False
200,4,18,ring,0.6,135977782,3,3,7,10,3,3,True,True,True
200,4,18,ring,0.6,135977782,4,4,5,9,4,4,True,True,True
200,4,18,ring,0.6,135977782,5,4,10,14,4,4,True,True,True
200,4,18,ring,0.6,135977782,6,3,3,6,2,2,False,False,True
200,4,18,ring,0.6,135977782,7,10,11,21,9,9,False,False,True
200,4,18,ring,0.6,135977782,8,3,7,10,3,3,True,True,True
200,4,18,ring,0.6,135977782,9,15,24,39,15,15,True,True,False
200,4,18,ring,0.6,135977782,10,2,4,6,2,2,True,True,True
200,4,18,ring,0.6,135977782,11,2,2,4,2,2,True,True,True
200,4,18,ring,0.6,135977782,12,7,7,14,7,7,True,True,True
200,4,18,small_world,0.6,135977782,0,60,84,144,58,58,False,False,False
200,4,18,small_world,0.6,135977782,1,3,3,6,2,2,False,False,True
200,4,18,small_world,0.6,135977782,2,4,5,9,4,4,True,True,True
200,4,18,small_world,0.6,135977782,3,3,7,10,3,3,True,True,True
200,4,18,small_world,0.6,135977782,4,2,3,5,2,2,True,True,True
200,4,18,small_world,0.6,135977782,5,3,3,6,3,3,True,True,True
200,4,18,scale_free,0.6,135977782,0,71,98,169,62,62,False,False,False
200,4,18,er,0.7,135977782,0,41,67,108,40,40,False,False,False
200,4,18,er,0.7,135977782,1,2,9,11,2,2,True,True,True
200,4,18,ring,0.7,135977782,0,3,7,10,3,3,True,True,True
200,4,18,ring,0.7,135977782,1,4,6,10,4,4,True,True,True
200,4,18,ring,0.7,135977782,2,10,16,26,10,10,True,True,True
200,4,18,ring,0.7,135977782,3,4,5,9,4,4,True,True,True
200,4,18,ring,0.7,135977782,4,3,8,11,3,3,True,True,True
200,4,18,ring,0.7,135977782,5,2,2,4,2,2,True,True,True
200,4,18,ring,0.7,135977782,6,10,11,21,9,9,False,False,True
200,4,18,ring,0.7,135977782,7,3,7,10,3,3,True,True,True
200,4,18,ring,0.7,135977782,8,5,10,15,5,5,True,True,True
200,4,18,ring,0.7,135977782,9,4,9,13,4,4,True,True,True
200,4,18,ring,0.7,135977782,10,2,4,6,2,2,True,True,True
200,4,18,ring,0.7,135977782,11,2,2,4,2,2,True,True,True
200,4,18,ring,0.7,135977782,12,2,2,4,2,2,True,True,True
200,4,18,ring,0.7,135977782,13,2,7,9,2,2,True,True,True
200,4,18,small_world,0.7,135977782,0,8,16,24,8,8,True,True,True
200,4,18,small_world,0.7,135977782,1,32,57,89,31,31,False,False,False
200,4,18,small_world,0.7,135977782,2,4,5,9,4,4,True,True,True
200,4,18,small_world,0.7,135977782,3,3,9,12,3,3,True,True,True
200,4,18,small_world,0.7,135977782,4,3,7,10,3,3,True,True,True
200,4,18,small_world,0.7,135977782,5,2,3,5,2,2,True,True,True
200,4,18,small_world,0.7,135977782,6,2,2,4,2,2,True,True,True
200,4,18,scale_free,0.7,135977782,0,53,93,146,49,49,False,False,False
200,4,18,er,0.8,135977782,0,32,72,104,32,32,True,True,False
200,4,18,ring,0.8,135977782,0,2,6,8,2,2,True,True,True
200,4,18,ring,0.8,135977782,1,4,6,10,4,4,True,True,True
200,4,18,ring,0.8,135977782,2,3,6,9,3,3,True,True,True
200,4,18,ring,0.8,135977782,3,3,6,9,3,3,True,True,True
200,4,18,ring,0.8,135977782,4,2,6,8,2,2,True,True,True
200,4,18,ring,0.8,135977782,5,3,5,8,3,3,True,True,True
200,4,18,ring,0.8,135977782,6,3,7,10,3,3,True,True,True
200,4,18,ring,0.8,135977782,7,2,4,6,2,2,True,True,True
200,4,18,ring,0.8,135977782,8,2,2,4,2,2,True,True,True
200,4,18,ring,0.8,135977782,9,2,2,4,2,2,True,True,True
200,4,18,ring,0.8,135977782,10,2,7,9,2,2,True,True,True
200,4,18,small_world,0.8,135977782,0,7,16,23,7,7,True,True,True
200,4,18,small_world,0.8,135977782,1,5,12,17,5,5,True,True,True
200,4,18,small_world,0.8,135977782,2,3,6,9,3,3,True,True,True
200,4,18,small_world,0.8,135977782,3,2,7,9,2,2,True,True,True
200,4,18,small_world,0.8,135977782,4,2,4,6,2,2,True,True,True
200,4,18,small_world,0.8,135977782,5,3,10,13,3,3,True,True,True
200,4,18,small_world,0.8,135977782,6,3,7,10,3,3,True,True,True
200,4,18,small_world,0.8,135977782,7,3,7,10,3,3,True,True,True
200,4,18,small_world,0.8,135977782,8,2,2,4,2,2,True,True,True
200,4,18,scale_free,0.8,135977782,0,37,75,112,34,34,False,False,False
200,4,18,er,0.9,135977782,0,8,19,27,8,8,True,True,True
200,4,18,er,0.9,135977782,1,4,14,18,4,4,True,True,True
200,4,18,er,0.9,135977782,2,2,12,14,2,2,True,True,True
200,4,18,er,0.9,135977782,3,3,6,9,3,3,True,True,True
200,4,18,ring,0.9,135977782,0,2,6,8,2,2,True,True,True
200,4,18,ring,0.9,135977782,1,2,6,8,2,2,True,True,True
200,4,18,ring,0.9,135977782,2,2,7,9,2,2,True,True,True
200,4,18,ring,0.9,135977782,3,3,5,8,3,3,True,True,True
200,4,18,small_world,0.9,135977782,0,5,16,21,5,5,True,True,True
200,4,18,small_world,0.9,135977782,1,3,10,13,3,3,True,True,True
200,4,18,small_world,0.9,135977782,2,3,4,7,2,2,False,False,True
200,4,18,scale_free,0.9,135977782,0,6,18,24,6,6,True,True,True
200,4,18,scale_free,0.9,135977782,1,2,9,11,2,2,True,True,True
200,4,18,scale_free,0.9,135977782,2,7,18,25,7,7,True,True,True
200,4,18,scale_free,0.9,135977782,3,2,4,6,2,2,True,True,True
200,4,19,er,0.2,2715421067,0,2,2,4,2,2,True,True,True
200,4,19,ring,0.2,2715421067,0,2,2,4,2,2,True,True,True
200,4,19,small_world,0.2,2715421067,0,2,2,4,2,2,True,True,True
200,4,19,er,0.3,2715421067,0,2,2,4,2,2,True,True,True
200,4,19,ring,0.3,2715421067,0,2,2,4,2,2,True,True,True
200,4,19,small_world,0.3,2715421067,0,3,3,6,3,3,True,True,True
200,4,19,small_world,0.3,2715421067,1,2,2,4,2,2,True,True,True
200,4,19,er,0.4,2715421067,0,2,2,4,2,2,True,True,True
200,4,19,ring,0.4,2715421067,0,9,9,18,8,8,False,False,True
200,4,19,ring,0.4,2715421067,1,4,4,8,3,3,False,False,True
200,4,19,ring,0.4,2715421067,2,4,5,9,4,4,True,True,True
200,4,19,ring,0.4,2715421067,3,4,4,8,3,3,False,False,True
200,4,19,ring,0.4,2715421067,4,2,2,4,2,2,True,True,True
200,4,19,ring,0.4,2715421067,5,2,2,4,2,2,True,True,True
200,4,19,small_world,0.4,2715421067,0,3,3,6,3,3,True,True,True
200,4,19,small_world,0.4,2715421067,1,2,2,4,2,2,True,True,True
200,4,19,er,0.5,2715421067,0,2,2,4,2,2,True,True,True
200,4,19,er,0.5,2715421067,1,2,3,5,2,2,True,True,True
200,4,19,er,0.5,2715421067,2,2,2,4,2,2,True,True,True
200,4,19,ring,0.5,2715421067,0,14,14,28,11,11,False,False,False
200,4,19,ring,0.5,2715421067,1,3,3,6,2,2,False,False,True
200,4,19,ring,0.5,2715421067,2,6,6,12,5,5,False,False,True
200,4,19,ring,0.5,2715421067,3,7,7,14,6,6,False,False,True
200,4,19,ring,0.5,2715421067,4,4,5,9,4,4,True,True,True
200,4,19,ring,0.5,2715421067,5,4,4,8,3,3,False,False,True
200,4,19,ring,0.5,2715421067,6,2,2,4,2,2,True,True,True
200,4,19,ring,0.5,2715421067,7,3,5,8,3,3,True,True,True
200,4,19,ring,0.5,2715421067,8,8,9,17,8,8,True,True,True
200,4,19,ring,0.5,2715421067,9,3,3,6,2,2,False,False,True
200,4,19,ring,0.5,2715421067,10,15,19,34,14,14,False,False,False
200,4,19,ring,0.5,2715421067,11,2,2,4,2,2,True,True,True
200,4,19,small_world,0.5,2715421067,0,58,62,120,50,50,False,False,False
200,4,19,small_world,0.5,2715421067,1,4,5,9,4,4,True,True,True
200,4,19,small_world,0.5,2715421067,2,5,5,10,5,5,True,True,True
200,4,19,small_world,0.5,2715421067,3,3,5,8,3,3,True,True,True
200,4,19,small_world,0.5,2715421067,4,3,3,6,2,2,False,False,True
200,4,19,small_world,0.5,2715421067,5,2,2,4,2,2,True,True,True
200,4,19,er,0.6,2715421067,0,63,83,146,62,62,False,False,False
200,4,19,er,0.6,2715421067,1,2,3,5,2,2,True,True,True
200,4,19,er,0.6,2715421067,2,4,5,9,4,4,True,True,True
200,4,19,ring,0.6,2715421067,0,3,7,10,3,3,True,True,True
200,4,19,ring,0.6,2715421067,1,2,6,8,2,2,True,True,True
200,4,19,ring,0.6,2715421067,2,8,11,19,6,6,False,False,True
200,4,19,ring,0.6,2715421067,3,3,5,8,3,3,True,True,True
200,4,19,ring,0.6,2715421067,4,3,3,6,2,2,False,False,True
200,4,19,ring,0.6,2715421067,5,2,2,4,2,2,True,True,True
200,4,19,ring,0.6,2715421067,6,4,4,8,3,3,False,False,True
200,4,19,ring,0.6,2715421067,7,7,10,17,7,7,True,True,True
200,4,19,ring,0.6,2715421067,8,5,5,10,5,5,True,True,True
200,4,19,ring,0.6,2715421067,9,2,6,8,2,2,True,True,True
200,4,19,ring,0.6,2715421067,10,9,12,21,9,9,True,True,True
200,4,19,ring,0.6,2715421067,11,14,20,34,13,13,False,False,False
200,4,19,ring,0.6,2715421067,12,2,2,4,2,2,True,True,True
200,4,19,ring,0.6,2715421067,13,4,5,9,4,4,True,True,True
200,4,19,small_world,0.6,2715421067,0,3,7,10,3,3,True,True,True
200,4,19,small_world,0.6,2715421067,1,18,29,47,17,17,False,False,False
200,4,19,small_world,0.6,2715421067,2,4,5,9,4,4,True,True,True
200,4,19,small_world,0.6,2715421067,3,28,32,60,25,25,False,False,False
200,4,19,small_world,0.6,2715421067,4,4,4,8,4,4,True,True,True
200,4,19,small_world,0.6,2715421067,5,5,6,11,5,5,True,True,True
200,4,19,small_world,0.6,2715421067,6,2,4,6,2,2,True,True,True
200,4,19,small_world,0.6,2715421067,7,2,3,5,2,2,True,True,True
200,4,19,small_world,0.6,2715421067,8,4,4,8,4,4,True,True,True
200,4,19,small_world,0.6,2715421067,9,2,6,8,2,2,True,True,True
200,4,19,small_world,0.6,2715421067,10,2,2,4,2,2,True,True,True
200,4,19,scale_free,0.6,2715421067,0,68,80,148,60,60,False,False,False
200,4,19,er,0.7,2715421067,0,2,3,5,2,2,True,True,True
200,4,19,er,0.7,2715421067,1,45,78,123,45,45,True,True,False
200,4,19,er,0.7,2715421067,2,2,5,7,2,2,True,True,True
200,4,19,er,0.7,2715421067,3,3,8,11,3,3,True,True,True
200,4,19,ring,0.7,2715421067,0,4,7,11,4,4,True,True,True
200,4,19,ring,0.7,2715421067,1,3,5,8,3,3,True,True,True
200,4,19,ring,0.7,2715421067,2,3,3,6,2,2,False,False,True
200,4,19,ring,0.7,2715421067,3,2,2,4,2,2,True,True,True
200,4,19,ring,0.7,2715421067,4,10,14,24,10,10,True,True,True
200,4,19,ring,0.7,2715421067,5,2,7,9,2,2,True,True,True
200,4,19,ring,0.7,2715421067,6,5,7,12,5,5,True,True,True
200,4,19,ring,0.7,2715421067,7,2,4,6,2,2,True,True,True
200,4,19,ring,0.7,2715421067,8,8,13,21,8,8,True,True,True
200,4,19,ring,0.7,2715421067,9,3,10,13,3,3,True,True,True
200,4,19,ring,0.7,2715421067,10,2,2,4,2,2,True,True,True
200,4,19,ring,0.7,2715421067,11,4,5,9,4,4,True,True,True
200,4,19,small_world,0.7,2715421067,0,30,46,76,28,28,False,False,False
200,4,19,small_world,0.7,2715421067,1,5,9,14,5,5,True,True,True
200,4,19,small_world,0.7,2715421067,2,5,6,11,5,5,True,True,True
200,4,19,small_world,0.7,2715421067,3,2,4,6,2,2,True,True,True
200,4,19,small_world,0.7,2715421067,4,3,3,6,2,2,False,False,True
200,4,19,small_world,0.7,2715421067,5,2,3,5,2,2,True,True,True
200,4,19,small_world,0.7,2715421067,6,3,10,13,3,3,True,True,True
200,4,19,small_world,0.7,2715421067,7,2,4,6,2,2,True,True,True
200,4,19,small_world,0.7,2715421067,8,2,2,4,2,2,True,True,True
200,4,19,scale_free,0.7,2715421067,0,56,79,135,53,53,False,False,False
200,4,19,er,0.8,2715421067,0,2,6,8,2,2,True,True,True
200,4,19,er,0.8,2715421067,1,29,65,94,29,29,True,True,False
200,4,19,er,0.8,2715421067,2,2,4,6,2,2,True,True,True
200,4,19,ring,0.8,2715421067,0,3,8,11,3,3,True,True,True
200,4,19,ring,0.8,2715421067,1,2,6,8,2,2,True,True,True
200,4,19,ring,0.8,2715421067,2,2,2,4,2,2,True,True,True
200,4,19,ring,0.8,2715421067,3,2,2,4,2,2,True,True,True
200,4,19,ring,0.8,2715421067,4,3,4,7,3,3,True,True,True
200,4,19,ring,0.8,2715421067,5,5,9,14,5,5,True,True,True
200,4,19,ring,0.8,2715421067,6,2,7,9,2,2,True,True,True
200,4,19,ring,0.8,2715421067,7,3,4,7,3,3,True,True,True
200,4,19,ring,0.8,2715421067,8,2,4,6,2,2,True,True,True
200,4,19,ring,0.8,2715421067,9,3,7,10,3,3,True,True,True
200,4,19,ring,0.8,2715421067,10,3,8,11,3,3,True,True,True
200,4,19,ring,0.8,2715421067,11,2,5,7,2,2,True,True,True
200,4,19,small_world,0.8,2715421067,0,5,11,16,5,5,True,True,True
200,4,19,small_world,0.8,2715421067,1,8,20,28,8,8,True,True,True
200,4,19,small_world,0.8,2715421067,2,5,9,14,5,5,True,True,True
200,4,19,small_world,0.8,2715421067,3,8,17,25,8,8,True,True,True
200,4,19,small_world,0.8,2715421067,4,2,2,4,2,2,True,True,True
200,4,19,small_world,0.8,2715421067,5,2,4,6,2,2,True,True,True
200,4,19,small_world,0.8,2715421067,6,2,4,6,2,2,True,True,True
200,4,19,scale_free,0.8,2715421067,0,35,64,99,35,35,True,True,False
200,4,19,er,0.9,2715421067,0,9,35,44,9,9,True,True,True
200,4,19,er,0.9,2715421067,1,2,5,7,2,2,True,True,True
200,4,19,er,0.9,2715421067,2,2,5,7,2,2,True,True,True
200,4,19,ring,0.9,2715421067,0,2,5,7,2,2,True,True,True
200,4,19,ring,0.9,2715421067,1,2,4,6,2,2,True,True,True
200,4,19,ring,0.9,2715421067,2,3,4,7,3,3,True,True,True
200,4,19,ring,0.9,2715421067,3,2,5,7,2,2,True,True,True
200,4,19,small_world,0.9,2715421067,0,2,6,8,2,2,True,True,True
200,4,19,small_world,0.9,2715421067,1,2,4,6,2,2,True,True,True
200,4,19,small_world,0.9,2715421067,2,3,4,7,3,3,True,True,True
200,4,19,small_world,0.9,2715421067,3,2,4,6,2,2,True,True,True
200,4,19,scale_free,0.9,2715421067,0,17,43,60,17,17,True,True,False
200,4,20,er,0.3,2045657469,0,3,3,6,3,3,True,True,True
200,4,20,er,0.3,2045657469,1,2,2,4,2,2,True,True,True
200,4,20,ring,0.3,2045657469,0,2,2,4,2,2,True,True,True
200,4,20,ring,0.3,2045657469,1,3,3,6,2,2,False,False,True
200,4,20,small_world,0.3,2045657469,0,2,2,4,2,2,True,True,True
200,4,20,ring,0.4,2045657469,0,2,2,4,2,2,True,True,True
200,4,20,ring,0.4,2045657469,1,4,4,8,3,3,False,False,True
200,4,20,ring,0.4,2045657469,2,7,8,15,5,5,False,False,True
200,4,20,ring,0.4,2045657469,3,2,2,4,2,2,True,True,True
200,4,20,ring,0.4,2045657469,4,5,7,12,5,5,True,True,True
200,4,20,ring,0.4,2045657469,5,6,10,16,6,6,True,True,True
200,4,20,ring,0.4,2045657469,6,3,3,6,2,2,False,False,True
200,4,20,small_world,0.4,2045657469,0,2,2,4,2,2,True,True,True
200,4,20,scale_free,0.4,2045657469,0,2,2,4,2,2,True,True,True
200,4,20,er,0.5,2045657469,0,75,83,158,69,69,False,False,False
200,4,20,ring,0.5,2045657469,0,10,10,20,8,8,False,False,True
200,4,20,ring,0.5,2045657469,1,2,2,4,2,2,True,True,True
200,4,20,ring,0.5,2045657469,2,3,5,8,3,3,True,True,True
200,4,20,ring,0.5,2045657469,3,20,26,46,19,19,False,False,False
200,4,20,ring,0.5,2045657469,4,5,7,12,5,5,True,True,True
200,4,20,ring,0.5,2045657469,5,4,8,12,4,4,True,True,True
200,4,20,ring,0.5,2045657469,6,5,11,16,5,5,True,True,True
200,4,20,ring,0.5,2045657469,7,9,9,18,7,7,False,False,True
200,4,20,small_world,0.5,2045657469,0,5,6,11,5,5,True,True,True
200,4,20,small_world,0.5,2045657469,1,80,85,165,67,67,False,False,False
200,4,20,small_world,0.5,2045657469,2,2,2,4,2,2,True,True,True
200,4,20,scale_free,0.5,2045657469,0,81,81,162,63,63,False,False,False
200,4,20,er,0.6,2045657469,0,67,90,157,64,64,False,False,False
200,4,20,ring,0.6,2045657469,0,8,11,19,8,8,True,True,True
200,4,20,ring,0.6,2045657469,1,2,4,6,2,2,True,True,True
200,4,20,ring,0.6,2045657469,2,7,11,18,7,7,True,True,True
200,4,20,ring,0.6,2045657469,3,8,16,24,8,8,True,True,True
200,4,20,ring,0.6,2045657469,4,7,8,15,7,7,True,True,True
200,4,20,ring,0.6,2045657469,5,5,7,12,5,5,True,True,True
200,4,20,ring,0.6,2045657469,6,4,8,12,4,4,True,True,True
200,4,20,ring,0.6,2045657469,7,4,11,15,4,4,True,True,True
200,4,20,ring,0.6,2045657469,8,9,9,18,7,7,False,False,True
200,4,20,ring,0.6,2045657469,9,6,6,12,5,5,False,False,True
200,4,20,small_world,0.6,2045657469,0,4,5,9,4,4,True,True,True
200,4,20,small_world,0.6,2045657469,1,70,95,165,65,65,False,False,False
200,4,20,small_world,0.6,2045657469,2,2,4,6,2,2,True,True,True
200,4,20,scale_free,0.6,2045657469,0,69,85,154,57,57,False,False,False
200,4,20,er,0.7,2045657469,0,45,90,135,44,44,False,False,False
200,4,20,er,0.7,2045657469,1,3,4,7,3,3,True,True,True
200,4,20,ring,0.7,2045657469,0,17,28,45,17,17,True,True,False
200,4,20,ring,0.7,2045657469,1,2,4,6,2,2,True,True,True
200,4,20,ring,0.7,2045657469,2,5,10,15,5,5,True,True,True
200,4,20,ring,0.7,2045657469,3,4,9,13,4,4,True,True,True
200,4,20,ring,0.7,2045657469,4,2,6,8,2,2,True,True,True
200,4,20,ring,0.7,2045657469,5,4,6,10,4,4,True,True,True
200,4,20,ring,0.7,2045657469,6,2,4,6,2,2,True,True,True
200,4,20,ring,0.7,2045657469,7,5,7,12,5,5,True,True,True
200,4,20,ring,0.7,2045657469,8,4,7,11,4,4,True,True,True
200,4,20,ring,0.7,2045657469,9,6,7,13,5,5,False,False,True
200,4,20,ring,0.7,2045657469,10,3,7,10,3,3,True,True,True
200,4,20,ring,0.7,2045657469,11,3,8,11,3,3,True,True,True
200,4,20,small_world,0.7,2045657469,0,42,80,122,42,42,True,True,False
200,4,20,small_world,0.7,2045657469,1,2,4,6,2,2,True,True,True
200,4,20,small_world,0.7,2045657469,2,9,14,23,9,9,True,True,True
200,4,20,small_world,0.7,2045657469,3,2,3,5,2,2,True,True,True
200,4,20,small_world,0.7,2045657469,4,4,6,10,4,4,True,True,True
200,4,20,scale_free,0.7,2045657469,0,50,78,128,44,44,False,False,False
200,4,20,er,0.8,2045657469,0,3,9,12,3,3,True,True,True
200,4,20,er,0.8,2045657469,1,2,5,7,2,2,True,True,True
200,4,20,er,0.8,2045657469,2,2,4,6,2,2,True,True,True
200,4,20,er,0.8,2045657469,3,24,54,78,24,24,True,True,False
200,4,20,er,0.8,2045657469,4,2,5,7,2,2,True,True,True
200,4,20,ring,0.8,2045657469,0,2,4,6,2,2,True,True,True
200,4,20,ring,0.8,2045657469,1,2,4,6,2,2,True,True,True
200,4,20,ring,0.8,2045657469,2,4,11,15,4,4,True,True,True
200,4,20,ring,0.8,2045657469,3,4,9,13,4,4,True,True,True
200,4,20,ring,0.8,2045657469,4,4,6,10,4,4,True,True,True
200,4,20,ring,0.8,2045657469,5,2,4,6,2,2,True,True,True
200,4,20,ring,0.8,2045657469,6,2,4,6,2,2,True,True,True
200,4,20,ring,0.8,2045657469,7,3,6,9,3,3,True,True,True
200,4,20,ring,0.8,2045657469,8,4,8,12,4,4,True,True,True
200,4,20,ring,0.8,2045657469,9,2,7,9,2,2,True,True,True
200,4,20,ring,0.8,2045657469,10,3,9,12,3,3,True,True,True
200,4,20,small_world,0.8,2045657469,0,2,5,7,2,2,True,True,True
200,4,20,small_world,0.8,2045657469,1,19,47,66,19,19,True,True,False
200,4,20,small_world,0.8,2045657469,2,2,4,6,2,2,True,True,True
200,4,20,small_world,0.8,2045657469,3,2,4,6,2,2,True,True,True
200,4,20,small_world,0.8,2045657469,4,3,5,8,3,3,True,True,True
200,4,20,small_world,0.8,2045657469,5,5,11,16,5,5,True,True,True
200,4,20,small_world,0.8,2045657469,6,2,7,9,2,2,True,True,True
200,4,20,scale_free,0.8,2045657469,0,32,65,97,29,29,False,False,False
200,4,20,er,0.9,2045657469,0,3,10,13,3,3,True,True,True
200,4,20,er,0.9,2045657469,1,7,24,31,7,7,True,True,True
200,4,20,er,0.9,2045657469,2,2,5,7,2,2,True,True,True
200,4,20,ring,0.9,2045657469,0,2,5,7,2,2,True,True,True
200,4,20,ring,0.9,2045657469,1,3,6,9,3,3,True,True,True
200,4,20,ring,0.9,2045657469,2,4,8,12,4,4,True,True,True
200,4,20,ring,0.9,2045657469,3,2,7,9,2,2,True,True,True
200,4,20,small_world,0.9,2045657469,0,6,14,20,6,6,True,True,True
200,4,20,small_world,0.9,2045657469,1,5,11,16,5,5,True,True,True
200,4,20,small_world,0.9,2045657469,2,2,7,9,2,2,True,True,True
200,4,20,scale_free,0.9,2045657469,0,14,25,39,14,14,True,True,False
200,4,20,scale_free,0.9,2045657469,1,2,5,7,2,2,True,True,True
200,4,21,ring,0.4,3675224664,0,4,5,9,4,4,True,True,True
200,4,21,ring,0.4,3675224664,1,4,7,11,4,4,True,True,True
200,4,21,ring,0.4,3675224664,2,3,3,6,2,2,False,False,True
200,4,21,ring,0.4,3675224664,3,8,11,19,7,7,False,False,True
200,4,21,ring,0.5,3675224664,0,5,7,12,5,5,True,True,True
200,4,21,ring,0.5,3675224664,1,9,11,20,9,9,True,True,True
200,4,21,ring,0.5,3675224664,2,4,7,11,4,4,True,True,True
200,4,21,ring,0.5,3675224664,3,3,3,6,2,2,False,False,True
200,4,21,ring,0.5,3675224664,4,4,4,8,4,4,True,True,True
200,4,21,ring,0.5,3675224664,5,5,8,13,5,5,True,True,True
200,4,21,ring,0.5,3675224664,6,4,6,10,3,3,False,False,True
200,4,21,ring,0.5,3675224664,7,2,2,4,2,2,True,True,True
200,4,21,small_world,0.5,3675224664,0,76,78,154,66,66,False,False,False
200,4,21,small_world,0.5,3675224664,1,4,5,9,3,3,False,False,True
200,4,21,er,0.6,3675224664,0,69,91,160,68,68,False,False,False
200,4,21,ring,0.6,3675224664,0,5,7,12,5,5,True,True,True
200,4,21,ring,0.6,3675224664,1,5,10,15,5,5,True,True,True
200,4,21,ring,0.6,3675224664,2,2,4,6,2,2,True,True,True
200,4,21,ring,0.6,3675224664,3,7,8,15,7,7,True,True,True
200,4,21,ring,0.6,3675224664,4,5,8,13,5,5,True,True,True
200,4,21,ring,0.6,3675224664,5,4,5,9,4,4,True,True,True
200,4,21,ring,0.6,3675224664,6,33,36,69,30,30,False,False,False
200,4,21,ring,0.6,3675224664,7,8,10,18,8,8,True,True,True
200,4,21,ring,0.6,3675224664,8,8,8,16,7,7,False,False,True
200,4,21,small_world,0.6,3675224664,0,68,89,157,64,64,False,False,False
200,4,21,small_world,0.6,3675224664,1,4,5,9,4,4,True,True,True
200,4,21,small_world,0.6,3675224664,2,2,2,4,2,2,True,True,True
200,4,21,scale_free,0.6,3675224664,0,64,87,151,58,58,False,False,False
200,4,21,er,0.7,3675224664,0,53,91,144,52,52,False,False,False
200,4,21,ring,0.7,3675224664,0,3,9,12,3,3,True,True,True
200,4,21,ring,0.7,3675224664,1,3,7,10,3,3,True,True,True
200,4,21,ring,0.7,3675224664,2,3,6,9,3,3,True,True,True
200,4,21,ring,0.7,3675224664,3,4,9,13,4,4,True,True,True
200,4,21,ring,0.7,3675224664,4,8,10,18,8,8,True,True,True
200,4,21,ring,0.7,3675224664,5,5,5,10,5,5,True,True,True
200,4,21,ring,0.7,3675224664,6,11,14,25,10,10,False,False,False
200,4,21,ring,0.7,3675224664,7,4,5,9,4,4,True,True,True
200,4,21,ring,0.7,3675224664,8,3,6,9,3,3,True,True,True
200,4,21,ring,0.7,3675224664,9,3,5,8,3,3,True,True,True
200,4,21,ring,0.7,3675224664,10,8,8,16,7,7,False,False,True
200,4,21,small_world,0.7,3675224664,0,12,16,28,10,10,False,False,False
200,4,21,small_world,0.7,3675224664,1,32,57,89,32,32,True,True,False
200,4,21,small_world,0.7,3675224664,2,3,5,8,3,3,True,True,True
200,4,21,small_world,0.7,3675224664,3,2,2,4,2,2,True,True,True
200,4,21,small_world,0.7,3675224664,4,3,3,6,3,3,True,True,True
200,4,21,scale_free,0.7,3675224664,0,51,80,131,49,49,False,False,False
200,4,21,er,0.8,3675224664,0,28,61,89,28,28,True,True,False
200,4,21,er,0.8,3675224664,1,3,6,9,3,3,True,True,True
200,4,21,er,0.8,3675224664,2,3,7,10,3,3,True,True,True
200,4,21,ring,0.8,3675224664,0,3,9,12,3,3,True,True,True
200,4,21,ring,0.8,3675224664,1,2,5,7,2,2,True,True,True
200,4,21,ring,0.8,3675224664,2,3,6,9,3,3,True,True,True
200,4,21,ring,0.8,3675224664,3,7,11,18,7,7,True,True,True
200,4,21,ring,0.8,3675224664,4,4,6,10,4,4,True,True,True
200,4,21,ring,0.8,3675224664,5,5,8,13,5,5,True,True,True
200,4,21,ring,0.8,3675224664,6,2,7,9,2,2,True,True,True
200,4,21,ring,0.8,3675224664,7,2,5,7,2,2,True,True,True
200,4,21,ring,0.8,3675224664,8,2,4,6,2,2,True,True,True
200,4,21,ring,0.8,3675224664,9,7,9,16,7,7,True,True,True
200,4,21,small_world,0.8,3675224664,0,11,21,32,10,10,False,False,False
200,4,21,small_world,0.8,3675224664,1,6,14,20,6,6,True,True,True
200,4,21,small_world,0.8,3675224664,2,9,18,27,9,9,True,True,True
200,4,21,small_world,0.8,3675224664,3,2,5,7,2,2,True,True,True
200,4,21,small_world,0.8,3675224664,4,3,5,8,3,3,True,True,True
200,4,21,small_world,0.8,3675224664,5,2,4,6,2,2,True,True,True
200,4,21,scale_free,0.8,3675224664,0,34,77,111,34,34,True,True,False
200,4,21,er,0.9,3675224664,0,3,16,19,3,3,True,True,True
200,4,21,er,0.9,3675224664,1,2,6,8,2,2,True,True,True
200,4,21,er,0.9,3675224664,2,2,3,5,2,2,True,True,True
200,4,21,er,0.9,3675224664,3,2,6,8,2,2,True,True,True
200,4,21,er,0.9,3675224664,4,3,6,9,3,3,True,True,True
200,4,21,ring,0.9,3675224664,0,2,7,9,2,2,True,True,True
200,4,21,ring,0.9,3675224664,1,2,4,6,2,2,True,True,True
200,4,21,ring,0.9,3675224664,2,2,5,7,2,2,True,True,True
200,4,21,ring,0.9,3675224664,3,4,6,10,4,4,True,True,True
200,4,21,ring,0.9,3675224664,4,2,5,7,2,2,True,True,True
200,4,21,small_world,0.9,3675224664,0,3,10,13,3,3,True,True,True
200,4,21,small_world,0.9,3675224664,1,3,3,6,2,2,False,False,True
200,4,21,small_world,0.9,3675224664,2,2,4,6,2,2,True,True,True
200,4,21,small_world,0.9,3675224664,3,2,5,7,2,2,True,True,True
200,4,21,small_world,0.9,3675224664,4,2,9,11,2,2,True,True,True
200,4,21,small_world,0.9,3675224664,5,2,4,6,2,2,True,True,True
200,4,21,scale_free,0.9,3675224664,0,18,55,73,18,18,True,True,False
200,4,22,ring,0.3,1000096467,0,3,4,7,3,3,True,True,True
200,4,22,small_world,0.3,1000096467,0,3,4,7,3,3,True,True,True
200,4,22,ring,0.4,1000096467,0,3,4,7,3,3,True,True,True
200,4,22,ring,0.4,1000096467,1,11,11,22,10,10,False,False,False
200,4,22,ring,0.4,1000096467,2,2,2,4,2,2,True,True,True
200,4,22,ring,0.4,1000096467,3,2,2,4,2,2,True,True,True
200,4,22,small_world,0.4,1000096467,0,3,4,7,3,3,True,True,True
200,4,22,small_world,0.4,1000096467,1,2,2,4,2,2,True,True,True
200,4,22,er,0.5,1000096467,0,77,78,155,66,66,False,False,False
200,4,22,ring,0.5,1000096467,0,7,8,15,6,6,False,False,True
200,4,22,ring,0.5,1000096467,1,13,21,34,12,12,False,False,False
200,4,22,ring,0.5,1000096467,2,3,4,7,3,3,True,True,True
200,4,22,ring,0.5,1000096467,3,11,18,29,11,11,True,True,False
200,4,22,ring,0.5,1000096467,4,2,2,4,2,2,True,True,True
200,4,22,ring,0.5,1000096467,5,2,2,4,2,2,True,True,True
200,4,22,small_world,0.5,1000096467,0,8,10,18,8,8,True,True,True
200,4,22,small_world,0.5,1000096467,1,17,23,40,16,16,False,False,False
200,4,22,small_world,0.5,1000096467,2,3,7,10,3,3,True,True,True
200,4,22,small_world,0.5,1000096467,3,2,2,4,2,2,True,True,True
200,4,22,scale_free,0.5,1000096467,0,78,78,156,59,59,False,False,False
200,4,22,er,0.6,1000096467,0,69,89,158,65,65,False,False,False
200,4,22,ring,0.6,1000096467,0,6,9,15,5,5,False,False,True
200,4,22,ring,0.6,1000096467,1,7,12,19,6,6,False,False,True
200,4,22,ring,0.6,1000096467,2,4,11,15,4,4,True,True,True
200,4,22,ring,0.6,1000096467,3,3,4,7,3,3,True,True,True
200,4,22,ring,0.6,1000096467,4,13,13,26,11,11,False,False,False
200,4,22,ring,0.6,1000096467,5,3,7,10,3,3,True,True,True
200,4,22,ring,0.6,1000096467,6,6,12,18,6,6,True,True,True
200,4,22,ring,0.6,1000096467,7,23,30,53,23,23,True,True,False
200,4,22,ring,0.6,1000096467,8,7,8,15,7,7,True,True,True
200,4,22,small_world,0.6,1000096467,0,7,12,19,7,7,True,True,True
200,4,22,small_world,0.6,1000096467,1,65,94,159,63,63,False,False,False
200,4,22,small_world,0.6,1000096467,2,5,6,11,5,5,True,True,True
200,4,22,scale_free,0.6,1000096467,0,67,83,150,57,57,False,False,False
200,4,22,scale_free,0.6,1000096467,1,2,2,4,2,2,True,True,True
200,4,22,er,0.7,1000096467,0,52,89,141,50,50,False,False,False
200,4,22,ring,0.7,1000096467,0,11,15,26,11,11,True,True,False
200,4,22,ring,0.7,1000096467,1,2,6,8,2,2,True,True,True
200,4,22,ring,0.7,1000096467,2,3,4,7,3,3,True,True,True
200,4,22,ring,0.7,1000096467,3,2,7,9,2,2,True,True,True
200,4,22,ring,0.7,1000096467,4,7,10,17,6,6,False,False,True
200,4,22,ring,0.7,1000096467,5,3,7,10,3,3,True,True,True
200,4,22,ring,0.7,1000096467,6,3,7,10,3,3,True,True,True
200,4,22,ring,0.7,1000096467,7,3,8,11,3,3,True,True,True
200,4,22,ring,0.7,1000096467,8,16,22,38,16,16,True,True,False
200,4,22,ring,0.7,1000096467,9,6,8,14,6,6,True,True,True
200,4,22,small_world,0.7,1000096467,0,11,18,29,11,11,True,True,False
200,4,22,small_world,0.7,1000096467,1,37,64,101,36,36,False,False,False
200,4,22,small_world,0.7,1000096467,2,2,3,5,2,2,True,True,True
200,4,22,small_world,0.7,1000096467,3,2,6,8,2,2,True,True,True
200,4,22,small_world,0.7,1000096467,4,5,7,12,5,5,True,True,True
200,4,22,scale_free,0.7,1000096467,0,55,97,152,54,54,False,False,False
200,4,22,er,0.8,1000096467,0,31,69,100,31,31,True,True,False
200,4,22,er,0.8,1000096467,1,3,4,7,3,3,True,True,True
200,4,22,er,0.8,1000096467,2,2,2,4,2,2,True,True,True
200,4,22,ring,0.8,1000096467,0,3,7,10,3,3,True,True,True
200,4,22,ring,0.8,1000096467,1,5,9,14,5,5,True,True,True
200,4,22,ring,0.8,1000096467,2,2,6,8,2,2,True,True,True
200,4,22,ring,0.8,1000096467,3,6,11,17,6,6,True,True,True
200,4,22,ring,0.8,1000096467,4,2,7,9,2,2,True,True,True
200,4,22,ring,0.8,1000096467,5,4,7,11,4,4,True,True,True
200,4,22,ring,0.8,1000096467,6,6,9,15,6,6,True,True,True
200,4,22,ring,0.8,1000096467,7,3,6,9,3,3,True,True,True
200,4,22,ring,0.8,1000096467,8,4,8,12,4,4,True,True,True
200,4,22,small_world,0.8,1000096467,0,5,11,16,5,5,True,True,True
200,4,22,small_world,0.8,1000096467,1,11,22,33,11,11,True,True,False
200,4,22,small_world,0.8,1000096467,2,7,19,26,7,7,True,True,True
200,4,22,small_world,0.8,1000096467,3,6,12,18,6,6,True,True,True
200,4,22,small_world,0.8,1000096467,4,2,2,4,2,2,True,True,True
200,4,22,small_world,0.8,1000096467,5,3,7,10,3,3,True,True,True
200,4,22,scale_free,0.8,1000096467,0,30,69,99,30,30,True,True,False
200,4,22,scale_free,0.8,1000096467,1,4,11,15,4,4,True,True,True
200,4,22,scale_free,0.8,1000096467,2,2,4,6,2,2,True,True,True
200,4,22,scale_free,0.8,1000096467,3,2,2,4,2,2,True,True,True
200,4,22,er,0.9,1000096467,0,10,35,45,10,10,True,True,True
200,4,22,er,0.9,1000096467,1,3,6,9,3,3,True,True,True
200,4,22,er,0.9,1000096467,2,2,7,9,2,2,True,True,True
200,4,22,ring,0.9,1000096467,0,3,6,9,3,3,True,True,True
200,4,22,ring,0.9,1000096467,1,4,10,14,4,4,True,True,True
200,4,22,ring,0.9,1000096467,2,3,6,9,3,3,True,True,True
200,4,22,ring,0.9,1000096467,3,2,7,9,2,2,True,True,True
200,4,22,ring,0.9,1000096467,4,2,4,6,2,2,True,True,True
200,4,22,small_world,0.9,1000096467,0,6,14,20,6,6,True,True,True
200,4,22,small_world,0.9,1000096467,1,4,11,15,4,4,True,True,True
200,4,22,small_world,0.9,1000096467,2,2,8,10,2,2,True,True,True
200,4,22,small_world,0.9,1000096467,3,2,3,5,2,2,True,True,True
200,4,22,scale_free,0.9,1000096467,0,14,42,56,14,14,True,True,False
200,4,23,er,0.2,818068789,0,2,3,5,2,2,True,True,True
200,4,23,small_world,0.3,818068789,0,2,2,4,2,2,True,True,True
200,4,23,ring,0.4,818068789,0,12,12,24,10,10,False,False,False
200,4,23,ring,0.4,818068789,1,13,14,27,10,10,False,False,False
200,4,23,er,0.5,818068789,0,76,77,153,66,66,False,False,False
200,4,23,ring,0.5,818068789,0,2,2,4,2,2,True,True,True
200,4,23,ring,0.5,818068789,1,5,7,12,5,5,True,True,True
200,4,23,ring,0.5,818068789,2,3,4,7,3,3,True,True,True
200,4,23,ring,0.5,818068789,3,25,26,51,23,23,False,False,False
200,4,23,ring,0.5,818068789,4,15,18,33,15,15,True,True,False
200,4,23,ring,0.5,818068789,5,17,19,36,14,14,False,False,False
200,4,23,ring,0.5,818068789,6,5,7,12,4,4,False,False,True
200,4,23,small_world,0.5,818068789,0,3,5,8,3,3,True,True,True
200,4,23,small_world,0.5,818068789,1,3,3,6,3,3,True,True,True
200,4,23,er,0.6,818068789,0,66,89,155,66,66,True,True,False
200,4,23,ring,0.6,818068789,0,7,10,17,7,7,True,True,True
200,4,23,ring,0.6,818068789,1,2,5,7,2,2,True,True,True
200,4,23,ring,0.6,818068789,2,22,26,48,21,21,False,False,False
200,4,23,ring,0.6,818068789,3,13,17,30,13,13,True,True,False
200,4,23,ring,0.6,818068789,4,2,4,6,2,2,True,True,True
200,4,23,ring,0.6,818068789,5,8,16,24,8,8,True,True,True
200,4,23,ring,0.6,818068789,6,11,16,27,11,11,True,True,False
200,4,23,small_world,0.6,818068789,0,77,102,179,74,74,False,False,False
200,4,23,small_world,0.6,818068789,1,3,3,6,3,3,True,True,True
200,4,23,scale_free,0.6,818068789,0,66,78,144,52,52,False,False,False
200,4,23,scale_free,0.6,818068789,1,2,2,4,2,2,True,True,True
200,4,23,er,0.7,818068789,0,56,92,148,56,56,True,True,False
200,4,23,ring,0.7,818068789,0,4,7,11,4,4,True,True,True
200,4,23,ring,0.7,818068789,1,2,5,7,2,2,True,True,True
200,4,23,ring,0.7,818068789,2,11,17,28,11,11,True,True,False
200,4,23,ring,0.7,818068789,3,2,5,7,2,2,True,True,True
200,4,23,ring,0.7,818068789,4,4,6,10,3,3,False,False,True
200,4,23,ring,0.7,818068789,5,13,17,30,13,13,True,True,False
200,4,23,ring,0.7,818068789,6,2,4,6,2,2,True,True,True
200,4,23,ring,0.7,818068789,7,2,7,9,2,2,True,True,True
200,4,23,ring,0.7,818068789,8,12,15,27,12,12,True,True,False
200,4,23,ring,0.7,818068789,9,5,11,16,5,5,True,True,True
200,4,23,small_world,0.7,818068789,0,3,4,7,3,3,True,True,True
200,4,23,small_world,0.7,818068789,1,48,79,127,48,48,True,True,False
200,4,23,small_world,0.7,818068789,2,2,5,7,2,2,True,True,True
200,4,23,small_world,0.7,818068789,3,5,9,14,4,4,False,False,True
200,4,23,scale_free,0.7,818068789,0,51,79,130,42,42,False,False,False
200,4,23,er,0.8,818068789,0,33,80,113,33,33,True,True,False
200,4,23,er,0.8,818068789,1,2,3,5,2,2,True,True,True
200,4,23,ring,0.8,818068789,0,2,5,7,2,2,True,True,True
200,4,23,ring,0.8,818068789,1,6,13,19,6,6,True,True,True
200,4,23,ring,0.8,818068789,2,2,5,7,2,2,True,True,True
200,4,23,ring,0.8,818068789,3,2,6,8,2,2,True,True,True
200,4,23,ring,0.8,818068789,4,10,13,23,10,10,True,True,True
200,4,23,ring,0.8,818068789,5,2,4,6,2,2,True,True,True
200,4,23,ring,0.8,818068789,6,4,9,13,4,4,True,True,True
200,4,23,ring,0.8,818068789,7,2,7,9,2,2,True,True,True
200,4,23,ring,0.8,818068789,8,5,11,16,5,5,True,True,True
200,4,23,small_world,0.8,818068789,0,2,5,7,2,2,True,True,True
200,4,23,small_world,0.8,818068789,1,8,17,25,8,8,True,True,True
200,4,23,small_world,0.8,818068789,2,4,11,15,4,4,True,True,True
200,4,23,small_world,0.8,818068789,3,2,6,8,2,2,True,True,True
200,4,23,small_world,0.8,818068789,4,10,14,24,10,10,True,True,True
200,4,23,small_world,0.8,818068789,5,4,10,14,4,4,True,True,True
200,4,23,small_world,0.8,818068789,6,6,17,23,6,6,True,True,True
200,4,23,scale_free,0.8,818068789,0,32,69,101,31,31,False,False,False
200,4,23,er,0.9,818068789,0,11,37,48,11,11,True,True,False
200,4,23,er,0.9,818068789,1,2,6,8,2,2,True,True,True
200,4,23,ring,0.9,818068789,0,2,7,9,2,2,True,True,True
200,4,23,ring,0.9,818068789,1,2,6,8,2,2,True,True,True
200,4,23,ring,0.9,818068789,2,5,11,16,5,5,True,True,True
200,4,23,ring,0.9,818068789,3,2,4,6,2,2,True,True,True
200,4,23,ring,0.9,818068789,4,3,8,11,3,3,True,True,True
200,4,23,small_world,0.9,818068789,0,2,8,10,2,2,True,True,True
200,4,23,small_world,0.9,818068789,1,2,4,6,2,2,True,True,True
200,4,23,small_world,0.9,818068789,2,2,6,8,2,2,True,True,True
200,4,23,small_world,0.9,818068789,3,2,6,8,2,2,True,True,True
200,4,23,small_world,0.9,818068789,4,5,12,17,5,5,True,True,True
200,4,23,small_world,0.9,818068789,5,3,10,13,3,3,True,True,True
200,4,23,scale_free,0.9,818068789,0,3,4,7,3,3,True,True,True
200,4,23,scale_free,0.9,818068789,1,4,6,10,4,4,True,True,True
200,4,23,scale_free,0.9,818068789,2,7,14,21,7,7,True,True,True
200,4,24,ring,0.3,874510408,0,3,3,6,2,2,False,False,True
200,4,24,ring,0.4,874510408,0,3,3,6,2,2,False,False,True
200,4,24,er,0.5,874510408,0,80,85,165,74,75,False,False,False
200,4,24,ring,0.5,874510408,0,5,9,14,5,5,True,True,True
200,4,24,ring,0.5,874510408,1,4,5,9,4,4,True,True,True
200,4,24,ring,0.5,874510408,2,3,3,6,2,2,False,False,True
200,4,24,small_world,0.5,874510408,0,2,3,5,2,2,True,True,True
200,4,24,small_world,0.5,874510408,1,2,2,4,2,2,True,True,True
200,4,24,scale_free,0.5,874510408,0,70,77,147,56,56,False,False,False
200,4,24,er,0.6,874510408,0,65,87,152,64,64,False,False,False
200,4,24,er,0.6,874510408,1,2,5,7,2,2,True,True,True
200,4,24,ring,0.6,874510408,0,23,23,46,21,21,False,False,False
200,4,24,ring,0.6,874510408,1,7,12,19,6,6,False,False,True
200,4,24,ring,0.6,874510408,2,4,7,11,4,4,True,True,True
200,4,24,ring,0.6,874510408,3,7,10,17,7,7,True,True,True
200,4,24,ring,0.6,874510408,4,10,10,20,8,8,False,False,True
200,4,24,ring,0.6,874510408,5,8,9,17,7,7,False,False,True
200,4,24,ring,0.6,874510408,6,4,5,9,4,4,True,True,True
200,4,24,ring,0.6,874510408,7,3,4,7,3,3,True,True,True
200,4,24,ring,0.6,874510408,8,5,5,10,5,5,True,True,True
200,4,24,ring,0.6,874510408,9,3,7,10,3,3,True,True,True
200,4,24,small_world,0.6,874510408,0,57,78,135,56,56,False,False,False
200,4,24,small_world,0.6,874510408,1,7,10,17,7,7,True,True,True
200,4,24,small_world,0.6,874510408,2,2,3,5,2,2,True,True,True
200,4,24,small_world,0.6,874510408,3,2,2,4,2,2,True,True,True
200,4,24,small_world,0.6,874510408,4,5,5,10,5,5,True,True,True
200,4,24,scale_free,0.6,874510408,0,57,93,150,52,52,False,False,False
200,4,24,scale_free,0.6,874510408,1,2,2,4,2,2,True,True,True
200,4,24,er,0.7,874510408,0,54,88,142,54,54,True,True,False
200,4,24,ring,0.7,874510408,0,4,6,10,4,4,True,True,True
200,4,24,ring,0.7,874510408,1,3,6,9,3,3,True,True,True
200,4,24,ring,0.7,874510408,2,3,7,10,3,3,True,True,True
200,4,24,ring,0.7,874510408,3,2,4,6,2,2,True,True,True
200,4,24,ring,0.7,874510408,4,2,4,6,2,2,True,True,True
200,4,24,ring,0.7,874510408,5,16,16,32,14,14,False,False,False
200,4,24,ring,0.7,874510408,6,4,5,9,4,4,True,True,True
200,4,24,ring,0.7,874510408,7,3,4,7,3,3,True,True,True
200,4,24,ring,0.7,874510408,8,3,7,10,3,3,True,True,True
200,4,24,ring,0.7,874510408,9,9,13,22,9,9,True,True,True
200,4,24,ring,0.7,874510408,10,4,6,10,4,4,True,True,True
200,4,24,ring,0.7,874510408,11,2,4,6,2,2,True,True,True
200,4,24,small_world,0.7,874510408,0,8,13,21,8,8,True,True,True
200,4,24,small_world,0.7,874510408,1,13,27,40,13,13,True,True,False
200,4,24,small_world,0.7,874510408,2,7,7,14,5,5,False,False,True
200,4,24,small_world,0.7,874510408,3,3,6,9,3,3,True,True,True
200,4,24,small_world,0.7,874510408,4,2,3,5,2,2,True,True,True
200,4,24,small_world,0.7,874510408,5,6,10,16,6,6,True,True,True
200,4,24,small_world,0.7,874510408,6,2,3,5,2,2,True,True,True
200,4,24,small_world,0.7,874510408,7,2,2,4,2,2,True,True,True
200,4,24,small_world,0.7,874510408,8,3,7,10,3,3,True,True,True
200,4,24,small_world,0.7,874510408,9,8,12,20,8,8,True,True,True
200,4,24,small_world,0.7,874510408,10,2,2,4,2,2,True,True,True
200,4,24,small_world,0.7,874510408,11,2,3,5,2,2,True,True,True
200,4,24,scale_free,0.7,874510408,0,55,89,144,52,52,False,False,False
200,4,24,er,0.8,874510408,0,32,73,105,32,32,True,True,False
200,4,24,ring,0.8,874510408,0,4,6,10,4,4,True,True,True
200,4,24,ring,0.8,874510408,1,2,4,6,2,2,True,True,True
200,4,24,ring,0.8,874510408,2,8,12,20,8,8,True,True,True
200,4,24,ring,0.8,874510408,3,2,5,7,2,2,True,True,True
200,4,24,ring,0.8,874510408,4,4,5,9,4,4,True,True,True
200,4,24,ring,0.8,874510408,5,2,4,6,2,2,True,True,True
200,4,24,ring,0.8,874510408,6,2,7,9,2,2,True,True,True
200,4,24,ring,0.8,874510408,7,3,8,11,3,3,True,True,True
200,4,24,ring,0.8,874510408,8,2,6,8,2,2,True,True,True
200,4,24,ring,0.8,874510408,9,4,6,10,4,4,True,True,True
200,4,24,ring,0.8,874510408,10,2,4,6,2,2,True,True,True
200,4,24,small_world,0.8,874510408,0,8,13,21,8,8,True,True,True
200,4,24,small_world,0.8,874510408,1,13,28,41,13,13,True,True,False
200,4,24,small_world,0.8,874510408,2,3,9,12,3,3,True,True,True
200,4,24,small_world,0.8,874510408,3,2,5,7,2,2,True,True,True
200,4,24,small_world,0.8,874510408,4,2,3,5,2,2,True,True,True
200,4,24,small_world,0.8,874510408,5,2,2,4,2,2,True,True,True
200,4,24,small_world,0.8,874510408,6,2,7,9,2,2,True,True,True
200,4,24,small_world,0.8,874510408,7,2,6,8,2,2,True,True,True
200,4,24,small_world,0.8,874510408,8,2,2,4,2,2,True,True,True
200,4,24,small_world,0.8,874510408,9,2,3,5,2,2,True,True,True
200,4,24,scale_free,0.8,874510408,0,39,78,117,39,39,True,True,False
200,4,24,er,0.9,874510408,0,14,51,65,14,14,True,True,False
200,4,24,er,0.9,874510408,1,2,8,10,2,2,True,True,True
200,4,24,ring,0.9,874510408,0,2,4,6,2,2,True,True,True
200,4,24,ring,0.9,874510408,1,2,5,7,2,2,True,True,True
200,4,24,ring,0.9,874510408,2,4,9,13,4,4,True,True,True
200,4,24,ring,0.9,874510408,3,2,7,9,2,2,True,True,True
200,4,24,ring,0.9,874510408,4,2,6,8,2,2,True,True,True
200,4,24,small_world,0.9,874510408,0,2,6,8,2,2,True,True,True
200,4,24,small_world,0.9,874510408,1,4,13,17,4,4,True,True,True
200,4,24,small_world,0.9,874510408,2,3,7,10,3,3,True,True,True
200,4,24,small_world,0.9,874510408,3,3,10,13,3,3,True,True,True
200,4,24,small_world,0.9,874510408,4,2,6,8,2,2,True,True,True
200,4,24,scale_free,0.9,874510408,0,13,48,61,13,13,True,True,False
200,4,24,scale_free,0.9,874510408,1,2,2,4,2,2,True,True,True
200,4,25,small_world,0.2,1609773175,0,3,3,6,3,3,True,True,True
200,4,25,ring,0.4,1609773175,0,4,4,8,4,4,True,True,True
200,4,25,ring,0.4,1609773175,1,5,5,10,5,5,True,True,True
200,4,25,ring,0.4,1609773175,2,2,2,4,2,2,True,True,True
200,4,25,ring,0.4,1609773175,3,8,10,18,8,8,True,True,True
200,4,25,ring,0.4,1609773175,4,2,2,4,2,2,True,True,True
200,4,25,small_world,0.4,1609773175,0,2,4,6,2,2,True,True,True
200,4,25,small_world,0.4,1609773175,1,2,2,4,2,2,True,True,True
200,4,25,small_world,0.4,1609773175,2,2,2,4,2,2,True,True,True
200,4,25,er,0.5,1609773175,0,3,3,6,3,3,True,True,True
200,4,25,ring,0.5,1609773175,0,5,5,10,4,4,False,False,True
200,4,25,ring,0.5,1609773175,1,4,5,9,4,4,True,True,True
200,4,25,ring,0.5,1609773175,2,12,14,26,12,12,True,True,False
200,4,25,ring,0.5,1609773175,3,7,11,18,7,7,True,True,True
200,4,25,ring,0.5,1609773175,4,2,2,4,2,2,True,True,True
200,4,25,ring,0.5,1609773175,5,8,9,17,8,8,True,True,True
200,4,25,ring,0.5,1609773175,6,12,12,24,11,11,False,False,False
200,4,25,small_world,0.5,1609773175,0,4,4,8,4,4,True,True,True
200,4,25,small_world,0.5,1609773175,1,2,4,6,2,2,True,True,True
200,4,25,small_world,0.5,1609773175,2,8,8,16,6,6,False,False,True
200,4,25,small_world,0.5,1609773175,3,8,8,16,7,7,False,False,True
200,4,25,er,0.6,1609773175,0,68,90,158,68,68,True,True,False
200,4,25,ring,0.6,1609773175,0,2,4,6,2,2,True,True,True
200,4,25,ring,0.6,1609773175,1,5,6,11,5,5,True,True,True
200,4,25,ring,0.6,1609773175,2,4,5,9,4,4,True,True,True
200,4,25,ring,0.6,1609773175,3,17,20,37,15,15,False,False,False
200,4,25,ring,0.6,1609773175,4,2,2,4,2,2,True,True,True
200,4,25,ring,0.6,1609773175,5,14,15,29,12,12,False,False,False
200,4,25,ring,0.6,1609773175,6,8,8,16,7,7,False,False,True
200,4,25,ring,0.6,1609773175,7,2,2,4,2,2,True,True,True
200,4,25,ring,0.6,1609773175,8,12,18,30,12,12,True,True,False
200,4,25,ring,0.6,1609773175,9,11,12,23,10,10,False,False,False
200,4,25,small_world,0.6,1609773175,0,10,12,22,9,9,False,False,True
200,4,25,small_world,0.6,1609773175,1,5,5,10,5,5,True,True,True
200,4,25,small_world,0.6,1609773175,2,63,78,141,60,60,False,False,False
200,4,25,scale_free,0.6,1609773175,0,74,87,161,63,63,False,False,False
200,4,25,er,0.7,1609773175,0,53,96,149,53,53,True,True,False
200,4,25,ring,0.7,1609773175,0,4,6,10,4,4,True,True,True
200,4,25,ring,0.7,1609773175,1,5,8,13,5,5,True,True,True
200,4,25,ring,0.7,1609773175,2,5,7,12,5,5,True,True,True
200,4,25,ring,0.7,1609773175,3,2,4,6,2,2,True,True,True
200,4,25,ring,0.7,1609773175,4,13,16,29,13,13,True,True,False
200,4,25,ring,0.7,1609773175,5,3,7,10,3,3,True,True,True
200,4,25,ring,0.7,1609773175,6,2,2,4,2,2,True,True,True
200,4,25,ring,0.7,1609773175,7,2,2,4,2,2,True,True,True
200,4,25,ring,0.7,1609773175,8,4,8,12,4,4,True,True,True
200,4,25,ring,0.7,1609773175,9,4,5,9,4,4,True,True,True
200,4,25,ring,0.7,1609773175,10,4,5,9,4,4,True,True,True
200,4,25,ring,0.7,1609773175,11,2,4,6,2,2,True,True,True
200,4,25,ring,0.7,1609773175,12,3,5,8,3,3,True,True,True
200,4,25,small_world,0.7,1609773175,0,7,14,21,7,7,True,True,True
200,4,25,small_world,0.7,1609773175,1,4,5,9,4,4,True,True,True
200,4,25,small_world,0.7,1609773175,2,34,48,82,34,34,True,True,False
200,4,25,small_world,0.7,1609773175,3,2,7,9,2,2,True,True,True
200,4,25,small_world,0.7,1609773175,4,4,9,13,4,4,True,True,True
200,4,25,small_world,0.7,1609773175,5,2,4,6,2,2,True,True,True
200,4,25,small_world,0.7,1609773175,6,2,2,4,2,2,True,True,True
200,4,25,small_world,0.7,1609773175,7,2,4,6,2,2,True,True,True
200,4,25,scale_free,0.7,1609773175,0,58,83,141,51,51,False,False,False
200,4,25,er,0.8,1609773175,0,33,80,113,33,33,True,True,False
200,4,25,er,0.8,1609773175,1,2,7,9,2,2,True,True,True
200,4,25,ring,0.8,1609773175,0,3,5,8,3,3,True,True,True
200,4,25,ring,0.8,1609773175,1,2,4,6,2,2,True,True,True
200,4,25,ring,0.8,1609773175,2,6,10,16,6,6,True,True,True
200,4,25,ring,0.8,1609773175,3,4,9,13,4,4,True,True,True
200,4,25,ring,0.8,1609773175,4,2,5,7,2,2,True,True,True
200,4,25,ring,0.8,1609773175,5,3,6,9,3,3,True,True,True
200,4,25,ring,0.8,1609773175,6,4,5,9,4,4,True,True,True
200,4,25,ring,0.8,1609773175,7,3,6,9,3,3,True,True,True
200,4,25,ring,0.8,1609773175,8,2,5,7,2,2,True,True,True
200,4,25,small_world,0.8,1609773175,0,3,5,8,3,3,True,True,True
200,4,25,small_world,0.8,1609773175,1,11,24,35,11,11,True,True,False
200,4,25,small_world,0.8,1609773175,2,2,4,6,2,2,True,True,True
200,4,25,small_world,0.8,1609773175,3,6,11,17,6,6,True,True,True
200,4,25,small_world,0.8,1609773175,4,2,7,9,2,2,True,True,True
200,4,25,small_world,0.8,1609773175,5,3,8,11,3,3,True,True,True
200,4,25,small_world,0.8,1609773175,6,3,6,9,3,3,True,True,True
200,4,25,small_world,0.8,1609773175,7,3,6,9,3,3,True,True,True
200,4,25,scale_free,0.8,1609773175,0,35,50,85,33,33,False,False,False
200,4,25,er,0.9,1609773175,0,4,13,17,4,4,True,True,True
200,4,25,er,0.9,1609773175,1,3,13,16,3,3,True,True,True
200,4,25,er,0.9,1609773175,2,3,9,12,3,3,True,True,True
200,4,25,er,0.9,1609773175,3,2,10,12,2,2,True,True,True
200,4,25,er,0.9,1609773175,4,2,7,9,2,2,True,True,True
200,4,25,er,0.9,1609773175,5,2,4,6,2,2,True,True,True
200,4,25,ring,0.9,1609773175,0,5,11,16,5,5,True,True,True
200,4,25,ring,0.9,1609773175,1,2,6,8,2,2,True,True,True
200,4,25,ring,0.9,1609773175,2,2,4,6,2,2,True,True,True
200,4,25,ring,0.9,1609773175,3,2,7,9,2,2,True,True,True
200,4,25,small_world,0.9,1609773175,0,5,12,17,5,5,True,True,True
200,4,25,small_world,0.9,1609773175,1,4,12,16,4,4,True,True,True
200,4,25,small_world,0.9,1609773175,2,2,6,8,2,2,True,True,True
200,4,25,scale_free,0.9,1609773175,0,2,3,5,2,2,True,True,True
200,4,25,scale_free,0.9,1609773175,1,2,7,9,2,2,True,True,True
200,4,25,scale_free,0.9,1609773175,2,14,28,42,14,14,True,True,False
200,4,26,er,0.3,2935844528,0,3,3,6,3,3,True,True,True
200,4,26,ring,0.3,2935844528,0,5,5,10,5,5,True,True,True
200,4,26,ring,0.3,2935844528,1,4,5,9,4,4,True,True,True
200,4,26,ring,0.3,2935844528,2,2,2,4,2,2,True,True,True
200,4,26,small_world,0.3,2935844528,0,2,2,4,2,2,True,True,True
200,4,26,ring,0.4,2935844528,0,2,2,4,2,2,True,True,True
200,4,26,small_world,0.4,2935844528,0,2,2,4,2,2,True,True,True
200,4,26,er,0.5,2935844528,0,80,80,160,72,72,False,False,False
200,4,26,ring,0.5,2935844528,0,3,4,7,3,3,True,True,True
200,4,26,ring,0.5,2935844528,1,19,24,43,17,17,False,False,False
200,4,26,ring,0.5,2935844528,2,2,2,4,2,2,True,True,True
200,4,26,ring,0.5,2935844528,3,5,6,11,5,5,True,True,True
200,4,26,ring,0.5,2935844528,4,2,2,4,2,2,True,True,True
200,4,26,ring,0.5,2935844528,5,2,2,4,2,2,True,True,True
200,4,26,small_world,0.5,2935844528,0,2,2,4,2,2,True,True,True
200,4,26,small_world,0.5,2935844528,1,3,4,7,3,3,True,True,True
200,4,26,er,0.6,2935844528,0,67,91,158,64,64,False,False,False
200,4,26,ring,0.6,2935844528,0,18,18,36,17,17,False,False,False
200,4,26,ring,0.6,2935844528,1,4,7,11,4,4,True,True,True
200,4,26,ring,0.6,2935844528,2,3,7,10,3,3,True,True,True
200,4,26,ring,0.6,2935844528,3,4,7,11,4,4,True,True,True
200,4,26,ring,0.6,2935844528,4,5,5,10,5,5,True,True,True
200,4,26,ring,0.6,2935844528,5,10,11,21,8,8,False,False,True
200,4,26,ring,0.6,2935844528,6,2,2,4,2,2,True,True,True
200,4,26,ring,0.6,2935844528,7,2,4,6,2,2,True,True,True
200,4,26,ring,0.6,2935844528,8,5,7,12,5,5,True,True,True
200,4,26,ring,0.6,2935844528,9,20,24,44,18,18,False,False,False
200,4,26,ring,0.6,2935844528,10,2,2,4,2,2,True,True,True
200,4,26,ring,0.6,2935844528,11,2,2,4,2,2,True,True,True
200,4,26,small_world,0.6,2935844528,0,57,70,127,55,55,False,False,False
200,4,26,small_world,0.6,2935844528,1,7,13,20,7,7,True,True,True
200,4,26,small_world,0.6,2935844528,2,3,5,8,3,3,True,True,True
200,4,26,small_world,0.6,2935844528,3,4,5,9,4,4,True,True,True
200,4,26,small_world,0.6,2935844528,4,5,8,13,5,5,True,True,True
200,4,26,small_world,0.6,2935844528,5,2,2,4,2,2,True,True,True
200,4,26,scale_free,0.6,2935844528,0,66,82,148,54,54,False,False,False
200,4,26,er,0.7,2935844528,0,47,87,134,46,46,False,False,False
200,4,26,er,0.7,2935844528,1,2,4,6,2,2,True,True,True
200,4,26,ring,0.7,2935844528,0,2,4,6,2,2,True,True,True
200,4,26,ring,0.7,2935844528,1,4,7,11,4,4,True,True,True
200,4,26,ring,0.7,2935844528,2,2,6,8,2,2,True,True,True
200,4,26,ring,0.7,2935844528,3,6,8,14,6,6,True,True,True
200,4,26,ring,0.7,2935844528,4,2,2,4,2,2,True,True,True
200,4,26,ring,0.7,2935844528,5,2,4,6,2,2,True,True,True
200,4,26,ring,0.7,2935844528,6,5,7,12,5,5,True,True,True
200,4,26,ring,0.7,2935844528,7,16,26,42,16,16,True,True,False
200,4,26,ring,0.7,2935844528,8,3,4,7,3,3,True,True,True
200,4,26,ring,0.7,2935844528,9,11,11,22,10,10,False,False,False
200,4,26,small_world,0.7,2935844528,0,6,13,19,6,6,True,True,True
200,4,26,small_world,0.7,2935844528,1,2,6,8,2,2,True,True,True
200,4,26,small_world,0.7,2935844528,2,28,39,67,28,28,True,True,False
200,4,26,small_world,0.7,2935844528,3,5,7,12,5,5,True,True,True
200,4,26,small_world,0.7,2935844528,4,2,6,8,2,2,True,True,True
200,4,26,small_world,0.7,2935844528,5,5,7,12,5,5,True,True,True
200,4,26,small_world,0.7,2935844528,6,5,8,13,5,5,True,True,True
200,4,26,scale_free,0.7,2935844528,0,57,85,142,53,53,False,False,False
200,4,26,er,0.8,2935844528,0,6,17,23,6,6,True,True,True
200,4,26,er,0.8,2935844528,1,22,45,67,21,21,False,False,False
200,4,26,er,0.8,2935844528,2,2,6,8,2,2,True,True,True
200,4,26,ring,0.8,2935844528,0,2,4,6,2,2,True,True,True
200,4,26,ring,0.8,2935844528,1,2,4,6,2,2,True,True,True
200,4,26,ring,0.8,2935844528,2,2,2,4,2,2,True,True,True
200,4,26,ring,0.8,2935844528,3,2,2,4,2,2,True,True,True
200,4,26,ring,0.8,2935844528,4,3,8,11,3,3,True,True,True
200,4,26,ring,0.8,2935844528,5,7,12,19,7,7,True,True,True
200,4,26,ring,0.8,2935844528,6,4,6,10,4,4,True,True,True
200,4,26,ring,0.8,2935844528,7,7,9,16,7,7,True,True,True
200,4,26,small_world,0.8,2935844528,0,7,15,22,7,7,True,True,True
200,4,26,small_world,0.8,2935844528,1,2,6,8,2,2,True,True,True
200,4,26,small_world,0.8,2935844528,2,5,11,16,5,5,True,True,True
200,4,26,small_world,0.8,2935844528,3,9,15,24,9,9,True,True,True
200,4,26,small_world,0.8,2935844528,4,3,5,8,3,3,True,True,True
200,4,26,small_world,0.8,2935844528,5,2,2,4,2,2,True,True,True
200,4,26,small_world,0.8,2935844528,6,2,4,6,2,2,True,True,True
200,4,26,scale_free,0.8,2935844528,0,32,74,106,32,32,True,True,False
200,4,26,scale_free,0.8,2935844528,1,3,4,7,3,3,True,True,True
200,4,26,er,0.9,2935844528,0,8,19,27,8,8,True,True,True
200,4,26,er,0.9,2935844528,1,2,6,8,2,2,True,True,True
200,4,26,er,0.9,2935844528,2,3,8,11,3,3,True,True,True
200,4,26,ring,0.9,2935844528,0,2,4,6,2,2,True,True,True
200,4,26,ring,0.9,2935844528,1,2,5,7,2,2,True,True,True
200,4,26,ring,0.9,2935844528,2,3,8,11,3,3,True,True,True
200,4,26,ring,0.9,2935844528,3,2,7,9,2,2,True,True,True
200,4,26,ring,0.9,2935844528,4,2,5,7,2,2,True,True,True
200,4,26,ring,0.9,2935844528,5,2,5,7,2,2,True,True,True
200,4,26,small_world,0.9,2935844528,0,2,7,9,2,2,True,True,True
200,4,26,small_world,0.9,2935844528,1,3,10,13,3,3,True,True,True
200,4,26,small_world,0.9,2935844528,2,5,12,17,5,5,True,True,True
200,4,26,small_world,0.9,2935844528,3,2,6,8,2,2,True,True,True
200,4,26,small_world,0.9,2935844528,4,2,5,7,2,2,True,True,True
200,4,26,scale_free,0.9,2935844528,0,2,3,5,2,2,True,True,True
200,4,26,scale_free,0.9,2935844528,1,4,7,11,4,4,True,True,True
200,4,26,scale_free,0.9,2935844528,2,7,22,29,7,7,True,True,True
200,4,27,er,0.4,1411355445,0,2,2,4,2,2,True,True,True
200,4,27,ring,0.4,1411355445,0,9,11,20,8,8,False,False,True
200,4,27,ring,0.4,1411355445,1,3,3,6,2,2,False,False,True
200,4,27,ring,0.4,1411355445,2,5,6,11,4,4,False,False,True
200,4,27,ring,0.5,1411355445,0,7,10,17,6,6,False,False,True
200,4,27,ring,0.5,1411355445,1,12,12,24,10,10,False,False,False
200,4,27,ring,0.5,1411355445,2,5,5,10,5,5,True,True,True
200,4,27,ring,0.5,1411355445,3,4,4,8,3,3,False,False,True
200,4,27,ring,0.5,1411355445,4,4,6,10,4,4,True,True,True
200,4,27,ring,0.5,1411355445,5,20,23,43,18,18,False,False,False
200,4,27,ring,0.5,1411355445,6,2,2,4,2,2,True,True,True
200,4,27,ring,0.5,1411355445,7,2,2,4,2,2,True,True,True
200,4,27,ring,0.5,1411355445,8,5,6,11,4,4,False,False,True
200,4,27,small_world,0.5,1411355445,0,79,84,163,76,76,False,False,False
200,4,27,small_world,0.5,1411355445,1,4,4,8,3,3,False,False,True
200,4,27,scale_free,0.5,1411355445,0,2,2,4,2,2,True,True,True
200,4,27,er,0.6,1411355445,0,72,89,161,70,70,False,False,False
200,4,27,ring,0.6,1411355445,0,7,10,17,6,6,False,False,True
200,4,27,ring,0.6,1411355445,1,12,16,28,12,12,True,True,False
200,4,27,ring,0.6,1411355445,2,9,11,20,9,9,True,True,True
200,4,27,ring,0.6,1411355445,3,4,5,9,4,4,True,True,True
200,4,27,ring,0.6,1411355445,4,4,4,8,3,3,False,False,True
200,4,27,ring,0.6,1411355445,5,3,8,11,3,3,True,True,True
200,4,27,ring,0.6,1411355445,6,10,12,22,10,10,True,True,True
200,4,27,ring,0.6,1411355445,7,4,11,15,4,4,True,True,True
200,4,27,ring,0.6,1411355445,8,2,2,4,2,2,True,True,True
200,4,27,ring,0.6,1411355445,9,2,2,4,2,2,True,True,True
200,4,27,ring,0.6,1411355445,10,3,3,6,2,2,False,False,True
200,4,27,small_world,0.6,1411355445,0,70,92,162,68,68,False,False,False
200,4,27,small_world,0.6,1411355445,1,4,5,9,4,4,True,True,True
200,4,27,scale_free,0.6,1411355445,0,69,86,155,61,61,False,False,False
200,4,27,scale_free,0.6,1411355445,1,2,4,6,2,2,True,True,True
200,4,27,er,0.7,1411355445,0,50,91,141,50,50,True,True,False
200,4,27,ring,0.7,1411355445,0,12,14,26,12,12,True,True,False
200,4,27,ring,0.7,1411355445,1,4,9,13,4,4,True,True,True
200,4,27,ring,0.7,1411355445,2,7,10,17,6,6,False,False,True
200,4,27,ring,0.7,1411355445,3,9,15,24,9,9,True,True,True
200,4,27,ring,0.7,1411355445,4,5,8,13,5,5,True,True,True
200,4,27,ring,0.7,1411355445,5,4,6,10,4,4,True,True,True
200,4,27,ring,0.7,1411355445,6,3,8,11,3,3,True,True,True
200,4,27,ring,0.7,1411355445,7,5,8,13,5,5,True,True,True
200,4,27,ring,0.7,1411355445,8,3,5,8,3,3,True,True,True
200,4,27,ring,0.7,1411355445,9,2,2,4,2,2,True,True,True
200,4,27,ring,0.7,1411355445,10,2,2,4,2,2,True,True,True
200,4,27,small_world,0.7,1411355445,0,32,58,90,32,32,True,True,False
200,4,27,small_world,0.7,1411355445,1,15,25,40,15,15,True,True,False
200,4,27,small_world,0.7,1411355445,2,3,4,7,2,2,False,False,True
200,4,27,small_world,0.7,1411355445,3,3,6,9,3,3,True,True,True
200,4,27,small_world,0.7,1411355445,4,2,2,4,2,2,True,True,True
200,4,27,scale_free,0.7,1411355445,0,50,75,125,45,45,False,False,False
200,4,27,scale_free,0.7,1411355445,1,2,4,6,2,2,True,True,True
200,4,27,scale_free,0.7,1411355445,2,4,6,10,4,4,True,True,True
200,4,27,scale_free,0.7,1411355445,3,2,3,5,2,2,True,True,True
200,4,27,er,0.8,1411355445,0,19,36,55,19,19,True,True,False
200,4,27,er,0.8,1411355445,1,5,11,16,5,5,True,True,True
200,4,27,er,0.8,1411355445,2,6,16,22,6,6,True,True,True
200,4,27,er,0.8,1411355445,3,2,2,4,2,2,True,True,True
200,4,27,ring,0.8,1411355445,0,2,4,6,2,2,True,True,True
200,4,27,ring,0.8,1411355445,1,3,8,11,3,3,True,True,True
200,4,27,ring,0.8,1411355445,2,6,9,15,6,6,True,True,True
200,4,27,ring,0.8,1411355445,3,5,10,15,5,5,True,True,True
200,4,27,ring,0.8,1411355445,4,4,9,13,4,4,True,True,True
200,4,27,ring,0.8,1411355445,5,4,6,10,4,4,True,True,True
200,4,27,ring,0.8,1411355445,6,2,6,8,2,2,True,True,True
200,4,27,ring,0.8,1411355445,7,4,8,12,4,4,True,True,True
200,4,27,ring,0.8,1411355445,8,2,7,9,2,2,True,True,True
200,4,27,ring,0.8,1411355445,9,2,4,6,2,2,True,True,True
200,4,27,small_world,0.8,1411355445,0,5,10,15,5,5,True,True,True
200,4,27,small_world,0.8,1411355445,1,12,25,37,12,12,True,True,False
200,4,27,small_world,0.8,1411355445,2,9,21,30,9,9,True,True,True
200,4,27,small_world,0.8,1411355445,3,8,19,27,8,8,True,True,True
200,4,27,small_world,0.8,1411355445,4,2,4,6,2,2,True,True,True
200,4,27,scale_free,0.8,1411355445,0,37,83,120,37,37,True,True,False
200,4,27,er,0.9,1411355445,0,3,6,9,3,3,True,True,True
200,4,27,er,0.9,1411355445,1,2,5,7,2,2,True,True,True
200,4,27,er,0.9,1411355445,2,3,10,13,3,3,True,True,True
200,4,27,er,0.9,1411355445,3,2,5,7,2,2,True,True,True
200,4,27,ring,0.9,1411355445,0,2,5,7,2,2,True,True,True
200,4,27,ring,0.9,1411355445,1,3,9,12,3,3,True,True,True
200,4,27,ring,0.9,1411355445,2,3,6,9,3,3,True,True,True
200,4,27,ring,0.9,1411355445,3,2,7,9,2,2,True,True,True
200,4,27,small_world,0.9,1411355445,0,3,11,14,3,3,True,True,True
200,4,27,small_world,0.9,1411355445,1,3,10,13,3,3,True,True,True
200,4,27,small_world,0.9,1411355445,2,2,4,6,2,2,True,True,True
200,4,27,scale_free,0.9,1411355445,0,16,61,77,16,16,True,True,False
200,4,27,scale_free,0.9,1411355445,1,2,7,9,2,2,True,True,True
200,4,28,ring,0.4,2982800671,0,16,17,33,15,15,False,False,False
200,4,28,ring,0.4,2982800671,1,2,2,4,2,2,True,True,True
200,4,28,small_world,0.4,2982800671,0,21,21,42,18,18,False,False,False
200,4,28,er,0.5,2982800671,0,76,85,161,70,70,False,False,False
200,4,28,ring,0.5,2982800671,0,7,7,14,6,6,False,False,True
200,4,28,ring,0.5,2982800671,1,6,8,14,6,6,True,True,True
200,4,28,ring,0.5,2982800671,2,8,8,16,7,7,False,False,True
200,4,28,ring,0.5,2982800671,3,5,12,17,5,5,True,True,True
200,4,28,ring,0.5,2982800671,4,3,7,10,3,3,True,True,True
200,4,28,ring,0.5,2982800671,5,2,2,4,2,2,True,True,True
200,4,28,ring,0.5,2982800671,6,2,2,4,2,2,True,True,True
200,4,28,small_world,0.5,2982800671,0,39,44,83,36,36,False,False,False
200,4,28,small_world,0.5,2982800671,1,2,2,4,2,2,True,True,True
200,4,28,small_world,0.5,2982800671,2,7,8,15,6,6,False,False,True
200,4,28,er,0.6,2982800671,0,69,99,168,68,68,False,False,False
200,4,28,ring,0.6,2982800671,0,6,8,14,6,6,True,True,True
200,4,28,ring,0.6,2982800671,1,9,14,23,9,9,True,True,True
200,4,28,ring,0.6,2982800671,2,22,33,55,21,21,False,False,False
200,4,28,ring,0.6,2982800671,3,5,12,17,5,5,True,True,True
200,4,28,ring,0.6,2982800671,4,2,5,7,2,2,True,True,True
200,4,28,ring,0.6,2982800671,5,2,2,4,2,2,True,True,True
200,4,28,ring,0.6,2982800671,6,2,2,4,2,2,True,True,True
200,4,28,ring,0.6,2982800671,7,14,20,34,13,13,False,False,False
200,4,28,ring,0.6,2982800671,8,5,5,10,4,4,False,False,True
200,4,28,small_world,0.6,2982800671,0,58,79,137,55,55,False,False,False
200,4,28,small_world,0.6,2982800671,1,9,12,21,9,9,True,True,True
200,4,28,small_world,0.6,2982800671,2,2,3,5,2,2,True,True,True
200,4,28,small_world,0.6,2982800671,3,2,2,4,2,2,True,True,True
200,4,28,small_world,0.6,2982800671,4,5,10,15,5,5,True,True,True
200,4,28,scale_free,0.6,2982800671,0,67,80,147,56,56,False,False,False
200,4,28,scale_free,0.6,2982800671,1,2,2,4,2,2,True,True,True
200,4,28,er,0.7,2982800671,0,52,91,143,52,52,True,True,False
200,4,28,ring,0.7,2982800671,0,9,14,23,9,9,True,True,True
200,4,28,ring,0.7,2982800671,1,5,8,13,5,5,True,True,True
200,4,28,ring,0.7,2982800671,2,3,6,9,3,3,True,True,True
200,4,28,ring,0.7,2982800671,3,2,5,7,2,2,True,True,True
200,4,28,ring,0.7,2982800671,4,4,9,13,4,4,True,True,True
200,4,28,ring,0.7,2982800671,5,11,23,34,11,11,True,True,False
200,4,28,ring,0.7,2982800671,6,5,12,17,5,5,True,True,True
200,4,28,ring,0.7,2982800671,7,2,5,7,2,2,True,True,True
200,4,28,ring,0.7,2982800671,8,3,5,8,3,3,True,True,True
200,4,28,ring,0.7,2982800671,9,2,4,6,2,2,True,True,True
200,4,28,ring,0.7,2982800671,10,4,8,12,4,4,True,True,True
200,4,28,ring,0.7,2982800671,11,9,13,22,8,8,False,False,True
200,4,28,small_world,0.7,2982800671,0,5,10,15,5,5,True,True,True
200,4,28,small_world,0.7,2982800671,1,34,62,96,34,34,True,True,False
200,4,28,small_world,0.7,2982800671,2,5,9,14,5,5,True,True,True
200,4,28,small_world,0.7,2982800671,3,3,6,9,3,3,True,True,True
200,4,28,small_world,0.7,2982800671,4,3,6,9,3,3,True,True,True
200,4,28,small_world,0.7,2982800671,5,3,4,7,3,3,True,True,True
200,4,28,small_world,0.7,2982800671,6,2,4,6,2,2,True,True,True
200,4,28,small_world,0.7,2982800671,7,2,4,6,2,2,True,True,True
200,4,28,small_world,0.7,2982800671,8,2,4,6,2,2,True,True,True
200,4,28,scale_free,0.7,2982800671,0,49,82,131,44,44,False,False,False
200,4,28,er,0.8,2982800671,0,31,74,105,31,31,True,True,False
200,4,28,ring,0.8,2982800671,0,8,13,21,8,8,True,True,True
200,4,28,ring,0.8,2982800671,1,2,4,6,2,2,True,True,True
200,4,28,ring,0.8,2982800671,2,2,7,9,2,2,True,True,True
200,4,28,ring,0.8,2982800671,3,3,8,11,3,3,True,True,True
200,4,28,ring,0.8,2982800671,4,2,7,9,2,2,True,True,True
200,4,28,ring,0.8,2982800671,5,2,7,9,2,2,True,True,True
200,4,28,ring,0.8,2982800671,6,3,10,13,3,3,True,True,True
200,4,28,ring,0.8,2982800671,7,2,5,7,2,2,True,True,True
200,4,28,ring,0.8,2982800671,8,4,8,12,4,4,True,True,True
200,4,28,ring,0.8,2982800671,9,2,4,6,2,2,True,True,True
200,4,28,ring,0.8,2982800671,10,4,8,12,4,4,True,True,True
200,4,28,small_world,0.8,2982800671,0,4,9,13,4,4,True,True,True
200,4,28,small_world,0.8,2982800671,1,10,19,29,10,10,True,True,True
200,4,28,small_world,0.8,2982800671,2,2,5,7,2,2,True,True,True
200,4,28,small_world,0.8,2982800671,3,4,11,15,4,4,True,True,True
200,4,28,small_world,0.8,2982800671,4,2,5,7,2,2,True,True,True
200,4,28,small_world,0.8,2982800671,5,2,7,9,2,2,True,True,True
200,4,28,small_world,0.8,2982800671,6,7,17,24,7,7,True,True,True
200,4,28,small_world,0.8,2982800671,7,3,10,13,3,3,True,True,True
200,4,28,small_world,0.8,2982800671,8,2,4,6,2,2,True,True,True
200,4,28,scale_free,0.8,2982800671,0,33,80,113,33,33,True,True,False
200,4,28,er,0.9,2982800671,0,5,17,22,5,5,True,True,True
200,4,28,er,0.9,2982800671,1,7,26,33,7,7,True,True,True
200,4,28,ring,0.9,2982800671,0,3,10,13,3,3,True,True,True
200,4,28,ring,0.9,2982800671,1,2,4,6,2,2,True,True,True
200,4,28,ring,0.9,2982800671,2,2,5,7,2,2,True,True,True
200,4,28,ring,0.9,2982800671,3,2,4,6,2,2,True,True,True
200,4,28,ring,0.9,2982800671,4,4,8,12,4,4,True,True,True
200,4,28,small_world,0.9,2982800671,0,4,13,17,4,4,True,True,True
200,4,28,small_world,0.9,2982800671,1,2,5,7,2,2,True,True,True
200,4,28,small_world,0.9,2982800671,2,5,12,17,5,5,True,True,True
200,4,28,small_world,0.9,2982800671,3,2,5,7,2,2,True,True,True
200,4,28,small_world,0.9,2982800671,4,2,4,6,2,2,True,True,True
200,4,28,scale_free,0.9,2982800671,0,2,4,6,2,2,True,True,True
200,4,28,scale_free,0.9,2982800671,1,14,57,71,14,14,True,True,False
200,4,29,small_world,0.2,3710274284,0,2,2,4,2,2,True,True,True
200,4,29,small_world,0.3,3710274284,0,2,2,4,2,2,True,True,True
200,4,29,ring,0.4,3710274284,0,5,6,11,4,4,False,False,True
200,4,29,ring,0.4,3710274284,1,6,6,12,5,5,False,False,True
200,4,29,ring,0.4,3710274284,2,7,7,14,6,6,False,False,True
200,4,29,ring,0.4,3710274284,3,9,10,19,8,8,False,False,True
200,4,29,ring,0.4,3710274284,4,4,4,8,4,4,True,True,True
200,4,29,ring,0.4,3710274284,5,2,2,4,2,2,True,True,True
200,4,29,small_world,0.4,3710274284,0,2,2,4,2,2,True,True,True
200,4,29,er,0.5,3710274284,0,78,79,157,67,67,False,False,False
200,4,29,ring,0.5,3710274284,0,3,3,6,2,2,False,False,True
200,4,29,ring,0.5,3710274284,1,9,10,19,8,8,False,False,True
200,4,29,ring,0.5,3710274284,2,6,6,12,5,5,False,False,True
200,4,29,ring,0.5,3710274284,3,7,7,14,5,5,False,False,True
200,4,29,ring,0.5,3710274284,4,9,12,21,9,9,True,True,True
200,4,29,ring,0.5,3710274284,5,7,9,16,6,6,False,False,True
200,4,29,ring,0.5,3710274284,6,5,6,11,5,5,True,True,True
200,4,29,ring,0.5,3710274284,7,2,2,4,2,2,True,True,True
200,4,29,ring,0.5,3710274284,8,2,2,4,2,2,True,True,True
200,4,29,small_world,0.5,3710274284,0,3,3,6,2,2,False,False,True
200,4,29,small_world,0.5,3710274284,1,2,2,4,2,2,True,True,True
200,4,29,small_world,0.5,3710274284,2,2,2,4,2,2,True,True,True
200,4,29,scale_free,0.5,3710274284,0,80,89,169,68,68,False,False,False
200,4,29,er,0.6,3710274284,0,64,85,149,62,62,False,False,False
200,4,29,er,0.6,3710274284,1,5,7,12,5,5,True,True,True
200,4,29,er,0.6,3710274284,2,3,3,6,3,3,True,True,True
200,4,29,ring,0.6,3710274284,0,3,3,6,2,2,False,False,True
200,4,29,ring,0.6,3710274284,1,17,19,36,14,14,False,False,False
200,4,29,ring,0.6,3710274284,2,6,6,12,5,5,False,False,True
200,4,29,ring,0.6,3710274284,3,4,5,9,3,3,False,False,True
200,4,29,ring,0.6,3710274284,4,16,22,38,16,16,True,True,False
200,4,29,ring,0.6,3710274284,5,16,19,35,15,15,False,False,False
200,4,29,ring,0.6,3710274284,6,2,2,4,2,2,True,True,True
200,4,29,ring,0.6,3710274284,7,4,6,10,4,4,True,True,True
200,4,29,ring,0.6,3710274284,8,2,7,9,2,2,True,True,True
200,4,29,ring,0.6,3710274284,9,2,5,7,2,2,True,True,True
200,4,29,small_world,0.6,3710274284,0,3,3,6,2,2,False,False,True
200,4,29,small_world,0.6,3710274284,1,29,37,66,26,26,False,False,False
200,4,29,small_world,0.6,3710274284,2,30,39,69,29,29,False,False,False
200,4,29,small_world,0.6,3710274284,3,2,2,4,2,2,True,True,True
200,4,29,small_world,0.6,3710274284,4,3,4,7,3,3,True,True,True
200,4,29,small_world,0.6,3710274284,5,2,3,5,2,2,True,True,True
200,4,29,scale_free,0.6,3710274284,0,70,100,170,66,66,False,False,False
200,4,29,er,0.7,3710274284,0,51,92,143,50,50,False,False,False
200,4,29,er,0.7,3710274284,1,2,6,8,2,2,True,True,True
200,4,29,ring,0.7,3710274284,0,13,20,33,12,12,False,False,False
200,4,29,ring,0.7,3710274284,1,9,13,22,9,9,True,True,True
200,4,29,ring,0.7,3710274284,2,8,16,24,8,8,True,True,True
200,4,29,ring,0.7,3710274284,3,5,8,13,5,5,True,True,True
200,4,29,ring,0.7,3710274284,4,2,6,8,2,2,True,True,True
200,4,29,ring,0.7,3710274284,5,2,4,6,2,2,True,True,True
200,4,29,ring,0.7,3710274284,6,6,10,16,6,6,True,True,True
200,4,29,ring,0.7,3710274284,7,6,7,13,6,6,True,True,True
200,4,29,ring,0.7,3710274284,8,3,7,10,3,3,True,True,True
200,4,29,ring,0.7,3710274284,9,2,7,9,2,2,True,True,True
200,4,29,ring,0.7,3710274284,10,2,5,7,2,2,True,True,True
200,4,29,small_world,0.7,3710274284,0,30,48,78,30,30,True,True,False
200,4,29,small_world,0.7,3710274284,1,24,46,70,24,24,True,True,False
200,4,29,small_world,0.7,3710274284,2,2,6,8,2,2,True,True,True
200,4,29,small_world,0.7,3710274284,3,2,3,5,2,2,True,True,True
200,4,29,scale_free,0.7,3710274284,0,54,92,146,50,50,False,False,False
200,4,29,er,0.8,3710274284,0,33,85,118,33,33,True,True,False
200,4,29,ring,0.8,3710274284,0,2,4,6,2,2,True,True,True
200,4,29,ring,0.8,3710274284,1,2,7,9,2,2,True,True,True
200,4,29,ring,0.8,3710274284,2,2,7,9,2,2,True,True,True
200,4,29,ring,0.8,3710274284,3,2,4,6,2,2,True,True,True
200,4,29,ring,0.8,3710274284,4,5,9,14,5,5,True,True,True
200,4,29,ring,0.8,3710274284,5,4,9,13,4,4,True,True,True
200,4,29,ring,0.8,3710274284,6,3,7,10,3,3,True,True,True
200,4,29,ring,0.8,3710274284,7,4,9,13,4,4,True,True,True
200,4,29,ring,0.8,3710274284,8,2,6,8,2,2,True,True,True
200,4,29,ring,0.8,3710274284,9,2,5,7,2,2,True,True,True
200,4,29,ring,0.8,3710274284,10,3,7,10,3,3,True,True,True
200,4,29,ring,0.8,3710274284,11,2,5,7,2,2,True,True,True
200,4,29,small_world,0.8,3710274284,0,8,18,26,8,8,True,True,True
200,4,29,small_world,0.8,3710274284,1,4,7,11,4,4,True,True,True
200,4,29,small_world,0.8,3710274284,2,2,7,9,2,2,True,True,True
200,4,29,small_world,0.8,3710274284,3,3,10,13,3,3,True,True,True
200,4,29,small_world,0.8,3710274284,4,4,10,14,4,4,True,True,True
200,4,29,small_world,0.8,3710274284,5,3,5,8,3,3,True,True,True
200,4,29,small_world,0.8,3710274284,6,2,5,7,2,2,True,True,True
200,4,29,small_world,0.8,3710274284,7,5,14,19,5,5,True,True,True
200,4,29,small_world,0.8,3710274284,8,5,11,16,5,5,True,True,True
200,4,29,scale_free,0.8,3710274284,0,33,59,92,32,32,False,False,False
200,4,29,er,0.9,3710274284,0,3,14,17,3,3,True,True,True
200,4,29,er,0.9,3710274284,1,10,35,45,10,10,True,True,True
200,4,29,ring,0.9,3710274284,0,2,4,6,2,2,True,True,True
200,4,29,ring,0.9,3710274284,1,2,4,6,2,2,True,True,True
200,4,29,ring,0.9,3710274284,2,3,7,10,3,3,True,True,True
200,4,29,small_world,0.9,3710274284,0,4,14,18,4,4,True,True,True
200,4,29,small_world,0.9,3710274284,1,2,7,9,2,2,True,True,True
200,4,29,small_world,0.9,3710274284,2,2,7,9,2,2,True,True,True
200,4,29,small_world,0.9,3710274284,3,2,4,6,2,2,True,True,True
200,4,29,small_world,0.9,3710274284,4,3,6,9,3,3,True,True,True
200,4,29,scale_free,0.9,3710274284,0,13,27,40,13,13,True,True,False
200,4,29,scale_free,0.9,3710274284,1,2,7,9,2,2,True,True,True
200,4,30,ring,0.2,4036263063,0,8,8,16,5,5,False,False,True
200,4,30,ring,0.3,4036263063,0,7,7,14,6,6,False,False,True
200,4,30,er,0.4,4036263063,0,2,3,5,2,2,True,True,True
200,4,30,ring,0.4,4036263063,0,10,10,20,8,8,False,False,True
200,4,30,ring,0.4,4036263063,1,2,2,4,2,2,True,True,True
200,4,30,ring,0.4,4036263063,2,2,6,8,2,2,True,True,True
200,4,30,ring,0.4,4036263063,3,3,3,6,2,2,False,False,True
200,4,30,small_world,0.4,4036263063,0,2,5,7,2,2,True,True,True
200,4,30,er,0.5,4036263063,0,77,79,156,68,68,False,False,False
200,4,30,er,0.5,4036263063,1,2,3,5,2,2,True,True,True
200,4,30,ring,0.5,4036263063,0,4,5,9,3,3,False,False,True
200,4,30,ring,0.5,4036263063,1,5,5,10,5,5,True,True,True
200,4,30,ring,0.5,4036263063,2,2,4,6,2,2,True,True,True
200,4,30,ring,0.5,4036263063,3,3,6,9,3,3,True,True,True
200,4,30,ring,0.5,4036263063,4,2,6,8,2,2,True,True,True
200,4,30,ring,0.5,4036263063,5,2,2,4,2,2,True,True,True
200,4,30,ring,0.5,4036263063,6,12,12,24,10,10,False,False,False
200,4,30,ring,0.5,4036263063,7,3,3,6,2,2,False,False,True
200,4,30,small_world,0.5,4036263063,0,2,5,7,2,2,True,True,True
200,4,30,small_world,0.5,4036263063,1,2,2,4,2,2,True,True,True
200,4,30,scale_free,0.5,4036263063,0,72,72,144,53,53,False,False,False
200,4,30,er,0.6,4036263063,0,68,85,153,62,62,False,False,False
200,4,30,er,0.6,4036263063,1,2,3,5,2,2,True,True,True
200,4,30,ring,0.6,4036263063,0,11,12,23,8,8,False,False,False
200,4,30,ring,0.6,4036263063,1,7,9,16,6,6,False,False,True
200,4,30,ring,0.6,4036263063,2,3,4,7,3,3,True,True,True
200,4,30,ring,0.6,4036263063,3,2,4,6,2,2,True,True,True
200,4,30,ring,0.6,4036263063,4,3,6,9,3,3,True,True,True
200,4,30,ring,0.6,4036263063,5,2,6,8,2,2,True,True,True
200,4,30,ring,0.6,4036263063,6,7,8,15,7,7,True,True,True
200,4,30,ring,0.6,4036263063,7,2,5,7,2,2,True,True,True
200,4,30,ring,0.6,4036263063,8,9,10,19,8,8,False,False,True
200,4,30,ring,0.6,4036263063,9,6,10,16,6,6,True,True,True
200,4,30,ring,0.6,4036263063,10,7,8,15,7,7,True,True,True
200,4,30,ring,0.6,4036263063,11,5,5,10,5,5,True,True,True
200,4,30,ring,0.6,4036263063,12,10,13,23,9,9,False,False,True
200,4,30,small_world,0.6,4036263063,0,2,6,8,2,2,True,True,True
200,4,30,small_world,0.6,4036263063,1,56,63,119,49,49,False,False,False
200,4,30,small_world,0.6,4036263063,2,2,5,7,2,2,True,True,True
200,4,30,small_world,0.6,4036263063,3,2,5,7,2,2,True,True,True
200,4,30,small_world,0.6,4036263063,4,13,17,30,13,13,True,True,False
200,4,30,scale_free,0.6,4036263063,0,58,75,133,48,48,False,False,False
200,4,30,er,0.7,4036263063,0,50,86,136,49,49,False,False,False
200,4,30,er,0.7,4036263063,1,2,2,4,2,2,True,True,True
200,4,30,ring,0.7,4036263063,0,7,9,16,6,6,False,False,True
200,4,30,ring,0.7,4036263063,1,3,4,7,3,3,True,True,True
200,4,30,ring,0.7,4036263063,2,2,4,6,2,2,True,True,True
200,4,30,ring,0.7,4036263063,3,3,6,9,3,3,True,True,True
200,4,30,ring,0.7,4036263063,4,6,9,15,6,6,True,True,True
200,4,30,ring,0.7,4036263063,5,12,14,26,11,11,False,False,False
200,4,30,ring,0.7,4036263063,6,5,11,16,5,5,True,True,True
200,4,30,ring,0.7,4036263063,7,8,15,23,8,8,True,True,True
200,4,30,ring,0.7,4036263063,8,2,5,7,2,2,True,True,True
200,4,30,ring,0.7,4036263063,9,4,6,10,3,3,False,False,True
200,4,30,ring,0.7,4036263063,10,5,10,15,5,5,True,True,True
200,4,30,ring,0.7,4036263063,11,2,6,8,2,2,True,True,True
200,4,30,small_world,0.7,4036263063,0,40,63,103,38,38,False,False,False
200,4,30,small_world,0.7,4036263063,1,2,5,7,2,2,True,True,True
200,4,30,small_world,0.7,4036263063,2,3,7,10,3,3,True,True,True
200,4,30,small_world,0.7,4036263063,3,6,9,15,6,6,True,True,True
200,4,30,small_world,0.7,4036263063,4,4,6,10,4,4,True,True,True
200,4,30,scale_free,0.7,4036263063,0,52,77,129,50,50,False,False,False
200,4,30,er,0.8,4036263063,0,31,70,101,31,31,True,True,False
200,4,30,er,0.8,4036263063,1,2,2,4,2,2,True,True,True
200,4,30,ring,0.8,4036263063,0,6,10,16,6,6,True,True,True
200,4,30,ring,0.8,4036263063,1,2,7,9,2,2,True,True,True
200,4,30,ring,0.8,4036263063,2,2,6,8,2,2,True,True,True
200,4,30,ring,0.8,4036263063,3,6,11,17,6,6,True,True,True
200,4,30,ring,0.8,4036263063,4,3,6,9,3,3,True,True,True
200,4,30,ring,0.8,4036263063,5,2,5,7,2,2,True,True,True
200,4,30,ring,0.8,4036263063,6,2,7,9,2,2,True,True,True
200,4,30,ring,0.8,4036263063,7,4,8,12,4,4,True,True,True
200,4,30,ring,0.8,4036263063,8,3,5,8,3,3,True,True,True
200,4,30,ring,0.8,4036263063,9,2,6,8,2,2,True,True,True
200,4,30,ring,0.8,4036263063,10,2,5,7,2,2,True,True,True
200,4,30,small_world,0.8,4036263063,0,17,32,49,17,17,True,True,False
200,4,30,small_world,0.8,4036263063,1,5,12,17,5,5,True,True,True
200,4,30,small_world,0.8,4036263063,2,9,26,35,9,9,True,True,True
200,4,30,small_world,0.8,4036263063,3,2,5,7,2,2,True,True,True
200,4,30,small_world,0.8,4036263063,4,2,5,7,2,2,True,True,True
200,4,30,scale_free,0.8,4036263063,0,35,71,106,34,34,False,False,False
200,4,30,er,0.9,4036263063,0,2,3,5,2,2,True,True,True
200,4,30,er,0.9,4036263063,1,2,3,5,2,2,True,True,True
200,4,30,er,0.9,4036263063,2,7,21,28,7,7,True,True,True
200,4,30,er,0.9,4036263063,3,3,6,9,3,3,True,True,True
200,4,30,ring,0.9,4036263063,0,3,8,11,3,3,True,True,True
200,4,30,ring,0.9,4036263063,1,3,10,13,3,3,True,True,True
200,4,30,ring,0.9,4036263063,2,2,5,7,2,2,True,True,True
200,4,30,ring,0.9,4036263063,3,2,7,9,2,2,True,True,True
200,4,30,ring,0.9,4036263063,4,2,5,7,2,2,True,True,True
200,4,30,ring,0.9,4036263063,5,2,6,8,2,2,True,True,True
200,4,30,ring,0.9,4036263063,6,2,5,7,2,2,True,True,True
200,4,30,small_world,0.9,4036263063,0,8,22,30,8,8,True,True,True
200,4,30,small_world,0.9,4036263063,1,3,7,10,3,3,True,True,True
200,4,30,small_world,0.9,4036263063,2,2,8,10,2,2,True,True,True
200,4,30,small_world,0.9,4036263063,3,2,5,7,2,2,True,True,True
200,4,30,scale_free,0.9,4036263063,0,13,43,56,13,13,True,True,False
200,4,31,ring,0.2,1195831402,0,2,2,4,2,2,True,True,True
200,4,31,ring,0.2,1195831402,1,2,2,4,2,2,True,True,True
200,4,31,scale_free,0.2,1195831402,0,2,2,4,2,2,True,True,True
200,4,31,ring,0.3,1195831402,0,2,2,4,2,2,True,True,True
200,4,31,ring,0.3,1195831402,1,8,9,17,8,8,True,True,True
200,4,31,ring,0.3,1195831402,2,2,2,4,2,2,True,True,True
200,4,31,ring,0.3,1195831402,3,2,2,4,2,2,True,True,True
200,4,31,scale_free,0.3,1195831402,0,2,2,4,2,2,True,True,True
200,4,31,ring,0.4,1195831402,0,2,2,4,2,2,True,True,True
200,4,31,ring,0.4,1195831402,1,7,10,17,7,7,True,True,True
200,4,31,ring,0.4,1195831402,2,6,6,12,5,5,False,False,True
200,4,31,ring,0.4,1195831402,3,2,2,4,2,2,True,True,True
200,4,31,ring,0.4,1195831402,4,7,7,14,6,6,False,False,True
200,4,31,ring,0.4,1195831402,5,2,2,4,2,2,True,True,True
200,4,31,scale_free,0.4,1195831402,0,2,2,4,2,2,True,True,True
200,4,31,er,0.5,1195831402,0,70,76,146,68,68,False,False,False
200,4,31,er,0.5,1195831402,1,3,4,7,3,3,True,True,True
200,4,31,er,0.5,1195831402,2,3,3,6,3,3,True,True,True
200,4,31,ring,0.5,1195831402,0,2,2,4,2,2,True,True,True
200,4,31,ring,0.5,1195831402,1,7,10,17,7,7,True,True,True
200,4,31,ring,0.5,1195831402,2,22,23,45,18,18,False,False,False
200,4,31,ring,0.5,1195831402,3,4,9,13,4,4,True,True,True
200,4,31,ring,0.5,1195831402,4,16,20,36,16,16,True,True,False
200,4,31,small_world,0.5,1195831402,0,77,77,154,67,67,False,False,False
200,4,31,small_world,0.5,1195831402,1,8,10,18,6,6,False,False,True
200,4,31,scale_free,0.5,1195831402,0,2,2,4,2,2,True,True,True
200,4,31,er,0.6,1195831402,0,64,85,149,63,63,False,False,False
200,4,31,er,0.6,1195831402,1,2,3,5,2,2,True,True,True
200,4,31,ring,0.6,1195831402,0,25,26,51,21,21,False,False,False
200,4,31,ring,0.6,1195831402,1,3,8,11,3,3,True,True,True
200,4,31,ring,0.6,1195831402,2,10,12,22,10,10,True,True,True
200,4,31,ring,0.6,1195831402,3,3,3,6,2,2,False,False,True
200,4,31,ring,0.6,1195831402,4,15,24,39,15,15,True,True,False
200,4,31,ring,0.6,1195831402,5,4,9,13,4,4,True,True,True
200,4,31,ring,0.6,1195831402,6,10,19,29,10,10,True,True,True
200,4,31,ring,0.6,1195831402,7,3,5,8,3,3,True,True,True
200,4,31,ring,0.6,1195831402,8,6,6,12,6,6,True,True,True
200,4,31,small_world,0.6,1195831402,0,75,105,180,71,71,False,False,False
200,4,31,scale_free,0.6,1195831402,0,58,81,139,55,55,False,False,False
200,4,31,scale_free,0.6,1195831402,1,2,2,4,2,2,True,True,True
200,4,31,er,0.7,1195831402,0,50,85,135,50,50,True,True,False
200,4,31,er,0.7,1195831402,1,2,4,6,2,2,True,True,True
200,4,31,ring,0.7,1195831402,0,5,7,12,5,5,True,True,True
200,4,31,ring,0.7,1195831402,1,5,6,11,4,4,False,False,True
200,4,31,ring,0.7,1195831402,2,5,8,13,5,5,True,True,True
200,4,31,ring,0.7,1195831402,3,2,4,6,2,2,True,True,True
200,4,31,ring,0.7,1195831402,4,5,8,13,5,5,True,True,True
200,4,31,ring,0.7,1195831402,5,9,14,23,9,9,True,True,True
200,4,31,ring,0.7,1195831402,6,3,8,11,3,3,True,True,True
200,4,31,ring,0.7,1195831402,7,3,8,11,3,3,True,True,True
200,4,31,ring,0.7,1195831402,8,3,5,8,3,3,True,True,True
200,4,31,ring,0.7,1195831402,9,5,7,12,5,5,True,True,True
200,4,31,ring,0.7,1195831402,10,10,16,26,10,10,True,True,True
200,4,31,small_world,0.7,1195831402,0,15,24,39,14,14,False,False,False
200,4,31,small_world,0.7,1195831402,1,24,44,68,24,24,True,True,False
200,4,31,small_world,0.7,1195831402,2,2,4,6,2,2,True,True,True
200,4,31,small_world,0.7,1195831402,3,11,15,26,10,10,False,False,False
200,4,31,small_world,0.7,1195831402,4,4,6,10,4,4,True,True,True
200,4,31,scale_free,0.7,1195831402,0,47,94,141,47,47,True,True,False
200,4,31,er,0.8,1195831402,0,30,73,103,30,30,True,True,False
200,4,31,er,0.8,1195831402,1,2,4,6,2,2,True,True,True
200,4,31,ring,0.8,1195831402,0,3,8,11,3,3,True,True,True
200,4,31,ring,0.8,1195831402,1,3,7,10,3,3,True,True,True
200,4,31,ring,0.8,1195831402,2,3,7,10,3,3,True,True,True
200,4,31,ring,0.8,1195831402,3,7,16,23,7,7,True,True,True
200,4,31,ring,0.8,1195831402,4,2,5,7,2,2,True,True,True
200,4,31,ring,0.8,1195831402,5,3,8,11,3,3,True,True,True
200,4,31,ring,0.8,1195831402,6,2,2,4,2,2,True,True,True
200,4,31,ring,0.8,1195831402,7,3,5,8,3,3,True,True,True
200,4,31,ring,0.8,1195831402,8,3,7,10,3,3,True,True,True
200,4,31,ring,0.8,1195831402,9,5,9,14,5,5,True,True,True
200,4,31,small_world,0.8,1195831402,0,8,19,27,8,8,True,True,True
200,4,31,small_world,0.8,1195831402,1,2,6,8,2,2,True,True,True
200,4,31,small_world,0.8,1195831402,2,2,5,7,2,2,True,True,True
200,4,31,small_world,0.8,1195831402,3,12,25,37,12,12,True,True,False
200,4,31,small_world,0.8,1195831402,4,2,6,8,2,2,True,True,True
200,4,31,small_world,0.8,1195831402,5,6,13,19,6,6,True,True,True
200,4,31,small_world,0.8,1195831402,6,2,2,4,2,2,True,True,True
200,4,31,scale_free,0.8,1195831402,0,34,67,101,34,34,True,True,False
200,4,31,er,0.9,1195831402,0,2,8,10,2,2,True,True,True
200,4,31,er,0.9,1195831402,1,7,27,34,7,7,True,True,True
200,4,31,er,0.9,1195831402,2,2,6,8,2,2,True,True,True
200,4,31,ring,0.9,1195831402,0,3,8,11,3,3,True,True,True
200,4,31,ring,0.9,1195831402,1,3,7,10,3,3,True,True,True
200,4,31,ring,0.9,1195831402,2,2,5,7,2,2,True,True,True
200,4,31,ring,0.9,1195831402,3,2,7,9,2,2,True,True,True
200,4,31,ring,0.9,1195831402,4,3,5,8,3,3,True,True,True
200,4,31,small_world,0.9,1195831402,0,4,14,18,4,4,True,True,True
200,4,31,small_world,0.9,1195831402,1,2,6,8,2,2,True,True,True
200,4,31,small_world,0.9,1195831402,2,2,5,7,2,2,True,True,True
200,4,31,small_world,0.9,1195831402,3,2,5,7,2,2,True,True,True
200,4,31,small_world,0.9,1195831402,4,3,5,8,3,3,True,True,True
200,4,31,scale_free,0.9,1195831402,0,17,49,66,17,17,True,True,False
200,4,31,scale_free,0.9,1195831402,1,2,6,8,2,2,True,True,True
200,4,32,ring,0.3,2491870921,0,2,2,4,2,2,True,True,True
200,4,32,ring,0.3,2491870921,1,2,2,4,2,2,True,True,True
200,4,32,ring,0.4,2491870921,0,8,8,16,7,7,False,False,True
200,4,32,ring,0.4,2491870921,1,16,16,32,13,13,False,False,False
200,4,32,ring,0.4,2491870921,2,2,2,4,2,2,True,True,True
200,4,32,ring,0.4,2491870921,3,3,3,6,2,2,False,False,True
200,4,32,small_world,0.4,2491870921,0,3,3,6,2,3,False,True,True
200,4,32,small_world,0.4,2491870921,1,3,3,6,2,2,False,False,True
200,4,32,ring,0.5,2491870921,0,4,4,8,3,3,False,False,True
200,4,32,ring,0.5,2491870921,1,3,5,8,3,3,True,True,True
200,4,32,ring,0.5,2491870921,2,3,7,10,3,3,True,True,True
200,4,32,ring,0.5,2491870921,3,21,22,43,19,19,False,False,False
200,4,32,ring,0.5,2491870921,4,14,16,30,12,12,False,False,False
200,4,32,ring,0.5,2491870921,5,3,3,6,2,2,False,False,True
200,4,32,ring,0.5,2491870921,6,11,11,22,10,10,False,False,False
200,4,32,small_world,0.5,2491870921,0,81,85,166,70,70,False,False,False
200,4,32,small_world,0.5,2491870921,1,2,3,5,2,2,True,True,True
200,4,32,small_world,0.5,2491870921,2,3,3,6,2,2,False,False,True
200,4,32,scale_free,0.5,2491870921,0,78,80,158,53,53,False,False,False
200,4,32,er,0.6,2491870921,0,70,89,159,68,68,False,False,False
200,4,32,ring,0.6,2491870921,0,3,5,8,3,3,True,True,True
200,4,32,ring,0.6,2491870921,1,5,8,13,5,5,True,True,True
200,4,32,ring,0.6,2491870921,2,5,7,12,5,5,True,True,True
200,4,32,ring,0.6,2491870921,3,18,25,43,17,17,False,False,False
200,4,32,ring,0.6,2491870921,4,13,17,30,11,11,False,False,False
200,4,32,ring,0.6,2491870921,5,10,18,28,9,9,False,False,True
200,4,32,ring,0.6,2491870921,6,5,7,12,5,5,True,True,True
200,4,32,ring,0.6,2491870921,7,3,4,7,3,3,True,True,True
200,4,32,ring,0.6,2491870921,8,4,7,11,4,4,True,True,True
200,4,32,small_world,0.6,2491870921,0,10,14,24,10,10,True,True,True
200,4,32,small_world,0.6,2491870921,1,5,6,11,4,4,False,False,True
200,4,32,small_world,0.6,2491870921,2,2,3,5,2,2,True,True,True
200,4,32,small_world,0.6,2491870921,3,60,86,146,58,58,False,False,False
200,4,32,scale_free,0.6,2491870921,0,69,90,159,55,55,False,False,False
200,4,32,er,0.7,2491870921,0,54,84,138,52,52,False,False,False
200,4,32,ring,0.7,2491870921,0,13,19,32,11,11,False,False,False
200,4,32,ring,0.7,2491870921,1,2,5,7,2,2,True,True,True
200,4,32,ring,0.7,2491870921,2,2,7,9,2,2,True,True,True
200,4,32,ring,0.7,2491870921,3,9,13,22,9,9,True,True,True
200,4,32,ring,0.7,2491870921,4,6,9,15,6,6,True,True,True
200,4,32,ring,0.7,2491870921,5,2,4,6,2,2,True,True,True
200,4,32,ring,0.7,2491870921,6,2,5,7,2,2,True,True,True
200,4,32,ring,0.7,2491870921,7,4,7,11,4,4,True,True,True
200,4,32,ring,0.7,2491870921,8,2,4,6,2,2,True,True,True
200,4,32,ring,0.7,2491870921,9,8,17,25,8,8,True,True,True
200,4,32,ring,0.7,2491870921,10,5,7,12,5,5,True,True,True
200,4,32,ring,0.7,2491870921,11,3,4,7,3,3,True,True,True
200,4,32,small_world,0.7,2491870921,0,58,101,159,57,57,False,False,False
200,4,32,scale_free,0.7,2491870921,0,52,88,140,48,48,False,False,False
200,4,32,er,0.8,2491870921,0,32,68,100,32,32,True,True,False
200,4,32,er,0.8,2491870921,1,4,6,10,4,4,True,True,True
200,4,32,ring,0.8,2491870921,0,6,12,18,5,5,False,False,True
200,4,32,ring,0.8,2491870921,1,2,5,7,2,2,True,True,True
200,4,32,ring,0.8,2491870921,2,3,7,10,3,3,True,True,True
200,4,32,ring,0.8,2491870921,3,4,8,12,4,4,True,True,True
200,4,32,ring,0.8,2491870921,4,2,4,6,2,2,True,True,True
200,4,32,ring,0.8,2491870921,5,3,7,10,3,3,True,True,True
200,4,32,ring,0.8,2491870921,6,5,10,15,5,5,True,True,True
200,4,32,ring,0.8,2491870921,7,2,5,7,2,2,True,True,True
200,4,32,ring,0.8,2491870921,8,3,6,9,3,3,True,True,True
200,4,32,ring,0.8,2491870921,9,2,4,6,2,2,True,True,True
200,4,32,small_world,0.8,2491870921,0,23,51,74,23,23,True,True,False
200,4,32,small_world,0.8,2491870921,1,5,14,19,5,5,True,True,True
200,4,32,small_world,0.8,2491870921,2,3,6,9,3,3,True,True,True
200,4,32,small_world,0.8,2491870921,3,2,4,6,2,2,True,True,True
200,4,32,small_world,0.8,2491870921,4,2,4,6,2,2,True,True,True
200,4,32,scale_free,0.8,2491870921,0,36,78,114,36,36,True,True,False
200,4,32,er,0.9,2491870921,0,4,10,14,4,4,True,True,True
200,4,32,er,0.9,2491870921,1,4,15,19,4,4,True,True,True
200,4,32,er,0.9,2491870921,2,2,5,7,2,2,True,True,True
200,4,32,ring,0.9,2491870921,0,2,5,7,2,2,True,True,True
200,4,32,ring,0.9,2491870921,1,2,4,6,2,2,True,True,True
200,4,32,ring,0.9,2491870921,2,2,4,6,2,2,True,True,True
200,4,32,ring,0.9,2491870921,3,2,5,7,2,2,True,True,True
200,4,32,small_world,0.9,2491870921,0,2,8,10,2,2,True,True,True
200,4,32,small_world,0.9,2491870921,1,2,6,8,2,2,True,True,True
200,4,32,small_world,0.9,2491870921,2,2,7,9,2,2,True,True,True
200,4,32,small_world,0.9,2491870921,3,4,10,14,4,4,True,True,True
200,4,32,small_world,0.9,2491870921,4,2,7,9,2,2,True,True,True
200,4,32,small_world,0.9,2491870921,5,2,4,6,2,2,True,True,True
200,4,32,scale_free,0.9,2491870921,0,20,61,81,20,20,True,True,False
200,4,33,ring,0.2,2865898526,0,3,4,7,3,3,True,True,True
200,4,33,ring,0.2,2865898526,1,2,2,4,2,2,True,True,True
200,4,33,small_world,0.2,2865898526,0,2,2,4,2,2,True,True,True
200,4,33,ring,0.3,2865898526,0,3,4,7,3,3,True,True,True
200,4,33,ring,0.3,2865898526,1,2,2,4,2,2,True,True,True
200,4,33,ring,0.3,2865898526,2,6,6,12,6,6,True,True,True
200,4,33,ring,0.3,2865898526,3,3,4,7,3,3,True,True,True
200,4,33,ring,0.3,2865898526,4,2,2,4,2,2,True,True,True
200,4,33,small_world,0.3,2865898526,0,7,7,14,6,6,False,False,True
200,4,33,small_world,0.3,2865898526,1,4,4,8,4,4,True,True,True
200,4,33,small_world,0.3,2865898526,2,5,5,10,5,5,True,True,True
200,4,33,er,0.4,2865898526,0,3,3,6,3,3,True,True,True
200,4,33,ring,0.4,2865898526,0,6,6,12,5,5,False,False,True
200,4,33,ring,0.4,2865898526,1,3,5,8,3,3,True,True,True
200,4,33,ring,0.4,2865898526,2,2,2,4,2,2,True,True,True
200,4,33,ring,0.4,2865898526,3,9,9,18,8,8,False,False,True
200,4,33,ring,0.4,2865898526,4,2,2,4,2,2,True,True,True
200,4,33,ring,0.4,2865898526,5,2,2,4,2,2,True,True,True
200,4,33,small_world,0.4,2865898526,0,6,7,13,6,6,True,True,True
200,4,33,small_world,0.4,2865898526,1,4,4,8,4,4,True,True,True
200,4,33,er,0.5,2865898526,0,3,5,8,3,3,True,True,True
200,4,33,ring,0.5,2865898526,0,6,6,12,5,5,False,False,True
200,4,33,ring,0.5,2865898526,1,7,8,15,6,6,False,False,True
200,4,33,ring,0.5,2865898526,2,3,5,8,3,3,True,True,True
200,4,33,ring,0.5,2865898526,3,5,5,10,5,5,True,True,True
200,4,33,ring,0.5,2865898526,4,11,15,26,11,11,True,True,False
200,4,33,ring,0.5,2865898526,5,4,5,9,3,3,False,False,True
200,4,33,ring,0.5,2865898526,6,9,10,19,9,9,True,True,True
200,4,33,ring,0.5,2865898526,7,10,11,21,9,9,False,False,True
200,4,33,ring,0.5,2865898526,8,6,7,13,5,5,False,False,True
200,4,33,ring,0.5,2865898526,9,2,2,4,2,2,True,True,True
200,4,33,ring,0.5,2865898526,10,5,5,10,5,5,True,True,True
200,4,33,ring,0.5,2865898526,11,2,2,4,2,2,True,True,True
200,4,33,small_world,0.5,2865898526,0,2,5,7,2,2,True,True,True
200,4,33,small_world,0.5,2865898526,1,3,4,7,3,3,True,True,True
200,4,33,er,0.6,2865898526,0,67,85,152,66,66,False,False,False
200,4,33,ring,0.6,2865898526,0,11,18,29,11,11,True,True,False
200,4,33,ring,0.6,2865898526,1,13,16,29,13,13,True,True,False
200,4,33,ring,0.6,2865898526,2,6,6,12,5,5,False,False,True
200,4,33,ring,0.6,2865898526,3,6,7,13,6,6,True,True,True
200,4,33,ring,0.6,2865898526,4,2,6,8,2,2,True,True,True
200,4,33,ring,0.6,2865898526,5,3,6,9,3,3,True,True,True
200,4,33,ring,0.6,2865898526,6,6,11,17,6,6,True,True,True
200,4,33,ring,0.6,2865898526,7,9,15,24,9,9,True,True,True
200,4,33,ring,0.6,2865898526,8,4,4,8,3,3,False,False,True
200,4,33,ring,0.6,2865898526,9,2,2,4,2,2,True,True,True
200,4,33,ring,0.6,2865898526,10,4,6,10,4,4,True,True,True
200,4,33,ring,0.6,2865898526,11,2,2,4,2,2,True,True,True
200,4,33,ring,0.6,2865898526,12,2,2,4,2,2,True,True,True
200,4,33,small_world,0.6,2865898526,0,7,7,14,5,5,False,False,True
200,4,33,small_world,0.6,2865898526,1,53,75,128,52,52,False,False,False
200,4,33,small_world,0.6,2865898526,2,4,8,12,4,4,True,True,True
200,4,33,small_world,0.6,2865898526,3,3,3,6,3,3,True,True,True
200,4,33,small_world,0.6,2865898526,4,6,7,13,6,6,True,True,True
200,4,33,scale_free,0.6,2865898526,0,73,93,166,67,67,False,False,False
200,4,33,er,0.7,2865898526,0,48,70,118,48,48,True,True,False
200,4,33,er,0.7,2865898526,1,2,4,6,2,2,True,True,True
200,4,33,er,0.7,2865898526,2,2,3,5,2,2,True,True,True
200,4,33,ring,0.7,2865898526,0,6,12,18,6,6,True,True,True
200,4,33,ring,0.7,2865898526,1,2,5,7,2,2,True,True,True
200,4,33,ring,0.7,2865898526,2,8,15,23,8,8,True,True,True
200,4,33,ring,0.7,2865898526,3,4,6,10,3,3,False,False,True
200,4,33,ring,0.7,2865898526,4,6,8,14,6,6,True,True,True
200,4,33,ring,0.7,2865898526,5,2,6,8,2,2,True,True,True
200,4,33,ring,0.7,2865898526,6,6,11,17,6,6,True,True,True
200,4,33,ring,0.7,2865898526,7,8,15,23,8,8,True,True,True
200,4,33,ring,0.7,2865898526,8,4,6,10,4,4,True,True,True
200,4,33,ring,0.7,2865898526,9,2,7,9,2,2,True,True,True
200,4,33,ring,0.7,2865898526,10,2,2,4,2,2,True,True,True
200,4,33,small_world,0.7,2865898526,0,8,10,18,7,7,False,False,True
200,4,33,small_world,0.7,2865898526,1,34,61,95,34,34,True,True,False
200,4,33,small_world,0.7,2865898526,2,2,6,8,2,2,True,True,True
200,4,33,small_world,0.7,2865898526,3,2,4,6,2,2,True,True,True
200,4,33,small_world,0.7,2865898526,4,6,8,14,6,6,True,True,True
200,4,33,small_world,0.7,2865898526,5,2,7,9,2,2,True,True,True
200,4,33,scale_free,0.7,2865898526,0,57,91,148,54,54,False,False,False
200,4,33,er,0.8,2865898526,0,28,56,84,28,28,True,True,False
200,4,33,er,0.8,2865898526,1,4,7,11,4,4,True,True,True
200,4,33,ring,0.8,2865898526,0,3,6,9,3,3,True,True,True
200,4,33,ring,0.8,2865898526,1,2,5,7,2,2,True,True,True
200,4,33,ring,0.8,2865898526,2,7,16,23,7,7,True,True,True
200,4,33,ring,0.8,2865898526,3,3,5,8,3,3,True,True,True
200,4,33,ring,0.8,2865898526,4,2,4,6,2,2,True,True,True
200,4,33,ring,0.8,2865898526,5,5,11,16,5,5,True,True,True
200,4,33,ring,0.8,2865898526,6,3,6,9,3,3,True,True,True
200,4,33,ring,0.8,2865898526,7,2,7,9,2,2,True,True,True
200,4,33,ring,0.8,2865898526,8,6,7,13,6,6,True,True,True
200,4,33,small_world,0.8,2865898526,0,3,6,9,3,3,True,True,True
200,4,33,small_world,0.8,2865898526,1,4,12,16,4,4,True,True,True
200,4,33,small_world,0.8,2865898526,2,10,25,35,10,10,True,True,True
200,4,33,small_world,0.8,2865898526,3,6,10,16,6,6,True,True,True
200,4,33,small_world,0.8,2865898526,4,2,6,8,2,2,True,True,True
200,4,33,small_world,0.8,2865898526,5,5,7,12,5,5,True,True,True
200,4,33,small_world,0.8,2865898526,6,2,4,6,2,2,True,True,True
200,4,33,small_world,0.8,2865898526,7,2,7,9,2,2,True,True,True
200,4,33,scale_free,0.8,2865898526,0,35,74,109,35,35,True,True,False
200,4,33,er,0.9,2865898526,0,11,28,39,11,11,True,True,False
200,4,33,ring,0.9,2865898526,0,2,5,7,2,2,True,True,True
200,4,33,ring,0.9,2865898526,1,2,7,9,2,2,True,True,True
200,4,33,ring,0.9,2865898526,2,2,4,6,2,2,True,True,True
200,4,33,ring,0.9,2865898526,3,2,6,8,2,2,True,True,True
200,4,33,ring,0.9,2865898526,4,2,4,6,2,2,True,True,True
200,4,33,ring,0.9,2865898526,5,2,4,6,2,2,True,True,True
200,4,33,small_world,0.9,2865898526,0,3,9,12,3,3,True,True,True
200,4,33,small_world,0.9,2865898526,1,4,11,15,4,4,True,True,True
200,4,33,small_world,0.9,2865898526,2,2,5,7,2,2,True,True,True
200,4,33,small_world,0.9,2865898526,3,3,7,10,3,3,True,True,True
200,4,33,small_world,0.9,2865898526,4,2,4,6,2,2,True,True,True
200,4,33,scale_free,0.9,2865898526,0,2,3,5,2,2,True,True,True
200,4,33,scale_free,0.9,2865898526,1,8,14,22,8,8,True,True,True
200,4,33,scale_free,0.9,2865898526,2,4,11,15,4,4,True,True,True
200,4,34,ring,0.3,3892683814,0,2,2,4,2,2,True,True,True
200,4,34,ring,0.3,3892683814,1,2,2,4,2,2,True,True,True
200,4,34,ring,0.3,3892683814,2,2,2,4,2,2,True,True,True
200,4,34,small_world,0.3,3892683814,0,2,2,4,2,2,True,True,True
200,4,34,small_world,0.3,3892683814,1,3,3,6,3,3,True,True,True
200,4,34,small_world,0.3,3892683814,2,2,2,4,2,2,True,True,True
200,4,34,ring,0.4,3892683814,0,5,5,10,5,5,True,True,True
200,4,34,ring,0.4,3892683814,1,12,12,24,11,11,False,False,False
200,4,34,ring,0.4,3892683814,2,2,2,4,2,2,True,True,True
200,4,34,small_world,0.4,3892683814,0,3,3,6,3,3,True,True,True
200,4,34,small_world,0.4,3892683814,1,2,2,4,2,2,True,True,True
200,4,34,scale_free,0.4,3892683814,0,2,2,4,2,2,True,True,True
200,4,34,er,0.5,3892683814,0,80,81,161,75,76,False,False,False
200,4,34,ring,0.5,3892683814,0,18,21,39,17,17,False,False,False
200,4,34,ring,0.5,3892683814,1,5,5,10,5,5,True,True,True
200,4,34,ring,0.5,3892683814,2,6,9,15,6,6,True,True,True
200,4,34,ring,0.5,3892683814,3,2,2,4,2,2,True,True,True
200,4,34,ring,0.5,3892683814,4,7,8,15,7,7,True,True,True
200,4,34,ring,0.5,3892683814,5,6,8,14,6,6,True,True,True
200,4,34,small_world,0.5,3892683814,0,6,7,13,5,5,False,False,True
200,4,34,small_world,0.5,3892683814,1,3,4,7,3,3,True,True,True
200,4,34,small_world,0.5,3892683814,2,6,6,12,6,6,True,True,True
200,4,34,small_world,0.5,3892683814,3,2,2,4,2,2,True,True,True
200,4,34,scale_free,0.5,3892683814,0,2,5,7,2,2,True,True,True
200,4,34,scale_free,0.5,3892683814,1,2,2,4,2,2,True,True,True
200,4,34,er,0.6,3892683814,0,71,93,164,71,71,True,True,False
200,4,34,ring,0.6,3892683814,0,8,12,20,8,8,True,True,True
200,4,34,ring,0.6,3892683814,1,6,9,15,6,6,True,True,True
200,4,34,ring,0.6,3892683814,2,2,2,4,2,2,True,True,True
200,4,34,ring,0.6,3892683814,3,7,8,15,7,7,True,True,True
200,4,34,ring,0.6,3892683814,4,6,8,14,6,6,True,True,True
200,4,34,ring,0.6,3892683814,5,7,7,14,7,7,True,True,True
200,4,34,ring,0.6,3892683814,6,3,9,12,3,3,True,True,True
200,4,34,ring,0.6,3892683814,7,8,11,19,8,8,True,True,True
200,4,34,ring,0.6,3892683814,8,3,5,8,3,3,True,True,True
200,4,34,ring,0.6,3892683814,9,8,10,18,8,8,True,True,True
200,4,34,ring,0.6,3892683814,10,8,11,19,8,8,True,True,True
200,4,34,small_world,0.6,3892683814,0,28,43,71,28,28,True,True,False
200,4,34,small_world,0.6,3892683814,1,3,3,6,3,3,True,True,True
200,4,34,small_world,0.6,3892683814,2,3,4,7,3,3,True,True,True
200,4,34,small_world,0.6,3892683814,3,37,45,82,36,36,False,False,False
200,4,34,scale_free,0.6,3892683814,0,67,89,156,61,61,False,False,False
200,4,34,er,0.7,3892683814,0,56,99,155,56,56,True,True,False
200,4,34,ring,0.7,3892683814,0,4,6,10,4,4,True,True,True
200,4,34,ring,0.7,3892683814,1,6,9,15,6,6,True,True,True
200,4,34,ring,0.7,3892683814,2,2,2,4,2,2,True,True,True
200,4,34,ring,0.7,3892683814,3,7,11,18,7,7,True,True,True
200,4,34,ring,0.7,3892683814,4,4,7,11,4,4,True,True,True
200,4,34,ring,0.7,3892683814,5,5,8,13,5,5,True,True,True
200,4,34,ring,0.7,3892683814,6,9,10,19,9,9,True,True,True
200,4,34,ring,0.7,3892683814,7,2,7,9,2,2,True,True,True
200,4,34,ring,0.7,3892683814,8,3,4,7,3,3,True,True,True
200,4,34,ring,0.7,3892683814,9,2,5,7,2,2,True,True,True
200,4,34,ring,0.7,3892683814,10,2,6,8,2,2,True,True,True
200,4,34,ring,0.7,3892683814,11,6,14,20,6,6,True,True,True
200,4,34,ring,0.7,3892683814,12,2,7,9,2,2,True,True,True
200,4,34,small_world,0.7,3892683814,0,7,13,20,7,7,True,True,True
200,4,34,small_world,0.7,3892683814,1,3,4,7,3,3,True,True,True
200,4,34,small_world,0.7,3892683814,2,13,24,37,13,13,True,True,False
200,4,34,small_world,0.7,3892683814,3,21,39,60,21,21,True,True,False
200,4,34,small_world,0.7,3892683814,4,2,4,6,2,2,True,True,True
200,4,34,small_world,0.7,3892683814,5,2,2,4,2,2,True,True,True
200,4,34,small_world,0.7,3892683814,6,3,7,10,3,3,True,True,True
200,4,34,small_world,0.7,3892683814,7,2,3,5,2,2,True,True,True
200,4,34,scale_free,0.7,3892683814,0,47,91,138,46,46,False,False,False
200,4,34,er,0.8,3892683814,0,33,89,122,33,33,True,True,False
200,4,34,er,0.8,3892683814,1,2,3,5,2,2,True,True,True
200,4,34,ring,0.8,3892683814,0,2,5,7,2,2,True,True,True
200,4,34,ring,0.8,3892683814,1,2,5,7,2,2,True,True,True
200,4,34,ring,0.8,3892683814,2,2,2,4,2,2,True,True,True
200,4,34,ring,0.8,3892683814,3,2,2,4,2,2,True,True,True
200,4,34,ring,0.8,3892683814,4,3,7,10,3,3,True,True,True
200,4,34,ring,0.8,3892683814,5,2,4,6,2,2,True,True,True
200,4,34,ring,0.8,3892683814,6,2,5,7,2,2,True,True,True
200,4,34,ring,0.8,3892683814,7,3,6,9,3,3,True,True,True
200,4,34,ring,0.8,3892683814,8,2,7,9,2,2,True,True,True
200,4,34,ring,0.8,3892683814,9,2,4,6,2,2,True,True,True
200,4,34,ring,0.8,3892683814,10,6,14,20,6,6,True,True,True
200,4,34,small_world,0.8,3892683814,0,11,24,35,11,11,True,True,False
200,4,34,small_world,0.8,3892683814,1,9,23,32,9,9,True,True,True
200,4,34,small_world,0.8,3892683814,2,2,4,6,2,2,True,True,True
200,4,34,small_world,0.8,3892683814,3,2,4,6,2,2,True,True,True
200,4,34,small_world,0.8,3892683814,4,2,2,4,2,2,True,True,True
200,4,34,small_world,0.8,3892683814,5,2,7,9,2,2,True,True,True
200,4,34,small_world,0.8,3892683814,6,2,4,6,2,2,True,True,True
200,4,34,scale_free,0.8,3892683814,0,34,86,120,34,34,True,True,False
200,4,34,er,0.9,3892683814,0,13,50,63,13,13,True,True,False
200,4,34,er,0.9,3892683814,1,2,7,9,2,2,True,True,True
200,4,34,ring,0.9,3892683814,0,2,5,7,2,2,True,True,True
200,4,34,ring,0.9,3892683814,1,2,4,6,2,2,True,True,True
200,4,34,ring,0.9,3892683814,2,2,5,7,2,2,True,True,True
200,4,34,ring,0.9,3892683814,3,2,7,9,2,2,True,True,True
200,4,34,ring,0.9,3892683814,4,2,5,7,2,2,True,True,True
200,4,34,small_world,0.9,3892683814,0,7,18,25,7,7,True,True,True
200,4,34,small_world,0.9,3892683814,1,2,6,8,2,2,True,True,True
200,4,34,small_world,0.9,3892683814,2,2,4,6,2,2,True,True,True
200,4,34,small_world,0.9,3892683814,3,2,6,8,2,2,True,True,True
200,4,34,scale_free,0.9,3892683814,0,19,76,95,19,19,True,True,False
200,4,35,ring,0.3,3092592135,0,2,2,4,2,2,True,True,True
200,4,35,ring,0.4,3092592135,0,4,4,8,3,3,False,False,True
200,4,35,ring,0.4,3092592135,1,8,8,16,6,6,False,False,True
200,4,35,small_world,0.4,3092592135,0,2,3,5,2,2,True,True,True
200,4,35,small_world,0.4,3092592135,1,8,8,16,6,6,False,False,True
200,4,35,ring,0.5,3092592135,0,16,19,35,15,15,False,False,False
200,4,35,ring,0.5,3092592135,1,8,9,17,8,8,True,True,True
200,4,35,ring,0.5,3092592135,2,3,3,6,2,2,False,False,True
200,4,35,ring,0.5,3092592135,3,7,8,15,6,6,False,False,True
200,4,35,ring,0.5,3092592135,4,3,3,6,2,2,False,False,True
200,4,35,ring,0.5,3092592135,5,7,7,14,6,6,False,False,True
200,4,35,ring,0.5,3092592135,6,7,9,16,7,7,True,True,True
200,4,35,ring,0.5,3092592135,7,3,4,7,3,3,True,True,True
200,4,35,ring,0.5,3092592135,8,3,4,7,3,3,True,True,True
200,4,35,small_world,0.5,3092592135,0,63,68,131,57,57,False,False,False
200,4,35,small_world,0.5,3092592135,1,7,9,16,7,7,True,True,True
200,4,35,scale_free,0.5,3092592135,0,80,86,166,66,66,False,False,False
200,4,35,er,0.6,3092592135,0,72,88,160,71,71,False,False,False
200,4,35,ring,0.6,3092592135,0,8,14,22,8,8,True,True,True
200,4,35,ring,0.6,3092592135,1,3,5,8,3,3,True,True,True
200,4,35,ring,0.6,3092592135,2,7,13,20,7,7,True,True,True
200,4,35,ring,0.6,3092592135,3,6,9,15,6,6,True,True,True
200,4,35,ring,0.6,3092592135,4,3,3,6,2,2,False,False,True
200,4,35,ring,0.6,3092592135,5,6,7,13,6,6,True,True,True
200,4,35,ring,0.6,3092592135,6,8,11,19,7,7,False,False,True
200,4,35,ring,0.6,3092592135,7,7,9,16,7,7,True,True,True
200,4,35,ring,0.6,3092592135,8,3,4,7,3,3,True,True,True
200,4,35,ring,0.6,3092592135,9,2,4,6,2,2,True,True,True
200,4,35,ring,0.6,3092592135,10,4,8,12,4,4,True,True,True
200,4,35,ring,0.6,3092592135,11,3,4,7,3,3,True,True,True
200,4,35,ring,0.6,3092592135,12,7,10,17,7,7,True,True,True
200,4,35,small_world,0.6,3092592135,0,65,92,157,61,61,False,False,False
200,4,35,small_world,0.6,3092592135,1,2,4,6,2,2,True,True,True
200,4,35,small_world,0.6,3092592135,2,7,9,16,7,7,True,True,True
200,4,35,scale_free,0.6,3092592135,0,70,96,166,68,68,False,False,False
200,4,35,er,0.7,3092592135,0,53,90,143,53,53,True,True,False
200,4,35,ring,0.7,3092592135,0,2,7,9,2,2,True,True,True
200,4,35,ring,0.7,3092592135,1,2,4,6,2,2,True,True,True
200,4,35,ring,0.7,3092592135,2,3,5,8,3,3,True,True,True
200,4,35,ring,0.7,3092592135,3,4,9,13,4,4,True,True,True
200,4,35,ring,0.7,3092592135,4,5,6,11,5,5,True,True,True
200,4,35,ring,0.7,3092592135,5,3,4,7,3,3,True,True,True
200,4,35,ring,0.7,3092592135,6,2,2,4,2,2,True,True,True
200,4,35,ring,0.7,3092592135,7,4,6,10,4,4,True,True,True
200,4,35,ring,0.7,3092592135,8,6,12,18,6,6,True,True,True
200,4,35,ring,0.7,3092592135,9,2,6,8,2,2,True,True,True
200,4,35,ring,0.7,3092592135,10,5,6,11,5,5,True,True,True
200,4,35,ring,0.7,3092592135,11,2,4,6,2,2,True,True,True
200,4,35,ring,0.7,3092592135,12,3,6,9,3,3,True,True,True
200,4,35,ring,0.7,3092592135,13,6,10,16,6,6,True,True,True
200,4,35,ring,0.7,3092592135,14,7,10,17,7,7,True,True,True
200,4,35,small_world,0.7,3092592135,0,43,74,117,43,43,True,True,False
200,4,35,small_world,0.7,3092592135,1,5,10,15,5,5,True,True,True
200,4,35,small_world,0.7,3092592135,2,2,3,5,2,2,True,True,True
200,4,35,small_world,0.7,3092592135,3,2,3,5,2,2,True,True,True
200,4,35,small_world,0.7,3092592135,4,2,4,6,2,2,True,True,True
200,4,35,small_world,0.7,3092592135,5,2,6,8,2,2,True,True,True
200,4,35,scale_free,0.7,3092592135,0,55,95,150,55,55,True,True,False
200,4,35,scale_free,0.7,3092592135,1,2,2,4,2,2,True,True,True
200,4,35,er,0.8,3092592135,0,32,69,101,32,32,True,True,False
200,4,35,er,0.8,3092592135,1,2,3,5,2,2,True,True,True
200,4,35,er,0.8,3092592135,2,2,5,7,2,2,True,True,True
200,4,35,ring,0.8,3092592135,0,3,5,8,3,3,True,True,True
200,4,35,ring,0.8,3092592135,1,4,5,9,4,4,True,True,True
200,4,35,ring,0.8,3092592135,2,3,8,11,3,3,True,True,True
200,4,35,ring,0.8,3092592135,3,3,6,9,3,3,True,True,True
200,4,35,ring,0.8,3092592135,4,2,5,7,2,2,True,True,True
200,4,35,ring,0.8,3092592135,5,2,6,8,2,2,True,True,True
200,4,35,ring,0.8,3092592135,6,3,8,11,3,3,True,True,True
200,4,35,ring,0.8,3092592135,7,2,4,6,2,2,True,True,True
200,4,35,ring,0.8,3092592135,8,2,6,8,2,2,True,True,True
200,4,35,ring,0.8,3092592135,9,3,7,10,3,3,True,True,True
200,4,35,ring,0.8,3092592135,10,2,4,6,2,2,True,True,True
200,4,35,ring,0.8,3092592135,11,5,8,13,5,5,True,True,True
200,4,35,small_world,0.8,3092592135,0,19,43,62,19,19,True,True,False
200,4,35,small_world,0.8,3092592135,1,2,6,8,2,2,True,True,True
200,4,35,small_world,0.8,3092592135,2,6,13,19,6,6,True,True,True
200,4,35,small_world,0.8,3092592135,3,3,4,7,3,3,True,True,True
200,4,35,small_world,0.8,3092592135,4,3,7,10,3,3,True,True,True
200,4,35,small_world,0.8,3092592135,5,2,6,8,2,2,True,True,True
200,4,35,scale_free,0.8,3092592135,0,34,67,101,34,34,True,True,False
200,4,35,er,0.9,3092592135,0,5,18,23,5,5,True,True,True
200,4,35,er,0.9,3092592135,1,2,5,7,2,2,True,True,True
200,4,35,er,0.9,3092592135,2,2,3,5,2,2,True,True,True
200,4,35,ring,0.9,3092592135,0,3,4,7,3,3,True,True,True
200,4,35,ring,0.9,3092592135,1,2,6,8,2,2,True,True,True
200,4,35,ring,0.9,3092592135,2,2,5,7,2,2,True,True,True
200,4,35,ring,0.9,3092592135,3,2,6,8,2,2,True,True,True
200,4,35,ring,0.9,3092592135,4,2,6,8,2,2,True,True,True
200,4,35,small_world,0.9,3092592135,0,2,3,5,2,2,True,True,True
200,4,35,small_world,0.9,3092592135,1,2,6,8,2,2,True,True,True
200,4,35,small_world,0.9,3092592135,2,3,8,11,3,3,True,True,True
200,4,35,small_world,0.9,3092592135,3,4,11,15,4,4,True,True,True
200,4,35,scale_free,0.9,3092592135,0,2,4,6,2,2,True,True,True
200,4,35,scale_free,0.9,3092592135,1,12,33,45,12,12,True,True,False
200,4,36,er,0.2,106562385,0,3,3,6,3,3,True,True,True
200,4,36,scale_free,0.2,106562385,0,2,2,4,2,2,True,True,True
200,4,36,er,0.3,106562385,0,2,2,4,2,2,True,True,True
200,4,36,er,0.3,106562385,1,3,3,6,3,3,True,True,True
200,4,36,scale_free,0.3,106562385,0,2,2,4,2,2,True,True,True
200,4,36,er,0.4,106562385,0,2,2,4,2,2,True,True,True
200,4,36,ring,0.4,106562385,0,17,18,35,13,13,False,False,False
200,4,36,er,0.5,106562385,0,82,83,165,74,74,False,False,False
200,4,36,er,0.5,106562385,1,2,2,4,2,2,True,True,True
200,4,36,ring,0.5,106562385,0,10,10,20,8,8,False,False,True
200,4,36,ring,0.5,106562385,1,7,8,15,7,7,True,True,True
200,4,36,ring,0.5,106562385,2,4,8,12,4,4,True,True,True
200,4,36,small_world,0.5,106562385,0,4,4,8,3,3,False,False,True
200,4,36,er,0.6,106562385,0,66,92,158,62,62,False,False,False
200,4,36,er,0.6,106562385,1,2,2,4,2,2,True,True,True
200,4,36,ring,0.6,106562385,0,25,25,50,21,21,False,False,False
200,4,36,ring,0.6,106562385,1,3,6,9,3,3,True,True,True
200,4,36,ring,0.6,106562385,2,4,5,9,4,4,True,True,True
200,4,36,ring,0.6,106562385,3,4,8,12,4,4,True,True,True
200,4,36,ring,0.6,106562385,4,6,8,14,6,6,True,True,True
200,4,36,ring,0.6,106562385,5,8,10,18,6,6,False,False,True
200,4,36,ring,0.6,106562385,6,4,8,12,4,4,True,True,True
200,4,36,ring,0.6,106562385,7,3,9,12,3,3,True,True,True
200,4,36,ring,0.6,106562385,8,7,8,15,7,7,True,True,True
200,4,36,small_world,0.6,106562385,0,74,93,167,68,68,False,False,False
200,4,36,small_world,0.6,106562385,1,4,6,10,3,3,False,False,True
200,4,36,er,0.7,106562385,0,50,94,144,49,49,False,False,False
200,4,36,er,0.7,106562385,1,2,2,4,2,2,True,True,True
200,4,36,ring,0.7,106562385,0,2,4,6,2,2,True,True,True
200,4,36,ring,0.7,106562385,1,2,5,7,2,2,True,True,True
200,4,36,ring,0.7,106562385,2,3,5,8,3,3,True,True,True
200,4,36,ring,0.7,106562385,3,4,8,12,4,4,True,True,True
200,4,36,ring,0.7,106562385,4,6,8,14,6,6,True,True,True
200,4,36,ring,0.7,106562385,5,4,11,15,4,4,True,True,True
200,4,36,ring,0.7,106562385,6,2,4,6,2,2,True,True,True
200,4,36,ring,0.7,106562385,7,12,13,25,11,11,False,False,False
200,4,36,ring,0.7,106562385,8,2,6,8,2,2,True,True,True
200,4,36,ring,0.7,106562385,9,3,7,10,3,3,True,True,True
200,4,36,ring,0.7,106562385,10,18,28,46,18,18,True,True,False
200,4,36,small_world,0.7,106562385,0,45,77,122,45,45,True,True,False
200,4,36,small_world,0.7,106562385,1,2,3,5,2,2,True,True,True
200,4,36,small_world,0.7,106562385,2,10,15,25,10,10,True,True,True
200,4,36,scale_free,0.7,106562385,0,54,67,121,47,47,False,False,False
200,4,36,scale_free,0.7,106562385,1,2,3,5,2,2,True,True,True
200,4,36,er,0.8,106562385,0,31,83,114,31,31,True,True,False
200,4,36,er,0.8,106562385,1,2,4,6,2,2,True,True,True
200,4,36,ring,0.8,106562385,0,2,4,6,2,2,True,True,True
200,4,36,ring,0.8,106562385,1,2,5,7,2,2,True,True,True
200,4,36,ring,0.8,106562385,2,2,4,6,2,2,True,True,True
200,4,36,ring,0.8,106562385,3,2,4,6,2,2,True,True,True
200,4,36,ring,0.8,106562385,4,4,11,15,4,4,True,True,True
200,4,36,ring,0.8,106562385,5,2,4,6,2,2,True,True,True
200,4,36,ring,0.8,106562385,6,3,8,11,3,3,True,True,True
200,4,36,ring,0.8,106562385,7,5,6,11,5,5,True,True,True
200,4,36,ring,0.8,106562385,8,2,6,8,2,2,True,True,True
200,4,36,ring,0.8,106562385,9,3,6,9,3,3,True,True,True
200,4,36,ring,0.8,106562385,10,3,10,13,3,3,True,True,True
200,4,36,ring,0.8,106562385,11,7,13,20,7,7,True,True,True
200,4,36,small_world,0.8,106562385,0,3,8,11,3,3,True,True,True
200,4,36,small_world,0.8,106562385,1,4,12,16,4,4,True,True,True
200,4,36,small_world,0.8,106562385,2,2,5,7,2,2,True,True,True
200,4,36,small_world,0.8,106562385,3,2,4,6,2,2,True,True,True
200,4,36,small_world,0.8,106562385,4,2,4,6,2,2,True,True,True
200,4,36,small_world,0.8,106562385,5,2,3,5,2,2,True,True,True
200,4,36,small_world,0.8,106562385,6,10,19,29,10,10,True,True,True
200,4,36,small_world,0.8,106562385,7,9,16,25,9,9,True,True,True
200,4,36,small_world,0.8,106562385,8,3,10,13,3,3,True,True,True
200,4,36,scale_free,0.8,106562385,0,37,58,95,36,36,False,False,False
200,4,36,er,0.9,106562385,0,9,36,45,9,9,True,True,True
200,4,36,er,0.9,106562385,1,2,7,9,2,2,True,True,True
200,4,36,ring,0.9,106562385,0,2,5,7,2,2,True,True,True
200,4,36,ring,0.9,106562385,1,4,11,15,4,4,True,True,True
200,4,36,ring,0.9,106562385,2,2,5,7,2,2,True,True,True
200,4,36,ring,0.9,106562385,3,3,10,13,3,3,True,True,True
200,4,36,ring,0.9,106562385,4,2,7,9,2,2,True,True,True
200,4,36,small_world,0.9,106562385,0,4,12,16,4,4,True,True,True
200,4,36,small_world,0.9,106562385,1,2,5,7,2,2,True,True,True
200,4,36,small_world,0.9,106562385,2,3,9,12,3,3,True,True,True
200,4,36,small_world,0.9,106562385,3,3,10,13,3,3,True,True,True
200,4,36,small_world,0.9,106562385,4,2,7,9,2,2,True,True,True
200,4,36,scale_free,0.9,106562385,0,12,29,41,12,12,True,True,False
200,4,36,scale_free,0.9,106562385,1,3,7,10,3,3,True,True,True
200,4,37,ring,0.4,3945820920,0,9,11,20,9,9,True,True,True
200,4,37,er,0.5,3945820920,0,82,85,167,76,76,False,False,False
200,4,37,ring,0.5,3945820920,0,51,55,106,45,45,False,False,False
200,4,37,ring,0.5,3945820920,1,26,26,52,23,23,False,False,False
200,4,37,scale_free,0.5,3945820920,0,4,4,8,4,4,True,True,True
200,4,37,er,0.6,3945820920,0,64,91,155,62,62,False,False,False
200,4,37,ring,0.6,3945820920,0,9,11,20,9,9,True,True,True
200,4,37,ring,0.6,3945820920,1,10,15,25,10,10,True,True,True
200,4,37,ring,0.6,3945820920,2,23,29,52,20,20,False,False,False
200,4,37,ring,0.6,3945820920,3,6,9,15,6,6,True,True,True
200,4,37,ring,0.6,3945820920,4,14,19,33,14,14,True,True,False
200,4,37,ring,0.6,3945820920,5,8,9,17,7,7,False,False,True
200,4,37,ring,0.6,3945820920,6,6,8,14,6,6,True,True,True
200,4,37,ring,0.6,3945820920,7,2,5,7,2,2,True,True,True
200,4,37,small_world,0.6,3945820920,0,73,93,166,70,70,False,False,False
200,4,37,small_world,0.6,3945820920,1,4,6,10,4,4,True,True,True
200,4,37,scale_free,0.6,3945820920,0,67,73,140,52,52,False,False,False
200,4,37,scale_free,0.6,3945820920,1,4,4,8,4,4,True,True,True
200,4,37,er,0.7,3945820920,0,48,92,140,48,48,True,True,False
200,4,37,er,0.7,3945820920,1,5,7,12,5,5,True,True,True
200,4,37,ring,0.7,3945820920,0,2,4,6,2,2,True,True,True
200,4,37,ring,0.7,3945820920,1,3,5,8,3,3,True,True,True
200,4,37,ring,0.7,3945820920,2,6,11,17,6,6,True,True,True
200,4,37,ring,0.7,3945820920,3,6,9,15,6,6,True,True,True
200,4,37,ring,0.7,3945820920,4,2,5,7,2,2,True,True,True
200,4,37,ring,0.7,3945820920,5,4,11,15,4,4,True,True,True
200,4,37,ring,0.7,3945820920,6,6,9,15,6,6,True,True,True
200,4,37,ring,0.7,3945820920,7,9,17,26,9,9,True,True,True
200,4,37,ring,0.7,3945820920,8,3,4,7,3,3,True,True,True
200,4,37,ring,0.7,3945820920,9,12,21,33,12,12,True,True,False
200,4,37,ring,0.7,3945820920,10,2,5,7,2,2,True,True,True
200,4,37,ring,0.7,3945820920,11,4,7,11,4,4,True,True,True
200,4,37,small_world,0.7,3945820920,0,4,10,14,4,4,True,True,True
200,4,37,small_world,0.7,3945820920,1,39,66,105,39,39,True,True,False
200,4,37,small_world,0.7,3945820920,2,3,5,8,3,3,True,True,True
200,4,37,small_world,0.7,3945820920,3,2,4,6,2,2,True,True,True
200,4,37,small_world,0.7,3945820920,4,7,13,20,7,7,True,True,True
200,4,37,small_world,0.7,3945820920,5,4,6,10,4,4,True,True,True
200,4,37,scale_free,0.7,3945820920,0,52,67,119,46,46,False,False,False
200,4,37,er,0.8,3945820920,0,36,89,125,36,36,True,True,False
200,4,37,ring,0.8,3945820920,0,2,4,6,2,2,True,True,True
200,4,37,ring,0.8,3945820920,1,2,5,7,2,2,True,True,True
200,4,37,ring,0.8,3945820920,2,2,5,7,2,2,True,True,True
200,4,37,ring,0.8,3945820920,3,3,7,10,3,3,True,True,True
200,4,37,ring,0.8,3945820920,4,4,6,10,4,4,True,True,True
200,4,37,ring,0.8,3945820920,5,2,6,8,2,2,True,True,True
200,4,37,ring,0.8,3945820920,6,8,18,26,8,8,True,True,True
200,4,37,ring,0.8,3945820920,7,4,7,11,4,4,True,True,True
200,4,37,ring,0.8,3945820920,8,4,11,15,4,4,True,True,True
200,4,37,ring,0.8,3945820920,9,2,7,9,2,2,True,True,True
200,4,37,small_world,0.8,3945820920,0,2,4,6,2,2,True,True,True
200,4,37,small_world,0.8,3945820920,1,2,8,10,2,2,True,True,True
200,4,37,small_world,0.8,3945820920,2,3,8,11,3,3,True,True,True
200,4,37,small_world,0.8,3945820920,3,2,5,7,2,2,True,True,True
200,4,37,small_world,0.8,3945820920,4,2,5,7,2,2,True,True,True
200,4,37,small_world,0.8,3945820920,5,3,7,10,3,3,True,True,True
200,4,37,small_world,0.8,3945820920,6,4,6,10,4,4,True,True,True
200,4,37,small_world,0.8,3945820920,7,6,14,20,6,6,True,True,True
200,4,37,small_world,0.8,3945820920,8,2,6,8,2,2,True,True,True
200,4,37,small_world,0.8,3945820920,9,4,6,10,4,4,True,True,True
200,4,37,small_world,0.8,3945820920,10,4,11,15,4,4,True,True,True
200,4,37,small_world,0.8,3945820920,11,2,7,9,2,2,True,True,True
200,4,37,scale_free,0.8,3945820920,0,38,67,105,35,35,False,False,False
200,4,37,er,0.9,3945820920,0,6,22,28,6,6,True,True,True
200,4,37,er,0.9,3945820920,1,5,17,22,5,5,True,True,True
200,4,37,ring,0.9,3945820920,0,2,5,7,2,2,True,True,True
200,4,37,ring,0.9,3945820920,1,3,6,9,3,3,True,True,True
200,4,37,ring,0.9,3945820920,2,2,6,8,2,2,True,True,True
200,4,37,ring,0.9,3945820920,3,2,4,6,2,2,True,True,True
200,4,37,ring,0.9,3945820920,4,2,6,8,2,2,True,True,True
200,4,37,small_world,0.9,3945820920,0,2,8,10,2,2,True,True,True
200,4,37,small_world,0.9,3945820920,1,2,5,7,2,2,True,True,True
200,4,37,small_world,0.9,3945820920,2,3,6,9,3,3,True,True,True
200,4,37,small_world,0.9,3945820920,3,2,6,8,2,2,True,True,True
200,4,37,small_world,0.9,3945820920,4,2,4,6,2,2,True,True,True
200,4,37,small_world,0.9,3945820920,5,2,6,8,2,2,True,True,True
200,4,37,scale_free,0.9,3945820920,0,12,27,39,11,11,False,False,False
200,4,37,scale_free,0.9,3945820920,1,2,3,5,2,2,True,True,True
200,4,37,scale_free,0.9,3945820920,2,2,6,8,2,2,True,True,True
200,4,37,scale_free,0.9,3945820920,3,2,3,5,2,2,True,True,True
200,4,38,scale_free,0.1,334444947,0,2,2,4,2,2,True,True,True
200,4,38,scale_free,0.2,334444947,0,4,4,8,4,4,True,True,True
200,4,38,ring,0.3,334444947,0,2,2,4,2,2,True,True,True
200,4,38,ring,0.3,334444947,1,4,4,8,4,4,True,True,True
200,4,38,small_world,0.3,334444947,0,2,2,4,2,2,True,True,True
200,4,38,scale_free,0.3,334444947,0,2,2,4,2,2,True,True,True
200,4,38,er,0.4,334444947,0,2,2,4,2,2,True,True,True
200,4,38,ring,0.4,334444947,0,2,2,4,2,2,True,True,True
200,4,38,ring,0.4,334444947,1,11,15,26,11,11,True,True,False
200,4,38,small_world,0.4,334444947,0,2,2,4,2,2,True,True,True
200,4,38,small_world,0.4,334444947,1,2,3,5,2,2,True,True,True
200,4,38,er,0.5,334444947,0,84,85,169,75,75,False,False,False
200,4,38,ring,0.5,334444947,0,7,12,19,7,7,True,True,True
200,4,38,ring,0.5,334444947,1,2,2,4,2,2,True,True,True
200,4,38,ring,0.5,334444947,2,8,8,16,7,7,False,False,True
200,4,38,ring,0.5,334444947,3,2,2,4,2,2,True,True,True
200,4,38,ring,0.5,334444947,4,10,16,26,10,10,True,True,True
200,4,38,small_world,0.5,334444947,0,74,77,151,59,59,False,False,False
200,4,38,small_world,0.5,334444947,1,2,2,4,2,2,True,True,True
200,4,38,small_world,0.5,334444947,2,8,8,16,7,7,False,False,True
200,4,38,small_world,0.5,334444947,3,6,6,12,4,4,False,False,True
200,4,38,scale_free,0.5,334444947,0,67,72,139,54,54,False,False,False
200,4,38,er,0.6,334444947,0,67,93,160,66,66,False,False,False
200,4,38,ring,0.6,334444947,0,5,13,18,5,5,True,True,True
200,4,38,ring,0.6,334444947,1,14,17,31,12,12,False,False,False
200,4,38,ring,0.6,334444947,2,2,4,6,2,2,True,True,True
200,4,38,ring,0.6,334444947,3,13,16,29,12,12,False,False,False
200,4,38,ring,0.6,334444947,4,6,10,16,6,6,True,True,True
200,4,38,small_world,0.6,334444947,0,67,85,152,60,61,False,False,False
200,4,38,small_world,0.6,334444947,1,2,2,4,1,2,False,True,True
200,4,38,small_world,0.6,334444947,2,3,6,9,3,3,True,True,True
200,4,38,small_world,0.6,334444947,3,3,5,8,3,3,True,True,True
200,4,38,small_world,0.6,334444947,4,2,4,6,2,2,True,True,True
200,4,38,scale_free,0.6,334444947,0,67,80,147,56,56,False,False,False
200,4,38,er,0.7,334444947,0,52,97,149,52,52,True,True,False
200,4,38,er,0.7,334444947,1,2,3,5,2,2,True,True,True
200,4,38,ring,0.7,334444947,0,3,8,11,3,3,True,True,True
200,4,38,ring,0.7,334444947,1,2,5,7,2,2,True,True,True
200,4,38,ring,0.7,334444947,2,3,5,8,3,3,True,True,True
200,4,38,ring,0.7,334444947,3,7,11,18,7,7,True,True,True
200,4,38,ring,0.7,334444947,4,3,4,7,3,3,True,True,True
200,4,38,ring,0.7,334444947,5,9,11,20,9,9,True,True,True
200,4,38,ring,0.7,334444947,6,10,14,24,10,10,True,True,True
200,4,38,ring,0.7,334444947,7,10,10,20,9,9,False,False,True
200,4,38,ring,0.7,334444947,8,5,12,17,5,5,True,True,True
200,4,38,ring,0.7,334444947,9,3,8,11,3,3,True,True,True
200,4,38,small_world,0.7,334444947,0,3,9,12,3,3,True,True,True
200,4,38,small_world,0.7,334444947,1,38,63,101,37,37,False,False,False
200,4,38,small_world,0.7,334444947,2,5,11,16,5,5,True,True,True
200,4,38,small_world,0.7,334444947,3,3,4,7,3,3,True,True,True
200,4,38,small_world,0.7,334444947,4,2,3,5,2,2,True,True,True
200,4,38,small_world,0.7,334444947,5,3,5,8,3,3,True,True,True
200,4,38,scale_free,0.7,334444947,0,54,81,135,49,49,False,False,False
200,4,38,er,0.8,334444947,0,28,70,98,28,28,True,True,False
200,4,38,er,0.8,334444947,1,4,7,11,4,4,True,True,True
200,4,38,er,0.8,334444947,2,2,3,5,2,2,True,True,True
200,4,38,ring,0.8,334444947,0,2,6,8,2,2,True,True,True
200,4,38,ring,0.8,334444947,1,2,5,7,2,2,True,True,True
200,4,38,ring,0.8,334444947,2,6,11,17,6,6,True,True,True
200,4,38,ring,0.8,334444947,3,2,4,6,2,2,True,True,True
200,4,38,ring,0.8,334444947,4,6,11,17,6,6,True,True,True
200,4,38,ring,0.8,334444947,5,6,12,18,6,6,True,True,True
200,4,38,ring,0.8,334444947,6,5,8,13,5,5,True,True,True
200,4,38,ring,0.8,334444947,7,3,8,11,3,3,True,True,True
200,4,38,small_world,0.8,334444947,0,2,8,10,2,2,True,True,True
200,4,38,small_world,0.8,334444947,1,16,33,49,16,16,True,True,False
200,4,38,small_world,0.8,334444947,2,4,6,10,4,4,True,True,True
200,4,38,small_world,0.8,334444947,3,3,9,12,3,3,True,True,True
200,4,38,small_world,0.8,334444947,4,4,8,12,4,4,True,True,True
200,4,38,small_world,0.8,334444947,5,3,7,10,3,3,True,True,True
200,4,38,small_world,0.8,334444947,6,2,7,9,2,2,True,True,True
200,4,38,scale_free,0.8,334444947,0,33,74,107,33,33,True,True,False
200,4,38,er,0.9,334444947,0,14,44,58,14,14,True,True,False
200,4,38,ring,0.9,334444947,0,2,5,7,2,2,True,True,True
200,4,38,ring,0.9,334444947,1,3,6,9,3,3,True,True,True
200,4,38,ring,0.9,334444947,2,2,4,6,2,2,True,True,True
200,4,38,ring,0.9,334444947,3,3,7,10,3,3,True,True,True
200,4,38,small_world,0.9,334444947,0,3,8,11,3,3,True,True,True
200,4,38,small_world,0.9,334444947,1,3,9,12,3,3,True,True,True
200,4,38,small_world,0.9,334444947,2,3,7,10,3,3,True,True,True
200,4,38,scale_free,0.9,334444947,0,9,36,45,9,9,True,True,True
200,4,38,scale_free,0.9,334444947,1,3,6,9,3,3,True,True,True
200,4,39,er,0.3,368649421,0,3,3,6,2,2,False,False,True
200,4,39,ring,0.3,368649421,0,3,3,6,2,2,False,False,True
200,4,39,small_world,0.3,368649421,0,3,3,6,2,2,False,False,True
200,4,39,er,0.4,368649421,0,2,3,5,2,2,True,True,True
200,4,39,ring,0.4,368649421,0,2,2,4,2,2,True,True,True
200,4,39,ring,0.4,368649421,1,4,5,9,4,4,True,True,True
200,4,39,ring,0.4,368649421,2,3,3,6,2,2,False,False,True
200,4,39,small_world,0.4,368649421,0,2,2,4,2,2,True,True,True
200,4,39,er,0.5,368649421,0,81,88,169,77,77,False,False,False
200,4,39,ring,0.5,368649421,0,11,12,23,9,9,False,False,False
200,4,39,ring,0.5,368649421,1,16,23,39,15,15,False,False,False
200,4,39,ring,0.5,368649421,2,2,2,4,2,2,True,True,True
200,4,39,ring,0.5,368649421,3,16,19,35,15,15,False,False,False
200,4,39,ring,0.5,368649421,4,8,9,17,7,7,False,False,True
200,4,39,ring,0.5,368649421,5,2,2,4,2,2,True,True,True
200,4,39,small_world,0.5,368649421,0,74,78,152,65,65,False,False,False
200,4,39,small_world,0.5,368649421,1,2,2,4,2,2,True,True,True
200,4,39,er,0.6,368649421,0,65,92,157,63,63,False,False,False
200,4,39,ring,0.6,368649421,0,10,11,21,9,9,False,False,True
200,4,39,ring,0.6,368649421,1,6,17,23,6,6,True,True,True
200,4,39,ring,0.6,368649421,2,2,6,8,2,2,True,True,True
200,4,39,ring,0.6,368649421,3,6,6,12,5,5,False,False,True
200,4,39,ring,0.6,368649421,4,8,8,16,6,6,False,False,True
200,4,39,ring,0.6,368649421,5,13,22,35,13,13,True,True,False
200,4,39,ring,0.6,368649421,6,8,9,17,8,8,True,True,True
200,4,39,small_world,0.6,368649421,0,6,10,16,5,5,False,False,True
200,4,39,small_world,0.6,368649421,1,52,65,117,50,50,False,False,False
200,4,39,small_world,0.6,368649421,2,2,6,8,2,2,True,True,True
200,4,39,small_world,0.6,368649421,3,2,2,4,2,2,True,True,True
200,4,39,small_world,0.6,368649421,4,2,4,6,2,2,True,True,True
200,4,39,scale_free,0.6,368649421,0,70,84,154,58,58,False,False,False
200,4,39,er,0.7,368649421,0,44,84,128,44,44,True,True,False
200,4,39,er,0.7,368649421,1,3,5,8,3,3,True,True,True
200,4,39,er,0.7,368649421,2,2,3,5,2,2,True,True,True
200,4,39,ring,0.7,368649421,0,10,11,21,9,9,False,False,True
200,4,39,ring,0.7,368649421,1,2,6,8,2,2,True,True,True
200,4,39,ring,0.7,368649421,2,3,9,12,3,3,True,True,True
200,4,39,ring,0.7,368649421,3,12,16,28,11,11,False,False,False
200,4,39,ring,0.7,368649421,4,5,7,12,5,5,True,True,True
200,4,39,ring,0.7,368649421,5,2,6,8,2,2,True,True,True
200,4,39,ring,0.7,368649421,6,3,4,7,3,3,True,True,True
200,4,39,ring,0.7,368649421,7,2,4,6,2,2,True,True,True
200,4,39,ring,0.7,368649421,8,2,5,7,2,2,True,True,True
200,4,39,ring,0.7,368649421,9,4,7,11,4,4,True,True,True
200,4,39,small_world,0.7,368649421,0,15,27,42,15,15,True,True,False
200,4,39,small_world,0.7,368649421,1,18,27,45,18,18,True,True,False
200,4,39,small_world,0.7,368649421,2,2,6,8,2,2,True,True,True
200,4,39,small_world,0.7,368649421,3,4,5,9,4,4,True,True,True
200,4,39,small_world,0.7,368649421,4,2,2,4,2,2,True,True,True
200,4,39,small_world,0.7,368649421,5,2,4,6,2,2,True,True,True
200,4,39,small_world,0.7,368649421,6,2,4,6,2,2,True,True,True
200,4,39,small_world,0.7,368649421,7,6,6,12,5,5,False,False,True
200,4,39,scale_free,0.7,368649421,0,52,90,142,47,47,False,False,False
200,4,39,er,0.8,368649421,0,13,29,42,13,13,True,True,False
200,4,39,er,0.8,368649421,1,5,11,16,5,5,True,True,True
200,4,39,er,0.8,368649421,2,9,23,32,9,9,True,True,True
200,4,39,er,0.8,368649421,3,2,4,6,2,2,True,True,True
200,4,39,ring,0.8,368649421,0,7,9,16,6,6,False,False,True
200,4,39,ring,0.8,368649421,1,2,6,8,2,2,True,True,True
200,4,39,ring,0.8,368649421,2,6,10,16,6,6,True,True,True
200,4,39,ring,0.8,368649421,3,4,5,9,4,4,True,True,True
200,4,39,ring,0.8,368649421,4,2,6,8,2,2,True,True,True
200,4,39,ring,0.8,368649421,5,3,8,11,3,3,True,True,True
200,4,39,ring,0.8,368649421,6,7,10,17,7,7,True,True,True
200,4,39,small_world,0.8,368649421,0,2,5,7,2,2,True,True,True
200,4,39,small_world,0.8,368649421,1,10,19,29,10,10,True,True,True
200,4,39,small_world,0.8,368649421,2,2,6,8,2,2,True,True,True
200,4,39,small_world,0.8,368649421,3,4,7,11,4,4,True,True,True
200,4,39,small_world,0.8,368649421,4,4,4,8,4,4,True,True,True
200,4,39,small_world,0.8,368649421,5,4,11,15,4,4,True,True,True
200,4,39,small_world,0.8,368649421,6,5,7,12,5,5,True,True,True
200,4,39,small_world,0.8,368649421,7,2,3,5,2,2,True,True,True
200,4,39,scale_free,0.8,368649421,0,37,89,126,35,35,False,False,False
200,4,39,er,0.9,368649421,0,4,13,17,4,4,True,True,True
200,4,39,er,0.9,368649421,1,2,6,8,2,2,True,True,True
200,4,39,er,0.9,368649421,2,2,3,5,2,2,True,True,True
200,4,39,ring,0.9,368649421,0,2,5,7,2,2,True,True,True
200,4,39,ring,0.9,368649421,1,4,5,9,4,4,True,True,True
200,4,39,ring,0.9,368649421,2,4,7,11,4,4,True,True,True
200,4,39,small_world,0.9,368649421,0,3,9,12,3,3,True,True,True
200,4,39,small_world,0.9,368649421,1,4,4,8,4,4,True,True,True
200,4,39,small_world,0.9,368649421,2,4,7,11,4,4,True,True,True
200,4,39,scale_free,0.9,368649421,0,10,39,49,10,10,True,True,True
200,4,39,scale_free,0.9,368649421,1,2,5,7,2,2,True,True,True
200,4,40,ring,0.2,1704360957,0,5,5,10,5,5,True,True,True
200,4,40,ring,0.3,1704360957,0,5,5,10,5,5,True,True,True
200,4,40,ring,0.3,1704360957,1,2,2,4,2,2,True,True,True
200,4,40,ring,0.3,1704360957,2,2,2,4,2,2,True,True,True
200,4,40,small_world,0.3,1704360957,0,2,2,4,2,2,True,True,True
200,4,40,small_world,0.3,1704360957,1,2,2,4,2,2,True,True,True
200,4,40,ring,0.4,1704360957,0,2,2,4,2,2,True,True,True
200,4,40,ring,0.4,1704360957,1,2,2,4,2,2,True,True,True
200,4,40,ring,0.4,1704360957,2,4,4,8,3,3,False,False,True
200,4,40,ring,0.4,1704360957,3,5,5,10,5,5,True,True,True
200,4,40,ring,0.4,1704360957,4,2,2,4,2,2,True,True,True
200,4,40,ring,0.4,1704360957,5,4,4,8,3,3,False,False,True
200,4,40,ring,0.4,1704360957,6,4,5,9,4,4,True,True,True
200,4,40,ring,0.4,1704360957,7,4,5,9,4,4,True,True,True
200,4,40,small_world,0.4,1704360957,0,6,7,13,6,6,True,True,True
200,4,40,small_world,0.4,1704360957,1,2,2,4,2,2,True,True,True
200,4,40,small_world,0.4,1704360957,2,4,5,9,4,4,True,True,True
200,4,40,small_world,0.4,1704360957,3,3,3,6,3,3,True,True,True
200,4,40,er,0.5,1704360957,0,79,81,160,74,74,False,False,False
200,4,40,ring,0.5,1704360957,0,2,2,4,2,2,True,True,True
200,4,40,ring,0.5,1704360957,1,7,7,14,6,6,False,False,True
200,4,40,ring,0.5,1704360957,2,6,12,18,6,6,True,True,True
200,4,40,ring,0.5,1704360957,3,8,10,18,8,8,True,True,True
200,4,40,ring,0.5,1704360957,4,2,2,4,2,2,True,True,True
200,4,40,ring,0.5,1704360957,5,5,5,10,5,5,True,True,True
200,4,40,ring,0.5,1704360957,6,2,2,4,2,2,True,True,True
200,4,40,ring,0.5,1704360957,7,6,7,13,4,4,False,False,True
200,4,40,ring,0.5,1704360957,8,4,5,9,4,4,True,True,True
200,4,40,ring,0.5,1704360957,9,4,5,9,4,4,True,True,True
200,4,40,ring,0.5,1704360957,10,4,4,8,4,4,True,True,True
200,4,40,small_world,0.5,1704360957,0,2,2,4,2,2,True,True,True
200,4,40,small_world,0.5,1704360957,1,2,2,4,2,2,True,True,True
200,4,40,small_world,0.5,1704360957,2,2,2,4,2,2,True,True,True
200,4,40,small_world,0.5,1704360957,3,4,5,9,4,4,True,True,True
200,4,40,small_world,0.5,1704360957,4,4,5,9,4,4,True,True,True
200,4,40,small_world,0.5,1704360957,5,3,3,6,3,3,True,True,True
200,4,40,small_world,0.5,1704360957,6,2,2,4,2,2,True,True,True
200,4,40,small_world,0.5,1704360957,7,3,3,6,2,2,False,False,True
200,4,40,small_world,0.5,1704360957,8,4,4,8,3,3,False,False,True
200,4,40,er,0.6,1704360957,0,66,91,157,64,64,False,False,False
200,4,40,ring,0.6,1704360957,0,3,5,8,3,3,True,True,True
200,4,40,ring,0.6,1704360957,1,4,6,10,4,4,True,True,True
200,4,40,ring,0.6,1704360957,2,5,11,16,5,5,True,True,True
200,4,40,ring,0.6,1704360957,3,7,11,18,7,7,True,True,True
200,4,40,ring,0.6,1704360957,4,5,5,10,5,5,True,True,True
200,4,40,ring,0.6,1704360957,5,8,11,19,6,6,False,False,True
200,4,40,ring,0.6,1704360957,6,4,5,9,4,4,True,True,True
200,4,40,ring,0.6,1704360957,7,3,5,8,3,3,True,True,True
200,4,40,ring,0.6,1704360957,8,3,3,6,2,2,False,False,True
200,4,40,ring,0.6,1704360957,9,4,7,11,4,4,True,True,True
200,4,40,ring,0.6,1704360957,10,10,10,20,8,8,False,False,True
200,4,40,ring,0.6,1704360957,11,4,6,10,4,4,True,True,True
200,4,40,ring,0.6,1704360957,12,3,4,7,3,3,True,True,True
200,4,40,small_world,0.6,1704360957,0,3,5,8,3,3,True,True,True
200,4,40,small_world,0.6,1704360957,1,15,18,33,14,14,False,False,False
200,4,40,small_world,0.6,1704360957,2,38,46,84,35,35,False,False,False
200,4,40,small_world,0.6,1704360957,3,4,5,9,4,4,True,True,True
200,4,40,small_world,0.6,1704360957,4,3,5,8,3,3,True,True,True
200,4,40,small_world,0.6,1704360957,5,3,3,6,2,2,False,False,True
200,4,40,small_world,0.6,1704360957,6,2,2,4,2,2,True,True,True
200,4,40,small_world,0.6,1704360957,7,3,3,6,2,2,False,False,True
200,4,40,small_world,0.6,1704360957,8,4,6,10,4,4,True,True,True
200,4,40,small_world,0.6,1704360957,9,3,4,7,2,2,False,False,True
200,4,40,scale_free,0.6,1704360957,0,69,86,155,58,58,False,False,False
200,4,40,er,0.7,1704360957,0,50,87,137,49,49,False,False,False
200,4,40,er,0.7,1704360957,1,2,2,4,2,2,True,True,True
200,4,40,ring,0.7,1704360957,0,2,4,6,2,2,True,True,True
200,4,40,ring,0.7,1704360957,1,4,6,10,4,4,True,True,True
200,4,40,ring,0.7,1704360957,2,3,9,12,3,3,True,True,True
200,4,40,ring,0.7,1704360957,3,5,8,13,5,5,True,True,True
200,4,40,ring,0.7,1704360957,4,4,6,10,4,4,True,True,True
200,4,40,ring,0.7,1704360957,5,8,11,19,6,6,False,False,True
200,4,40,ring,0.7,1704360957,6,3,6,9,3,3,True,True,True
200,4,40,ring,0.7,1704360957,7,2,4,6,2,2,True,True,True
200,4,40,ring,0.7,1704360957,8,2,4,6,2,2,True,True,True
200,4,40,ring,0.7,1704360957,9,7,10,17,6,6,False,False,True
200,4,40,ring,0.7,1704360957,10,12,21,33,12,12,True,True,False
200,4,40,ring,0.7,1704360957,11,2,4,6,2,2,True,True,True
200,4,40,ring,0.7,1704360957,12,5,10,15,5,5,True,True,True
200,4,40,small_world,0.7,1704360957,0,5,10,15,5,5,True,True,True
200,4,40,small_world,0.7,1704360957,1,32,53,85,31,31,False,False,False
200,4,40,small_world,0.7,1704360957,2,4,7,11,4,4,True,True,True
200,4,40,small_world,0.7,1704360957,3,15,26,41,15,15,True,True,False
200,4,40,small_world,0.7,1704360957,4,2,4,6,2,2,True,True,True
200,4,40,scale_free,0.7,1704360957,0,55,80,135,51,51,False,False,False
200,4,40,scale_free,0.7,1704360957,1,2,2,4,2,2,True,True,True
200,4,40,er,0.8,1704360957,0,29,72,101,29,29,True,True,False
200,4,40,er,0.8,1704360957,1,2,2,4,2,2,True,True,True
200,4,40,ring,0.8,1704360957,0,2,4,6,2,2,True,True,True
200,4,40,ring,0.8,1704360957,1,3,9,12,3,3,True,True,True
200,4,40,ring,0.8,1704360957,2,2,7,9,2,2,True,True,True
200,4,40,ring,0.8,1704360957,3,4,6,10,4,4,True,True,True
200,4,40,ring,0.8,1704360957,4,4,9,13,4,4,True,True,True
200,4,40,ring,0.8,1704360957,5,3,6,9,3,3,True,True,True
200,4,40,ring,0.8,1704360957,6,2,4,6,2,2,True,True,True
200,4,40,ring,0.8,1704360957,7,6,11,17,6,6,True,True,True
200,4,40,ring,0.8,1704360957,8,4,10,14,4,4,True,True,True
200,4,40,ring,0.8,1704360957,9,3,9,12,3,3,True,True,True
200,4,40,small_world,0.8,1704360957,0,9,22,31,9,9,True,True,True
200,4,40,small_world,0.8,1704360957,1,3,8,11,3,3,True,True,True
200,4,40,small_world,0.8,1704360957,2,3,6,9,3,3,True,True,True
200,4,40,small_world,0.8,1704360957,3,2,6,8,2,2,True,True,True
200,4,40,small_world,0.8,1704360957,4,11,22,33,11,11,True,True,False
200,4,40,small_world,0.8,1704360957,5,6,11,17,6,6,True,True,True
200,4,40,scale_free,0.8,1704360957,0,38,68,106,38,38,True,True,False
200,4,40,er,0.9,1704360957,0,14,41,55,14,14,True,True,False
200,4,40,ring,0.9,1704360957,0,2,4,6,2,2,True,True,True
200,4,40,ring,0.9,1704360957,1,2,7,9,2,2,True,True,True
200,4,40,ring,0.9,1704360957,2,4,9,13,4,4,True,True,True
200,4,40,ring,0.9,1704360957,3,4,9,13,4,4,True,True,True
200,4,40,small_world,0.9,1704360957,0,2,5,7,2,2,True,True,True
200,4,40,small_world,0.9,1704360957,1,5,12,17,5,5,True,True,True
200,4,40,small_world,0.9,1704360957,2,4,8,12,4,4,True,True,True
200,4,40,scale_free,0.9,1704360957,0,19,53,72,19,19,True,True,False
200,4,41,er,0.3,2517177160,0,2,2,4,2,2,True,True,True
200,4,41,er,0.4,2517177160,0,2,2,4,2,2,True,True,True
200,4,41,er,0.4,2517177160,1,2,2,4,2,2,True,True,True
200,4,41,ring,0.4,2517177160,0,4,4,8,3,3,False,False,True
200,4,41,small_world,0.4,2517177160,0,2,2,4,2,2,True,True,True
200,4,41,small_world,0.4,2517177160,1,4,4,8,3,3,False,False,True
200,4,41,er,0.5,2517177160,0,78,79,157,72,72,False,False,False
200,4,41,er,0.5,2517177160,1,2,4,6,2,2,True,True,True
200,4,41,er,0.5,2517177160,2,2,2,4,2,2,True,True,True
200,4,41,ring,0.5,2517177160,0,6,6,12,5,5,False,False,True
200,4,41,ring,0.5,2517177160,1,11,11,22,9,9,False,False,False
200,4,41,ring,0.5,2517177160,2,2,2,4,2,2,True,True,True
200,4,41,ring,0.5,2517177160,3,8,11,19,8,8,True,True,True
200,4,41,ring,0.5,2517177160,4,5,8,13,5,5,True,True,True
200,4,41,small_world,0.5,2517177160,0,2,3,5,2,2,True,True,True
200,4,41,small_world,0.5,2517177160,1,6,6,12,5,5,False,False,True
200,4,41,small_world,0.5,2517177160,2,6,7,13,5,5,False,False,True
200,4,41,small_world,0.5,2517177160,3,2,2,4,2,2,True,True,True
200,4,41,scale_free,0.5,2517177160,0,75,81,156,56,56,False,False,False
200,4,41,er,0.6,2517177160,0,59,81,140,59,59,True,True,False
200,4,41,er,0.6,2517177160,1,2,4,6,2,2,True,True,True
200,4,41,er,0.6,2517177160,2,2,2,4,2,2,True,True,True
200,4,41,ring,0.6,2517177160,0,25,26,51,21,21,False,False,False
200,4,41,ring,0.6,2517177160,1,10,11,21,9,9,False,False,True
200,4,41,ring,0.6,2517177160,2,5,6,11,5,5,True,True,True
200,4,41,ring,0.6,2517177160,3,5,6,11,4,4,False,False,True
200,4,41,ring,0.6,2517177160,4,15,15,30,15,15,True,True,False
200,4,41,ring,0.6,2517177160,5,5,6,11,5,5,True,True,True
200,4,41,ring,0.6,2517177160,6,3,5,8,3,3,True,True,True
200,4,41,ring,0.6,2517177160,7,6,10,16,6,6,True,True,True
200,4,41,ring,0.6,2517177160,8,4,8,12,4,4,True,True,True
200,4,41,ring,0.6,2517177160,9,2,4,6,2,2,True,True,True
200,4,41,small_world,0.6,2517177160,0,67,81,148,62,62,False,False,False
200,4,41,small_world,0.6,2517177160,1,2,3,5,2,2,True,True,True
200,4,41,small_world,0.6,2517177160,2,3,3,6,2,2,False,False,True
200,4,41,small_world,0.6,2517177160,3,5,7,12,5,5,True,True,True
200,4,41,small_world,0.6,2517177160,4,3,5,8,3,3,True,True,True
200,4,41,scale_free,0.6,2517177160,0,63,87,150,51,51,False,False,False
200,4,41,scale_free,0.6,2517177160,1,2,4,6,2,2,True,True,True
200,4,41,er,0.7,2517177160,0,46,80,126,46,46,True,True,False
200,4,41,ring,0.7,2517177160,0,8,11,19,8,8,True,True,True
200,4,41,ring,0.7,2517177160,1,6,9,15,6,6,True,True,True
200,4,41,ring,0.7,2517177160,2,4,7,11,4,4,True,True,True
200,4,41,ring,0.7,2517177160,3,6,7,13,6,6,True,True,True
200,4,41,ring,0.7,2517177160,4,6,8,14,6,6,True,True,True
200,4,41,ring,0.7,2517177160,5,3,7,10,3,3,True,True,True
200,4,41,ring,0.7,2517177160,6,2,4,6,2,2,True,True,True
200,4,41,ring,0.7,2517177160,7,6,10,16,6,6,True,True,True
200,4,41,ring,0.7,2517177160,8,4,8,12,4,4,True,True,True
200,4,41,ring,0.7,2517177160,9,2,4,6,2,2,True,True,True
200,4,41,ring,0.7,2517177160,10,5,9,14,5,5,True,True,True
200,4,41,ring,0.7,2517177160,11,6,12,18,6,6,True,True,True
200,4,41,small_world,0.7,2517177160,0,13,21,34,13,13,True,True,False
200,4,41,small_world,0.7,2517177160,1,4,7,11,4,4,True,True,True
200,4,41,small_world,0.7,2517177160,2,18,25,43,18,18,True,True,False
200,4,41,small_world,0.7,2517177160,3,2,4,6,2,2,True,True,True
200,4,41,small_world,0.7,2517177160,4,4,7,11,4,4,True,True,True
200,4,41,small_world,0.7,2517177160,5,4,5,9,4,4,True,True,True
200,4,41,small_world,0.7,2517177160,6,5,10,15,5,5,True,True,True
200,4,41,small_world,0.7,2517177160,7,2,4,6,2,2,True,True,True
200,4,41,small_world,0.7,2517177160,8,5,10,15,5,5,True,True,True
200,4,41,scale_free,0.7,2517177160,0,51,87,138,45,45,False,False,False
200,4,41,er,0.8,2517177160,0,7,19,26,7,7,True,True,True
200,4,41,er,0.8,2517177160,1,13,33,46,13,13,True,True,False
200,4,41,er,0.8,2517177160,2,2,5,7,2,2,True,True,True
200,4,41,er,0.8,2517177160,3,5,11,16,5,5,True,True,True
200,4,41,er,0.8,2517177160,4,3,5,8,3,3,True,True,True
200,4,41,er,0.8,2517177160,5,2,5,7,2,2,True,True,True
200,4,41,ring,0.8,2517177160,0,7,9,16,7,7,True,True,True
200,4,41,ring,0.8,2517177160,1,4,8,12,4,4,True,True,True
200,4,41,ring,0.8,2517177160,2,3,4,7,3,3,True,True,True
200,4,41,ring,0.8,2517177160,3,4,7,11,4,4,True,True,True
200,4,41,ring,0.8,2517177160,4,2,6,8,2,2,True,True,True
200,4,41,ring,0.8,2517177160,5,2,5,7,2,2,True,True,True
200,4,41,ring,0.8,2517177160,6,2,4,6,2,2,True,True,True
200,4,41,ring,0.8,2517177160,7,2,4,6,2,2,True,True,True
200,4,41,ring,0.8,2517177160,8,5,9,14,5,5,True,True,True
200,4,41,ring,0.8,2517177160,9,3,9,12,3,3,True,True,True
200,4,41,small_world,0.8,2517177160,0,6,8,14,6,6,True,True,True
200,4,41,small_world,0.8,2517177160,1,3,5,8,3,3,True,True,True
200,4,41,small_world,0.8,2517177160,2,3,6,9,3,3,True,True,True
200,4,41,small_world,0.8,2517177160,3,3,4,7,3,3,True,True,True
200,4,41,small_world,0.8,2517177160,4,4,9,13,4,4,True,True,True
200,4,41,small_world,0.8,2517177160,5,2,6,8,2,2,True,True,True
200,4,41,small_world,0.8,2517177160,6,2,3,5,2,2,True,True,True
200,4,41,small_world,0.8,2517177160,7,5,10,15,5,5,True,True,True
200,4,41,small_world,0.8,2517177160,8,2,4,6,2,2,True,True,True
200,4,41,small_world,0.8,2517177160,9,2,6,8,2,2,True,True,True
200,4,41,scale_free,0.8,2517177160,0,37,85,122,34,34,False,False,False
200,4,41,er,0.9,2517177160,0,7,19,26,7,7,True,True,True
200,4,41,er,0.9,2517177160,1,2,9,11,2,2,True,True,True
200,4,41,er,0.9,2517177160,2,2,4,6,2,2,True,True,True
200,4,41,er,0.9,2517177160,3,2,6,8,2,2,True,True,True
200,4,41,ring,0.9,2517177160,0,5,11,16,5,5,True,True,True
200,4,41,ring,0.9,2517177160,1,3,8,11,3,3,True,True,True
200,4,41,ring,0.9,2517177160,2,2,6,8,2,2,True,True,True
200,4,41,ring,0.9,2517177160,3,2,6,8,2,2,True,True,True
200,4,41,small_world,0.9,2517177160,0,3,10,13,3,3,True,True,True
200,4,41,small_world,0.9,2517177160,1,3,6,9,3,3,True,True,True
200,4,41,small_world,0.9,2517177160,2,2,6,8,2,2,True,True,True
200,4,41,small_world,0.9,2517177160,3,2,6,8,2,2,True,True,True
200,4,41,scale_free,0.9,2517177160,0,19,71,90,18,18,False,False,False
200,4,42,er,0.1,2130149713,0,2,2,4,2,2,True,True,True
200,4,42,scale_free,0.1,2130149713,0,2,2,4,2,2,True,True,True
200,4,42,er,0.2,2130149713,0,2,2,4,2,2,True,True,True
200,4,42,scale_free,0.2,2130149713,0,2,2,4,2,2,True,True,True
200,4,42,scale_free,0.2,2130149713,1,2,2,4,2,2,True,True,True
200,4,42,scale_free,0.3,2130149713,0,2,2,4,2,2,True,True,True
200,4,42,scale_free,0.3,2130149713,1,2,2,4,2,2,True,True,True
200,4,42,scale_free,0.3,2130149713,2,2,2,4,2,2,True,True,True
200,4,42,ring,0.4,2130149713,0,3,3,6,2,2,False,False,True
200,4,42,ring,0.4,2130149713,1,5,5,10,5,5,True,True,True
200,4,42,ring,0.4,2130149713,2,6,7,13,5,5,False,False,True
200,4,42,ring,0.4,2130149713,3,14,15,29,12,12,False,False,False
200,4,42,ring,0.4,2130149713,4,3,4,7,3,3,True,True,True
200,4,42,er,0.5,2130149713,0,76,79,155,69,69,False,False,False
200,4,42,ring,0.5,2130149713,0,6,6,12,5,5,False,False,True
200,4,42,ring,0.5,2130149713,1,5,5,10,5,5,True,True,True
200,4,42,ring,0.5,2130149713,2,2,2,4,2,2,True,True,True
200,4,42,ring,0.5,2130149713,3,9,13,22,9,9,True,True,True
200,4,42,ring,0.5,2130149713,4,5,6,11,5,5,True,True,True
200,4,42,ring,0.5,2130149713,5,2,2,4,2,2,True,True,True
200,4,42,ring,0.5,2130149713,6,5,5,10,5,5,True,True,True
200,4,42,ring,0.5,2130149713,7,6,7,13,5,5,False,False,True
200,4,42,ring,0.5,2130149713,8,12,17,29,12,12,True,True,False
200,4,42,ring,0.5,2130149713,9,4,5,9,3,3,False,False,True
200,4,42,small_world,0.5,2130149713,0,80,83,163,70,70,False,False,False
200,4,42,small_world,0.5,2130149713,1,2,2,4,2,2,True,True,True
200,4,42,small_world,0.5,2130149713,2,2,3,5,2,2,True,True,True
200,4,42,scale_free,0.5,2130149713,0,67,78,145,57,57,False,False,False
200,4,42,er,0.6,2130149713,0,67,84,151,64,64,False,False,False
200,4,42,ring,0.6,2130149713,0,2,2,4,2,2,True,True,True
200,4,42,ring,0.6,2130149713,1,6,10,16,6,6,True,True,True
200,4,42,ring,0.6,2130149713,2,4,6,10,4,4,True,True,True
200,4,42,ring,0.6,2130149713,3,2,2,4,2,2,True,True,True
200,4,42,ring,0.6,2130149713,4,9,13,22,9,9,True,True,True
200,4,42,ring,0.6,2130149713,5,7,10,17,7,7,True,True,True
200,4,42,ring,0.6,2130149713,6,18,20,38,16,16,False,False,False
200,4,42,ring,0.6,2130149713,7,2,2,4,2,2,True,True,True
200,4,42,ring,0.6,2130149713,8,2,4,6,2,2,True,True,True
200,4,42,ring,0.6,2130149713,9,6,7,13,6,6,True,True,True
200,4,42,ring,0.6,2130149713,10,10,17,27,10,10,True,True,True
200,4,42,ring,0.6,2130149713,11,2,2,4,2,2,True,True,True
200,4,42,small_world,0.6,2130149713,0,63,86,149,60,60,False,False,False
200,4,42,small_world,0.6,2130149713,1,10,11,21,9,9,False,False,True
200,4,42,small_world,0.6,2130149713,2,2,2,4,2,2,True,True,True
200,4,42,small_world,0.6,2130149713,3,2,3,5,2,2,True,True,True
200,4,42,small_world,0.6,2130149713,4,2,3,5,2,2,True,True,True
200,4,42,scale_free,0.6,2130149713,0,66,79,145,57,57,False,False,False
200,4,42,er,0.7,2130149713,0,52,92,144,52,52,True,True,False
200,4,42,ring,0.7,2130149713,0,2,2,4,2,2,True,True,True
200,4,42,ring,0.7,2130149713,1,5,11,16,5,5,True,True,True
200,4,42,ring,0.7,2130149713,2,4,6,10,4,4,True,True,True
200,4,42,ring,0.7,2130149713,3,2,2,4,2,2,True,True,True
200,4,42,ring,0.7,2130149713,4,5,9,14,5,5,True,True,True
200,4,42,ring,0.7,2130149713,5,4,9,13,4,4,True,True,True
200,4,42,ring,0.7,2130149713,6,11,16,27,11,11,True,True,False
200,4,42,ring,0.7,2130149713,7,2,6,8,2,2,True,True,True
200,4,42,ring,0.7,2130149713,8,2,2,4,2,2,True,True,True
200,4,42,ring,0.7,2130149713,9,3,3,6,2,2,False,False,True
200,4,42,ring,0.7,2130149713,10,2,4,6,2,2,True,True,True
200,4,42,ring,0.7,2130149713,11,3,4,7,3,3,True,True,True
200,4,42,ring,0.7,2130149713,12,9,18,27,9,9,True,True,True
200,4,42,ring,0.7,2130149713,13,2,2,4,2,2,True,True,True
200,4,42,small_world,0.7,2130149713,0,11,23,34,11,11,True,True,False
200,4,42,small_world,0.7,2130149713,1,5,8,13,5,5,True,True,True
200,4,42,small_world,0.7,2130149713,2,35,53,88,34,34,False,False,False
200,4,42,small_world,0.7,2130149713,3,2,2,4,2,2,True,True,True
200,4,42,small_world,0.7,2130149713,4,2,4,6,2,2,True,True,True
200,4,42,small_world,0.7,2130149713,5,2,6,8,2,2,True,True,True
200,4,42,scale_free,0.7,2130149713,0,53,84,137,51,51,False,False,False
200,4,42,er,0.8,2130149713,0,31,68,99,31,31,True,True,False
200,4,42,ring,0.8,2130149713,0,2,4,6,2,2,True,True,True
200,4,42,ring,0.8,2130149713,1,3,4,7,3,3,True,True,True
200,4,42,ring,0.8,2130149713,2,2,4,6,2,2,True,True,True
200,4,42,ring,0.8,2130149713,3,4,9,13,4,4,True,True,True
200,4,42,ring,0.8,2130149713,4,8,15,23,8,8,True,True,True
200,4,42,ring,0.8,2130149713,5,4,6,10,4,4,True,True,True
200,4,42,ring,0.8,2130149713,6,2,4,6,2,2,True,True,True
200,4,42,ring,0.8,2130149713,7,2,5,7,2,2,True,True,True
200,4,42,ring,0.8,2130149713,8,2,5,7,2,2,True,True,True
200,4,42,small_world,0.8,2130149713,0,5,16,21,5,5,True,True,True
200,4,42,small_world,0.8,2130149713,1,5,11,16,5,5,True,True,True
200,4,42,small_world,0.8,2130149713,2,3,4,7,3,3,True,True,True
200,4,42,small_world,0.8,2130149713,3,2,4,6,2,2,True,True,True
200,4,42,small_world,0.8,2130149713,4,14,27,41,14,14,True,True,False
200,4,42,small_world,0.8,2130149713,5,2,4,6,2,2,True,True,True
200,4,42,small_world,0.8,2130149713,6,2,5,7,2,2,True,True,True
200,4,42,scale_free,0.8,2130149713,0,31,71,102,31,31,True,True,False
200,4,42,scale_free,0.8,2130149713,1,3,3,6,2,2,False,False,True
200,4,42,er,0.9,2130149713,0,3,9,12,3,3,True,True,True
200,4,42,er,0.9,2130149713,1,7,20,27,7,7,True,True,True
200,4,42,er,0.9,2130149713,2,6,14,20,6,6,True,True,True
200,4,42,ring,0.9,2130149713,0,2,4,6,2,2,True,True,True
200,4,42,ring,0.9,2130149713,1,2,7,9,2,2,True,True,True
200,4,42,ring,0.9,2130149713,2,4,11,15,4,4,True,True,True
200,4,42,ring,0.9,2130149713,3,2,5,7,2,2,True,True,True
200,4,42,small_world,0.9,2130149713,0,4,13,17,4,4,True,True,True
200,4,42,small_world,0.9,2130149713,1,2,6,8,2,2,True,True,True
200,4,42,small_world,0.9,2130149713,2,3,8,11,3,3,True,True,True
200,4,42,small_world,0.9,2130149713,3,5,15,20,5,5,True,True,True
200,4,42,scale_free,0.9,2130149713,0,15,54,69,15,15,True,True,False
200,4,43,scale_free,0.2,1389652640,0,2,2,4,2,2,True,True,True
200,4,43,ring,0.3,1389652640,0,2,2,4,2,2,True,True,True
200,4,43,ring,0.3,1389652640,1,2,2,4,2,2,True,True,True
200,4,43,ring,0.4,1389652640,0,4,4,8,4,4,True,True,True
200,4,43,ring,0.4,1389652640,1,2,2,4,2,2,True,True,True
200,4,43,ring,0.4,1389652640,2,3,4,7,3,3,True,True,True
200,4,43,ring,0.4,1389652640,3,9,9,18,8,8,False,False,True
200,4,43,ring,0.4,1389652640,4,2,2,4,2,2,True,True,True
200,4,43,ring,0.4,1389652640,5,2,2,4,2,2,True,True,True
200,4,43,ring,0.4,1389652640,6,2,2,4,2,2,True,True,True
200,4,43,small_world,0.4,1389652640,0,2,2,4,2,2,True,True,True
200,4,43,ring,0.5,1389652640,0,3,5,8,3,3,True,True,True
200,4,43,ring,0.5,1389652640,1,3,4,7,3,3,True,True,True
200,4,43,ring,0.5,1389652640,2,3,3,6,2,2,False,False,True
200,4,43,ring,0.5,1389652640,3,4,7,11,4,4,True,True,True
200,4,43,ring,0.5,1389652640,4,9,11,20,8,8,False,False,True
200,4,43,ring,0.5,1389652640,5,2,2,4,2,2,True,True,True
200,4,43,ring,0.5,1389652640,6,5,7,12,5,5,True,True,True
200,4,43,small_world,0.5,1389652640,0,61,61,122,55,55,False,False,False
200,4,43,small_world,0.5,1389652640,1,7,8,15,7,7,True,True,True
200,4,43,small_world,0.5,1389652640,2,9,9,18,7,7,False,False,True
200,4,43,small_world,0.5,1389652640,3,6,8,14,6,6,True,True,True
200,4,43,scale_free,0.5,1389652640,0,81,81,162,57,57,False,False,False
200,4,43,er,0.6,1389652640,0,67,86,153,65,65,False,False,False
200,4,43,ring,0.6,1389652640,0,3,6,9,3,3,True,True,True
200,4,43,ring,0.6,1389652640,1,5,6,11,5,5,True,True,True
200,4,43,ring,0.6,1389652640,2,3,5,8,3,3,True,True,True
200,4,43,ring,0.6,1389652640,3,3,4,7,3,3,True,True,True
200,4,43,ring,0.6,1389652640,4,13,16,29,12,12,False,False,False
200,4,43,ring,0.6,1389652640,5,2,2,4,2,2,True,True,True
200,4,43,ring,0.6,1389652640,6,4,7,11,4,4,True,True,True
200,4,43,ring,0.6,1389652640,7,6,7,13,5,5,False,False,True
200,4,43,ring,0.6,1389652640,8,2,4,6,2,2,True,True,True
200,4,43,ring,0.6,1389652640,9,5,7,12,5,5,True,True,True
200,4,43,ring,0.6,1389652640,10,2,6,8,2,2,True,True,True
200,4,43,ring,0.6,1389652640,11,15,20,35,15,15,True,True,False
200,4,43,small_world,0.6,1389652640,0,30,39,69,29,29,False,False,False
200,4,43,small_world,0.6,1389652640,1,20,28,48,20,20,True,True,False
200,4,43,small_world,0.6,1389652640,2,8,8,16,7,7,False,False,True
200,4,43,small_world,0.6,1389652640,3,2,3,5,2,2,True,True,True
200,4,43,small_world,0.6,1389652640,4,2,6,8,2,2,True,True,True
200,4,43,small_world,0.6,1389652640,5,6,7,13,6,6,True,True,True
200,4,43,small_world,0.6,1389652640,6,3,5,8,3,3,True,True,True
200,4,43,scale_free,0.6,1389652640,0,70,97,167,55,55,False,False,False
200,4,43,er,0.7,1389652640,0,47,90,137,47,47,True,True,False
200,4,43,er,0.7,1389652640,1,2,4,6,2,2,True,True,True
200,4,43,ring,0.7,1389652640,0,4,7,11,4,4,True,True,True
200,4,43,ring,0.7,1389652640,1,3,6,9,3,3,True,True,True
200,4,43,ring,0.7,1389652640,2,2,4,6,2,2,True,True,True
200,4,43,ring,0.7,1389652640,3,2,2,4,2,2,True,True,True
200,4,43,ring,0.7,1389652640,4,3,5,8,3,3,True,True,True
200,4,43,ring,0.7,1389652640,5,4,7,11,4,4,True,True,True
200,4,43,ring,0.7,1389652640,6,9,15,24,9,9,True,True,True
200,4,43,ring,0.7,1389652640,7,2,2,4,2,2,True,True,True
200,4,43,ring,0.7,1389652640,8,4,7,11,4,4,True,True,True
200,4,43,ring,0.7,1389652640,9,5,6,11,4,4,False,False,True
200,4,43,ring,0.7,1389652640,10,2,4,6,2,2,True,True,True
200,4,43,ring,0.7,1389652640,11,2,5,7,2,2,True,True,True
200,4,43,ring,0.7,1389652640,12,6,9,15,6,6,True,True,True
200,4,43,ring,0.7,1389652640,13,3,6,9,3,3,True,True,True
200,4,43,ring,0.7,1389652640,14,2,2,4,2,2,True,True,True
200,4,43,ring,0.7,1389652640,15,2,2,4,2,2,True,True,True
200,4,43,small_world,0.7,1389652640,0,17,31,48,17,17,True,True,False
200,4,43,small_world,0.7,1389652640,1,7,12,19,7,7,True,True,True
200,4,43,small_world,0.7,1389652640,2,3,5,8,3,3,True,True,True
200,4,43,small_world,0.7,1389652640,3,3,4,7,3,3,True,True,True
200,4,43,small_world,0.7,1389652640,4,7,7,14,6,6,False,False,True
200,4,43,small_world,0.7,1389652640,5,2,3,5,2,2,True,True,True
200,4,43,small_world,0.7,1389652640,6,2,5,7,2,2,True,True,True
200,4,43,small_world,0.7,1389652640,7,2,3,5,2,2,True,True,True
200,4,43,small_world,0.7,1389652640,8,6,7,13,6,6,True,True,True
200,4,43,scale_free,0.7,1389652640,0,52,101,153,46,47,False,False,False
200,4,43,er,0.8,1389652640,0,24,63,87,24,24,True,True,False
200,4,43,er,0.8,1389652640,1,2,5,7,2,2,True,True,True
200,4,43,er,0.8,1389652640,2,4,5,9,4,4,True,True,True
200,4,43,er,0.8,1389652640,3,2,2,4,2,2,True,True,True
200,4,43,ring,0.8,1389652640,0,4,7,11,4,4,True,True,True
200,4,43,ring,0.8,1389652640,1,2,4,6,2,2,True,True,True
200,4,43,ring,0.8,1389652640,2,3,4,7,3,3,True,True,True
200,4,43,ring,0.8,1389652640,3,4,10,14,4,4,True,True,True
200,4,43,ring,0.8,1389652640,4,6,9,15,6,6,True,True,True
200,4,43,ring,0.8,1389652640,5,4,7,11,4,4,True,True,True
200,4,43,ring,0.8,1389652640,6,2,6,8,2,2,True,True,True
200,4,43,ring,0.8,1389652640,7,2,4,6,2,2,True,True,True
200,4,43,ring,0.8,1389652640,8,4,8,12,4,4,True,True,True
200,4,43,ring,0.8,1389652640,9,2,2,4,2,2,True,True,True
200,4,43,ring,0.8,1389652640,10,2,2,4,2,2,True,True,True
200,4,43,small_world,0.8,1389652640,0,16,29,45,16,16,True,True,False
200,4,43,small_world,0.8,1389652640,1,8,16,24,8,8,True,True,True
200,4,43,small_world,0.8,1389652640,2,6,12,18,6,6,True,True,True
200,4,43,small_world,0.8,1389652640,3,2,3,5,2,2,True,True,True
200,4,43,small_world,0.8,1389652640,4,2,3,5,2,2,True,True,True
200,4,43,scale_free,0.8,1389652640,0,34,91,125,33,33,False,False,False
200,4,43,scale_free,0.8,1389652640,1,2,3,5,2,2,True,True,True
200,4,43,er,0.9,1389652640,0,4,11,15,4,4,True,True,True
200,4,43,er,0.9,1389652640,1,3,6,9,3,3,True,True,True
200,4,43,er,0.9,1389652640,2,2,9,11,2,2,True,True,True
200,4,43,ring,0.9,1389652640,0,3,8,11,3,3,True,True,True
200,4,43,ring,0.9,1389652640,1,2,5,7,2,2,True,True,True
200,4,43,ring,0.9,1389652640,2,2,5,7,2,2,True,True,True
200,4,43,ring,0.9,1389652640,3,2,5,7,2,2,True,True,True
200,4,43,ring,0.9,1389652640,4,2,4,6,2,2,True,True,True
200,4,43,ring,0.9,1389652640,5,4,8,12,4,4,True,True,True
200,4,43,small_world,0.9,1389652640,0,2,8,10,2,2,True,True,True
200,4,43,small_world,0.9,1389652640,1,3,8,11,3,3,True,True,True
200,4,43,small_world,0.9,1389652640,2,2,5,7,2,2,True,True,True
200,4,43,small_world,0.9,1389652640,3,2,5,7,2,2,True,True,True
200,4,43,small_world,0.9,1389652640,4,2,3,5,2,2,True,True,True
200,4,43,small_world,0.9,1389652640,5,4,9,13,4,4,True,True,True
200,4,43,scale_free,0.9,1389652640,0,16,49,65,16,16,True,True,False
200,4,44,scale_free,0.1,2849602867,0,2,2,4,2,2,True,True,True
200,4,44,ring,0.2,2849602867,0,5,5,10,5,5,True,True,True
200,4,44,scale_free,0.2,2849602867,0,2,2,4,2,2,True,True,True
200,4,44,ring,0.3,2849602867,0,5,5,10,5,5,True,True,True
200,4,44,ring,0.4,2849602867,0,11,14,25,10,10,False,False,False
200,4,44,ring,0.4,2849602867,1,8,8,16,7,7,False,False,True
200,4,44,ring,0.4,2849602867,2,2,2,4,2,2,True,True,True
200,4,44,ring,0.4,2849602867,3,10,10,20,8,8,False,False,True
200,4,44,small_world,0.4,2849602867,0,2,2,4,2,2,True,True,True
200,4,44,scale_free,0.4,2849602867,0,2,2,4,2,2,True,True,True
200,4,44,ring,0.5,2849602867,0,5,7,12,4,4,False,False,True
200,4,44,ring,0.5,2849602867,1,11,14,25,10,10,False,False,False
200,4,44,ring,0.5,2849602867,2,4,5,9,4,4,True,True,True
200,4,44,ring,0.5,2849602867,3,2,5,7,2,2,True,True,True
200,4,44,ring,0.5,2849602867,4,3,4,7,3,3,True,True,True
200,4,44,ring,0.5,2849602867,5,3,3,6,2,2,False,False,True
200,4,44,ring,0.5,2849602867,6,2,2,4,2,2,True,True,True
200,4,44,ring,0.5,2849602867,7,2,2,4,2,2,True,True,True
200,4,44,ring,0.5,2849602867,8,2,2,4,2,2,True,True,True
200,4,44,ring,0.5,2849602867,9,18,24,42,17,17,False,False,False
200,4,44,ring,0.5,2849602867,10,10,10,20,8,8,False,False,True
200,4,44,small_world,0.5,2849602867,0,79,80,159,69,70,False,False,False
200,4,44,small_world,0.5,2849602867,1,11,13,24,10,10,False,False,False
200,4,44,small_world,0.5,2849602867,2,2,2,4,2,2,True,True,True
200,4,44,scale_free,0.5,2849602867,0,76,80,156,56,56,False,False,False
200,4,44,er,0.6,2849602867,0,69,89,158,68,68,False,False,False
200,4,44,er,0.6,2849602867,1,2,4,6,2,2,True,True,True
200,4,44,ring,0.6,2849602867,0,3,8,11,3,3,True,True,True
200,4,44,ring,0.6,2849602867,1,11,16,27,11,11,True,True,False
200,4,44,ring,0.6,2849602867,2,3,6,9,3,3,True,True,True
200,4,44,ring,0.6,2849602867,3,3,4,7,3,3,True,True,True
200,4,44,ring,0.6,2849602867,4,2,2,4,2,2,True,True,True
200,4,44,ring,0.6,2849602867,5,3,4,7,3,3,True,True,True
200,4,44,ring,0.6,2849602867,6,7,8,15,6,6,False,False,True
200,4,44,ring,0.6,2849602867,7,5,7,12,5,5,True,True,True
200,4,44,ring,0.6,2849602867,8,2,2,4,2,2,True,True,True
200,4,44,ring,0.6,2849602867,9,3,3,6,2,2,False,False,True
200,4,44,ring,0.6,2849602867,10,2,2,4,2,2,True,True,True
200,4,44,ring,0.6,2849602867,11,4,5,9,4,4,True,True,True
200,4,44,ring,0.6,2849602867,12,14,24,38,13,13,False,False,False
200,4,44,ring,0.6,2849602867,13,2,2,4,2,2,True,True,True
200,4,44,ring,0.6,2849602867,14,6,10,16,6,6,True,True,True
200,4,44,small_world,0.6,2849602867,0,3,7,10,3,3,True,True,True
200,4,44,small_world,0.6,2849602867,1,63,89,152,62,62,False,False,False
200,4,44,small_world,0.6,2849602867,2,3,5,8,3,3,True,True,True
200,4,44,small_world,0.6,2849602867,3,2,2,4,2,2,True,True,True
200,4,44,small_world,0.6,2849602867,4,4,4,8,4,4,True,True,True
200,4,44,scale_free,0.6,2849602867,0,68,75,143,52,52,False,False,False
200,4,44,er,0.7,2849602867,0,54,88,142,53,53,False,False,False
200,4,44,er,0.7,2849602867,1,2,5,7,2,2,True,True,True
200,4,44,ring,0.7,2849602867,0,2,5,7,2,2,True,True,True
200,4,44,ring,0.7,2849602867,1,5,10,15,5,5,True,True,True
200,4,44,ring,0.7,2849602867,2,3,6,9,3,3,True,True,True
200,4,44,ring,0.7,2849602867,3,2,4,6,2,2,True,True,True
200,4,44,ring,0.7,2849602867,4,2,4,6,2,2,True,True,True
200,4,44,ring,0.7,2849602867,5,5,7,12,5,5,True,True,True
200,4,44,ring,0.7,2849602867,6,4,8,12,4,4,True,True,True
200,4,44,ring,0.7,2849602867,7,6,6,12,5,5,False,False,True
200,4,44,ring,0.7,2849602867,8,2,2,4,2,2,True,True,True
200,4,44,ring,0.7,2849602867,9,2,2,4,2,2,True,True,True
200,4,44,ring,0.7,2849602867,10,3,5,8,3,3,True,True,True
200,4,44,ring,0.7,2849602867,11,5,10,15,5,5,True,True,True
200,4,44,ring,0.7,2849602867,12,4,13,17,4,4,True,True,True
200,4,44,ring,0.7,2849602867,13,3,4,7,3,3,True,True,True
200,4,44,ring,0.7,2849602867,14,2,2,4,2,2,True,True,True
200,4,44,ring,0.7,2849602867,15,5,11,16,5,5,True,True,True
200,4,44,small_world,0.7,2849602867,0,2,5,7,2,2,True,True,True
200,4,44,small_world,0.7,2849602867,1,35,61,96,35,35,True,True,False
200,4,44,small_world,0.7,2849602867,2,3,7,10,3,3,True,True,True
200,4,44,small_world,0.7,2849602867,3,3,5,8,3,3,True,True,True
200,4,44,small_world,0.7,2849602867,4,9,20,29,9,9,True,True,True
200,4,44,small_world,0.7,2849602867,5,2,2,4,2,2,True,True,True
200,4,44,small_world,0.7,2849602867,6,4,5,9,4,4,True,True,True
200,4,44,scale_free,0.7,2849602867,0,55,73,128,45,45,False,False,False
200,4,44,er,0.8,2849602867,0,36,80,116,36,36,True,True,False
200,4,44,ring,0.8,2849602867,0,3,6,9,3,3,True,True,True
200,4,44,ring,0.8,2849602867,1,2,4,6,2,2,True,True,True
200,4,44,ring,0.8,2849602867,2,2,4,6,2,2,True,True,True
200,4,44,ring,0.8,2849602867,3,2,4,6,2,2,True,True,True
200,4,44,ring,0.8,2849602867,4,4,8,12,4,4,True,True,True
200,4,44,ring,0.8,2849602867,5,2,6,8,2,2,True,True,True
200,4,44,ring,0.8,2849602867,6,4,5,9,4,4,True,True,True
200,4,44,ring,0.8,2849602867,7,3,5,8,3,3,True,True,True
200,4,44,ring,0.8,2849602867,8,2,7,9,2,2,True,True,True
200,4,44,ring,0.8,2849602867,9,2,7,9,2,2,True,True,True
200,4,44,ring,0.8,2849602867,10,5,7,12,5,5,True,True,True
200,4,44,ring,0.8,2849602867,11,4,12,16,4,4,True,True,True
200,4,44,small_world,0.8,2849602867,0,3,7,10,3,3,True,True,True
200,4,44,small_world,0.8,2849602867,1,19,44,63,19,19,True,True,False
200,4,44,small_world,0.8,2849602867,2,5,12,17,5,5,True,True,True
200,4,44,small_world,0.8,2849602867,3,7,15,22,7,7,True,True,True
200,4,44,small_world,0.8,2849602867,4,4,6,10,4,4,True,True,True
200,4,44,scale_free,0.8,2849602867,0,39,74,113,34,34,False,False,False
200,4,44,er,0.9,2849602867,0,4,9,13,4,4,True,True,True
200,4,44,er,0.9,2849602867,1,4,16,20,4,4,True,True,True
200,4,44,er,0.9,2849602867,2,2,2,4,2,2,True,True,True
200,4,44,ring,0.9,2849602867,0,2,7,9,2,2,True,True,True
200,4,44,ring,0.9,2849602867,1,4,8,12,4,4,True,True,True
200,4,44,ring,0.9,2849602867,2,2,6,8,2,2,True,True,True
200,4,44,ring,0.9,2849602867,3,2,6,8,2,2,True,True,True
200,4,44,ring,0.9,2849602867,4,2,4,6,2,2,True,True,True
200,4,44,small_world,0.9,2849602867,0,4,15,19,4,4,True,True,True
200,4,44,small_world,0.9,2849602867,1,5,12,17,5,5,True,True,True
200,4,44,small_world,0.9,2849602867,2,2,4,6,2,2,True,True,True
200,4,44,small_world,0.9,2849602867,3,2,6,8,2,2,True,True,True
200,4,44,scale_free,0.9,2849602867,0,19,63,82,18,18,False,False,False
200,4,45,ring,0.3,3118795510,0,3,3,6,2,2,False,False,True
200,4,45,ring,0.3,3118795510,1,2,2,4,2,2,True,True,True
200,4,45,er,0.4,3118795510,0,2,3,5,2,2,True,True,True
200,4,45,ring,0.4,3118795510,0,8,10,18,7,7,False,False,True
200,4,45,small_world,0.4,3118795510,0,21,21,42,18,18,False,False,False
200,4,45,scale_free,0.4,3118795510,0,2,2,4,2,2,True,True,True
200,4,45,er,0.5,3118795510,0,2,3,5,2,2,True,True,True
200,4,45,er,0.5,3118795510,1,2,3,5,2,2,True,True,True
200,4,45,ring,0.5,3118795510,0,7,8,15,6,6,False,False,True
200,4,45,ring,0.5,3118795510,1,19,23,42,17,17,False,False,False
200,4,45,ring,0.5,3118795510,2,3,4,7,3,3,True,True,True
200,4,45,ring,0.5,3118795510,3,15,15,30,12,12,False,False,False
200,4,45,ring,0.5,3118795510,4,8,12,20,7,7,False,False,True
200,4,45,ring,0.5,3118795510,5,7,11,18,7,7,True,True,True
200,4,45,small_world,0.5,3118795510,0,3,4,7,3,3,True,True,True
200,4,45,small_world,0.5,3118795510,1,65,67,132,54,54,False,False,False
200,4,45,small_world,0.5,3118795510,2,2,5,7,2,2,True,True,True
200,4,45,small_world,0.5,3118795510,3,3,4,7,3,3,True,True,True
200,4,45,small_world,0.5,3118795510,4,4,4,8,3,3,False,False,True
200,4,45,small_world,0.5,3118795510,5,2,2,4,2,2,True,True,True
200,4,45,scale_free,0.5,3118795510,0,78,79,157,62,62,False,False,False
200,4,45,scale_free,0.5,3118795510,1,2,3,5,2,2,True,True,True
200,4,45,er,0.6,3118795510,0,60,71,131,57,57,False,False,False
200,4,45,er,0.6,3118795510,1,6,8,14,6,6,True,True,True
200,4,45,er,0.6,3118795510,2,2,3,5,2,2,True,True,True
200,4,45,er,0.6,3118795510,3,2,4,6,2,2,True,True,True
200,4,45,ring,0.6,3118795510,0,5,5,10,5,5,True,True,True
200,4,45,ring,0.6,3118795510,1,18,24,42,16,16,False,False,False
200,4,45,ring,0.6,3118795510,2,12,17,29,12,12,True,True,False
200,4,45,ring,0.6,3118795510,3,16,18,34,13,13,False,False,False
200,4,45,ring,0.6,3118795510,4,3,4,7,3,3,True,True,True
200,4,45,ring,0.6,3118795510,5,6,10,16,6,6,True,True,True
200,4,45,ring,0.6,3118795510,6,6,7,13,5,5,False,False,True
200,4,45,ring,0.6,3118795510,7,2,2,4,2,2,True,True,True
200,4,45,ring,0.6,3118795510,8,4,10,14,4,4,True,True,True
200,4,45,ring,0.6,3118795510,9,4,9,13,4,4,True,True,True
200,4,45,small_world,0.6,3118795510,0,9,14,23,9,9,True,True,True
200,4,45,small_world,0.6,3118795510,1,24,33,57,23,23,False,False,False
200,4,45,small_world,0.6,3118795510,2,36,52,88,33,34,False,False,False
200,4,45,small_world,0.6,3118795510,3,6,6,12,5,5,False,False,True
200,4,45,scale_free,0.6,3118795510,0,66,87,153,57,57,False,False,False
200,4,45,er,0.7,3118795510,0,56,87,143,55,55,False,False,False
200,4,45,ring,0.7,3118795510,0,2,4,6,2,2,True,True,True
200,4,45,ring,0.7,3118795510,1,9,11,20,8,8,False,False,True
200,4,45,ring,0.7,3118795510,2,7,16,23,7,7,True,True,True
200,4,45,ring,0.7,3118795510,3,8,13,21,8,8,True,True,True
200,4,45,ring,0.7,3118795510,4,3,5,8,3,3,True,True,True
200,4,45,ring,0.7,3118795510,5,15,18,33,12,12,False,False,False
200,4,45,ring,0.7,3118795510,6,3,5,8,3,3,True,True,True
200,4,45,ring,0.7,3118795510,7,3,5,8,3,3,True,True,True
200,4,45,ring,0.7,3118795510,8,2,2,4,2,2,True,True,True
200,4,45,ring,0.7,3118795510,9,3,7,10,3,3,True,True,True
200,4,45,small_world,0.7,3118795510,0,4,10,14,4,4,True,True,True
200,4,45,small_world,0.7,3118795510,1,2,4,6,2,2,True,True,True
200,4,45,small_world,0.7,3118795510,2,9,11,20,8,8,False,False,True
200,4,45,small_world,0.7,3118795510,3,5,11,16,5,5,True,True,True
200,4,45,small_world,0.7,3118795510,4,27,43,70,25,26,False,False,False
200,4,45,small_world,0.7,3118795510,5,3,5,8,3,3,True,True,True
200,4,45,small_world,0.7,3118795510,6,2,4,6,2,2,True,True,True
200,4,45,small_world,0.7,3118795510,7,3,5,8,3,3,True,True,True
200,4,45,small_world,0.7,3118795510,8,2,4,6,2,2,True,True,True
200,4,45,scale_free,0.7,3118795510,0,46,85,131,44,44,False,False,False
200,4,45,er,0.8,3118795510,0,34,75,109,34,34,True,True,False
200,4,45,er,0.8,3118795510,1,2,4,6,2,2,True,True,True
200,4,45,ring,0.8,3118795510,0,7,13,20,7,7,True,True,True
200,4,45,ring,0.8,3118795510,1,4,10,14,4,4,True,True,True
200,4,45,ring,0.8,3118795510,2,3,7,10,3,3,True,True,True
200,4,45,ring,0.8,3118795510,3,3,7,10,3,3,True,True,True
200,4,45,ring,0.8,3118795510,4,2,7,9,2,2,True,True,True
200,4,45,ring,0.8,3118795510,5,12,20,32,11,11,False,False,False
200,4,45,ring,0.8,3118795510,6,3,5,8,3,3,True,True,True
200,4,45,ring,0.8,3118795510,7,2,7,9,2,2,True,True,True
200,4,45,small_world,0.8,3118795510,0,18,38,56,18,18,True,True,False
200,4,45,small_world,0.8,3118795510,1,7,12,19,7,7,True,True,True
200,4,45,small_world,0.8,3118795510,2,3,8,11,3,3,True,True,True
200,4,45,small_world,0.8,3118795510,3,3,7,10,3,3,True,True,True
200,4,45,small_world,0.8,3118795510,4,6,13,19,6,6,True,True,True
200,4,45,scale_free,0.8,3118795510,0,33,82,115,32,32,False,False,False
200,4,45,er,0.9,3118795510,0,6,18,24,6,6,True,True,True
200,4,45,er,0.9,3118795510,1,4,11,15,4,4,True,True,True
200,4,45,er,0.9,3118795510,2,2,5,7,2,2,True,True,True
200,4,45,er,0.9,3118795510,3,2,6,8,2,2,True,True,True
200,4,45,er,0.9,3118795510,4,3,5,8,3,3,True,True,True
200,4,45,ring,0.9,3118795510,0,2,7,9,2,2,True,True,True
200,4,45,ring,0.9,3118795510,1,2,7,9,2,2,True,True,True
200,4,45,ring,0.9,3118795510,2,2,7,9,2,2,True,True,True
200,4,45,ring,0.9,3118795510,3,3,7,10,3,3,True,True,True
200,4,45,ring,0.9,3118795510,4,2,4,6,2,2,True,True,True
200,4,45,small_world,0.9,3118795510,0,2,6,8,2,2,True,True,True
200,4,45,small_world,0.9,3118795510,1,2,7,9,2,2,True,True,True
200,4,45,small_world,0.9,3118795510,2,2,7,9,2,2,True,True,True
200,4,45,small_world,0.9,3118795510,3,4,12,16,4,4,True,True,True
200,4,45,small_world,0.9,3118795510,4,2,4,6,2,2,True,True,True
200,4,45,scale_free,0.9,3118795510,0,14,65,79,14,14,True,True,False
200,4,45,scale_free,0.9,3118795510,1,2,8,10,2,2,True,True,True
200,4,46,er,0.3,2524110138,0,2,2,4,2,2,True,True,True
200,4,46,ring,0.3,2524110138,0,3,3,6,2,2,False,False,True
200,4,46,er,0.4,2524110138,0,2,3,5,2,2,True,True,True
200,4,46,ring,0.4,2524110138,0,3,3,6,2,2,False,False,True
200,4,46,ring,0.4,2524110138,1,12,16,28,12,12,True,True,False
200,4,46,ring,0.4,2524110138,2,2,2,4,2,2,True,True,True
200,4,46,small_world,0.4,2524110138,0,2,3,5,2,2,True,True,True
200,4,46,ring,0.5,2524110138,0,7,12,19,7,7,True,True,True
200,4,46,ring,0.5,2524110138,1,4,6,10,4,4,True,True,True
200,4,46,ring,0.5,2524110138,2,7,10,17,6,6,False,False,True
200,4,46,ring,0.5,2524110138,3,12,13,25,11,11,False,False,False
200,4,46,scale_free,0.5,2524110138,0,77,84,161,58,58,False,False,False
200,4,46,scale_free,0.5,2524110138,1,2,3,5,2,2,True,True,True
200,4,46,er,0.6,2524110138,0,78,96,174,75,75,False,False,False
200,4,46,ring,0.6,2524110138,0,40,49,89,34,34,False,False,False
200,4,46,ring,0.6,2524110138,1,6,13,19,6,6,True,True,True
200,4,46,ring,0.6,2524110138,2,5,6,11,4,4,False,False,True
200,4,46,ring,0.6,2524110138,3,2,2,4,2,2,True,True,True
200,4,46,ring,0.6,2524110138,4,3,5,8,3,3,True,True,True
200,4,46,ring,0.6,2524110138,5,3,3,6,2,2,False,False,True
200,4,46,ring,0.6,2524110138,6,3,4,7,3,3,True,True,True
200,4,46,ring,0.6,2524110138,7,6,9,15,6,6,True,True,True
200,4,46,small_world,0.6,2524110138,0,69,87,156,64,64,False,False,False
200,4,46,small_world,0.6,2524110138,1,3,4,7,3,3,True,True,True
200,4,46,small_world,0.6,2524110138,2,3,4,7,3,3,True,True,True
200,4,46,scale_free,0.6,2524110138,0,70,96,166,59,59,False,False,False
200,4,46,er,0.7,2524110138,0,45,75,120,45,45,True,True,False
200,4,46,er,0.7,2524110138,1,8,11,19,8,8,True,True,True
200,4,46,ring,0.7,2524110138,0,15,21,36,15,15,True,True,False
200,4,46,ring,0.7,2524110138,1,3,9,12,3,3,True,True,True
200,4,46,ring,0.7,2524110138,2,2,6,8,2,2,True,True,True
200,4,46,ring,0.7,2524110138,3,6,13,19,6,6,True,True,True
200,4,46,ring,0.7,2524110138,4,2,5,7,2,2,True,True,True
200,4,46,ring,0.7,2524110138,5,2,2,4,2,2,True,True,True
200,4,46,ring,0.7,2524110138,6,2,2,4,2,2,True,True,True
200,4,46,ring,0.7,2524110138,7,2,6,8,2,2,True,True,True
200,4,46,ring,0.7,2524110138,8,3,4,7,3,3,True,True,True
200,4,46,ring,0.7,2524110138,9,4,8,12,4,4,True,True,True
200,4,46,ring,0.7,2524110138,10,2,7,9,2,2,True,True,True
200,4,46,ring,0.7,2524110138,11,2,4,6,2,2,True,True,True
200,4,46,ring,0.7,2524110138,12,4,6,10,4,4,True,True,True
200,4,46,small_world,0.7,2524110138,0,43,73,116,42,42,False,False,False
200,4,46,small_world,0.7,2524110138,1,10,21,31,10,10,True,True,True
200,4,46,small_world,0.7,2524110138,2,3,4,7,3,3,True,True,True
200,4,46,small_world,0.7,2524110138,3,2,4,6,2,2,True,True,True
200,4,46,scale_free,0.7,2524110138,0,56,95,151,53,53,False,False,False
200,4,46,er,0.8,2524110138,0,30,63,93,30,30,True,True,False
200,4,46,er,0.8,2524110138,1,2,2,4,2,2,True,True,True
200,4,46,ring,0.8,2524110138,0,2,6,8,2,2,True,True,True
200,4,46,ring,0.8,2524110138,1,3,9,12,3,3,True,True,True
200,4,46,ring,0.8,2524110138,2,5,12,17,5,5,True,True,True
200,4,46,ring,0.8,2524110138,3,2,5,7,2,2,True,True,True
200,4,46,ring,0.8,2524110138,4,3,4,7,3,3,True,True,True
200,4,46,ring,0.8,2524110138,5,2,6,8,2,2,True,True,True
200,4,46,ring,0.8,2524110138,6,2,6,8,2,2,True,True,True
200,4,46,ring,0.8,2524110138,7,3,4,7,3,3,True,True,True
200,4,46,ring,0.8,2524110138,8,3,7,10,3,3,True,True,True
200,4,46,ring,0.8,2524110138,9,2,4,6,2,2,True,True,True
200,4,46,ring,0.8,2524110138,10,3,7,10,3,3,True,True,True
200,4,46,ring,0.8,2524110138,11,7,12,19,7,7,True,True,True
200,4,46,small_world,0.8,2524110138,0,10,21,31,9,9,False,False,True
200,4,46,small_world,0.8,2524110138,1,17,42,59,17,17,True,True,False
200,4,46,small_world,0.8,2524110138,2,3,8,11,3,3,True,True,True
200,4,46,small_world,0.8,2524110138,3,2,4,6,2,2,True,True,True
200,4,46,small_world,0.8,2524110138,4,4,7,11,4,4,True,True,True
200,4,46,scale_free,0.8,2524110138,0,34,68,102,33,33,False,False,False
200,4,46,er,0.9,2524110138,0,4,17,21,4,4,True,True,True
200,4,46,er,0.9,2524110138,1,2,7,9,2,2,True,True,True
200,4,46,ring,0.9,2524110138,0,2,6,8,2,2,True,True,True
200,4,46,ring,0.9,2524110138,1,2,6,8,2,2,True,True,True
200,4,46,ring,0.9,2524110138,2,3,9,12,3,3,True,True,True
200,4,46,ring,0.9,2524110138,3,2,5,7,2,2,True,True,True
200,4,46,ring,0.9,2524110138,4,3,5,8,3,3,True,True,True
200,4,46,small_world,0.9,2524110138,0,5,10,15,4,4,False,False,True
200,4,46,small_world,0.9,2524110138,1,4,12,16,4,4,True,True,True
200,4,46,small_world,0.9,2524110138,2,3,9,12,3,3,True,True,True
200,4,46,small_world,0.9,2524110138,3,2,5,7,2,2,True,True,True
200,4,46,scale_free,0.9,2524110138,0,18,53,71,18,18,True,True,False
200,4,47,ring,0.3,297591251,0,4,7,11,4,4,True,True,True
200,4,47,ring,0.3,297591251,1,5,5,10,4,4,False,False,True
200,4,47,ring,0.3,297591251,2,2,2,4,2,2,True,True,True
200,4,47,er,0.4,297591251,0,3,3,6,3,3,True,True,True
200,4,47,ring,0.4,297591251,0,2,2,4,2,2,True,True,True
200,4,47,ring,0.4,297591251,1,11,15,26,10,10,False,False,False
200,4,47,ring,0.4,297591251,2,3,3,6,2,2,False,False,True
200,4,47,ring,0.4,297591251,3,7,7,14,7,7,True,True,True
200,4,47,ring,0.4,297591251,4,2,2,4,2,2,True,True,True
200,4,47,small_world,0.4,297591251,0,2,2,4,2,2,True,True,True
200,4,47,small_world,0.4,297591251,1,5,5,10,4,4,False,False,True
200,4,47,er,0.5,297591251,0,76,79,155,68,68,False,False,False
200,4,47,er,0.5,297591251,1,3,3,6,3,3,True,True,True
200,4,47,er,0.5,297591251,2,2,2,4,2,2,True,True,True
200,4,47,ring,0.5,297591251,0,2,4,6,2,2,True,True,True
200,4,47,ring,0.5,297591251,1,9,17,26,9,9,True,True,True
200,4,47,ring,0.5,297591251,2,2,2,4,2,2,True,True,True
200,4,47,ring,0.5,297591251,3,2,2,4,2,2,True,True,True
200,4,47,ring,0.5,297591251,4,7,7,14,6,6,False,False,True
200,4,47,ring,0.5,297591251,5,3,3,6,2,2,False,False,True
200,4,47,ring,0.5,297591251,6,2,2,4,2,2,True,True,True
200,4,47,small_world,0.5,297591251,0,3,9,12,3,3,True,True,True
200,4,47,small_world,0.5,297591251,1,4,6,10,4,4,True,True,True
200,4,47,small_world,0.5,297591251,2,2,2,4,2,2,True,True,True
200,4,47,er,0.6,297591251,0,62,86,148,59,59,False,False,False
200,4,47,er,0.6,297591251,1,4,4,8,4,4,True,True,True
200,4,47,er,0.6,297591251,2,2,2,4,2,2,True,True,True
200,4,47,ring,0.6,297591251,0,2,4,6,2,2,True,True,True
200,4,47,ring,0.6,297591251,1,6,13,19,6,6,True,True,True
200,4,47,ring,0.6,297591251,2,6,7,13,4,4,False,False,True
200,4,47,ring,0.6,297591251,3,2,2,4,2,2,True,True,True
200,4,47,ring,0.6,297591251,4,7,8,15,7,7,True,True,True
200,4,47,ring,0.6,297591251,5,11,12,23,10,10,False,False,False
200,4,47,ring,0.6,297591251,6,2,2,4,2,2,True,True,True
200,4,47,ring,0.6,297591251,7,3,4,7,3,3,True,True,True
200,4,47,ring,0.6,297591251,8,17,23,40,17,17,True,True,False
200,4,47,ring,0.6,297591251,9,2,6,8,2,2,True,True,True
200,4,47,small_world,0.6,297591251,0,4,6,10,4,4,True,True,True
200,4,47,small_world,0.6,297591251,1,43,57,100,39,39,False,False,False
200,4,47,small_world,0.6,297591251,2,2,5,7,2,2,True,True,True
200,4,47,small_world,0.6,297591251,3,12,14,26,10,10,False,False,False
200,4,47,small_world,0.6,297591251,4,2,2,4,2,2,True,True,True
200,4,47,scale_free,0.6,297591251,0,71,76,147,56,56,False,False,False
200,4,47,er,0.7,297591251,0,51,89,140,51,51,True,True,False
200,4,47,ring,0.7,297591251,0,3,6,9,3,3,True,True,True
200,4,47,ring,0.7,297591251,1,4,9,13,4,4,True,True,True
200,4,47,ring,0.7,297591251,2,4,6,10,3,3,False,False,True
200,4,47,ring,0.7,297591251,3,3,4,7,3,3,True,True,True
200,4,47,ring,0.7,297591251,4,2,2,4,2,2,True,True,True
200,4,47,ring,0.7,297591251,5,10,10,20,8,8,False,False,True
200,4,47,ring,0.7,297591251,6,10,13,23,9,9,False,False,True
200,4,47,ring,0.7,297591251,7,3,4,7,3,3,True,True,True
200,4,47,ring,0.7,297591251,8,3,7,10,3,3,True,True,True
200,4,47,ring,0.7,297591251,9,10,20,30,10,10,True,True,True
200,4,47,ring,0.7,297591251,10,2,6,8,2,2,True,True,True
200,4,47,small_world,0.7,297591251,0,24,46,70,23,23,False,False,False
200,4,47,small_world,0.7,297591251,1,3,6,9,3,3,True,True,True
200,4,47,small_world,0.7,297591251,2,7,13,20,7,7,True,True,True
200,4,47,small_world,0.7,297591251,3,4,5,9,4,4,True,True,True
200,4,47,small_world,0.7,297591251,4,7,12,19,6,6,False,False,True
200,4,47,small_world,0.7,297591251,5,10,10,20,9,10,False,True,True
200,4,47,scale_free,0.7,297591251,0,57,78,135,49,49,False,False,False
200,4,47,er,0.8,297591251,0,31,77,108,31,31,True,True,False
200,4,47,er,0.8,297591251,1,2,5,7,2,2,True,True,True
200,4,47,ring,0.8,297591251,0,3,6,9,3,3,True,True,True
200,4,47,ring,0.8,297591251,1,2,6,8,2,2,True,True,True
200,4,47,ring,0.8,297591251,2,2,6,8,2,2,True,True,True
200,4,47,ring,0.8,297591251,3,3,6,9,3,3,True,True,True
200,4,47,ring,0.8,297591251,4,2,4,6,2,2,True,True,True
200,4,47,ring,0.8,297591251,5,11,17,28,11,11,True,True,False
200,4,47,ring,0.8,297591251,6,3,7,10,3,3,True,True,True
200,4,47,ring,0.8,297591251,7,4,8,12,4,4,True,True,True
200,4,47,small_world,0.8,297591251,0,5,13,18,5,5,True,True,True
200,4,47,small_world,0.8,297591251,1,3,6,9,3,3,True,True,True
200,4,47,small_world,0.8,297591251,2,4,7,11,4,4,True,True,True
200,4,47,small_world,0.8,297591251,3,5,12,17,5,5,True,True,True
200,4,47,small_world,0.8,297591251,4,2,4,6,2,2,True,True,True
200,4,47,small_world,0.8,297591251,5,11,16,27,11,11,True,True,False
200,4,47,scale_free,0.8,297591251,0,37,72,109,36,36,False,False,False
200,4,47,er,0.9,297591251,0,2,7,9,2,2,True,True,True
200,4,47,er,0.9,297591251,1,8,22,30,8,8,True,True,True
200,4,47,er,0.9,297591251,2,4,15,19,4,4,True,True,True
200,4,47,er,0.9,297591251,3,2,12,14,2,2,True,True,True
200,4,47,ring,0.9,297591251,0,2,6,8,2,2,True,True,True
200,4,47,ring,0.9,297591251,1,2,4,6,2,2,True,True,True
200,4,47,ring,0.9,297591251,2,2,4,6,2,2,True,True,True
200,4,47,ring,0.9,297591251,3,5,10,15,5,5,True,True,True
200,4,47,ring,0.9,297591251,4,2,7,9,2,2,True,True,True
200,4,47,ring,0.9,297591251,5,3,9,12,3,3,True,True,True
200,4,47,small_world,0.9,297591251,0,3,9,12,3,3,True,True,True
200,4,47,small_world,0.9,297591251,1,6,14,20,6,6,True,True,True
200,4,47,small_world,0.9,297591251,2,3,10,13,3,3,True,True,True
200,4,47,small_world,0.9,297591251,3,2,4,6,2,2,True,True,True
200,4,47,small_world,0.9,297591251,4,2,3,5,2,2,True,True,True
200,4,47,scale_free,0.9,297591251,0,7,9,16,7,7,True,True,True
200,4,47,scale_free,0.9,297591251,1,5,10,15,5,5,True,True,True
200,4,47,scale_free,0.9,297591251,2,2,3,5,2,2,True,True,True
200,4,48,ring,0.4,1734422171,0,9,9,18,7,7,False,False,True
200,4,48,ring,0.4,1734422171,1,14,15,29,13,13,False,False,False
200,4,48,er,0.5,1734422171,0,2,2,4,2,2,True,True,True
200,4,48,er,0.5,1734422171,1,4,4,8,4,4,True,True,True
200,4,48,ring,0.5,1734422171,0,3,5,8,3,3,True,True,True
200,4,48,ring,0.5,1734422171,1,7,8,15,7,7,True,True,True
200,4,48,ring,0.5,1734422171,2,9,9,18,7,7,False,False,True
200,4,48,ring,0.5,1734422171,3,8,8,16,6,6,False,False,True
200,4,48,ring,0.5,1734422171,4,6,6,12,5,5,False,False,True
200,4,48,ring,0.5,1734422171,5,11,15,26,10,10,False,False,False
200,4,48,ring,0.5,1734422171,6,3,6,9,3,3,True,True,True
200,4,48,ring,0.5,1734422171,7,11,16,27,11,11,True,True,False
200,4,48,small_world,0.5,1734422171,0,11,12,23,11,11,True,True,False
200,4,48,small_world,0.5,1734422171,1,59,61,120,49,49,False,False,False
200,4,48,small_world,0.5,1734422171,2,3,4,7,3,3,True,True,True
200,4,48,small_world,0.5,1734422171,3,9,9,18,7,7,False,False,True
200,4,48,small_world,0.5,1734422171,4,3,5,8,3,3,True,True,True
200,4,48,er,0.6,1734422171,0,66,86,152,65,65,False,False,False
200,4,48,er,0.6,1734422171,1,2,2,4,2,2,True,True,True
200,4,48,er,0.6,1734422171,2,3,3,6,3,3,True,True,True
200,4,48,ring,0.6,1734422171,0,2,6,8,2,2,True,True,True
200,4,48,ring,0.6,1734422171,1,10,10,20,8,8,False,False,True
200,4,48,ring,0.6,1734422171,2,10,10,20,8,8,False,False,True
200,4,48,ring,0.6,1734422171,3,9,9,18,8,8,False,False,True
200,4,48,ring,0.6,1734422171,4,10,10,20,8,8,False,False,True
200,4,48,ring,0.6,1734422171,5,6,10,16,6,6,True,True,True
200,4,48,ring,0.6,1734422171,6,6,6,12,5,5,False,False,True
200,4,48,ring,0.6,1734422171,7,7,8,15,7,7,True,True,True
200,4,48,ring,0.6,1734422171,8,3,4,7,3,3,True,True,True
200,4,48,ring,0.6,1734422171,9,4,10,14,4,4,True,True,True
200,4,48,ring,0.6,1734422171,10,9,16,25,9,9,True,True,True
200,4,48,small_world,0.6,1734422171,0,2,6,8,2,2,True,True,True
200,4,48,small_world,0.6,1734422171,1,47,64,111,47,47,True,True,False
200,4,48,small_world,0.6,1734422171,2,2,5,7,2,2,True,True,True
200,4,48,small_world,0.6,1734422171,3,7,8,15,7,7,True,True,True
200,4,48,small_world,0.6,1734422171,4,10,10,20,8,8,False,False,True
200,4,48,small_world,0.6,1734422171,5,2,5,7,2,2,True,True,True
200,4,48,small_world,0.6,1734422171,6,2,4,6,2,2,True,True,True
200,4,48,scale_free,0.6,1734422171,0,67,89,156,56,56,False,False,False
200,4,48,er,0.7,1734422171,0,52,99,151,52,52,True,True,False
200,4,48,er,0.7,1734422171,1,3,3,6,3,3,True,True,True
200,4,48,ring,0.7,1734422171,0,2,6,8,2,2,True,True,True
200,4,48,ring,0.7,1734422171,1,6,10,16,6,6,True,True,True
200,4,48,ring,0.7,1734422171,2,12,17,29,12,12,True,True,False
200,4,48,ring,0.7,1734422171,3,3,6,9,3,3,True,True,True
200,4,48,ring,0.7,1734422171,4,8,11,19,8,8,True,True,True
200,4,48,ring,0.7,1734422171,5,15,24,39,14,14,False,False,False
200,4,48,ring,0.7,1734422171,6,3,4,7,3,3,True,True,True
200,4,48,ring,0.7,1734422171,7,4,10,14,4,4,True,True,True
200,4,48,ring,0.7,1734422171,8,2,4,6,2,2,True,True,True
200,4,48,small_world,0.7,1734422171,0,2,6,8,2,2,True,True,True
200,4,48,small_world,0.7,1734422171,1,8,13,21,8,8,True,True,True
200,4,48,small_world,0.7,1734422171,2,2,5,7,2,2,True,True,True
200,4,48,small_world,0.7,1734422171,3,9,12,21,9,9,True,True,True
200,4,48,small_world,0.7,1734422171,4,3,4,7,3,3,True,True,True
200,4,48,small_world,0.7,1734422171,5,3,6,9,3,3,True,True,True
200,4,48,small_world,0.7,1734422171,6,8,11,19,8,8,True,True,True
200,4,48,small_world,0.7,1734422171,7,16,33,49,16,16,True,True,False
200,4,48,small_world,0.7,1734422171,8,2,5,7,2,2,True,True,True
200,4,48,small_world,0.7,1734422171,9,2,4,6,2,2,True,True,True
200,4,48,scale_free,0.7,1734422171,0,56,73,129,51,51,False,False,False
200,4,48,er,0.8,1734422171,0,12,35,47,12,12,True,True,False
200,4,48,er,0.8,1734422171,1,12,34,46,12,12,True,True,False
200,4,48,er,0.8,1734422171,2,5,8,13,5,5,True,True,True
200,4,48,er,0.8,1734422171,3,4,11,15,4,4,True,True,True
200,4,48,er,0.8,1734422171,4,3,3,6,3,3,True,True,True
200,4,48,ring,0.8,1734422171,0,2,6,8,2,2,True,True,True
200,4,48,ring,0.8,1734422171,1,2,6,8,2,2,True,True,True
200,4,48,ring,0.8,1734422171,2,3,5,8,3,3,True,True,True
200,4,48,ring,0.8,1734422171,3,2,6,8,2,2,True,True,True
200,4,48,ring,0.8,1734422171,4,6,8,14,6,6,True,True,True
200,4,48,ring,0.8,1734422171,5,5,11,16,5,5,True,True,True
200,4,48,ring,0.8,1734422171,6,3,8,11,3,3,True,True,True
200,4,48,ring,0.8,1734422171,7,3,4,7,3,3,True,True,True
200,4,48,ring,0.8,1734422171,8,2,5,7,2,2,True,True,True
200,4,48,ring,0.8,1734422171,9,2,5,7,2,2,True,True,True
200,4,48,ring,0.8,1734422171,10,2,4,6,2,2,True,True,True
200,4,48,small_world,0.8,1734422171,0,2,5,7,2,2,True,True,True
200,4,48,small_world,0.8,1734422171,1,2,5,7,2,2,True,True,True
200,4,48,small_world,0.8,1734422171,2,3,5,8,3,3,True,True,True
200,4,48,small_world,0.8,1734422171,3,2,6,8,2,2,True,True,True
200,4,48,small_world,0.8,1734422171,4,6,8,14,6,6,True,True,True
200,4,48,small_world,0.8,1734422171,5,5,11,16,5,5,True,True,True
200,4,48,small_world,0.8,1734422171,6,3,4,7,3,3,True,True,True
200,4,48,small_world,0.8,1734422171,7,2,6,8,2,2,True,True,True
200,4,48,small_world,0.8,1734422171,8,2,6,8,2,2,True,True,True
200,4,48,small_world,0.8,1734422171,9,2,4,6,2,2,True,True,True
200,4,48,scale_free,0.8,1734422171,0,35,57,92,34,34,False,False,False
200,4,48,er,0.9,1734422171,0,4,17,21,4,4,True,True,True
200,4,48,er,0.9,1734422171,1,2,4,6,2,2,True,True,True
200,4,48,er,0.9,1734422171,2,2,3,5,2,2,True,True,True
200,4,48,er,0.9,1734422171,3,3,9,12,3,3,True,True,True
200,4,48,er,0.9,1734422171,4,2,5,7,2,2,True,True,True
200,4,48,ring,0.9,1734422171,0,2,6,8,2,2,True,True,True
200,4,48,ring,0.9,1734422171,1,4,10,14,4,4,True,True,True
200,4,48,ring,0.9,1734422171,2,2,4,6,2,2,True,True,True
200,4,48,ring,0.9,1734422171,3,2,5,7,2,2,True,True,True
200,4,48,small_world,0.9,1734422171,0,2,5,7,2,2,True,True,True
200,4,48,small_world,0.9,1734422171,1,4,10,14,4,4,True,True,True
200,4,48,small_world,0.9,1734422171,2,2,4,6,2,2,True,True,True
200,4,48,small_world,0.9,1734422171,3,2,6,8,2,2,True,True,True
200,4,48,scale_free,0.9,1734422171,0,6,15,21,6,6,True,True,True
200,4,48,scale_free,0.9,1734422171,1,2,9,11,2,2,True,True,True
200,4,48,scale_free,0.9,1734422171,2,2,9,11,2,2,True,True,True
200,4,48,scale_free,0.9,1734422171,3,3,5,8,3,3,True,True,True
200,4,49,er,0.3,941434720,0,2,2,4,2,2,True,True,True
200,4,49,ring,0.3,941434720,0,3,3,6,2,2,False,False,True
200,4,49,small_world,0.3,941434720,0,2,2,4,2,2,True,True,True
200,4,49,ring,0.4,941434720,0,6,9,15,6,6,True,True,True
200,4,49,ring,0.4,941434720,1,2,2,4,2,2,True,True,True
200,4,49,ring,0.4,941434720,2,13,13,26,10,10,False,False,False
200,4,49,ring,0.4,941434720,3,3,3,6,2,2,False,False,True
200,4,49,ring,0.4,941434720,4,2,2,4,2,2,True,True,True
200,4,49,ring,0.4,941434720,5,8,8,16,7,7,False,False,True
200,4,49,ring,0.4,941434720,6,3,3,6,2,2,False,False,True
200,4,49,small_world,0.4,941434720,0,18,21,39,17,17,False,False,False
200,4,49,small_world,0.4,941434720,1,5,6,11,5,5,True,True,True
200,4,49,small_world,0.4,941434720,2,2,2,4,2,2,True,True,True
200,4,49,small_world,0.4,941434720,3,6,6,12,5,5,False,False,True
200,4,49,er,0.5,941434720,0,2,2,4,2,2,True,True,True
200,4,49,er,0.5,941434720,1,2,2,4,2,2,True,True,True
200,4,49,ring,0.5,941434720,0,9,10,19,9,9,True,True,True
200,4,49,ring,0.5,941434720,1,2,2,4,2,2,True,True,True
200,4,49,ring,0.5,941434720,2,2,4,6,2,2,True,True,True
200,4,49,ring,0.5,941434720,3,2,2,4,2,2,True,True,True
200,4,49,ring,0.5,941434720,4,3,3,6,2,2,False,False,True
200,4,49,ring,0.5,941434720,5,15,20,35,13,13,False,False,False
200,4,49,ring,0.5,941434720,6,2,2,4,2,2,True,True,True
200,4,49,ring,0.5,941434720,7,2,2,4,2,2,True,True,True
200,4,49,ring,0.5,941434720,8,2,2,4,2,2,True,True,True
200,4,49,ring,0.5,941434720,9,13,13,26,10,10,False,False,False
200,4,49,ring,0.5,941434720,10,3,3,6,2,2,False,False,True
200,4,49,ring,0.5,941434720,11,5,7,12,5,5,True,True,True
200,4,49,ring,0.5,941434720,12,3,3,6,2,2,False,False,True
200,4,49,small_world,0.5,941434720,0,14,14,28,13,13,False,False,False
200,4,49,small_world,0.5,941434720,1,16,27,43,16,16,True,True,False
200,4,49,small_world,0.5,941434720,2,5,5,10,3,3,False,False,True
200,4,49,small_world,0.5,941434720,3,2,3,5,2,2,True,True,True
200,4,49,small_world,0.5,941434720,4,2,2,4,2,2,True,True,True
200,4,49,small_world,0.5,941434720,5,2,2,4,2,2,True,True,True
200,4,49,small_world,0.5,941434720,6,3,3,6,2,2,False,False,True
200,4,49,scale_free,0.5,941434720,0,2,2,4,2,2,True,True,True
200,4,49,er,0.6,941434720,0,68,92,160,67,67,False,False,False
200,4,49,er,0.6,941434720,1,2,2,4,2,2,True,True,True
200,4,49,ring,0.6,941434720,0,2,5,7,2,2,True,True,True
200,4,49,ring,0.6,941434720,1,4,5,9,4,4,True,True,True
200,4,49,ring,0.6,941434720,2,2,4,6,2,2,True,True,True
200,4,49,ring,0.6,941434720,3,2,4,6,2,2,True,True,True
200,4,49,ring,0.6,941434720,4,4,6,10,4,4,True,True,True
200,4,49,ring,0.6,941434720,5,9,11,20,8,8,False,False,True
200,4,49,ring,0.6,941434720,6,2,2,4,2,2,True,True,True
200,4,49,ring,0.6,941434720,7,21,24,45,17,17,False,False,False
200,4,49,ring,0.6,941434720,8,7,8,15,5,5,False,False,True
200,4,49,ring,0.6,941434720,9,3,3,6,2,2,False,False,True
200,4,49,ring,0.6,941434720,10,5,7,12,5,5,True,True,True
200,4,49,ring,0.6,941434720,11,8,8,16,7,7,False,False,True
200,4,49,small_world,0.6,941434720,0,2,5,7,2,2,True,True,True
200,4,49,small_world,0.6,941434720,1,57,66,123,51,51,False,False,False
200,4,49,small_world,0.6,941434720,2,11,15,26,9,9,False,False,False
200,4,49,small_world,0.6,941434720,3,2,2,4,2,2,True,True,True
200,4,49,small_world,0.6,941434720,4,3,3,6,2,2,False,False,True
200,4,49,scale_free,0.6,941434720,0,71,86,157,58,58,False,False,False
200,4,49,er,0.7,941434720,0,47,92,139,47,47,True,True,False
200,4,49,er,0.7,941434720,1,3,7,10,3,3,True,True,True
200,4,49,er,0.7,941434720,2,2,2,4,2,2,True,True,True
200,4,49,ring,0.7,941434720,0,4,5,9,4,4,True,True,True
200,4,49,ring,0.7,941434720,1,2,4,6,2,2,True,True,True
200,4,49,ring,0.7,941434720,2,2,4,6,2,2,True,True,True
200,4,49,ring,0.7,941434720,3,2,5,7,2,2,True,True,True
200,4,49,ring,0.7,941434720,4,7,9,16,7,7,True,True,True
200,4,49,ring,0.7,941434720,5,2,2,4,2,2,True,True,True
200,4,49,ring,0.7,941434720,6,14,17,31,13,13,False,False,False
200,4,49,ring,0.7,941434720,7,3,8,11,3,3,True,True,True
200,4,49,ring,0.7,941434720,8,3,9,12,3,3,True,True,True
200,4,49,ring,0.7,941434720,9,5,7,12,5,5,True,True,True
200,4,49,ring,0.7,941434720,10,6,7,13,6,6,True,True,True
200,4,49,small_world,0.7,941434720,0,51,76,127,50,50,False,False,False
200,4,49,small_world,0.7,941434720,1,6,10,16,6,6,True,True,True
200,4,49,scale_free,0.7,941434720,0,51,86,137,48,48,False,False,False
200,4,49,er,0.8,941434720,0,27,72,99,27,27,True,True,False
200,4,49,er,0.8,941434720,1,3,9,12,3,3,True,True,True
200,4,49,ring,0.8,941434720,0,3,6,9,3,3,True,True,True
200,4,49,ring,0.8,941434720,1,2,4,6,2,2,True,True,True
200,4,49,ring,0.8,941434720,2,5,9,14,5,5,True,True,True
200,4,49,ring,0.8,941434720,3,6,10,16,6,6,True,True,True
200,4,49,ring,0.8,941434720,4,6,8,14,5,5,False,False,True
200,4,49,ring,0.8,941434720,5,6,11,17,6,6,True,True,True
200,4,49,ring,0.8,941434720,6,2,6,8,2,2,True,True,True
200,4,49,ring,0.8,941434720,7,3,8,11,3,3,True,True,True
200,4,49,ring,0.8,941434720,8,3,9,12,3,3,True,True,True
200,4,49,small_world,0.8,941434720,0,10,19,29,10,10,True,True,True
200,4,49,small_world,0.8,941434720,1,3,9,12,3,3,True,True,True
200,4,49,small_world,0.8,941434720,2,18,38,56,18,18,True,True,False
200,4,49,small_world,0.8,941434720,3,8,17,25,8,8,True,True,True
200,4,49,scale_free,0.8,941434720,0,32,69,101,29,29,False,False,False
200,4,49,er,0.9,941434720,0,2,9,11,2,2,True,True,True
200,4,49,er,0.9,941434720,1,2,7,9,2,2,True,True,True
200,4,49,er,0.9,941434720,2,8,28,36,8,8,True,True,True
200,4,49,er,0.9,941434720,3,2,6,8,2,2,True,True,True
200,4,49,ring,0.9,941434720,0,2,4,6,2,2,True,True,True
200,4,49,ring,0.9,941434720,1,2,6,8,2,2,True,True,True
200,4,49,ring,0.9,941434720,2,2,7,9,2,2,True,True,True
200,4,49,ring,0.9,941434720,3,3,5,8,3,3,True,True,True
200,4,49,ring,0.9,941434720,4,3,7,10,3,3,True,True,True
200,4,49,ring,0.9,941434720,5,2,6,8,2,2,True,True,True
200,4,49,small_world,0.9,941434720,0,2,4,6,2,2,True,True,True
200,4,49,small_world,0.9,941434720,1,3,8,11,3,3,True,True,True
200,4,49,small_world,0.9,941434720,2,2,7,9,2,2,True,True,True
200,4,49,small_world,0.9,941434720,3,2,5,7,2,2,True,True,True
200,4,49,small_world,0.9,941434720,4,2,7,9,2,2,True,True,True
200,4,49,small_world,0.9,941434720,5,3,7,10,3,3,True,True,True
200,4,49,scale_free,0.9,941434720,0,3,15,18,3,3,True,True,True
200,4,49,scale_free,0.9,941434720,1,11,24,35,11,11,True,True,False
200,4,50,ring,0.2,1498546629,0,6,6,12,6,6,True,True,True
200,4,50,ring,0.2,1498546629,1,2,2,4,2,2,True,True,True
200,4,50,ring,0.2,1498546629,2,2,2,4,2,2,True,True,True
200,4,50,ring,0.3,1498546629,0,4,5,9,4,4,True,True,True
200,4,50,ring,0.3,1498546629,1,2,2,4,2,2,True,True,True
200,4,50,ring,0.3,1498546629,2,2,2,4,2,2,True,True,True
200,4,50,ring,0.3,1498546629,3,2,2,4,2,2,True,True,True
200,4,50,ring,0.4,1498546629,0,13,14,27,11,11,False,False,False
200,4,50,ring,0.4,1498546629,1,2,2,4,2,2,True,True,True
200,4,50,ring,0.4,1498546629,2,2,2,4,2,2,True,True,True
200,4,50,ring,0.5,1498546629,0,18,24,42,16,16,False,False,False
200,4,50,ring,0.5,1498546629,1,19,22,41,18,18,False,False,False
200,4,50,scale_free,0.5,1498546629,0,2,2,4,2,2,True,True,True
200,4,50,er,0.6,1498546629,0,70,94,164,65,65,False,False,False
200,4,50,ring,0.6,1498546629,0,7,9,16,5,5,False,False,True
200,4,50,ring,0.6,1498546629,1,6,10,16,6,6,True,True,True
200,4,50,ring,0.6,1498546629,2,2,5,7,2,2,True,True,True
200,4,50,ring,0.6,1498546629,3,7,11,18,7,7,True,True,True
200,4,50,ring,0.6,1498546629,4,9,11,20,9,9,True,True,True
200,4,50,ring,0.6,1498546629,5,18,20,38,16,16,False,False,False
200,4,50,ring,0.6,1498546629,6,4,5,9,4,4,True,True,True
200,4,50,ring,0.6,1498546629,7,5,6,11,5,5,True,True,True
200,4,50,ring,0.6,1498546629,8,22,27,49,22,22,True,True,False
200,4,50,small_world,0.6,1498546629,0,66,88,154,63,63,False,False,False
200,4,50,small_world,0.6,1498546629,1,12,14,26,12,12,True,True,False
200,4,50,small_world,0.6,1498546629,2,2,3,5,2,2,True,True,True
200,4,50,scale_free,0.6,1498546629,0,69,91,160,58,58,False,False,False
200,4,50,scale_free,0.6,1498546629,1,3,3,6,3,3,True,True,True
200,4,50,er,0.7,1498546629,0,50,90,140,49,49,False,False,False
200,4,50,er,0.7,1498546629,1,2,4,6,2,2,True,True,True
200,4,50,ring,0.7,1498546629,0,6,8,14,5,5,False,False,True
200,4,50,ring,0.7,1498546629,1,5,11,16,5,5,True,True,True
200,4,50,ring,0.7,1498546629,2,2,5,7,2,2,True,True,True
200,4,50,ring,0.7,1498546629,3,3,6,9,3,3,True,True,True
200,4,50,ring,0.7,1498546629,4,6,13,19,6,6,True,True,True
200,4,50,ring,0.7,1498546629,5,8,12,20,8,8,True,True,True
200,4,50,ring,0.7,1498546629,6,3,5,8,3,3,True,True,True
200,4,50,ring,0.7,1498546629,7,3,5,8,3,3,True,True,True
200,4,50,ring,0.7,1498546629,8,4,5,9,4,4,True,True,True
200,4,50,ring,0.7,1498546629,9,3,7,10,3,3,True,True,True
200,4,50,ring,0.7,1498546629,10,3,6,9,3,3,True,True,True
200,4,50,ring,0.7,1498546629,11,12,17,29,12,12,True,True,False
200,4,50,small_world,0.7,1498546629,0,11,15,26,10,10,False,False,False
200,4,50,small_world,0.7,1498546629,1,18,32,50,18,18,True,True,False
200,4,50,small_world,0.7,1498546629,2,5,11,16,5,5,True,True,True
200,4,50,small_world,0.7,1498546629,3,2,5,7,2,2,True,True,True
200,4,50,small_world,0.7,1498546629,4,3,6,9,3,3,True,True,True
200,4,50,small_world,0.7,1498546629,5,4,10,14,4,4,True,True,True
200,4,50,small_world,0.7,1498546629,6,3,7,10,3,3,True,True,True
200,4,50,small_world,0.7,1498546629,7,13,18,31,13,13,True,True,False
200,4,50,scale_free,0.7,1498546629,0,53,83,136,48,48,False,False,False
200,4,50,er,0.8,1498546629,0,30,80,110,30,30,True,True,False
200,4,50,er,0.8,1498546629,1,4,9,13,4,4,True,True,True
200,4,50,ring,0.8,1498546629,0,2,4,6,2,2,True,True,True
200,4,50,ring,0.8,1498546629,1,5,11,16,5,5,True,True,True
200,4,50,ring,0.8,1498546629,2,2,5,7,2,2,True,True,True
200,4,50,ring,0.8,1498546629,3,3,6,9,3,3,True,True,True
200,4,50,ring,0.8,1498546629,4,2,5,7,2,2,True,True,True
200,4,50,ring,0.8,1498546629,5,7,13,20,7,7,True,True,True
200,4,50,ring,0.8,1498546629,6,2,4,6,2,2,True,True,True
200,4,50,ring,0.8,1498546629,7,3,5,8,3,3,True,True,True
200,4,50,ring,0.8,1498546629,8,2,4,6,2,2,True,True,True
200,4,50,ring,0.8,1498546629,9,2,4,6,2,2,True,True,True
200,4,50,ring,0.8,1498546629,10,6,12,18,6,6,True,True,True
200,4,50,small_world,0.8,1498546629,0,2,3,5,2,2,True,True,True
200,4,50,small_world,0.8,1498546629,1,6,15,21,6,6,True,True,True
200,4,50,small_world,0.8,1498546629,2,2,5,7,2,2,True,True,True
200,4,50,small_world,0.8,1498546629,3,3,6,9,3,3,True,True,True
200,4,50,small_world,0.8,1498546629,4,2,4,6,2,2,True,True,True
200,4,50,small_world,0.8,1498546629,5,4,7,11,4,4,True,True,True
200,4,50,small_world,0.8,1498546629,6,3,6,9,3,3,True,True,True
200,4,50,small_world,0.8,1498546629,7,4,9,13,4,4,True,True,True
200,4,50,small_world,0.8,1498546629,8,3,5,8,3,3,True,True,True
200,4,50,small_world,0.8,1498546629,9,2,4,6,2,2,True,True,True
200,4,50,small_world,0.8,1498546629,10,5,10,15,5,5,True,True,True
200,4,50,scale_free,0.8,1498546629,0,35,76,111,33,33,False,False,False
200,4,50,er,0.9,1498546629,0,15,40,55,15,15,True,True,False
200,4,50,ring,0.9,1498546629,0,2,5,7,2,2,True,True,True
200,4,50,ring,0.9,1498546629,1,6,14,20,6,6,True,True,True
200,4,50,ring,0.9,1498546629,2,2,4,6,2,2,True,True,True
200,4,50,small_world,0.9,1498546629,0,2,8,10,2,2,True,True,True
200,4,50,small_world,0.9,1498546629,1,2,5,7,2,2,True,True,True
200,4,50,small_world,0.9,1498546629,2,3,8,11,3,3,True,True,True
200,4,50,small_world,0.9,1498546629,3,3,6,9,3,3,True,True,True
200,4,50,small_world,0.9,1498546629,4,2,4,6,2,2,True,True,True
200,4,50,scale_free,0.9,1498546629,0,16,51,67,16,16,True,True,False
200,4,51,ring,0.1,495128840,0,2,2,4,2,2,True,True,True
200,4,51,ring,0.1,495128840,1,2,2,4,2,2,True,True,True
200,4,51,small_world,0.1,495128840,0,2,2,4,2,2,True,True,True
200,4,51,small_world,0.1,495128840,1,2,2,4,2,2,True,True,True
200,4,51,scale_free,0.1,495128840,0,3,3,6,3,3,True,True,True
200,4,51,scale_free,0.1,495128840,1,2,2,4,2,2,True,True,True
200,4,51,ring,0.2,495128840,0,2,2,4,2,2,True,True,True
200,4,51,ring,0.2,495128840,1,2,2,4,2,2,True,True,True
200,4,51,small_world,0.2,495128840,0,2,2,4,2,2,True,True,True
200,4,51,ring,0.3,495128840,0,2,2,4,2,2,True,True,True
200,4,51,ring,0.3,495128840,1,2,2,4,2,2,True,True,True
200,4,51,ring,0.3,495128840,2,3,4,7,3,3,True,True,True
200,4,51,ring,0.3,495128840,3,4,4,8,3,3,False,False,True
200,4,51,small_world,0.3,495128840,0,4,4,8,3,3,False,False,True
200,4,51,small_world,0.3,495128840,1,4,4,8,3,3,False,False,True
200,4,51,ring,0.4,495128840,0,4,5,9,4,4,True,True,True
200,4,51,ring,0.4,495128840,1,5,5,10,4,4,False,False,True
200,4,51,ring,0.4,495128840,2,2,2,4,2,2,True,True,True
200,4,51,ring,0.4,495128840,3,7,8,15,7,7,True,True,True
200,4,51,ring,0.4,495128840,4,2,2,4,2,2,True,True,True
200,4,51,ring,0.4,495128840,5,6,6,12,5,5,False,False,True
200,4,51,ring,0.4,495128840,6,4,4,8,3,3,False,False,True
200,4,51,small_world,0.4,495128840,0,5,5,10,4,4,False,False,True
200,4,51,small_world,0.4,495128840,1,5,5,10,4,4,False,False,True
200,4,51,small_world,0.4,495128840,2,4,4,8,3,3,False,False,True
200,4,51,er,0.5,495128840,0,84,88,172,79,79,False,False,False
200,4,51,ring,0.5,495128840,0,11,11,22,8,8,False,False,False
200,4,51,ring,0.5,495128840,1,12,12,24,11,11,False,False,False
200,4,51,ring,0.5,495128840,2,17,18,35,14,14,False,False,False
200,4,51,ring,0.5,495128840,3,4,6,10,4,4,True,True,True
200,4,51,ring,0.5,495128840,4,2,2,4,2,2,True,True,True
200,4,51,ring,0.5,495128840,5,8,12,20,8,8,True,True,True
200,4,51,ring,0.5,495128840,6,5,5,10,5,5,True,True,True
200,4,51,ring,0.5,495128840,7,2,2,4,2,2,True,True,True
200,4,51,ring,0.5,495128840,8,2,2,4,2,2,True,True,True
200,4,51,ring,0.5,495128840,9,5,8,13,5,5,True,True,True
200,4,51,small_world,0.5,495128840,0,8,11,19,8,8,True,True,True
200,4,51,small_world,0.5,495128840,1,4,5,9,4,4,True,True,True
200,4,51,small_world,0.5,495128840,2,4,6,10,4,4,True,True,True
200,4,51,small_world,0.5,495128840,3,8,12,20,8,8,True,True,True
200,4,51,small_world,0.5,495128840,4,6,8,14,6,6,True,True,True
200,4,51,scale_free,0.5,495128840,0,75,77,152,56,56,False,False,False
200,4,51,er,0.6,495128840,0,64,92,156,63,63,False,False,False
200,4,51,er,0.6,495128840,1,2,2,4,2,2,True,True,True
200,4,51,er,0.6,495128840,2,2,2,4,2,2,True,True,True
200,4,51,ring,0.6,495128840,0,6,10,16,6,6,True,True,True
200,4,51,ring,0.6,495128840,1,4,4,8,3,3,False,False,True
200,4,51,ring,0.6,495128840,2,7,8,15,5,5,False,False,True
200,4,51,ring,0.6,495128840,3,7,12,19,7,7,True,True,True
200,4,51,ring,0.6,495128840,4,15,15,30,13,13,False,False,False
200,4,51,ring,0.6,495128840,5,5,14,19,5,5,True,True,True
200,4,51,ring,0.6,495128840,6,3,7,10,3,3,True,True,True
200,4,51,ring,0.6,495128840,7,11,11,22,9,9,False,False,False
200,4,51,ring,0.6,495128840,8,2,2,4,2,2,True,True,True
200,4,51,ring,0.6,495128840,9,2,2,4,2,2,True,True,True
200,4,51,ring,0.6,495128840,10,2,6,8,2,2,True,True,True
200,4,51,ring,0.6,495128840,11,5,8,13,5,5,True,True,True
200,4,51,small_world,0.6,495128840,0,3,3,6,3,3,True,True,True
200,4,51,small_world,0.6,495128840,1,41,46,87,35,35,False,False,False
200,4,51,small_world,0.6,495128840,2,5,10,15,5,5,True,True,True
200,4,51,small_world,0.6,495128840,3,3,6,9,3,3,True,True,True
200,4,51,small_world,0.6,495128840,4,3,4,7,3,3,True,True,True
200,4,51,small_world,0.6,495128840,5,5,14,19,5,5,True,True,True
200,4,51,small_world,0.6,495128840,6,2,5,7,2,2,True,True,True
200,4,51,small_world,0.6,495128840,7,3,6,9,3,3,True,True,True
200,4,51,small_world,0.6,495128840,8,2,2,4,2,2,True,True,True
200,4,51,scale_free,0.6,495128840,0,65,91,156,52,52,False,False,False
200,4,51,er,0.7,495128840,0,46,84,130,46,46,True,True,False
200,4,51,er,0.7,495128840,1,2,2,4,2,2,True,True,True
200,4,51,er,0.7,495128840,2,2,3,5,2,2,True,True,True
200,4,51,er,0.7,495128840,3,2,2,4,2,2,True,True,True
200,4,51,ring,0.7,495128840,0,6,15,21,6,6,True,True,True
200,4,51,ring,0.7,495128840,1,4,4,8,3,3,False,False,True
200,4,51,ring,0.7,495128840,2,6,9,15,6,6,True,True,True
200,4,51,ring,0.7,495128840,3,4,8,12,4,4,True,True,True
200,4,51,ring,0.7,495128840,4,10,12,22,9,9,False,False,True
200,4,51,ring,0.7,495128840,5,3,4,7,3,3,True,True,True
200,4,51,ring,0.7,495128840,6,2,6,8,2,2,True,True,True
200,4,51,ring,0.7,495128840,7,3,7,10,3,3,True,True,True
200,4,51,ring,0.7,495128840,8,10,12,22,10,10,True,True,True
200,4,51,ring,0.7,495128840,9,2,2,4,2,2,True,True,True
200,4,51,ring,0.7,495128840,10,4,5,9,4,4,True,True,True
200,4,51,ring,0.7,495128840,11,2,4,6,2,2,True,True,True
200,4,51,small_world,0.7,495128840,0,6,15,21,6,6,True,True,True
200,4,51,small_world,0.7,495128840,1,43,68,111,41,41,False,False,False
200,4,51,small_world,0.7,495128840,2,2,5,7,2,2,True,True,True
200,4,51,scale_free,0.7,495128840,0,49,98,147,45,45,False,False,False
200,4,51,er,0.8,495128840,0,33,71,104,33,33,True,True,False
200,4,51,er,0.8,495128840,1,2,3,5,2,2,True,True,True
200,4,51,ring,0.8,495128840,0,3,9,12,3,3,True,True,True
200,4,51,ring,0.8,495128840,1,9,11,20,9,9,True,True,True
200,4,51,ring,0.8,495128840,2,2,5,7,2,2,True,True,True
200,4,51,ring,0.8,495128840,3,2,4,6,2,2,True,True,True
200,4,51,ring,0.8,495128840,4,2,5,7,2,2,True,True,True
200,4,51,ring,0.8,495128840,5,3,4,7,3,3,True,True,True
200,4,51,ring,0.8,495128840,6,3,7,10,3,3,True,True,True
200,4,51,ring,0.8,495128840,7,8,11,19,8,8,True,True,True
200,4,51,ring,0.8,495128840,8,2,5,7,2,2,True,True,True
200,4,51,small_world,0.8,495128840,0,3,9,12,3,3,True,True,True
200,4,51,small_world,0.8,495128840,1,3,7,10,3,3,True,True,True
200,4,51,small_world,0.8,495128840,2,3,3,6,3,3,True,True,True
200,4,51,small_world,0.8,495128840,3,5,6,11,4,4,False,False,True
200,4,51,small_world,0.8,495128840,4,5,17,22,5,5,True,True,True
200,4,51,small_world,0.8,495128840,5,17,32,49,17,17,True,True,False
200,4,51,scale_free,0.8,495128840,0,38,87,125,35,35,False,False,False
200,4,51,er,0.9,495128840,0,11,30,41,11,11,True,True,False
200,4,51,er,0.9,495128840,1,2,9,11,2,2,True,True,True
200,4,51,ring,0.9,495128840,0,2,7,9,2,2,True,True,True
200,4,51,ring,0.9,495128840,1,4,6,10,4,4,True,True,True
200,4,51,ring,0.9,495128840,2,3,4,7,3,3,True,True,True
200,4,51,ring,0.9,495128840,3,5,8,13,5,5,True,True,True
200,4,51,small_world,0.9,495128840,0,2,7,9,2,2,True,True,True
200,4,51,small_world,0.9,495128840,1,4,5,9,4,4,True,True,True
200,4,51,small_world,0.9,495128840,2,3,8,11,3,3,True,True,True
200,4,51,small_world,0.9,495128840,3,2,4,6,2,2,True,True,True
200,4,51,small_world,0.9,495128840,4,3,5,8,3,3,True,True,True
200,4,51,small_world,0.9,495128840,5,2,7,9,2,2,True,True,True
200,4,51,scale_free,0.9,495128840,0,20,73,93,20,20,True,True,False
200,4,52,ring,0.2,2204928489,0,2,2,4,2,2,True,True,True
200,4,52,small_world,0.2,2204928489,0,5,5,10,4,4,False,False,True
200,4,52,ring,0.4,2204928489,0,4,5,9,4,4,True,True,True
200,4,52,ring,0.4,2204928489,1,10,10,20,10,10,True,True,True
200,4,52,er,0.5,2204928489,0,81,83,164,76,76,False,False,False
200,4,52,ring,0.5,2204928489,0,2,2,4,2,2,True,True,True
200,4,52,ring,0.5,2204928489,1,3,3,6,2,2,False,False,True
200,4,52,ring,0.5,2204928489,2,9,11,20,9,9,True,True,True
200,4,52,ring,0.5,2204928489,3,5,8,13,5,5,True,True,True
200,4,52,ring,0.5,2204928489,4,10,14,24,10,10,True,True,True
200,4,52,ring,0.5,2204928489,5,4,5,9,3,3,False,False,True
200,4,52,ring,0.5,2204928489,6,14,14,28,12,12,False,False,False
200,4,52,small_world,0.5,2204928489,0,36,39,75,33,33,False,False,False
200,4,52,small_world,0.5,2204928489,1,2,2,4,2,2,True,True,True
200,4,52,small_world,0.5,2204928489,2,3,3,6,3,3,True,True,True
200,4,52,er,0.6,2204928489,0,69,91,160,69,69,True,True,False
200,4,52,ring,0.6,2204928489,0,15,21,36,15,15,True,True,False
200,4,52,ring,0.6,2204928489,1,3,4,7,3,3,True,True,True
200,4,52,ring,0.6,2204928489,2,5,8,13,5,5,True,True,True
200,4,52,ring,0.6,2204928489,3,5,7,12,5,5,True,True,True
200,4,52,ring,0.6,2204928489,4,4,8,12,4,4,True,True,True
200,4,52,ring,0.6,2204928489,5,10,10,20,8,8,False,False,True
200,4,52,ring,0.6,2204928489,6,2,4,6,2,2,True,True,True
200,4,52,small_world,0.6,2204928489,0,17,30,47,16,16,False,False,False
200,4,52,small_world,0.6,2204928489,1,10,12,22,9,9,False,False,True
200,4,52,small_world,0.6,2204928489,2,3,3,6,3,3,True,True,True
200,4,52,small_world,0.6,2204928489,3,5,6,11,4,4,False,False,True
200,4,52,small_world,0.6,2204928489,4,3,4,7,3,3,True,True,True
200,4,52,small_world,0.6,2204928489,5,2,4,6,2,2,True,True,True
200,4,52,scale_free,0.6,2204928489,0,67,79,146,56,56,False,False,False
200,4,52,er,0.7,2204928489,0,44,82,126,44,44,True,True,False
200,4,52,er,0.7,2204928489,1,2,2,4,2,2,True,True,True
200,4,52,er,0.7,2204928489,2,2,4,6,2,2,True,True,True
200,4,52,er,0.7,2204928489,3,2,3,5,2,2,True,True,True
200,4,52,ring,0.7,2204928489,0,6,14,20,6,6,True,True,True
200,4,52,ring,0.7,2204928489,1,3,6,9,3,3,True,True,True
200,4,52,ring,0.7,2204928489,2,3,3,6,2,2,False,False,True
200,4,52,ring,0.7,2204928489,3,7,12,19,7,7,True,True,True
200,4,52,ring,0.7,2204928489,4,3,4,7,3,3,True,True,True
200,4,52,ring,0.7,2204928489,5,4,9,13,4,4,True,True,True
200,4,52,ring,0.7,2204928489,6,5,7,12,5,5,True,True,True
200,4,52,ring,0.7,2204928489,7,4,8,12,4,4,True,True,True
200,4,52,ring,0.7,2204928489,8,5,9,14,5,5,True,True,True
200,4,52,ring,0.7,2204928489,9,2,2,4,2,2,True,True,True
200,4,52,ring,0.7,2204928489,10,6,7,13,5,5,False,False,True
200,4,52,ring,0.7,2204928489,11,3,4,7,3,3,True,True,True
200,4,52,ring,0.7,2204928489,12,2,4,6,2,2,True,True,True
200,4,52,ring,0.7,2204928489,13,4,6,10,4,4,True,True,True
200,4,52,small_world,0.7,2204928489,0,6,16,22,6,6,True,True,True
200,4,52,small_world,0.7,2204928489,1,22,39,61,21,21,False,False,False
200,4,52,small_world,0.7,2204928489,2,4,7,11,4,4,True,True,True
200,4,52,small_world,0.7,2204928489,3,3,5,8,3,3,True,True,True
200,4,52,small_world,0.7,2204928489,4,3,3,6,3,3,True,True,True
200,4,52,small_world,0.7,2204928489,5,5,6,11,4,4,False,False,True
200,4,52,small_world,0.7,2204928489,6,2,2,4,2,2,True,True,True
200,4,52,small_world,0.7,2204928489,7,6,7,13,5,5,False,False,True
200,4,52,small_world,0.7,2204928489,8,2,4,6,2,2,True,True,True
200,4,52,scale_free,0.7,2204928489,0,47,67,114,43,43,False,False,False
200,4,52,scale_free,0.7,2204928489,1,3,4,7,3,3,True,True,True
200,4,52,er,0.8,2204928489,0,31,75,106,31,31,True,True,False
200,4,52,ring,0.8,2204928489,0,3,10,13,3,3,True,True,True
200,4,52,ring,0.8,2204928489,1,3,6,9,3,3,True,True,True
200,4,52,ring,0.8,2204928489,2,4,5,9,4,4,True,True,True
200,4,52,ring,0.8,2204928489,3,3,6,9,3,3,True,True,True
200,4,52,ring,0.8,2204928489,4,2,4,6,2,2,True,True,True
200,4,52,ring,0.8,2204928489,5,2,5,7,2,2,True,True,True
200,4,52,ring,0.8,2204928489,6,4,8,12,4,4,True,True,True
200,4,52,ring,0.8,2204928489,7,4,8,12,4,4,True,True,True
200,4,52,ring,0.8,2204928489,8,2,2,4,2,2,True,True,True
200,4,52,ring,0.8,2204928489,9,3,3,6,2,2,False,False,True
200,4,52,ring,0.8,2204928489,10,3,4,7,3,3,True,True,True
200,4,52,ring,0.8,2204928489,11,2,7,9,2,2,True,True,True
200,4,52,small_world,0.8,2204928489,0,4,15,19,4,4,True,True,True
200,4,52,small_world,0.8,2204928489,1,6,13,19,6,6,True,True,True
200,4,52,small_world,0.8,2204928489,2,5,6,11,5,5,True,True,True
200,4,52,small_world,0.8,2204928489,3,3,6,9,3,3,True,True,True
200,4,52,small_world,0.8,2204928489,4,3,5,8,3,3,True,True,True
200,4,52,small_world,0.8,2204928489,5,2,3,5,2,2,True,True,True
200,4,52,small_world,0.8,2204928489,6,4,7,11,4,4,True,True,True
200,4,52,small_world,0.8,2204928489,7,2,2,4,2,2,True,True,True
200,4,52,small_world,0.8,2204928489,8,3,3,6,2,2,False,False,True
200,4,52,small_world,0.8,2204928489,9,2,7,9,2,2,True,True,True
200,4,52,scale_free,0.8,2204928489,0,30,68,98,29,29,False,False,False
200,4,52,scale_free,0.8,2204928489,1,3,4,7,3,3,True,True,True
200,4,52,er,0.9,2204928489,0,11,41,52,11,11,True,True,False
200,4,52,er,0.9,2204928489,1,2,5,7,2,2,True,True,True
200,4,52,ring,0.9,2204928489,0,2,7,9,2,2,True,True,True
200,4,52,ring,0.9,2204928489,1,2,6,8,2,2,True,True,True
200,4,52,ring,0.9,2204928489,2,2,6,8,2,2,True,True,True
200,4,52,ring,0.9,2204928489,3,2,5,7,2,2,True,True,True
200,4,52,ring,0.9,2204928489,4,2,7,9,2,2,True,True,True
200,4,52,ring,0.9,2204928489,5,3,7,10,3,3,True,True,True
200,4,52,ring,0.9,2204928489,6,3,7,10,3,3,True,True,True
200,4,52,small_world,0.9,2204928489,0,3,11,14,3,3,True,True,True
200,4,52,small_world,0.9,2204928489,1,2,6,8,2,2,True,True,True
200,4,52,small_world,0.9,2204928489,2,4,11,15,4,4,True,True,True
200,4,52,small_world,0.9,2204928489,3,2,4,6,2,2,True,True,True
200,4,52,small_world,0.9,2204928489,4,3,7,10,3,3,True,True,True
200,4,52,small_world,0.9,2204928489,5,2,7,9,2,2,True,True,True
200,4,52,scale_free,0.9,2204928489,0,16,47,63,16,16,True,True,False
200,4,52,scale_free,0.9,2204928489,1,2,4,6,2,2,True,True,True
200,4,53,ring,0.2,1620698690,0,6,6,12,6,6,True,True,True
200,4,53,ring,0.3,1620698690,0,3,5,8,3,3,True,True,True
200,4,53,ring,0.3,1620698690,1,2,2,4,2,2,True,True,True
200,4,53,ring,0.4,1620698690,0,4,6,10,3,3,False,False,True
200,4,53,ring,0.4,1620698690,1,6,6,12,5,5,False,False,True
200,4,53,ring,0.4,1620698690,2,6,6,12,5,5,False,False,True
200,4,53,ring,0.4,1620698690,3,5,5,10,5,5,True,True,True
200,4,53,er,0.5,1620698690,0,78,80,158,75,75,False,False,False
200,4,53,ring,0.5,1620698690,0,9,11,20,9,9,True,True,True
200,4,53,ring,0.5,1620698690,1,4,6,10,3,3,False,False,True
200,4,53,ring,0.5,1620698690,2,5,6,11,4,4,False,False,True
200,4,53,ring,0.5,1620698690,3,10,10,20,8,8,False,False,True
200,4,53,ring,0.5,1620698690,4,10,10,20,9,9,False,False,True
200,4,53,ring,0.5,1620698690,5,2,2,4,2,2,True,True,True
200,4,53,ring,0.5,1620698690,6,2,7,9,2,2,True,True,True
200,4,53,ring,0.5,1620698690,7,2,2,4,2,2,True,True,True
200,4,53,ring,0.5,1620698690,8,2,2,4,2,2,True,True,True
200,4,53,ring,0.5,1620698690,9,2,5,7,2,2,True,True,True
200,4,53,small_world,0.5,1620698690,0,73,77,150,59,59,False,False,False
200,4,53,small_world,0.5,1620698690,1,2,2,4,2,2,True,True,True
200,4,53,small_world,0.5,1620698690,2,2,2,4,2,2,True,True,True
200,4,53,scale_free,0.5,1620698690,0,78,84,162,59,59,False,False,False
200,4,53,er,0.6,1620698690,0,64,91,155,63,63,False,False,False
200,4,53,ring,0.6,1620698690,0,6,14,20,6,6,True,True,True
200,4,53,ring,0.6,1620698690,1,8,11,19,8,8,True,True,True
200,4,53,ring,0.6,1620698690,2,3,4,7,3,3,True,True,True
200,4,53,ring,0.6,1620698690,3,5,6,11,5,5,True,True,True
200,4,53,ring,0.6,1620698690,4,2,2,4,2,2,True,True,True
200,4,53,ring,0.6,1620698690,5,2,4,6,2,2,True,True,True
200,4,53,ring,0.6,1620698690,6,11,18,29,11,11,True,True,False
200,4,53,ring,0.6,1620698690,7,2,2,4,2,2,True,True,True
200,4,53,ring,0.6,1620698690,8,2,5,7,2,2,True,True,True
200,4,53,small_world,0.6,1620698690,0,49,65,114,46,46,False,False,False
200,4,53,small_world,0.6,1620698690,1,3,3,6,3,3,True,True,True
200,4,53,small_world,0.6,1620698690,2,2,3,5,2,2,True,True,True
200,4,53,small_world,0.6,1620698690,3,2,2,4,2,2,True,True,True
200,4,53,small_world,0.6,1620698690,4,2,3,5,2,2,True,True,True
200,4,53,scale_free,0.6,1620698690,0,72,91,163,59,59,False,False,False
200,4,53,er,0.7,1620698690,0,43,86,129,43,43,True,True,False
200,4,53,er,0.7,1620698690,1,2,4,6,2,2,True,True,True
200,4,53,ring,0.7,1620698690,0,3,7,10,3,3,True,True,True
200,4,53,ring,0.7,1620698690,1,2,6,8,2,2,True,True,True
200,4,53,ring,0.7,1620698690,2,5,9,14,5,5,True,True,True
200,4,53,ring,0.7,1620698690,3,7,10,17,7,7,True,True,True
200,4,53,ring,0.7,1620698690,4,5,6,11,5,5,True,True,True
200,4,53,ring,0.7,1620698690,5,9,13,22,9,9,True,True,True
200,4,53,ring,0.7,1620698690,6,9,20,29,9,9,True,True,True
200,4,53,ring,0.7,1620698690,7,4,4,8,4,4,True,True,True
200,4,53,ring,0.7,1620698690,8,3,4,7,3,3,True,True,True
200,4,53,ring,0.7,1620698690,9,4,5,9,4,4,True,True,True
200,4,53,small_world,0.7,1620698690,0,2,9,11,2,2,True,True,True
200,4,53,small_world,0.7,1620698690,1,20,36,56,20,20,True,True,False
200,4,53,small_world,0.7,1620698690,2,2,5,7,2,2,True,True,True
200,4,53,small_world,0.7,1620698690,3,18,30,48,18,18,True,True,False
200,4,53,small_world,0.7,1620698690,4,2,3,5,2,2,True,True,True
200,4,53,small_world,0.7,1620698690,5,2,3,5,2,2,True,True,True
200,4,53,small_world,0.7,1620698690,6,5,5,10,5,5,True,True,True
200,4,53,small_world,0.7,1620698690,7,2,4,6,2,2,True,True,True
200,4,53,scale_free,0.7,1620698690,0,52,96,148,48,48,False,False,False
200,4,53,er,0.8,1620698690,0,28,73,101,28,28,True,True,False
200,4,53,er,0.8,1620698690,1,2,5,7,2,2,True,True,True
200,4,53,ring,0.8,1620698690,0,2,4,6,2,2,True,True,True
200,4,53,ring,0.8,1620698690,1,2,6,8,2,2,True,True,True
200,4,53,ring,0.8,1620698690,2,3,6,9,3,3,True,True,True
200,4,53,ring,0.8,1620698690,3,5,6,11,5,5,True,True,True
200,4,53,ring,0.8,1620698690,4,2,4,6,2,2,True,True,True
200,4,53,ring,0.8,1620698690,5,3,4,7,3,3,True,True,True
200,4,53,ring,0.8,1620698690,6,6,16,22,6,6,True,True,True
200,4,53,ring,0.8,1620698690,7,5,10,15,5,5,True,True,True
200,4,53,ring,0.8,1620698690,8,8,9,17,8,8,True,True,True
200,4,53,small_world,0.8,1620698690,0,11,25,36,11,11,True,True,False
200,4,53,small_world,0.8,1620698690,1,2,5,7,2,2,True,True,True
200,4,53,small_world,0.8,1620698690,2,3,4,7,3,3,True,True,True
200,4,53,small_world,0.8,1620698690,3,2,3,5,2,2,True,True,True
200,4,53,small_world,0.8,1620698690,4,2,4,6,2,2,True,True,True
200,4,53,small_world,0.8,1620698690,5,5,8,13,5,5,True,True,True
200,4,53,small_world,0.8,1620698690,6,10,10,20,10,10,True,True,True
200,4,53,scale_free,0.8,1620698690,0,34,87,121,34,34,True,True,False
200,4,53,scale_free,0.8,1620698690,1,2,2,4,2,2,True,True,True
200,4,53,er,0.9,1620698690,0,2,9,11,2,2,True,True,True
200,4,53,er,0.9,1620698690,1,4,8,12,4,4,True,True,True
200,4,53,er,0.9,1620698690,2,2,5,7,2,2,True,True,True
200,4,53,er,0.9,1620698690,3,2,2,4,2,2,True,True,True
200,4,53,ring,0.9,1620698690,0,2,5,7,2,2,True,True,True
200,4,53,ring,0.9,1620698690,1,3,8,11,3,3,True,True,True
200,4,53,ring,0.9,1620698690,2,2,4,6,2,2,True,True,True
200,4,53,ring,0.9,1620698690,3,3,7,10,3,3,True,True,True
200,4,53,ring,0.9,1620698690,4,3,7,10,3,3,True,True,True
200,4,53,ring,0.9,1620698690,5,2,4,6,2,2,True,True,True
200,4,53,small_world,0.9,1620698690,0,2,5,7,2,2,True,True,True
200,4,53,small_world,0.9,1620698690,1,8,17,25,8,8,True,True,True
200,4,53,small_world,0.9,1620698690,2,2,4,6,2,2,True,True,True
200,4,53,small_world,0.9,1620698690,3,2,4,6,2,2,True,True,True
200,4,53,scale_free,0.9,1620698690,0,7,24,31,7,7,True,True,True
200,4,53,scale_free,0.9,1620698690,1,6,11,17,6,6,True,True,True
200,4,53,scale_free,0.9,1620698690,2,2,3,5,2,2,True,True,True
200,4,54,small_world,0.1,4085847618,0,2,2,4,2,2,True,True,True
200,4,54,small_world,0.4,4085847618,0,3,4,7,3,3,True,True,True
200,4,54,scale_free,0.4,4085847618,0,2,2,4,2,2,True,True,True
200,4,54,er,0.5,4085847618,0,80,87,167,73,73,False,False,False
200,4,54,ring,0.5,4085847618,0,19,21,40,18,18,False,False,False
200,4,54,ring,0.5,4085847618,1,3,5,8,3,3,True,True,True
200,4,54,ring,0.5,4085847618,2,4,5,9,4,4,True,True,True
200,4,54,ring,0.5,4085847618,3,6,7,13,6,6,True,True,True
200,4,54,ring,0.5,4085847618,4,22,23,45,18,18,False,False,False
200,4,54,ring,0.5,4085847618,5,2,2,4,2,2,True,True,True
200,4,54,ring,0.5,4085847618,6,9,10,19,8,8,False,False,True
200,4,54,ring,0.5,4085847618,7,2,2,4,2,2,True,True,True
200,4,54,small_world,0.5,4085847618,0,3,5,8,3,3,True,True,True
200,4,54,scale_free,0.5,4085847618,0,4,4,8,4,4,True,True,True
200,4,54,scale_free,0.5,4085847618,1,71,74,145,57,57,False,False,False
200,4,54,scale_free,0.5,4085847618,2,2,2,4,2,2,True,True,True
200,4,54,scale_free,0.5,4085847618,3,2,2,4,2,2,True,True,True
200,4,54,er,0.6,4085847618,0,61,87,148,61,61,True,True,False
200,4,54,ring,0.6,4085847618,0,5,6,11,4,4,False,False,True
200,4,54,ring,0.6,4085847618,1,10,11,21,9,9,False,False,True
200,4,54,ring,0.6,4085847618,2,4,10,14,4,4,True,True,True
200,4,54,ring,0.6,4085847618,3,3,5,8,3,3,True,True,True
200,4,54,ring,0.6,4085847618,4,7,7,14,6,6,False,False,True
200,4,54,ring,0.6,4085847618,5,2,4,6,2,2,True,True,True
200,4,54,ring,0.6,4085847618,6,3,4,7,3,3,True,True,True
200,4,54,ring,0.6,4085847618,7,4,5,9,4,4,True,True,True
200,4,54,ring,0.6,4085847618,8,6,7,13,6,6,True,True,True
200,4,54,ring,0.6,4085847618,9,17,20,37,16,16,False,False,False
200,4,54,ring,0.6,4085847618,10,2,5,7,2,2,True,True,True
200,4,54,ring,0.6,4085847618,11,2,2,4,2,2,True,True,True
200,4,54,ring,0.6,4085847618,12,7,13,20,7,7,True,True,True
200,4,54,small_world,0.6,4085847618,0,50,68,118,47,47,False,False,False
200,4,54,small_world,0.6,4085847618,1,22,23,45,18,18,False,False,False
200,4,54,small_world,0.6,4085847618,2,3,5,8,3,3,True,True,True
200,4,54,scale_free,0.6,4085847618,0,56,81,137,51,51,False,False,False
200,4,54,scale_free,0.6,4085847618,1,2,2,4,2,2,True,True,True
200,4,54,scale_free,0.6,4085847618,2,2,2,4,2,2,True,True,True
200,4,54,er,0.7,4085847618,0,47,89,136,47,47,True,True,False
200,4,54,ring,0.7,4085847618,0,6,8,14,6,6,True,True,True
200,4,54,ring,0.7,4085847618,1,6,10,16,6,6,True,True,True
200,4,54,ring,0.7,4085847618,2,3,7,10,3,3,True,True,True
200,4,54,ring,0.7,4085847618,3,3,5,8,3,3,True,True,True
200,4,54,ring,0.7,4085847618,4,6,8,14,6,6,True,True,True
200,4,54,ring,0.7,4085847618,5,2,4,6,2,2,True,True,True
200,4,54,ring,0.7,4085847618,6,2,5,7,2,2,True,True,True
200,4,54,ring,0.7,4085847618,7,5,8,13,5,5,True,True,True
200,4,54,ring,0.7,4085847618,8,8,13,21,8,8,True,True,True
200,4,54,ring,0.7,4085847618,9,5,6,11,5,5,True,True,True
200,4,54,ring,0.7,4085847618,10,6,9,15,5,5,False,False,True
200,4,54,ring,0.7,4085847618,11,3,7,10,3,3,True,True,True
200,4,54,small_world,0.7,4085847618,0,40,74,114,39,39,False,False,False
200,4,54,small_world,0.7,4085847618,1,5,5,10,4,4,False,False,True
200,4,54,small_world,0.7,4085847618,2,2,4,6,2,2,True,True,True
200,4,54,small_world,0.7,4085847618,3,3,5,8,3,3,True,True,True
200,4,54,small_world,0.7,4085847618,4,2,5,7,2,2,True,True,True
200,4,54,small_world,0.7,4085847618,5,5,6,11,5,5,True,True,True
200,4,54,scale_free,0.7,4085847618,0,52,93,145,50,50,False,False,False
200,4,54,er,0.8,4085847618,0,23,57,80,23,23,True,True,False
200,4,54,er,0.8,4085847618,1,4,13,17,4,4,True,True,True
200,4,54,er,0.8,4085847618,2,2,3,5,2,2,True,True,True
200,4,54,er,0.8,4085847618,3,2,4,6,2,2,True,True,True
200,4,54,ring,0.8,4085847618,0,6,8,14,6,6,True,True,True
200,4,54,ring,0.8,4085847618,1,4,6,10,4,4,True,True,True
200,4,54,ring,0.8,4085847618,2,6,12,18,6,6,True,True,True
200,4,54,ring,0.8,4085847618,3,2,5,7,2,2,True,True,True
200,4,54,ring,0.8,4085847618,4,2,4,6,2,2,True,True,True
200,4,54,ring,0.8,4085847618,5,5,12,17,5,5,True,True,True
200,4,54,ring,0.8,4085847618,6,2,4,6,2,2,True,True,True
200,4,54,ring,0.8,4085847618,7,4,10,14,4,4,True,True,True
200,4,54,small_world,0.8,4085847618,0,23,57,80,23,23,True,True,False
200,4,54,small_world,0.8,4085847618,1,2,4,6,2,2,True,True,True
200,4,54,small_world,0.8,4085847618,2,4,8,12,4,4,True,True,True
200,4,54,small_world,0.8,4085847618,3,2,5,7,2,2,True,True,True
200,4,54,small_world,0.8,4085847618,4,2,4,6,2,2,True,True,True
200,4,54,scale_free,0.8,4085847618,0,35,78,113,34,34,False,False,False
200,4,54,er,0.9,4085847618,0,3,12,15,3,3,True,True,True
200,4,54,er,0.9,4085847618,1,11,35,46,11,11,True,True,False
200,4,54,ring,0.9,4085847618,0,2,5,7,2,2,True,True,True
200,4,54,ring,0.9,4085847618,1,2,6,8,2,2,True,True,True
200,4,54,ring,0.9,4085847618,2,2,5,7,2,2,True,True,True
200,4,54,ring,0.9,4085847618,3,2,4,6,2,2,True,True,True
200,4,54,ring,0.9,4085847618,4,2,5,7,2,2,True,True,True
200,4,54,small_world,0.9,4085847618,0,3,7,10,3,3,True,True,True
200,4,54,small_world,0.9,4085847618,1,2,7,9,2,2,True,True,True
200,4,54,small_world,0.9,4085847618,2,2,5,7,2,2,True,True,True
200,4,54,small_world,0.9,4085847618,3,2,5,7,2,2,True,True,True
200,4,54,scale_free,0.9,4085847618,0,12,52,64,12,12,True,True,False
200,4,54,scale_free,0.9,4085847618,1,4,6,10,4,4,True,True,True
200,4,55,er,0.1,739397881,0,2,2,4,2,2,True,True,True
200,4,55,er,0.2,739397881,0,2,2,4,2,2,True,True,True
200,4,55,ring,0.3,739397881,0,2,2,4,2,2,True,True,True
200,4,55,ring,0.3,739397881,1,2,2,4,2,2,True,True,True
200,4,55,small_world,0.3,739397881,0,2,2,4,2,2,True,True,True
200,4,55,er,0.4,739397881,0,2,2,4,2,2,True,True,True
200,4,55,ring,0.4,739397881,0,14,15,29,12,12,False,False,False
200,4,55,ring,0.4,739397881,1,2,2,4,2,2,True,True,True
200,4,55,ring,0.4,739397881,2,5,6,11,5,5,True,True,True
200,4,55,ring,0.4,739397881,3,7,8,15,7,7,True,True,True
200,4,55,ring,0.4,739397881,4,2,4,6,2,2,True,True,True
200,4,55,ring,0.4,739397881,5,6,6,12,5,5,False,False,True
200,4,55,small_world,0.4,739397881,0,2,2,4,2,2,True,True,True
200,4,55,small_world,0.4,739397881,1,3,4,7,3,3,True,True,True
200,4,55,small_world,0.4,739397881,2,5,5,10,5,5,True,True,True
200,4,55,er,0.5,739397881,0,2,4,6,2,2,True,True,True
200,4,55,ring,0.5,739397881,0,12,17,29,11,11,False,False,False
200,4,55,ring,0.5,739397881,1,10,14,24,10,10,True,True,True
200,4,55,ring,0.5,739397881,2,4,6,10,4,4,True,True,True
200,4,55,ring,0.5,739397881,3,2,2,4,2,2,True,True,True
200,4,55,ring,0.5,739397881,4,10,10,20,8,8,False,False,True
200,4,55,ring,0.5,739397881,5,6,6,12,5,5,False,False,True
200,4,55,small_world,0.5,739397881,0,2,3,5,2,2,True,True,True
200,4,55,small_world,0.5,739397881,1,2,4,6,2,2,True,True,True
200,4,55,small_world,0.5,739397881,2,2,4,6,2,2,True,True,True
200,4,55,small_world,0.5,739397881,3,2,2,4,2,2,True,True,True
200,4,55,small_world,0.5,739397881,4,2,2,4,2,2,True,True,True
200,4,55,scale_free,0.5,739397881,0,83,87,170,62,62,False,False,False
200,4,55,er,0.6,739397881,0,60,78,138,56,56,False,False,False
200,4,55,er,0.6,739397881,1,3,3,6,3,3,True,True,True
200,4,55,er,0.6,739397881,2,3,6,9,3,3,True,True,True
200,4,55,ring,0.6,739397881,0,28,33,61,22,22,False,False,False
200,4,55,ring,0.6,739397881,1,7,10,17,7,7,True,True,True
200,4,55,ring,0.6,739397881,2,6,7,13,6,6,True,True,True
200,4,55,ring,0.6,739397881,3,2,2,4,2,2,True,True,True
200,4,55,ring,0.6,739397881,4,2,5,7,2,2,True,True,True
200,4,55,ring,0.6,739397881,5,11,14,25,9,9,False,False,False
200,4,55,ring,0.6,739397881,6,2,5,7,2,2,True,True,True
200,4,55,ring,0.6,739397881,7,5,5,10,5,5,True,True,True
200,4,55,ring,0.6,739397881,8,5,7,12,5,5,True,True,True
200,4,55,ring,0.6,739397881,9,3,4,7,3,3,True,True,True
200,4,55,small_world,0.6,739397881,0,69,83,152,63,63,False,False,False
200,4,55,small_world,0.6,739397881,1,2,3,5,2,2,True,True,True
200,4,55,scale_free,0.6,739397881,0,68,93,161,55,55,False,False,False
200,4,55,er,0.7,739397881,0,50,83,133,50,50,True,True,False
200,4,55,er,0.7,739397881,1,2,3,5,2,2,True,True,True
200,4,55,ring,0.7,739397881,0,2,5,7,2,2,True,True,True
200,4,55,ring,0.7,739397881,1,3,7,10,3,3,True,True,True
200,4,55,ring,0.7,739397881,2,2,4,6,2,2,True,True,True
200,4,55,ring,0.7,739397881,3,3,4,7,3,3,True,True,True
200,4,55,ring,0.7,739397881,4,2,2,4,2,2,True,True,True
200,4,55,ring,0.7,739397881,5,2,2,4,2,2,True,True,True
200,4,55,ring,0.7,739397881,6,11,14,25,9,9,False,False,False
200,4,55,ring,0.7,739397881,7,2,5,7,2,2,True,True,True
200,4,55,ring,0.7,739397881,8,12,19,31,12,12,True,True,False
200,4,55,ring,0.7,739397881,9,15,24,39,15,15,True,True,False
200,4,55,ring,0.7,739397881,10,2,5,7,2,2,True,True,True
200,4,55,small_world,0.7,739397881,0,14,32,46,14,14,True,True,False
200,4,55,small_world,0.7,739397881,1,39,57,96,38,39,False,True,False
200,4,55,small_world,0.7,739397881,2,2,2,4,2,2,True,True,True
200,4,55,scale_free,0.7,739397881,0,48,87,135,42,42,False,False,False
200,4,55,scale_free,0.7,739397881,1,2,3,5,2,2,True,True,True
200,4,55,er,0.8,739397881,0,33,78,111,33,33,True,True,False
200,4,55,er,0.8,739397881,1,2,3,5,2,2,True,True,True
200,4,55,ring,0.8,739397881,0,2,5,7,2,2,True,True,True
200,4,55,ring,0.8,739397881,1,3,7,10,3,3,True,True,True
200,4,55,ring,0.8,739397881,2,3,4,7,3,3,True,True,True
200,4,55,ring,0.8,739397881,3,2,5,7,2,2,True,True,True
200,4,55,ring,0.8,739397881,4,4,7,11,4,4,True,True,True
200,4,55,ring,0.8,739397881,5,3,7,10,3,3,True,True,True
200,4,55,ring,0.8,739397881,6,3,8,11,3,3,True,True,True
200,4,55,ring,0.8,739397881,7,6,12,18,6,6,True,True,True
200,4,55,ring,0.8,739397881,8,4,7,11,4,4,True,True,True
200,4,55,ring,0.8,739397881,9,5,9,14,5,5,True,True,True
200,4,55,small_world,0.8,739397881,0,2,5,7,2,2,True,True,True
200,4,55,small_world,0.8,739397881,1,6,12,18,6,6,True,True,True
200,4,55,small_world,0.8,739397881,2,26,54,80,26,26,True,True,False
200,4,55,scale_free,0.8,739397881,0,36,90,126,34,34,False,False,False
200,4,55,er,0.9,739397881,0,10,34,44,10,10,True,True,True
200,4,55,er,0.9,739397881,1,2,4,6,2,2,True,True,True
200,4,55,ring,0.9,739397881,0,2,5,7,2,2,True,True,True
200,4,55,ring,0.9,739397881,1,3,7,10,3,3,True,True,True
200,4,55,ring,0.9,739397881,2,2,5,7,2,2,True,True,True
200,4,55,ring,0.9,739397881,3,2,4,6,2,2,True,True,True
200,4,55,ring,0.9,739397881,4,4,9,13,4,4,True,True,True
200,4,55,small_world,0.9,739397881,0,2,5,7,2,2,True,True,True
200,4,55,small_world,0.9,739397881,1,3,9,12,3,3,True,True,True
200,4,55,small_world,0.9,739397881,2,8,20,28,8,8,True,True,True
200,4,55,scale_free,0.9,739397881,0,20,85,105,19,19,False,False,False
200,4,56,scale_free,0.1,3475084368,0,2,2,4,2,2,True,True,True
200,4,56,small_world,0.3,3475084368,0,3,3,6,3,3,True,True,True
200,4,56,er,0.4,3475084368,0,3,3,6,3,3,True,True,True
200,4,56,ring,0.4,3475084368,0,2,2,4,2,2,True,True,True
200,4,56,ring,0.4,3475084368,1,2,2,4,2,2,True,True,True
200,4,56,ring,0.4,3475084368,2,12,12,24,11,11,False,False,False
200,4,56,ring,0.4,3475084368,3,6,6,12,6,6,True,True,True
200,4,56,small_world,0.4,3475084368,0,3,3,6,3,3,True,True,True
200,4,56,small_world,0.4,3475084368,1,2,2,4,2,2,True,True,True
200,4,56,small_world,0.4,3475084368,2,4,4,8,4,4,True,True,True
200,4,56,small_world,0.4,3475084368,3,3,3,6,3,3,True,True,True
200,4,56,er,0.5,3475084368,0,74,81,155,71,72,False,False,False
200,4,56,er,0.5,3475084368,1,2,2,4,2,2,True,True,True
200,4,56,er,0.5,3475084368,2,2,3,5,2,2,True,True,True
200,4,56,er,0.5,3475084368,3,2,2,4,2,2,True,True,True
200,4,56,ring,0.5,3475084368,0,2,2,4,2,2,True,True,True
200,4,56,ring,0.5,3475084368,1,9,12,21,8,8,False,False,True
200,4,56,ring,0.5,3475084368,2,5,5,10,5,5,True,True,True
200,4,56,ring,0.5,3475084368,3,14,14,28,12,12,False,False,False
200,4,56,ring,0.5,3475084368,4,3,3,6,2,2,False,False,True
200,4,56,ring,0.5,3475084368,5,2,2,4,2,2,True,True,True
200,4,56,ring,0.5,3475084368,6,2,2,4,2,2,True,True,True
200,4,56,ring,0.5,3475084368,7,2,2,4,2,2,True,True,True
200,4,56,ring,0.5,3475084368,8,16,23,39,16,16,True,True,False
200,4,56,small_world,0.5,3475084368,0,78,79,157,69,69,False,False,False
200,4,56,small_world,0.5,3475084368,1,2,2,4,2,2,True,True,True
200,4,56,small_world,0.5,3475084368,2,4,4,8,3,3,False,False,True
200,4,56,small_world,0.5,3475084368,3,2,2,4,2,2,True,True,True
200,4,56,small_world,0.5,3475084368,4,2,2,4,2,2,True,True,True
200,4,56,small_world,0.5,3475084368,5,3,4,7,3,3,True,True,True
200,4,56,scale_free,0.5,3475084368,0,71,78,149,56,56,False,False,False
200,4,56,er,0.6,3475084368,0,63,91,154,61,61,False,False,False
200,4,56,er,0.6,3475084368,1,2,2,4,2,2,True,True,True
200,4,56,er,0.6,3475084368,2,2,2,4,2,2,True,True,True
200,4,56,ring,0.6,3475084368,0,19,27,46,19,19,True,True,False
200,4,56,ring,0.6,3475084368,1,2,2,4,2,2,True,True,True
200,4,56,ring,0.6,3475084368,2,8,13,21,7,7,False,False,True
200,4,56,ring,0.6,3475084368,3,3,4,7,3,3,True,True,True
200,4,56,ring,0.6,3475084368,4,5,5,10,5,5,True,True,True
200,4,56,ring,0.6,3475084368,5,6,10,16,5,5,False,False,True
200,4,56,ring,0.6,3475084368,6,3,3,6,2,2,False,False,True
200,4,56,ring,0.6,3475084368,7,3,4,7,3,3,True,True,True
200,4,56,ring,0.6,3475084368,8,5,5,10,5,5,True,True,True
200,4,56,ring,0.6,3475084368,9,4,6,10,4,4,True,True,True
200,4,56,ring,0.6,3475084368,10,2,2,4,2,2,True,True,True
200,4,56,ring,0.6,3475084368,11,2,2,4,2,2,True,True,True
200,4,56,ring,0.6,3475084368,12,2,2,4,2,2,True,True,True
200,4,56,ring,0.6,3475084368,13,10,18,28,10,10,True,True,True
200,4,56,ring,0.6,3475084368,14,3,4,7,3,3,True,True,True
200,4,56,small_world,0.6,3475084368,0,31,47,78,31,31,True,True,False
200,4,56,small_world,0.6,3475084368,1,27,37,64,26,26,False,False,False
200,4,56,small_world,0.6,3475084368,2,2,2,4,2,2,True,True,True
200,4,56,small_world,0.6,3475084368,3,2,3,5,2,2,True,True,True
200,4,56,small_world,0.6,3475084368,4,3,3,6,3,3,True,True,True
200,4,56,small_world,0.6,3475084368,5,3,3,6,2,2,False,False,True
200,4,56,small_world,0.6,3475084368,6,5,6,11,5,5,True,True,True
200,4,56,small_world,0.6,3475084368,7,2,2,4,2,2,True,True,True
200,4,56,small_world,0.6,3475084368,8,2,2,4,2,2,True,True,True
200,4,56,scale_free,0.6,3475084368,0,60,84,144,50,50,False,False,False
200,4,56,er,0.7,3475084368,0,40,70,110,40,40,True,True,False
200,4,56,er,0.7,3475084368,1,4,9,13,4,4,True,True,True
200,4,56,er,0.7,3475084368,2,2,2,4,2,2,True,True,True
200,4,56,er,0.7,3475084368,3,2,2,4,2,2,True,True,True
200,4,56,er,0.7,3475084368,4,2,2,4,2,2,True,True,True
200,4,56,ring,0.7,3475084368,0,12,24,36,12,12,True,True,False
200,4,56,ring,0.7,3475084368,1,5,7,12,5,5,True,True,True
200,4,56,ring,0.7,3475084368,2,2,5,7,2,2,True,True,True
200,4,56,ring,0.7,3475084368,3,2,4,6,2,2,True,True,True
200,4,56,ring,0.7,3475084368,4,2,5,7,2,2,True,True,True
200,4,56,ring,0.7,3475084368,5,5,5,10,5,5,True,True,True
200,4,56,ring,0.7,3475084368,6,3,7,10,3,3,True,True,True
200,4,56,ring,0.7,3475084368,7,5,8,13,5,5,True,True,True
200,4,56,ring,0.7,3475084368,8,7,9,16,7,7,True,True,True
200,4,56,ring,0.7,3475084368,9,3,5,8,3,3,True,True,True
200,4,56,ring,0.7,3475084368,10,4,8,12,4,4,True,True,True
200,4,56,ring,0.7,3475084368,11,5,13,18,5,5,True,True,True
200,4,56,ring,0.7,3475084368,12,2,4,6,2,2,True,True,True
200,4,56,small_world,0.7,3475084368,0,32,59,91,32,32,True,True,False
200,4,56,small_world,0.7,3475084368,1,3,8,11,3,3,True,True,True
200,4,56,small_world,0.7,3475084368,2,2,7,9,2,2,True,True,True
200,4,56,small_world,0.7,3475084368,3,4,9,13,4,4,True,True,True
200,4,56,small_world,0.7,3475084368,4,2,3,5,2,2,True,True,True
200,4,56,small_world,0.7,3475084368,5,3,3,6,3,3,True,True,True
200,4,56,small_world,0.7,3475084368,6,4,5,9,4,4,True,True,True
200,4,56,small_world,0.7,3475084368,7,5,9,14,5,5,True,True,True
200,4,56,small_world,0.7,3475084368,8,4,8,12,4,4,True,True,True
200,4,56,scale_free,0.7,3475084368,0,47,85,132,44,44,False,False,False
200,4,56,er,0.8,3475084368,0,23,58,81,23,23,True,True,False
200,4,56,er,0.8,3475084368,1,2,2,4,2,2,True,True,True
200,4,56,er,0.8,3475084368,2,3,9,12,3,3,True,True,True
200,4,56,ring,0.8,3475084368,0,6,14,20,6,6,True,True,True
200,4,56,ring,0.8,3475084368,1,3,8,11,3,3,True,True,True
200,4,56,ring,0.8,3475084368,2,2,4,6,2,2,True,True,True
200,4,56,ring,0.8,3475084368,3,2,5,7,2,2,True,True,True
200,4,56,ring,0.8,3475084368,4,3,6,9,3,3,True,True,True
200,4,56,ring,0.8,3475084368,5,4,5,9,4,4,True,True,True
200,4,56,ring,0.8,3475084368,6,3,9,12,3,3,True,True,True
200,4,56,ring,0.8,3475084368,7,4,10,14,4,4,True,True,True
200,4,56,ring,0.8,3475084368,8,2,4,6,2,2,True,True,True
200,4,56,ring,0.8,3475084368,9,2,4,6,2,2,True,True,True
200,4,56,small_world,0.8,3475084368,0,19,41,60,19,19,True,True,False
200,4,56,small_world,0.8,3475084368,1,2,5,7,2,2,True,True,True
200,4,56,small_world,0.8,3475084368,2,2,5,7,2,2,True,True,True
200,4,56,small_world,0.8,3475084368,3,4,8,12,4,4,True,True,True
200,4,56,small_world,0.8,3475084368,4,3,9,12,3,3,True,True,True
200,4,56,small_world,0.8,3475084368,5,2,5,7,2,2,True,True,True
200,4,56,scale_free,0.8,3475084368,0,33,87,120,33,33,True,True,False
200,4,56,er,0.9,3475084368,0,2,11,13,2,2,True,True,True
200,4,56,er,0.9,3475084368,1,8,29,37,8,8,True,True,True
200,4,56,er,0.9,3475084368,2,2,11,13,2,2,True,True,True
200,4,56,ring,0.9,3475084368,0,3,4,7,3,3,True,True,True
200,4,56,ring,0.9,3475084368,1,2,6,8,2,2,True,True,True
200,4,56,small_world,0.9,3475084368,0,5,14,19,5,5,True,True,True
200,4,56,small_world,0.9,3475084368,1,2,5,7,2,2,True,True,True
200,4,56,small_world,0.9,3475084368,2,2,6,8,2,2,True,True,True
200,4,56,scale_free,0.9,3475084368,0,12,52,64,12,12,True,True,False
200,4,56,scale_free,0.9,3475084368,1,2,3,5,2,2,True,True,True
200,4,56,scale_free,0.9,3475084368,2,3,6,9,3,3,True,True,True
200,4,56,scale_free,0.9,3475084368,3,2,3,5,2,2,True,True,True
200,4,57,er,0.2,3788689405,0,2,2,4,2,2,True,True,True
200,4,57,ring,0.2,3788689405,0,5,5,10,5,5,True,True,True
200,4,57,ring,0.3,3788689405,0,7,8,15,7,7,True,True,True
200,4,57,scale_free,0.3,3788689405,0,2,2,4,2,2,True,True,True
200,4,57,er,0.4,3788689405,0,2,2,4,2,2,True,True,True
200,4,57,ring,0.4,3788689405,0,2,2,4,2,2,True,True,True
200,4,57,ring,0.4,3788689405,1,5,5,10,5,5,True,True,True
200,4,57,ring,0.4,3788689405,2,2,2,4,2,2,True,True,True
200,4,57,ring,0.4,3788689405,3,2,2,4,2,2,True,True,True
200,4,57,ring,0.4,3788689405,4,2,2,4,2,2,True,True,True
200,4,57,ring,0.4,3788689405,5,3,5,8,3,3,True,True,True
200,4,57,ring,0.4,3788689405,6,3,3,6,2,2,False,False,True
200,4,57,small_world,0.4,3788689405,0,2,2,4,2,2,True,True,True
200,4,57,small_world,0.4,3788689405,1,5,5,10,5,5,True,True,True
200,4,57,small_world,0.4,3788689405,2,2,2,4,2,2,True,True,True
200,4,57,scale_free,0.4,3788689405,0,2,2,4,2,2,True,True,True
200,4,57,er,0.5,3788689405,0,2,2,4,2,2,True,True,True
200,4,57,ring,0.5,3788689405,0,11,11,22,10,10,False,False,False
200,4,57,ring,0.5,3788689405,1,16,22,38,15,15,False,False,False
200,4,57,ring,0.5,3788689405,2,2,2,4,2,2,True,True,True
200,4,57,ring,0.5,3788689405,3,2,2,4,2,2,True,True,True
200,4,57,ring,0.5,3788689405,4,4,8,12,4,4,True,True,True
200,4,57,ring,0.5,3788689405,5,3,3,6,2,2,False,False,True
200,4,57,small_world,0.5,3788689405,0,6,6,12,5,5,False,False,True
200,4,57,small_world,0.5,3788689405,1,2,2,4,2,2,True,True,True
200,4,57,small_world,0.5,3788689405,2,3,3,6,2,2,False,False,True
200,4,57,scale_free,0.5,3788689405,0,72,86,158,62,62,False,False,False
200,4,57,er,0.6,3788689405,0,75,94,169,73,73,False,False,False
200,4,57,ring,0.6,3788689405,0,16,23,39,16,16,True,True,False
200,4,57,ring,0.6,3788689405,1,11,12,23,9,9,False,False,False
200,4,57,ring,0.6,3788689405,2,3,4,7,3,3,True,True,True
200,4,57,ring,0.6,3788689405,3,2,2,4,2,2,True,True,True
200,4,57,ring,0.6,3788689405,4,16,19,35,16,16,True,True,False
200,4,57,ring,0.6,3788689405,5,13,25,38,13,13,True,True,False
200,4,57,ring,0.6,3788689405,6,3,5,8,3,3,True,True,True
200,4,57,ring,0.6,3788689405,7,5,7,12,5,5,True,True,True
200,4,57,ring,0.6,3788689405,8,3,8,11,3,3,True,True,True
200,4,57,small_world,0.6,3788689405,0,70,97,167,66,66,False,False,False
200,4,57,small_world,0.6,3788689405,1,2,3,5,2,2,True,True,True
200,4,57,small_world,0.6,3788689405,2,3,4,7,3,3,True,True,True
200,4,57,small_world,0.6,3788689405,3,2,2,4,2,2,True,True,True
200,4,57,scale_free,0.6,3788689405,0,64,91,155,56,56,False,False,False
200,4,57,er,0.7,3788689405,0,55,96,151,55,55,True,True,False
200,4,57,ring,0.7,3788689405,0,15,24,39,15,15,True,True,False
200,4,57,ring,0.7,3788689405,1,4,7,11,4,4,True,True,True
200,4,57,ring,0.7,3788689405,2,5,5,10,4,4,False,False,True
200,4,57,ring,0.7,3788689405,3,4,4,8,4,4,True,True,True
200,4,57,ring,0.7,3788689405,4,2,4,6,2,2,True,True,True
200,4,57,ring,0.7,3788689405,5,5,9,14,4,4,False,False,True
200,4,57,ring,0.7,3788689405,6,2,5,7,2,2,True,True,True
200,4,57,ring,0.7,3788689405,7,4,8,12,4,4,True,True,True
200,4,57,ring,0.7,3788689405,8,3,8,11,3,3,True,True,True
200,4,57,ring,0.7,3788689405,9,6,14,20,6,6,True,True,True
200,4,57,ring,0.7,3788689405,10,4,8,12,4,4,True,True,True
200,4,57,ring,0.7,3788689405,11,3,8,11,3,3,True,True,True
200,4,57,small_world,0.7,3788689405,0,15,24,39,15,15,True,True,False
200,4,57,small_world,0.7,3788689405,1,36,62,98,36,36,True,True,False
200,4,57,small_world,0.7,3788689405,2,2,3,5,2,2,True,True,True
200,4,57,small_world,0.7,3788689405,3,2,4,6,2,2,True,True,True
200,4,57,small_world,0.7,3788689405,4,2,7,9,2,2,True,True,True
200,4,57,scale_free,0.7,3788689405,0,48,93,141,47,47,False,False,False
200,4,57,scale_free,0.7,3788689405,1,2,2,4,2,2,True,True,True
200,4,57,er,0.8,3788689405,0,33,77,110,33,33,True,True,False
200,4,57,er,0.8,3788689405,1,2,3,5,2,2,True,True,True
200,4,57,er,0.8,3788689405,2,3,4,7,3,3,True,True,True
200,4,57,ring,0.8,3788689405,0,2,6,8,2,2,True,True,True
200,4,57,ring,0.8,3788689405,1,4,9,13,4,4,True,True,True
200,4,57,ring,0.8,3788689405,2,3,7,10,3,3,True,True,True
200,4,57,ring,0.8,3788689405,3,5,9,14,5,5,True,True,True
200,4,57,ring,0.8,3788689405,4,2,4,6,2,2,True,True,True
200,4,57,ring,0.8,3788689405,5,3,5,8,3,3,True,True,True
200,4,57,ring,0.8,3788689405,6,4,8,12,4,4,True,True,True
200,4,57,ring,0.8,3788689405,7,4,12,16,4,4,True,True,True
200,4,57,ring,0.8,3788689405,8,2,4,6,2,2,True,True,True
200,4,57,ring,0.8,3788689405,9,2,5,7,2,2,True,True,True
200,4,57,ring,0.8,3788689405,10,4,9,13,4,4,True,True,True
200,4,57,small_world,0.8,3788689405,0,2,6,8,2,2,True,True,True
200,4,57,small_world,0.8,3788689405,1,9,19,28,9,9,True,True,True
200,4,57,small_world,0.8,3788689405,2,2,6,8,2,2,True,True,True
200,4,57,small_world,0.8,3788689405,3,17,39,56,17,17,True,True,False
200,4,57,small_world,0.8,3788689405,4,2,4,6,2,2,True,True,True
200,4,57,small_world,0.8,3788689405,5,3,5,8,3,3,True,True,True
200,4,57,small_world,0.8,3788689405,6,2,5,7,2,2,True,True,True
200,4,57,scale_free,0.8,3788689405,0,32,75,107,32,32,True,True,False
200,4,57,scale_free,0.8,3788689405,1,2,3,5,2,2,True,True,True
200,4,57,er,0.9,3788689405,0,6,27,33,6,6,True,True,True
200,4,57,er,0.9,3788689405,1,2,6,8,2,2,True,True,True
200,4,57,er,0.9,3788689405,2,2,5,7,2,2,True,True,True
200,4,57,er,0.9,3788689405,3,7,25,32,7,7,True,True,True
200,4,57,ring,0.9,3788689405,0,2,6,8,2,2,True,True,True
200,4,57,ring,0.9,3788689405,1,2,5,7,2,2,True,True,True
200,4,57,ring,0.9,3788689405,2,2,5,7,2,2,True,True,True
200,4,57,ring,0.9,3788689405,3,2,5,7,2,2,True,True,True
200,4,57,ring,0.9,3788689405,4,2,4,6,2,2,True,True,True
200,4,57,small_world,0.9,3788689405,0,2,6,8,2,2,True,True,True
200,4,57,small_world,0.9,3788689405,1,3,9,12,3,3,True,True,True
200,4,57,small_world,0.9,3788689405,2,2,5,7,2,2,True,True,True
200,4,57,small_world,0.9,3788689405,3,2,5,7,2,2,True,True,True
200,4,57,small_world,0.9,3788689405,4,4,11,15,4,4,True,True,True
200,4,57,scale_free,0.9,3788689405,0,14,44,58,14,14,True,True,False
200,4,57,scale_free,0.9,3788689405,1,2,4,6,2,2,True,True,True
200,4,57,scale_free,0.9,3788689405,2,2,3,5,2,2,True,True,True
200,4,58,er,0.3,975413013,0,2,2,4,2,2,True,True,True
200,4,58,ring,0.3,975413013,0,2,2,4,2,2,True,True,True
200,4,58,ring,0.3,975413013,1,3,3,6,2,2,False,False,True
200,4,58,small_world,0.3,975413013,0,2,2,4,2,2,True,True,True
200,4,58,small_world,0.3,975413013,1,3,3,6,2,2,False,False,True
200,4,58,scale_free,0.3,975413013,0,2,2,4,2,2,True,True,True
200,4,58,er,0.4,975413013,0,2,2,4,2,2,True,True,True
200,4,58,ring,0.4,975413013,0,2,2,4,2,2,True,True,True
200,4,58,ring,0.4,975413013,1,2,2,4,2,2,True,True,True
200,4,58,ring,0.4,975413013,2,5,6,11,5,5,True,True,True
200,4,58,ring,0.4,975413013,3,3,3,6,2,2,False,False,True
200,4,58,ring,0.4,975413013,4,3,3,6,2,2,False,False,True
200,4,58,small_world,0.4,975413013,0,2,2,4,2,2,True,True,True
200,4,58,small_world,0.4,975413013,1,2,2,4,2,2,True,True,True
200,4,58,small_world,0.4,975413013,2,10,10,20,8,8,False,False,True
200,4,58,small_world,0.4,975413013,3,3,3,6,2,2,False,False,True
200,4,58,er,0.5,975413013,0,2,3,5,2,2,True,True,True
200,4,58,er,0.5,975413013,1,2,4,6,2,2,True,True,True
200,4,58,er,0.5,975413013,2,2,2,4,2,2,True,True,True
200,4,58,ring,0.5,975413013,0,5,5,10,4,4,False,False,True
200,4,58,ring,0.5,975413013,1,2,2,4,2,2,True,True,True
200,4,58,ring,0.5,975413013,2,4,6,10,4,4,True,True,True
200,4,58,ring,0.5,975413013,3,2,2,4,2,2,True,True,True
200,4,58,ring,0.5,975413013,4,2,2,4,2,2,True,True,True
200,4,58,ring,0.5,975413013,5,5,6,11,5,5,True,True,True
200,4,58,ring,0.5,975413013,6,4,4,8,4,4,True,True,True
200,4,58,ring,0.5,975413013,7,5,5,10,4,4,False,False,True
200,4,58,ring,0.5,975413013,8,8,9,17,8,8,True,True,True
200,4,58,ring,0.5,975413013,9,5,9,14,4,4,False,False,True
200,4,58,ring,0.5,975413013,10,2,2,4,2,2,True,True,True
200,4,58,ring,0.5,975413013,11,3,3,6,2,2,False,False,True
200,4,58,ring,0.5,975413013,12,3,4,7,3,3,True,True,True
200,4,58,ring,0.5,975413013,13,2,2,4,2,2,True,True,True
200,4,58,small_world,0.5,975413013,0,33,34,67,30,30,False,False,False
200,4,58,small_world,0.5,975413013,1,7,8,15,6,7,False,True,True
200,4,58,small_world,0.5,975413013,2,4,6,10,4,4,True,True,True
200,4,58,small_world,0.5,975413013,3,2,2,4,2,2,True,True,True
200,4,58,small_world,0.5,975413013,4,2,2,4,2,2,True,True,True
200,4,58,small_world,0.5,975413013,5,5,9,14,4,4,False,False,True
200,4,58,small_world,0.5,975413013,6,2,2,4,2,2,True,True,True
200,4,58,small_world,0.5,975413013,7,3,3,6,2,2,False,False,True
200,4,58,small_world,0.5,975413013,8,3,3,6,2,2,False,False,True
200,4,58,small_world,0.5,975413013,9,2,2,4,2,2,True,True,True
200,4,58,scale_free,0.5,975413013,0,68,90,158,57,57,False,False,False
200,4,58,scale_free,0.5,975413013,1,3,3,6,3,3,True,True,True
200,4,58,er,0.6,975413013,0,69,82,151,67,67,False,False,False
200,4,58,er,0.6,975413013,1,2,3,5,2,2,True,True,True
200,4,58,ring,0.6,975413013,0,3,3,6,2,2,False,False,True
200,4,58,ring,0.6,975413013,1,3,3,6,2,2,False,False,True
200,4,58,ring,0.6,975413013,2,17,19,36,15,15,False,False,False
200,4,58,ring,0.6,975413013,3,4,6,10,3,3,False,False,True
200,4,58,ring,0.6,975413013,4,4,6,10,4,4,True,True,True
200,4,58,ring,0.6,975413013,5,2,2,4,2,2,True,True,True
200,4,58,ring,0.6,975413013,6,4,6,10,4,4,True,True,True
200,4,58,ring,0.6,975413013,7,2,2,4,2,2,True,True,True
200,4,58,ring,0.6,975413013,8,2,2,4,2,2,True,True,True
200,4,58,ring,0.6,975413013,9,4,7,11,4,4,True,True,True
200,4,58,ring,0.6,975413013,10,3,5,8,3,3,True,True,True
200,4,58,ring,0.6,975413013,11,6,9,15,6,6,True,True,True
200,4,58,ring,0.6,975413013,12,3,3,6,2,2,False,False,True
200,4,58,ring,0.6,975413013,13,8,10,18,8,8,True,True,True
200,4,58,ring,0.6,975413013,14,5,9,14,4,4,False,False,True
200,4,58,ring,0.6,975413013,15,5,7,12,5,5,True,True,True
200,4,58,ring,0.6,975413013,16,3,4,7,3,3,True,True,True
200,4,58,small_world,0.6,975413013,0,3,3,6,2,2,False,False,True
200,4,58,small_world,0.6,975413013,1,5,10,15,5,5,True,True,True
200,4,58,small_world,0.6,975413013,2,51,71,122,49,49,False,False,False
200,4,58,small_world,0.6,975413013,3,2,2,4,2,2,True,True,True
200,4,58,small_world,0.6,975413013,4,2,2,4,2,2,True,True,True
200,4,58,small_world,0.6,975413013,5,2,2,4,2,2,True,True,True
200,4,58,small_world,0.6,975413013,6,2,3,5,2,2,True,True,True
200,4,58,small_world,0.6,975413013,7,3,4,7,3,3,True,True,True
200,4,58,small_world,0.6,975413013,8,4,5,9,4,4,True,True,True
200,4,58,scale_free,0.6,975413013,0,60,89,149,49,49,False,False,False
200,4,58,scale_free,0.6,975413013,1,5,5,10,5,5,True,True,True
200,4,58,scale_free,0.6,975413013,2,4,4,8,4,4,True,True,True
200,4,58,er,0.7,975413013,0,51,84,135,51,51,True,True,False
200,4,58,ring,0.7,975413013,0,2,2,4,2,2,True,True,True
200,4,58,ring,0.7,975413013,1,3,3,6,2,2,False,False,True
200,4,58,ring,0.7,975413013,2,4,6,10,4,4,True,True,True
200,4,58,ring,0.7,975413013,3,7,12,19,6,6,False,False,True
200,4,58,ring,0.7,975413013,4,3,5,8,3,3,True,True,True
200,4,58,ring,0.7,975413013,5,5,9,14,5,5,True,True,True
200,4,58,ring,0.7,975413013,6,2,6,8,2,2,True,True,True
200,4,58,ring,0.7,975413013,7,2,2,4,2,2,True,True,True
200,4,58,ring,0.7,975413013,8,2,2,4,2,2,True,True,True
200,4,58,ring,0.7,975413013,9,2,2,4,2,2,True,True,True
200,4,58,ring,0.7,975413013,10,2,2,4,2,2,True,True,True
200,4,58,ring,0.7,975413013,11,5,9,14,5,5,True,True,True
200,4,58,ring,0.7,975413013,12,2,2,4,2,2,True,True,True
200,4,58,ring,0.7,975413013,13,3,5,8,3,3,True,True,True
200,4,58,ring,0.7,975413013,14,3,6,9,3,3,True,True,True
200,4,58,ring,0.7,975413013,15,4,10,14,4,4,True,True,True
200,4,58,ring,0.7,975413013,16,2,4,6,2,2,True,True,True
200,4,58,ring,0.7,975413013,17,2,4,6,2,2,True,True,True
200,4,58,small_world,0.7,975413013,0,3,3,6,2,2,False,False,True
200,4,58,small_world,0.7,975413013,1,9,14,23,9,9,True,True,True
200,4,58,small_world,0.7,975413013,2,2,3,5,2,2,True,True,True
200,4,58,small_world,0.7,975413013,3,16,28,44,16,16,True,True,False
200,4,58,small_world,0.7,975413013,4,2,6,8,2,2,True,True,True
200,4,58,small_world,0.7,975413013,5,2,2,4,2,2,True,True,True
200,4,58,small_world,0.7,975413013,6,2,2,4,2,2,True,True,True
200,4,58,small_world,0.7,975413013,7,2,4,6,2,2,True,True,True
200,4,58,small_world,0.7,975413013,8,5,9,14,5,5,True,True,True
200,4,58,small_world,0.7,975413013,9,4,8,12,4,4,True,True,True
200,4,58,small_world,0.7,975413013,10,4,10,14,4,4,True,True,True
200,4,58,scale_free,0.7,975413013,0,53,98,151,50,50,False,False,False
200,4,58,er,0.8,975413013,0,33,78,111,33,33,True,True,False
200,4,58,ring,0.8,975413013,0,3,7,10,3,3,True,True,True
200,4,58,ring,0.8,975413013,1,3,6,9,3,3,True,True,True
200,4,58,ring,0.8,975413013,2,3,7,10,3,3,True,True,True
200,4,58,ring,0.8,975413013,3,3,5,8,3,3,True,True,True
200,4,58,ring,0.8,975413013,4,4,8,12,4,4,True,True,True
200,4,58,ring,0.8,975413013,5,2,2,4,2,2,True,True,True
200,4,58,ring,0.8,975413013,6,2,2,4,2,2,True,True,True
200,4,58,ring,0.8,975413013,7,2,4,6,2,2,True,True,True
200,4,58,ring,0.8,975413013,8,4,10,14,4,4,True,True,True
200,4,58,ring,0.8,975413013,9,2,5,7,2,2,True,True,True
200,4,58,ring,0.8,975413013,10,3,6,9,3,3,True,True,True
200,4,58,ring,0.8,975413013,11,2,4,6,2,2,True,True,True
200,4,58,small_world,0.8,975413013,0,4,11,15,4,4,True,True,True
200,4,58,small_world,0.8,975413013,1,11,26,37,11,11,True,True,False
200,4,58,small_world,0.8,975413013,2,3,7,10,3,3,True,True,True
200,4,58,small_world,0.8,975413013,3,2,4,6,2,2,True,True,True
200,4,58,small_world,0.8,975413013,4,2,2,4,2,2,True,True,True
200,4,58,small_world,0.8,975413013,5,2,2,4,2,2,True,True,True
200,4,58,small_world,0.8,975413013,6,2,4,6,2,2,True,True,True
200,4,58,small_world,0.8,975413013,7,2,6,8,2,2,True,True,True
200,4,58,small_world,0.8,975413013,8,3,6,9,3,3,True,True,True
200,4,58,small_world,0.8,975413013,9,2,3,5,2,2,True,True,True
200,4,58,scale_free,0.8,975413013,0,36,88,124,35,35,False,False,False
200,4,58,scale_free,0.8,975413013,1,2,4,6,2,2,True,True,True
200,4,58,er,0.9,975413013,0,14,56,70,14,14,True,True,False
200,4,58,ring,0.9,975413013,0,2,6,8,2,2,True,True,True
200,4,58,ring,0.9,975413013,1,3,5,8,3,3,True,True,True
200,4,58,ring,0.9,975413013,2,4,10,14,4,4,True,True,True
200,4,58,ring,0.9,975413013,3,2,4,6,2,2,True,True,True
200,4,58,ring,0.9,975413013,4,2,4,6,2,2,True,True,True
200,4,58,small_world,0.9,975413013,0,2,8,10,2,2,True,True,True
200,4,58,small_world,0.9,975413013,1,5,9,14,5,5,True,True,True
200,4,58,small_world,0.9,975413013,2,6,19,25,6,6,True,True,True
200,4,58,small_world,0.9,975413013,3,2,6,8,2,2,True,True,True
200,4,58,small_world,0.9,975413013,4,2,3,5,2,2,True,True,True
200,4,58,scale_free,0.9,975413013,0,10,16,26,10,10,True,True,True
200,4,58,scale_free,0.9,975413013,1,5,14,19,5,5,True,True,True
200,4,58,scale_free,0.9,975413013,2,2,4,6,2,2,True,True,True
200,4,59,ring,0.1,1165231267,0,2,2,4,2,2,True,True,True
200,4,59,ring,0.1,1165231267,1,3,3,6,2,2,False,False,True
200,4,59,ring,0.2,1165231267,0,2,2,4,2,2,True,True,True
200,4,59,ring,0.2,1165231267,1,2,2,4,2,2,True,True,True
200,4,59,ring,0.2,1165231267,2,3,3,6,2,2,False,False,True
200,4,59,small_world,0.2,1165231267,0,2,2,4,2,2,True,True,True
200,4,59,small_world,0.2,1165231267,1,2,2,4,2,2,True,True,True
200,4,59,ring,0.3,1165231267,0,7,7,14,5,5,False,False,True
200,4,59,ring,0.3,1165231267,1,2,2,4,2,2,True,True,True
200,4,59,ring,0.3,1165231267,2,2,2,4,2,2,True,True,True
200,4,59,small_world,0.3,1165231267,0,2,2,4,2,2,True,True,True
200,4,59,ring,0.4,1165231267,0,3,3,6,2,2,False,False,True
200,4,59,ring,0.4,1165231267,1,4,4,8,3,3,False,False,True
200,4,59,ring,0.4,1165231267,2,2,2,4,2,2,True,True,True
200,4,59,ring,0.4,1165231267,3,2,2,4,2,2,True,True,True
200,4,59,ring,0.4,1165231267,4,10,10,20,9,9,False,False,True
200,4,59,small_world,0.4,1165231267,0,4,4,8,3,3,False,False,True
200,4,59,small_world,0.4,1165231267,1,2,2,4,2,2,True,True,True
200,4,59,er,0.5,1165231267,0,80,81,161,74,74,False,False,False
200,4,59,er,0.5,1165231267,1,2,2,4,2,2,True,True,True
200,4,59,er,0.5,1165231267,2,2,2,4,2,2,True,True,True
200,4,59,ring,0.5,1165231267,0,2,2,4,2,2,True,True,True
200,4,59,ring,0.5,1165231267,1,3,3,6,2,2,False,False,True
200,4,59,ring,0.5,1165231267,2,2,2,4,2,2,True,True,True
200,4,59,ring,0.5,1165231267,3,14,19,33,12,12,False,False,False
200,4,59,ring,0.5,1165231267,4,2,2,4,2,2,True,True,True
200,4,59,ring,0.5,1165231267,5,2,2,4,2,2,True,True,True
200,4,59,ring,0.5,1165231267,6,3,4,7,3,3,True,True,True
200,4,59,ring,0.5,1165231267,7,6,7,13,5,5,False,False,True
200,4,59,small_world,0.5,1165231267,0,7,9,16,6,6,False,False,True
200,4,59,scale_free,0.5,1165231267,0,83,83,166,62,62,False,False,False
200,4,59,er,0.6,1165231267,0,66,90,156,66,66,True,True,False
200,4,59,er,0.6,1165231267,1,2,4,6,2,2,True,True,True
200,4,59,er,0.6,1165231267,2,2,2,4,2,2,True,True,True
200,4,59,ring,0.6,1165231267,0,11,14,25,11,11,True,True,False
200,4,59,ring,0.6,1165231267,1,2,2,4,2,2,True,True,True
200,4,59,ring,0.6,1165231267,2,2,2,4,2,2,True,True,True
200,4,59,ring,0.6,1165231267,3,2,2,4,2,2,True,True,True
200,4,59,ring,0.6,1165231267,4,13,18,31,12,12,False,False,False
200,4,59,ring,0.6,1165231267,5,2,2,4,2,2,True,True,True
200,4,59,ring,0.6,1165231267,6,2,2,4,2,2,True,True,True
200,4,59,ring,0.6,1165231267,7,6,9,15,6,6,True,True,True
200,4,59,ring,0.6,1165231267,8,9,12,21,9,9,True,True,True
200,4,59,ring,0.6,1165231267,9,5,7,12,4,4,False,False,True
200,4,59,ring,0.6,1165231267,10,6,7,13,6,6,True,True,True
200,4,59,small_world,0.6,1165231267,0,67,80,147,62,62,False,False,False
200,4,59,small_world,0.6,1165231267,1,4,6,10,4,4,True,True,True
200,4,59,scale_free,0.6,1165231267,0,68,87,155,55,55,False,False,False
200,4,59,er,0.7,1165231267,0,51,94,145,51,51,True,True,False
200,4,59,ring,0.7,1165231267,0,8,15,23,8,8,True,True,True
200,4,59,ring,0.7,1165231267,1,2,4,6,2,2,True,True,True
200,4,59,ring,0.7,1165231267,2,8,11,19,6,6,False,False,True
200,4,59,ring,0.7,1165231267,3,7,8,15,6,6,False,False,True
200,4,59,ring,0.7,1165231267,4,12,15,27,11,11,False,False,False
200,4,59,ring,0.7,1165231267,5,2,4,6,2,2,True,True,True
200,4,59,ring,0.7,1165231267,6,4,9,13,4,4,True,True,True
200,4,59,ring,0.7,1165231267,7,7,12,19,7,7,True,True,True
200,4,59,ring,0.7,1165231267,8,5,9,14,4,4,False,False,True
200,4,59,ring,0.7,1165231267,9,3,4,7,3,3,True,True,True
200,4,59,small_world,0.7,1165231267,0,52,83,135,51,51,False,False,False
200,4,59,small_world,0.7,1165231267,1,5,10,15,5,5,True,True,True
200,4,59,scale_free,0.7,1165231267,0,53,84,137,46,46,False,False,False
200,4,59,er,0.8,1165231267,0,19,42,61,19,19,True,True,False
200,4,59,er,0.8,1165231267,1,3,9,12,3,3,True,True,True
200,4,59,er,0.8,1165231267,2,10,28,38,10,10,True,True,True
200,4,59,ring,0.8,1165231267,0,3,8,11,3,3,True,True,True
200,4,59,ring,0.8,1165231267,1,2,4,6,2,2,True,True,True
200,4,59,ring,0.8,1165231267,2,2,6,8,2,2,True,True,True
200,4,59,ring,0.8,1165231267,3,7,8,15,6,6,False,False,True
200,4,59,ring,0.8,1165231267,4,4,8,12,4,4,True,True,True
200,4,59,ring,0.8,1165231267,5,2,4,6,2,2,True,True,True
200,4,59,ring,0.8,1165231267,6,2,6,8,2,2,True,True,True
200,4,59,ring,0.8,1165231267,7,5,12,17,5,5,True,True,True
200,4,59,ring,0.8,1165231267,8,7,15,22,7,7,True,True,True
200,4,59,small_world,0.8,1165231267,0,5,10,15,5,5,True,True,True
200,4,59,small_world,0.8,1165231267,1,16,37,53,16,16,True,True,False
200,4,59,small_world,0.8,1165231267,2,2,6,8,2,2,True,True,True
200,4,59,small_world,0.8,1165231267,3,2,6,8,2,2,True,True,True
200,4,59,small_world,0.8,1165231267,4,3,6,9,3,3,True,True,True
200,4,59,small_world,0.8,1165231267,5,4,8,12,4,4,True,True,True
200,4,59,small_world,0.8,1165231267,6,5,12,17,5,5,True,True,True
200,4,59,scale_free,0.8,1165231267,0,37,75,112,37,37,True,True,False
200,4,59,er,0.9,1165231267,0,6,13,19,6,6,True,True,True
200,4,59,er,0.9,1165231267,1,3,5,8,3,3,True,True,True
200,4,59,er,0.9,1165231267,2,2,11,13,2,2,True,True,True
200,4,59,er,0.9,1165231267,3,2,8,10,2,2,True,True,True
200,4,59,ring,0.9,1165231267,0,4,8,12,4,4,True,True,True
200,4,59,ring,0.9,1165231267,1,2,6,8,2,2,True,True,True
200,4,59,ring,0.9,1165231267,2,2,7,9,2,2,True,True,True
200,4,59,ring,0.9,1165231267,3,2,6,8,2,2,True,True,True
200,4,59,small_world,0.9,1165231267,0,2,7,9,2,2,True,True,True
200,4,59,small_world,0.9,1165231267,1,5,17,22,5,5,True,True,True
200,4,59,small_world,0.9,1165231267,2,2,7,9,2,2,True,True,True
200,4,59,small_world,0.9,1165231267,3,4,11,15,4,4,True,True,True
200,4,59,small_world,0.9,1165231267,4,2,6,8,2,2,True,True,True
200,4,59,scale_free,0.9,1165231267,0,6,11,17,6,6,True,True,True
200,4,59,scale_free,0.9,1165231267,1,3,5,8,3,3,True,True,True
200,4,59,scale_free,0.9,1165231267,2,2,5,7,2,2,True,True,True
200,4,59,scale_free,0.9,1165231267,3,2,6,8,2,2,True,True,True
200,4,59,scale_free,0.9,1165231267,4,3,8,11,3,3,True,True,True
200,4,60,ring,0.2,2058822262,0,4,4,8,4,4,True,True,True
200,4,60,ring,0.2,2058822262,1,2,2,4,2,2,True,True,True
200,4,60,small_world,0.2,2058822262,0,3,3,6,3,3,True,True,True
200,4,60,scale_free,0.2,2058822262,0,3,3,6,2,2,False,False,True
200,4,60,ring,0.3,2058822262,0,2,2,4,2,2,True,True,True
200,4,60,ring,0.3,2058822262,1,3,5,8,3,3,True,True,True
200,4,60,ring,0.3,2058822262,2,2,2,4,2,2,True,True,True
200,4,60,small_world,0.3,2058822262,0,2,2,4,2,2,True,True,True
200,4,60,small_world,0.3,2058822262,1,2,3,5,2,2,True,True,True
200,4,60,small_world,0.3,2058822262,2,2,2,4,2,2,True,True,True
200,4,60,scale_free,0.3,2058822262,0,3,3,6,2,2,False,False,True
200,4,60,scale_free,0.3,2058822262,1,2,2,4,2,2,True,True,True
200,4,60,ring,0.4,2058822262,0,2,2,4,2,2,True,True,True
200,4,60,ring,0.4,2058822262,1,9,9,18,8,8,False,False,True
200,4,60,ring,0.4,2058822262,2,10,10,20,8,8,False,False,True
200,4,60,ring,0.4,2058822262,3,2,2,4,2,2,True,True,True
200,4,60,ring,0.4,2058822262,4,17,17,34,15,15,False,False,False
200,4,60,ring,0.4,2058822262,5,3,5,8,3,3,True,True,True
200,4,60,small_world,0.4,2058822262,0,2,2,4,2,2,True,True,True
200,4,60,small_world,0.4,2058822262,1,2,3,5,2,2,True,True,True
200,4,60,small_world,0.4,2058822262,2,2,2,4,2,2,True,True,True
200,4,60,scale_free,0.4,2058822262,0,66,68,134,48,48,False,False,False
200,4,60,scale_free,0.4,2058822262,1,3,3,6,2,2,False,False,True
200,4,60,scale_free,0.4,2058822262,2,2,2,4,2,2,True,True,True
200,4,60,er,0.5,2058822262,0,70,75,145,62,62,False,False,False
200,4,60,er,0.5,2058822262,1,2,2,4,2,2,True,True,True
200,4,60,ring,0.5,2058822262,0,2,2,4,2,2,True,True,True
200,4,60,ring,0.5,2058822262,1,2,2,4,2,2,True,True,True
200,4,60,ring,0.5,2058822262,2,5,9,14,5,5,True,True,True
200,4,60,ring,0.5,2058822262,3,6,6,12,5,5,False,False,True
200,4,60,ring,0.5,2058822262,4,22,24,46,19,19,False,False,False
200,4,60,ring,0.5,2058822262,5,3,5,8,3,3,True,True,True
200,4,60,ring,0.5,2058822262,6,18,23,41,17,17,False,False,False
200,4,60,small_world,0.5,2058822262,0,2,2,4,2,2,True,True,True
200,4,60,small_world,0.5,2058822262,1,83,85,168,72,72,False,False,False
200,4,60,scale_free,0.5,2058822262,0,73,90,163,62,62,False,False,False
200,4,60,scale_free,0.5,2058822262,1,2,2,4,2,2,True,True,True
200,4,60,er,0.6,2058822262,0,63,86,149,63,63,True,True,False
200,4,60,er,0.6,2058822262,1,2,2,4,2,2,True,True,True
200,4,60,ring,0.6,2058822262,0,2,2,4,2,2,True,True,True
200,4,60,ring,0.6,2058822262,1,10,13,23,9,9,False,False,True
200,4,60,ring,0.6,2058822262,2,2,4,6,2,2,True,True,True
200,4,60,ring,0.6,2058822262,3,2,6,8,2,2,True,True,True
200,4,60,ring,0.6,2058822262,4,7,8,15,6,6,False,False,True
200,4,60,ring,0.6,2058822262,5,11,15,26,11,11,True,True,False
200,4,60,ring,0.6,2058822262,6,9,12,21,8,8,False,False,True
200,4,60,ring,0.6,2058822262,7,8,9,17,7,7,False,False,True
200,4,60,ring,0.6,2058822262,8,6,7,13,5,5,False,False,True
200,4,60,ring,0.6,2058822262,9,10,17,27,9,9,False,False,True
200,4,60,ring,0.6,2058822262,10,5,9,14,5,5,True,True,True
200,4,60,small_world,0.6,2058822262,0,2,2,4,2,2,True,True,True
200,4,60,small_world,0.6,2058822262,1,39,58,97,38,38,False,False,False
200,4,60,small_world,0.6,2058822262,2,26,34,60,23,23,False,False,False
200,4,60,small_world,0.6,2058822262,3,6,7,13,5,5,False,False,True
200,4,60,scale_free,0.6,2058822262,0,63,100,163,57,57,False,False,False
200,4,60,er,0.7,2058822262,0,46,84,130,46,46,True,True,False
200,4,60,er,0.7,2058822262,1,2,2,4,2,2,True,True,True
200,4,60,er,0.7,2058822262,2,2,2,4,2,2,True,True,True
200,4,60,er,0.7,2058822262,3,4,6,10,4,4,True,True,True
200,4,60,ring,0.7,2058822262,0,3,3,6,2,2,False,False,True
200,4,60,ring,0.7,2058822262,1,2,2,4,2,2,True,True,True
200,4,60,ring,0.7,2058822262,2,2,6,8,2,2,True,True,True
200,4,60,ring,0.7,2058822262,3,4,7,11,4,4,True,True,True
200,4,60,ring,0.7,2058822262,4,2,4,6,2,2,True,True,True
200,4,60,ring,0.7,2058822262,5,2,6,8,2,2,True,True,True
200,4,60,ring,0.7,2058822262,6,2,4,6,2,2,True,True,True
200,4,60,ring,0.7,2058822262,7,7,11,18,7,7,True,True,True
200,4,60,ring,0.7,2058822262,8,9,12,21,8,8,False,False,True
200,4,60,ring,0.7,2058822262,9,12,16,28,12,12,True,True,False
200,4,60,ring,0.7,2058822262,10,6,13,19,6,6,True,True,True
200,4,60,ring,0.7,2058822262,11,3,6,9,3,3,True,True,True
200,4,60,small_world,0.7,2058822262,0,3,3,6,2,2,False,False,True
200,4,60,small_world,0.7,2058822262,1,42,71,113,42,42,True,True,False
200,4,60,small_world,0.7,2058822262,2,2,3,5,2,2,True,True,True
200,4,60,small_world,0.7,2058822262,3,10,17,27,10,10,True,True,True
200,4,60,scale_free,0.7,2058822262,0,51,90,141,47,47,False,False,False
200,4,60,er,0.8,2058822262,0,31,69,100,31,31,True,True,False
200,4,60,er,0.8,2058822262,1,2,2,4,2,2,True,True,True
200,4,60,ring,0.8,2058822262,0,4,6,10,3,3,False,False,True
200,4,60,ring,0.8,2058822262,1,2,6,8,2,2,True,True,True
200,4,60,ring,0.8,2058822262,2,3,8,11,3,3,True,True,True
200,4,60,ring,0.8,2058822262,3,2,4,6,2,2,True,True,True
200,4,60,ring,0.8,2058822262,4,2,6,8,2,2,True,True,True
200,4,60,ring,0.8,2058822262,5,3,4,7,3,3,True,True,True
200,4,60,ring,0.8,2058822262,6,2,7,9,2,2,True,True,True
200,4,60,ring,0.8,2058822262,7,3,7,10,3,3,True,True,True
200,4,60,ring,0.8,2058822262,8,3,7,10,3,3,True,True,True
200,4,60,ring,0.8,2058822262,9,5,7,12,5,5,True,True,True
200,4,60,ring,0.8,2058822262,10,5,10,15,5,5,True,True,True
200,4,60,small_world,0.8,2058822262,0,4,6,10,3,3,False,False,True
200,4,60,small_world,0.8,2058822262,1,20,43,63,20,20,True,True,False
200,4,60,small_world,0.8,2058822262,2,2,3,5,2,2,True,True,True
200,4,60,small_world,0.8,2058822262,3,2,7,9,2,2,True,True,True
200,4,60,small_world,0.8,2058822262,4,3,4,7,3,3,True,True,True
200,4,60,small_world,0.8,2058822262,5,3,7,10,3,3,True,True,True
200,4,60,scale_free,0.8,2058822262,0,32,78,110,30,30,False,False,False
200,4,60,scale_free,0.8,2058822262,1,2,2,4,2,2,True,True,True
200,4,60,er,0.9,2058822262,0,9,32,41,9,9,True,True,True
200,4,60,er,0.9,2058822262,1,2,3,5,2,2,True,True,True
200,4,60,ring,0.9,2058822262,0,3,7,10,3,3,True,True,True
200,4,60,ring,0.9,2058822262,1,2,6,8,2,2,True,True,True
200,4,60,ring,0.9,2058822262,2,2,4,6,2,2,True,True,True
200,4,60,ring,0.9,2058822262,3,2,4,6,2,2,True,True,True
200,4,60,ring,0.9,2058822262,4,2,6,8,2,2,True,True,True
200,4,60,ring,0.9,2058822262,5,4,11,15,4,4,True,True,True
200,4,60,small_world,0.9,2058822262,0,3,7,10,3,3,True,True,True
200,4,60,small_world,0.9,2058822262,1,9,25,34,9,9,True,True,True
200,4,60,small_world,0.9,2058822262,2,2,5,7,2,2,True,True,True
200,4,60,small_world,0.9,2058822262,3,2,5,7,2,2,True,True,True
200,4,60,scale_free,0.9,2058822262,0,15,52,67,15,15,True,True,False
200,4,61,er,0.4,1476540844,0,2,2,4,2,2,True,True,True
200,4,61,ring,0.4,1476540844,0,6,9,15,6,6,True,True,True
200,4,61,ring,0.4,1476540844,1,5,7,12,5,5,True,True,True
200,4,61,ring,0.4,1476540844,2,5,8,13,5,5,True,True,True
200,4,61,small_world,0.4,1476540844,0,30,32,62,24,24,False,False,False
200,4,61,scale_free,0.4,1476540844,0,2,2,4,2,2,True,True,True
200,4,61,scale_free,0.4,1476540844,1,2,2,4,2,2,True,True,True
200,4,61,er,0.5,1476540844,0,2,2,4,2,2,True,True,True
200,4,61,er,0.5,1476540844,1,75,77,152,66,66,False,False,False
200,4,61,ring,0.5,1476540844,0,6,9,15,6,6,True,True,True
200,4,61,ring,0.5,1476540844,1,6,7,13,6,6,True,True,True
200,4,61,ring,0.5,1476540844,2,5,7,12,5,5,True,True,True
200,4,61,ring,0.5,1476540844,3,4,9,13,4,4,True,True,True
200,4,61,small_world,0.5,1476540844,0,3,3,6,3,3,True,True,True
200,4,61,small_world,0.5,1476540844,1,8,15,23,8,8,True,True,True
200,4,61,small_world,0.5,1476540844,2,27,27,54,23,23,False,False,False
200,4,61,small_world,0.5,1476540844,3,2,3,5,2,2,True,True,True
200,4,61,small_world,0.5,1476540844,4,3,4,7,3,3,True,True,True
200,4,61,scale_free,0.5,1476540844,0,73,77,150,53,53,False,False,False
200,4,61,er,0.6,1476540844,0,67,89,156,64,64,False,False,False
200,4,61,ring,0.6,1476540844,0,9,12,21,8,8,False,False,True
200,4,61,ring,0.6,1476540844,1,5,8,13,5,5,True,True,True
200,4,61,ring,0.6,1476540844,2,5,7,12,5,5,True,True,True
200,4,61,ring,0.6,1476540844,3,2,7,9,2,2,True,True,True
200,4,61,ring,0.6,1476540844,4,15,22,37,15,15,True,True,False
200,4,61,ring,0.6,1476540844,5,7,9,16,7,7,True,True,True
200,4,61,ring,0.6,1476540844,6,7,8,15,7,7,True,True,True
200,4,61,ring,0.6,1476540844,7,11,11,22,10,10,False,False,False
200,4,61,ring,0.6,1476540844,8,13,14,27,13,13,True,True,False
200,4,61,ring,0.6,1476540844,9,2,5,7,2,2,True,True,True
200,4,61,small_world,0.6,1476540844,0,54,72,126,51,51,False,False,False
200,4,61,small_world,0.6,1476540844,1,8,11,19,8,8,True,True,True
200,4,61,small_world,0.6,1476540844,2,5,5,10,4,4,False,False,True
200,4,61,small_world,0.6,1476540844,3,2,3,5,2,2,True,True,True
200,4,61,small_world,0.6,1476540844,4,2,3,5,2,2,True,True,True
200,4,61,small_world,0.6,1476540844,5,3,4,7,3,3,True,True,True
200,4,61,small_world,0.6,1476540844,6,2,5,7,2,2,True,True,True
200,4,61,scale_free,0.6,1476540844,0,71,81,152,56,56,False,False,False
200,4,61,er,0.7,1476540844,0,48,93,141,48,48,True,True,False
200,4,61,er,0.7,1476540844,1,4,4,8,3,3,False,False,True
200,4,61,ring,0.7,1476540844,0,9,11,20,9,9,True,True,True
200,4,61,ring,0.7,1476540844,1,3,7,10,3,3,True,True,True
200,4,61,ring,0.7,1476540844,2,2,5,7,2,2,True,True,True
200,4,61,ring,0.7,1476540844,3,9,17,26,9,9,True,True,True
200,4,61,ring,0.7,1476540844,4,2,2,4,2,2,True,True,True
200,4,61,ring,0.7,1476540844,5,2,2,4,2,2,True,True,True
200,4,61,ring,0.7,1476540844,6,4,6,10,4,4,True,True,True
200,4,61,ring,0.7,1476540844,7,2,2,4,2,2,True,True,True
200,4,61,ring,0.7,1476540844,8,4,7,11,4,4,True,True,True
200,4,61,ring,0.7,1476540844,9,9,13,22,9,9,True,True,True
200,4,61,ring,0.7,1476540844,10,4,7,11,4,4,True,True,True
200,4,61,ring,0.7,1476540844,11,3,5,8,3,3,True,True,True
200,4,61,small_world,0.7,1476540844,0,11,13,24,10,10,False,False,False
200,4,61,small_world,0.7,1476540844,1,11,23,34,11,11,True,True,False
200,4,61,small_world,0.7,1476540844,2,3,6,9,3,3,True,True,True
200,4,61,small_world,0.7,1476540844,3,5,10,15,5,5,True,True,True
200,4,61,small_world,0.7,1476540844,4,2,2,4,2,2,True,True,True
200,4,61,small_world,0.7,1476540844,5,6,8,14,6,6,True,True,True
200,4,61,small_world,0.7,1476540844,6,2,3,5,2,2,True,True,True
200,4,61,small_world,0.7,1476540844,7,2,4,6,2,2,True,True,True
200,4,61,small_world,0.7,1476540844,8,2,3,5,2,2,True,True,True
200,4,61,small_world,0.7,1476540844,9,2,3,5,2,2,True,True,True
200,4,61,small_world,0.7,1476540844,10,4,8,12,4,4,True,True,True
200,4,61,small_world,0.7,1476540844,11,3,5,8,3,3,True,True,True
200,4,61,scale_free,0.7,1476540844,0,54,82,136,47,47,False,False,False
200,4,61,er,0.8,1476540844,0,29,75,104,29,29,True,True,False
200,4,61,er,0.8,1476540844,1,4,11,15,4,4,True,True,True
200,4,61,ring,0.8,1476540844,0,4,8,12,4,4,True,True,True
200,4,61,ring,0.8,1476540844,1,2,5,7,2,2,True,True,True
200,4,61,ring,0.8,1476540844,2,6,15,21,6,6,True,True,True
200,4,61,ring,0.8,1476540844,3,2,6,8,2,2,True,True,True
200,4,61,ring,0.8,1476540844,4,3,8,11,3,3,True,True,True
200,4,61,ring,0.8,1476540844,5,10,22,32,10,10,True,True,True
200,4,61,ring,0.8,1476540844,6,3,5,8,3,3,True,True,True
200,4,61,small_world,0.8,1476540844,0,6,10,16,5,5,False,False,True
200,4,61,small_world,0.8,1476540844,1,4,11,15,4,4,True,True,True
200,4,61,small_world,0.8,1476540844,2,3,9,12,3,3,True,True,True
200,4,61,small_world,0.8,1476540844,3,2,7,9,2,2,True,True,True
200,4,61,small_world,0.8,1476540844,4,3,9,12,3,3,True,True,True
200,4,61,small_world,0.8,1476540844,5,3,7,10,3,3,True,True,True
200,4,61,small_world,0.8,1476540844,6,6,12,18,6,6,True,True,True
200,4,61,small_world,0.8,1476540844,7,3,5,8,3,3,True,True,True
200,4,61,scale_free,0.8,1476540844,0,32,44,76,32,32,True,True,False
200,4,61,er,0.9,1476540844,0,2,6,8,2,2,True,True,True
200,4,61,er,0.9,1476540844,1,11,45,56,11,11,True,True,False
200,4,61,er,0.9,1476540844,2,2,9,11,2,2,True,True,True
200,4,61,ring,0.9,1476540844,0,6,16,22,6,6,True,True,True
200,4,61,ring,0.9,1476540844,1,2,4,6,2,2,True,True,True
200,4,61,ring,0.9,1476540844,2,3,5,8,3,3,True,True,True
200,4,61,small_world,0.9,1476540844,0,2,7,9,2,2,True,True,True
200,4,61,small_world,0.9,1476540844,1,5,7,12,4,4,False,False,True
200,4,61,small_world,0.9,1476540844,2,2,5,7,2,2,True,True,True
200,4,61,small_world,0.9,1476540844,3,2,4,6,2,2,True,True,True
200,4,61,scale_free,0.9,1476540844,0,11,19,30,11,11,True,True,False
200,4,61,scale_free,0.9,1476540844,1,3,7,10,3,3,True,True,True
200,4,62,er,0.4,3608855350,0,2,2,4,2,2,True,True,True
200,4,62,ring,0.4,3608855350,0,17,18,35,15,15,False,False,False
200,4,62,scale_free,0.4,3608855350,0,2,2,4,2,2,True,True,True
200,4,62,er,0.5,3608855350,0,2,2,4,2,2,True,True,True
200,4,62,ring,0.5,3608855350,0,28,32,60,25,25,False,False,False
200,4,62,ring,0.5,3608855350,1,2,2,4,2,2,True,True,True
200,4,62,ring,0.5,3608855350,2,5,6,11,4,4,False,False,True
200,4,62,ring,0.5,3608855350,3,4,8,12,4,4,True,True,True
200,4,62,small_world,0.5,3608855350,0,83,84,167,75,75,False,False,False
200,4,62,small_world,0.5,3608855350,1,2,2,4,2,2,True,True,True
200,4,62,scale_free,0.5,3608855350,0,2,2,4,2,2,True,True,True
200,4,62,er,0.6,3608855350,0,67,90,157,67,67,True,True,False
200,4,62,ring,0.6,3608855350,0,20,23,43,18,18,False,False,False
200,4,62,ring,0.6,3608855350,1,3,6,9,3,3,True,True,True
200,4,62,ring,0.6,3608855350,2,4,6,10,4,4,True,True,True
200,4,62,ring,0.6,3608855350,3,2,5,7,2,2,True,True,True
200,4,62,ring,0.6,3608855350,4,5,9,14,5,5,True,True,True
200,4,62,ring,0.6,3608855350,5,6,9,15,6,6,True,True,True
200,4,62,ring,0.6,3608855350,6,2,5,7,2,2,True,True,True
200,4,62,ring,0.6,3608855350,7,6,13,19,6,6,True,True,True
200,4,62,ring,0.6,3608855350,8,5,6,11,4,4,False,False,True
200,4,62,ring,0.6,3608855350,9,5,6,11,5,5,True,True,True
200,4,62,ring,0.6,3608855350,10,4,8,12,4,4,True,True,True
200,4,62,small_world,0.6,3608855350,0,31,39,70,31,31,True,True,False
200,4,62,small_world,0.6,3608855350,1,8,10,18,7,7,False,False,True
200,4,62,small_world,0.6,3608855350,2,4,4,8,3,3,False,False,True
200,4,62,small_world,0.6,3608855350,3,18,28,46,18,18,True,True,False
200,4,62,small_world,0.6,3608855350,4,2,5,7,2,2,True,True,True
200,4,62,small_world,0.6,3608855350,5,5,6,11,5,5,True,True,True
200,4,62,small_world,0.6,3608855350,6,4,8,12,4,4,True,True,True
200,4,62,scale_free,0.6,3608855350,0,68,73,141,47,47,False,False,False
200,4,62,er,0.7,3608855350,0,45,84,129,45,45,True,True,False
200,4,62,er,0.7,3608855350,1,3,3,6,3,3,True,True,True
200,4,62,ring,0.7,3608855350,0,4,6,10,4,4,True,True,True
200,4,62,ring,0.7,3608855350,1,2,7,9,2,2,True,True,True
200,4,62,ring,0.7,3608855350,2,10,15,25,10,10,True,True,True
200,4,62,ring,0.7,3608855350,3,5,8,13,5,5,True,True,True
200,4,62,ring,0.7,3608855350,4,2,5,7,2,2,True,True,True
200,4,62,ring,0.7,3608855350,5,4,10,14,4,4,True,True,True
200,4,62,ring,0.7,3608855350,6,5,8,13,5,5,True,True,True
200,4,62,ring,0.7,3608855350,7,2,5,7,2,2,True,True,True
200,4,62,ring,0.7,3608855350,8,3,10,13,3,3,True,True,True
200,4,62,ring,0.7,3608855350,9,5,6,11,4,4,False,False,True
200,4,62,ring,0.7,3608855350,10,5,7,12,5,5,True,True,True
200,4,62,ring,0.7,3608855350,11,2,7,9,2,2,True,True,True
200,4,62,ring,0.7,3608855350,12,3,4,7,3,3,True,True,True
200,4,62,ring,0.7,3608855350,13,6,8,14,5,5,False,False,True
200,4,62,ring,0.7,3608855350,14,2,5,7,2,2,True,True,True
200,4,62,small_world,0.7,3608855350,0,29,46,75,29,29,True,True,False
200,4,62,small_world,0.7,3608855350,1,14,25,39,14,14,True,True,False
200,4,62,small_world,0.7,3608855350,2,2,5,7,2,2,True,True,True
200,4,62,small_world,0.7,3608855350,3,5,7,12,5,5,True,True,True
200,4,62,small_world,0.7,3608855350,4,2,8,10,2,2,True,True,True
200,4,62,small_world,0.7,3608855350,5,3,10,13,3,3,True,True,True
200,4,62,small_world,0.7,3608855350,6,3,4,7,3,3,True,True,True
200,4,62,scale_free,0.7,3608855350,0,53,82,135,44,44,False,False,False
200,4,62,er,0.8,3608855350,0,23,61,84,23,23,True,True,False
200,4,62,er,0.8,3608855350,1,4,10,14,4,4,True,True,True
200,4,62,er,0.8,3608855350,2,3,8,11,3,3,True,True,True
200,4,62,er,0.8,3608855350,3,3,3,6,3,3,True,True,True
200,4,62,ring,0.8,3608855350,0,3,7,10,3,3,True,True,True
200,4,62,ring,0.8,3608855350,1,2,7,9,2,2,True,True,True
200,4,62,ring,0.8,3608855350,2,3,6,9,3,3,True,True,True
200,4,62,ring,0.8,3608855350,3,3,8,11,3,3,True,True,True
200,4,62,ring,0.8,3608855350,4,3,4,7,3,3,True,True,True
200,4,62,ring,0.8,3608855350,5,2,5,7,2,2,True,True,True
200,4,62,ring,0.8,3608855350,6,3,8,11,3,3,True,True,True
200,4,62,ring,0.8,3608855350,7,2,5,7,2,2,True,True,True
200,4,62,ring,0.8,3608855350,8,2,2,4,2,2,True,True,True
200,4,62,ring,0.8,3608855350,9,3,5,8,3,3,True,True,True
200,4,62,ring,0.8,3608855350,10,2,4,6,2,2,True,True,True
200,4,62,ring,0.8,3608855350,11,4,10,14,4,4,True,True,True
200,4,62,small_world,0.8,3608855350,0,4,9,13,4,4,True,True,True
200,4,62,small_world,0.8,3608855350,1,13,34,47,13,13,True,True,False
200,4,62,small_world,0.8,3608855350,2,4,9,13,4,4,True,True,True
200,4,62,small_world,0.8,3608855350,3,2,5,7,2,2,True,True,True
200,4,62,small_world,0.8,3608855350,4,4,8,12,4,4,True,True,True
200,4,62,small_world,0.8,3608855350,5,2,5,7,2,2,True,True,True
200,4,62,small_world,0.8,3608855350,6,2,4,6,2,2,True,True,True
200,4,62,small_world,0.8,3608855350,7,2,4,6,2,2,True,True,True
200,4,62,scale_free,0.8,3608855350,0,36,84,120,32,32,False,False,False
200,4,62,er,0.9,3608855350,0,11,37,48,11,11,True,True,False
200,4,62,er,0.9,3608855350,1,2,7,9,2,2,True,True,True
200,4,62,ring,0.9,3608855350,0,2,7,9,2,2,True,True,True
200,4,62,ring,0.9,3608855350,1,2,7,9,2,2,True,True,True
200,4,62,ring,0.9,3608855350,2,2,5,7,2,2,True,True,True
200,4,62,ring,0.9,3608855350,3,3,8,11,3,3,True,True,True
200,4,62,ring,0.9,3608855350,4,3,7,10,3,3,True,True,True
200,4,62,small_world,0.9,3608855350,0,4,14,18,4,4,True,True,True
200,4,62,small_world,0.9,3608855350,1,5,15,20,5,5,True,True,True
200,4,62,small_world,0.9,3608855350,2,3,10,13,3,3,True,True,True
200,4,62,scale_free,0.9,3608855350,0,16,47,63,15,15,False,False,False
200,4,63,er,0.2,300291189,0,2,2,4,2,2,True,True,True
200,4,63,ring,0.3,300291189,0,2,2,4,2,2,True,True,True
200,4,63,ring,0.3,300291189,1,2,2,4,2,2,True,True,True
200,4,63,ring,0.3,300291189,2,2,2,4,2,2,True,True,True
200,4,63,small_world,0.3,300291189,0,2,2,4,2,2,True,True,True
200,4,63,small_world,0.3,300291189,1,2,2,4,2,2,True,True,True
200,4,63,small_world,0.3,300291189,2,2,2,4,2,2,True,True,True
200,4,63,small_world,0.3,300291189,3,2,2,4,2,2,True,True,True
200,4,63,small_world,0.3,300291189,4,3,3,6,2,2,False,False,True
200,4,63,ring,0.4,300291189,0,2,2,4,2,2,True,True,True
200,4,63,ring,0.4,300291189,1,5,6,11,5,5,True,True,True
200,4,63,ring,0.4,300291189,2,2,2,4,2,2,True,True,True
200,4,63,ring,0.4,300291189,3,2,5,7,2,2,True,True,True
200,4,63,ring,0.4,300291189,4,3,3,6,2,2,False,False,True
200,4,63,ring,0.4,300291189,5,2,2,4,2,2,True,True,True
200,4,63,ring,0.4,300291189,6,3,3,6,2,2,False,False,True
200,4,63,small_world,0.4,300291189,0,2,2,4,2,2,True,True,True
200,4,63,small_world,0.4,300291189,1,2,2,4,2,2,True,True,True
200,4,63,small_world,0.4,300291189,2,3,3,6,2,2,False,False,True
200,4,63,small_world,0.4,300291189,3,3,3,6,2,2,False,False,True
200,4,63,small_world,0.4,300291189,4,2,2,4,2,2,True,True,True
200,4,63,ring,0.5,300291189,0,5,5,10,5,5,True,True,True
200,4,63,ring,0.5,300291189,1,3,3,6,2,2,False,False,True
200,4,63,ring,0.5,300291189,2,2,2,4,2,2,True,True,True
200,4,63,ring,0.5,300291189,3,5,6,11,5,5,True,True,True
200,4,63,ring,0.5,300291189,4,6,11,17,6,6,True,True,True
200,4,63,ring,0.5,300291189,5,2,5,7,2,2,True,True,True
200,4,63,ring,0.5,300291189,6,3,4,7,3,3,True,True,True
200,4,63,ring,0.5,300291189,7,10,12,22,9,9,False,False,True
200,4,63,small_world,0.5,300291189,0,4,5,9,4,4,True,True,True
200,4,63,small_world,0.5,300291189,1,2,4,6,2,2,True,True,True
200,4,63,small_world,0.5,300291189,2,2,2,4,2,2,True,True,True
200,4,63,small_world,0.5,300291189,3,3,4,7,3,3,True,True,True
200,4,63,scale_free,0.5,300291189,0,4,4,8,4,4,True,True,True
200,4,63,er,0.6,300291189,0,73,84,157,68,69,False,False,False
200,4,63,ring,0.6,300291189,0,4,6,10,3,3,False,False,True
200,4,63,ring,0.6,300291189,1,23,30,53,23,23,True,True,False
200,4,63,ring,0.6,300291189,2,12,13,25,11,11,False,False,False
200,4,63,ring,0.6,300291189,3,7,8,15,6,6,False,False,True
200,4,63,ring,0.6,300291189,4,2,2,4,2,2,True,True,True
200,4,63,ring,0.6,300291189,5,4,5,9,4,4,True,True,True
200,4,63,ring,0.6,300291189,6,3,4,7,3,3,True,True,True
200,4,63,ring,0.6,300291189,7,4,8,12,4,4,True,True,True
200,4,63,ring,0.6,300291189,8,9,13,22,9,9,True,True,True
200,4,63,ring,0.6,300291189,9,3,5,8,3,3,True,True,True
200,4,63,small_world,0.6,300291189,0,52,66,118,49,49,False,False,False
200,4,63,small_world,0.6,300291189,1,12,17,29,12,12,True,True,False
200,4,63,small_world,0.6,300291189,2,2,4,6,2,2,True,True,True
200,4,63,small_world,0.6,300291189,3,8,10,18,8,8,True,True,True
200,4,63,small_world,0.6,300291189,4,2,2,4,2,2,True,True,True
200,4,63,small_world,0.6,300291189,5,2,2,4,2,2,True,True,True
200,4,63,scale_free,0.6,300291189,0,69,90,159,54,54,False,False,False
200,4,63,er,0.7,300291189,0,56,93,149,55,55,False,False,False
200,4,63,ring,0.7,300291189,0,3,5,8,3,3,True,True,True
200,4,63,ring,0.7,300291189,1,10,15,25,10,10,True,True,True
200,4,63,ring,0.7,300291189,2,8,12,20,8,8,True,True,True
200,4,63,ring,0.7,300291189,3,9,15,24,9,9,True,True,True
200,4,63,ring,0.7,300291189,4,7,12,19,7,7,True,True,True
200,4,63,ring,0.7,300291189,5,3,6,9,3,3,True,True,True
200,4,63,ring,0.7,300291189,6,3,9,12,3,3,True,True,True
200,4,63,ring,0.7,300291189,7,3,4,7,3,3,True,True,True
200,4,63,ring,0.7,300291189,8,4,8,12,4,4,True,True,True
200,4,63,ring,0.7,300291189,9,2,5,7,2,2,True,True,True
200,4,63,ring,0.7,300291189,10,3,7,10,3,3,True,True,True
200,4,63,ring,0.7,300291189,11,2,5,7,2,2,True,True,True
200,4,63,small_world,0.7,300291189,0,3,5,8,3,3,True,True,True
200,4,63,small_world,0.7,300291189,1,46,91,137,45,45,False,False,False
200,4,63,small_world,0.7,300291189,2,7,11,18,7,7,True,True,True
200,4,63,small_world,0.7,300291189,3,2,2,4,2,2,True,True,True
200,4,63,scale_free,0.7,300291189,0,50,84,134,44,44,False,False,False
200,4,63,er,0.8,300291189,0,36,80,116,36,36,True,True,False
200,4,63,ring,0.8,300291189,0,3,5,8,3,3,True,True,True
200,4,63,ring,0.8,300291189,1,4,8,12,4,4,True,True,True
200,4,63,ring,0.8,300291189,2,4,7,11,4,4,True,True,True
200,4,63,ring,0.8,300291189,3,5,12,17,5,5,True,True,True
200,4,63,ring,0.8,300291189,4,3,9,12,3,3,True,True,True
200,4,63,ring,0.8,300291189,5,3,7,10,3,3,True,True,True
200,4,63,ring,0.8,300291189,6,2,4,6,2,2,True,True,True
200,4,63,ring,0.8,300291189,7,4,8,12,4,4,True,True,True
200,4,63,ring,0.8,300291189,8,3,7,10,3,3,True,True,True
200,4,63,small_world,0.8,300291189,0,3,5,8,3,3,True,True,True
200,4,63,small_world,0.8,300291189,1,7,20,27,7,7,True,True,True
200,4,63,small_world,0.8,300291189,2,10,23,33,10,10,True,True,True
200,4,63,small_world,0.8,300291189,3,3,5,8,3,3,True,True,True
200,4,63,small_world,0.8,300291189,4,4,11,15,4,4,True,True,True
200,4,63,small_world,0.8,300291189,5,3,9,12,3,3,True,True,True
200,4,63,small_world,0.8,300291189,6,4,9,13,4,4,True,True,True
200,4,63,scale_free,0.8,300291189,0,35,68,103,32,32,False,False,False
200,4,63,er,0.9,300291189,0,7,24,31,7,7,True,True,True
200,4,63,er,0.9,300291189,1,11,36,47,11,11,True,True,False
200,4,63,ring,0.9,300291189,0,3,8,11,3,3,True,True,True
200,4,63,ring,0.9,300291189,1,2,6,8,2,2,True,True,True
200,4,63,ring,0.9,300291189,2,4,12,16,4,4,True,True,True
200,4,63,ring,0.9,300291189,3,2,6,8,2,2,True,True,True
200,4,63,small_world,0.9,300291189,0,6,18,24,6,6,True,True,True
200,4,63,small_world,0.9,300291189,1,3,9,12,3,3,True,True,True
200,4,63,small_world,0.9,300291189,2,2,8,10,2,2,True,True,True
200,4,63,scale_free,0.9,300291189,0,17,44,61,16,16,False,False,False
200,4,63,scale_free,0.9,300291189,1,2,4,6,2,2,True,True,True
200,4,64,ring,0.2,1320146627,0,3,3,6,2,2,False,False,True
200,4,64,ring,0.2,1320146627,1,2,2,4,2,2,True,True,True
200,4,64,ring,0.3,1320146627,0,3,3,6,2,2,False,False,True
200,4,64,ring,0.3,1320146627,1,2,2,4,2,2,True,True,True
200,4,64,ring,0.4,1320146627,0,3,3,6,2,2,False,False,True
200,4,64,ring,0.4,1320146627,1,3,4,7,3,3,True,True,True
200,4,64,ring,0.4,1320146627,2,9,9,18,9,9,True,True,True
200,4,64,ring,0.4,1320146627,3,6,7,13,6,6,True,True,True
200,4,64,small_world,0.4,1320146627,0,3,4,7,3,3,True,True,True
200,4,64,er,0.5,1320146627,0,83,84,167,76,76,False,False,False
200,4,64,ring,0.5,1320146627,0,10,11,21,10,10,True,True,True
200,4,64,ring,0.5,1320146627,1,12,12,24,11,11,False,False,False
200,4,64,ring,0.5,1320146627,2,3,4,7,3,3,True,True,True
200,4,64,ring,0.5,1320146627,3,14,15,29,13,13,False,False,False
200,4,64,ring,0.5,1320146627,4,8,10,18,7,7,False,False,True
200,4,64,ring,0.5,1320146627,5,5,7,12,5,5,True,True,True
200,4,64,ring,0.5,1320146627,6,10,11,21,9,9,False,False,True
200,4,64,small_world,0.5,1320146627,0,3,3,6,3,3,True,True,True
200,4,64,small_world,0.5,1320146627,1,3,4,7,3,3,True,True,True
200,4,64,scale_free,0.5,1320146627,0,72,87,159,59,59,False,False,False
200,4,64,scale_free,0.5,1320146627,1,2,2,4,2,2,True,True,True
200,4,64,er,0.6,1320146627,0,71,92,163,70,70,False,False,False
200,4,64,ring,0.6,1320146627,0,6,8,14,6,6,True,True,True
200,4,64,ring,0.6,1320146627,1,6,8,14,6,6,True,True,True
200,4,64,ring,0.6,1320146627,2,10,11,21,10,10,True,True,True
200,4,64,ring,0.6,1320146627,3,2,2,4,2,2,True,True,True
200,4,64,ring,0.6,1320146627,4,9,11,20,9,9,True,True,True
200,4,64,ring,0.6,1320146627,5,3,4,7,3,3,True,True,True
200,4,64,ring,0.6,1320146627,6,5,9,14,5,5,True,True,True
200,4,64,ring,0.6,1320146627,7,5,9,14,5,5,True,True,True
200,4,64,ring,0.6,1320146627,8,16,22,38,15,15,False,False,False
200,4,64,ring,0.6,1320146627,9,3,9,12,3,3,True,True,True
200,4,64,ring,0.6,1320146627,10,6,11,17,6,6,True,True,True
200,4,64,small_world,0.6,1320146627,0,14,19,33,14,14,True,True,False
200,4,64,small_world,0.6,1320146627,1,33,42,75,31,31,False,False,False
200,4,64,small_world,0.6,1320146627,2,9,15,24,9,9,True,True,True
200,4,64,small_world,0.6,1320146627,3,2,2,4,2,2,True,True,True
200,4,64,small_world,0.6,1320146627,4,5,5,10,4,4,False,False,True
200,4,64,small_world,0.6,1320146627,5,3,3,6,3,3,True,True,True
200,4,64,small_world,0.6,1320146627,6,3,4,7,3,3,True,True,True
200,4,64,small_world,0.6,1320146627,7,5,7,12,5,5,True,True,True
200,4,64,scale_free,0.6,1320146627,0,68,92,160,60,60,False,False,False
200,4,64,er,0.7,1320146627,0,54,93,147,54,54,True,True,False
200,4,64,er,0.7,1320146627,1,2,2,4,2,2,True,True,True
200,4,64,ring,0.7,1320146627,0,5,9,14,5,5,True,True,True
200,4,64,ring,0.7,1320146627,1,6,8,14,6,6,True,True,True
200,4,64,ring,0.7,1320146627,2,3,5,8,3,3,True,True,True
200,4,64,ring,0.7,1320146627,3,5,8,13,5,5,True,True,True
200,4,64,ring,0.7,1320146627,4,8,9,17,7,7,False,False,True
200,4,64,ring,0.7,1320146627,5,2,5,7,2,2,True,True,True
200,4,64,ring,0.7,1320146627,6,5,7,12,5,5,True,True,True
200,4,64,ring,0.7,1320146627,7,3,7,10,3,3,True,True,True
200,4,64,ring,0.7,1320146627,8,3,8,11,3,3,True,True,True
200,4,64,ring,0.7,1320146627,9,3,8,11,3,3,True,True,True
200,4,64,ring,0.7,1320146627,10,4,9,13,4,4,True,True,True
200,4,64,ring,0.7,1320146627,11,5,9,14,5,5,True,True,True
200,4,64,ring,0.7,1320146627,12,3,9,12,3,3,True,True,True
200,4,64,ring,0.7,1320146627,13,3,9,12,3,3,True,True,True
200,4,64,small_world,0.7,1320146627,0,16,22,38,16,16,True,True,False
200,4,64,small_world,0.7,1320146627,1,8,15,23,8,8,True,True,True
200,4,64,small_world,0.7,1320146627,2,12,25,37,12,12,True,True,False
200,4,64,small_world,0.7,1320146627,3,2,4,6,2,2,True,True,True
200,4,64,small_world,0.7,1320146627,4,2,2,4,2,2,True,True,True
200,4,64,small_world,0.7,1320146627,5,3,4,7,3,3,True,True,True
200,4,64,small_world,0.7,1320146627,6,3,7,10,3,3,True,True,True
200,4,64,small_world,0.7,1320146627,7,3,7,10,3,3,True,True,True
200,4,64,small_world,0.7,1320146627,8,4,9,13,4,4,True,True,True
200,4,64,scale_free,0.7,1320146627,0,57,99,156,52,52,False,False,False
200,4,64,er,0.8,1320146627,0,29,70,99,29,29,True,True,False
200,4,64,er,0.8,1320146627,1,2,2,4,2,2,True,True,True
200,4,64,er,0.8,1320146627,2,2,6,8,2,2,True,True,True
200,4,64,ring,0.8,1320146627,0,4,7,11,4,4,True,True,True
200,4,64,ring,0.8,1320146627,1,12,18,30,11,11,False,False,False
200,4,64,ring,0.8,1320146627,2,4,8,12,4,4,True,True,True
200,4,64,ring,0.8,1320146627,3,2,6,8,2,2,True,True,True
200,4,64,ring,0.8,1320146627,4,2,5,7,2,2,True,True,True
200,4,64,ring,0.8,1320146627,5,2,7,9,2,2,True,True,True
200,4,64,ring,0.8,1320146627,6,3,7,10,3,3,True,True,True
200,4,64,ring,0.8,1320146627,7,3,9,12,3,3,True,True,True
200,4,64,ring,0.8,1320146627,8,3,9,12,3,3,True,True,True
200,4,64,ring,0.8,1320146627,9,2,4,6,2,2,True,True,True
200,4,64,small_world,0.8,1320146627,0,16,24,40,16,16,True,True,False
200,4,64,small_world,0.8,1320146627,1,4,7,11,4,4,True,True,True
200,4,64,small_world,0.8,1320146627,2,2,6,8,2,2,True,True,True
200,4,64,small_world,0.8,1320146627,3,5,15,20,5,5,True,True,True
200,4,64,small_world,0.8,1320146627,4,2,7,9,2,2,True,True,True
200,4,64,small_world,0.8,1320146627,5,3,7,10,3,3,True,True,True
200,4,64,small_world,0.8,1320146627,6,2,6,8,2,2,True,True,True
200,4,64,scale_free,0.8,1320146627,0,35,77,112,32,32,False,False,False
200,4,64,er,0.9,1320146627,0,4,12,16,4,4,True,True,True
200,4,64,er,0.9,1320146627,1,10,28,38,10,10,True,True,True
200,4,64,ring,0.9,1320146627,0,2,5,7,2,2,True,True,True
200,4,64,ring,0.9,1320146627,1,2,7,9,2,2,True,True,True
200,4,64,ring,0.9,1320146627,2,4,7,11,4,4,True,True,True
200,4,64,ring,0.9,1320146627,3,3,7,10,3,3,True,True,True
200,4,64,ring,0.9,1320146627,4,2,7,9,2,2,True,True,True
200,4,64,ring,0.9,1320146627,5,2,7,9,2,2,True,True,True
200,4,64,small_world,0.9,1320146627,0,2,5,7,2,2,True,True,True
200,4,64,small_world,0.9,1320146627,1,6,16,22,6,6,True,True,True
200,4,64,small_world,0.9,1320146627,2,2,3,5,2,2,True,True,True
200,4,64,small_world,0.9,1320146627,3,2,7,9,2,2,True,True,True
200,4,64,scale_free,0.9,1320146627,0,18,54,72,18,18,True,True,False
200,4,65,er,0.3,2626282667,0,2,2,4,2,2,True,True,True
200,4,65,ring,0.3,2626282667,0,12,12,24,10,10,False,False,False
200,4,65,small_world,0.3,2626282667,0,2,2,4,2,2,True,True,True
200,4,65,ring,0.4,2626282667,0,13,14,27,12,12,False,False,False
200,4,65,ring,0.4,2626282667,1,3,3,6,2,2,False,False,True
200,4,65,ring,0.4,2626282667,2,2,2,4,2,2,True,True,True
200,4,65,ring,0.4,2626282667,3,3,3,6,2,2,False,False,True
200,4,65,ring,0.4,2626282667,4,8,9,17,6,6,False,False,True
200,4,65,ring,0.4,2626282667,5,3,5,8,3,3,True,True,True
200,4,65,ring,0.4,2626282667,6,2,2,4,2,2,True,True,True
200,4,65,small_world,0.4,2626282667,0,2,4,6,2,2,True,True,True
200,4,65,small_world,0.4,2626282667,1,2,2,4,2,2,True,True,True
200,4,65,small_world,0.4,2626282667,2,8,8,16,7,7,False,False,True
200,4,65,small_world,0.4,2626282667,3,2,2,4,2,2,True,True,True
200,4,65,scale_free,0.4,2626282667,0,2,2,4,2,2,True,True,True
200,4,65,er,0.5,2626282667,0,79,80,159,73,74,False,False,False
200,4,65,ring,0.5,2626282667,0,5,7,12,5,5,True,True,True
200,4,65,ring,0.5,2626282667,1,3,3,6,2,2,False,False,True
200,4,65,ring,0.5,2626282667,2,4,7,11,4,4,True,True,True
200,4,65,ring,0.5,2626282667,3,11,11,22,9,9,False,False,False
200,4,65,ring,0.5,2626282667,4,15,17,32,13,13,False,False,False
200,4,65,ring,0.5,2626282667,5,3,5,8,3,3,True,True,True
200,4,65,ring,0.5,2626282667,6,8,10,18,8,8,True,True,True
200,4,65,small_world,0.5,2626282667,0,53,53,106,46,46,False,False,False
200,4,65,small_world,0.5,2626282667,1,3,3,6,3,3,True,True,True
200,4,65,small_world,0.5,2626282667,2,5,5,10,4,4,False,False,True
200,4,65,small_world,0.5,2626282667,3,7,9,16,7,7,True,True,True
200,4,65,er,0.6,2626282667,0,65,86,151,65,65,True,True,False
200,4,65,ring,0.6,2626282667,0,5,7,12,5,5,True,True,True
200,4,65,ring,0.6,2626282667,1,8,9,17,7,7,False,False,True
200,4,65,ring,0.6,2626282667,2,4,5,9,4,4,True,True,True
200,4,65,ring,0.6,2626282667,3,6,6,12,4,4,False,False,True
200,4,65,ring,0.6,2626282667,4,11,11,22,9,9,False,False,False
200,4,65,ring,0.6,2626282667,5,4,7,11,4,4,True,True,True
200,4,65,ring,0.6,2626282667,6,6,9,15,6,6,True,True,True
200,4,65,ring,0.6,2626282667,7,5,5,10,4,4,False,False,True
200,4,65,ring,0.6,2626282667,8,6,12,18,6,6,True,True,True
200,4,65,ring,0.6,2626282667,9,13,19,32,13,13,True,True,False
200,4,65,ring,0.6,2626282667,10,6,12,18,6,6,True,True,True
200,4,65,small_world,0.6,2626282667,0,5,6,11,5,5,True,True,True
200,4,65,small_world,0.6,2626282667,1,41,52,93,38,38,False,False,False
200,4,65,small_world,0.6,2626282667,2,4,5,9,4,4,True,True,True
200,4,65,small_world,0.6,2626282667,3,2,4,6,2,2,True,True,True
200,4,65,small_world,0.6,2626282667,4,5,6,11,5,5,True,True,True
200,4,65,small_world,0.6,2626282667,5,7,15,22,7,7,True,True,True
200,4,65,small_world,0.6,2626282667,6,5,9,14,5,5,True,True,True
200,4,65,scale_free,0.6,2626282667,0,60,82,142,48,48,False,False,False
200,4,65,er,0.7,2626282667,0,51,91,142,51,51,True,True,False
200,4,65,ring,0.7,2626282667,0,4,8,12,4,4,True,True,True
200,4,65,ring,0.7,2626282667,1,7,10,17,7,7,True,True,True
200,4,65,ring,0.7,2626282667,2,3,6,9,3,3,True,True,True
200,4,65,ring,0.7,2626282667,3,14,21,35,14,14,True,True,False
200,4,65,ring,0.7,2626282667,4,3,5,8,3,3,True,True,True
200,4,65,ring,0.7,2626282667,5,3,8,11,3,3,True,True,True
200,4,65,ring,0.7,2626282667,6,6,7,13,6,6,True,True,True
200,4,65,ring,0.7,2626282667,7,5,10,15,5,5,True,True,True
200,4,65,ring,0.7,2626282667,8,4,6,10,4,4,True,True,True
200,4,65,ring,0.7,2626282667,9,6,12,18,6,6,True,True,True
200,4,65,ring,0.7,2626282667,10,2,5,7,2,2,True,True,True
200,4,65,small_world,0.7,2626282667,0,4,7,11,4,4,True,True,True
200,4,65,small_world,0.7,2626282667,1,32,53,85,32,32,True,True,False
200,4,65,small_world,0.7,2626282667,2,3,6,9,3,3,True,True,True
200,4,65,small_world,0.7,2626282667,3,7,11,18,7,7,True,True,True
200,4,65,small_world,0.7,2626282667,4,8,14,22,8,8,True,True,True
200,4,65,small_world,0.7,2626282667,5,3,5,8,3,3,True,True,True
200,4,65,small_world,0.7,2626282667,6,2,5,7,2,2,True,True,True
200,4,65,scale_free,0.7,2626282667,0,45,88,133,40,40,False,False,False
200,4,65,er,0.8,2626282667,0,32,78,110,32,32,True,True,False
200,4,65,ring,0.8,2626282667,0,2,4,6,2,2,True,True,True
200,4,65,ring,0.8,2626282667,1,3,6,9,3,3,True,True,True
200,4,65,ring,0.8,2626282667,2,3,6,9,3,3,True,True,True
200,4,65,ring,0.8,2626282667,3,9,16,25,9,9,True,True,True
200,4,65,ring,0.8,2626282667,4,2,5,7,2,2,True,True,True
200,4,65,ring,0.8,2626282667,5,4,8,12,4,4,True,True,True
200,4,65,ring,0.8,2626282667,6,3,7,10,3,3,True,True,True
200,4,65,ring,0.8,2626282667,7,2,7,9,2,2,True,True,True
200,4,65,ring,0.8,2626282667,8,3,6,9,3,3,True,True,True
200,4,65,small_world,0.8,2626282667,0,2,4,6,2,2,True,True,True
200,4,65,small_world,0.8,2626282667,1,4,9,13,4,4,True,True,True
200,4,65,small_world,0.8,2626282667,2,2,7,9,2,2,True,True,True
200,4,65,small_world,0.8,2626282667,3,3,6,9,3,3,True,True,True
200,4,65,small_world,0.8,2626282667,4,8,15,23,8,8,True,True,True
200,4,65,small_world,0.8,2626282667,5,3,7,10,3,3,True,True,True
200,4,65,small_world,0.8,2626282667,6,7,16,23,7,7,True,True,True
200,4,65,small_world,0.8,2626282667,7,2,6,8,2,2,True,True,True
200,4,65,small_world,0.8,2626282667,8,4,8,12,4,4,True,True,True
200,4,65,scale_free,0.8,2626282667,0,35,75,110,32,32,False,False,False
200,4,65,er,0.9,2626282667,0,16,53,69,16,16,True,True,False
200,4,65,ring,0.9,2626282667,0,2,6,8,2,2,True,True,True
200,4,65,ring,0.9,2626282667,1,2,5,7,2,2,True,True,True
200,4,65,ring,0.9,2626282667,2,4,10,14,4,4,True,True,True
200,4,65,ring,0.9,2626282667,3,4,8,12,4,4,True,True,True
200,4,65,small_world,0.9,2626282667,0,2,6,8,2,2,True,True,True
200,4,65,small_world,0.9,2626282667,1,2,5,7,2,2,True,True,True
200,4,65,small_world,0.9,2626282667,2,4,10,14,4,4,True,True,True
200,4,65,small_world,0.9,2626282667,3,5,12,17,5,5,True,True,True
200,4,65,scale_free,0.9,2626282667,0,18,57,75,18,18,True,True,False
200,4,66,er,0.3,1758897083,0,4,4,8,4,4,True,True,True
200,4,66,small_world,0.3,1758897083,0,4,4,8,3,3,False,False,True
200,4,66,scale_free,0.3,1758897083,0,2,2,4,2,2,True,True,True
200,4,66,er,0.4,1758897083,0,2,2,4,2,2,True,True,True
200,4,66,er,0.4,1758897083,1,4,6,10,4,4,True,True,True
200,4,66,ring,0.4,1758897083,0,2,2,4,2,2,True,True,True
200,4,66,ring,0.4,1758897083,1,2,2,4,2,2,True,True,True
200,4,66,ring,0.4,1758897083,2,12,14,26,10,10,False,False,False
200,4,66,small_world,0.4,1758897083,0,4,5,9,3,3,False,False,True
200,4,66,er,0.5,1758897083,0,2,2,4,2,2,True,True,True
200,4,66,er,0.5,1758897083,1,82,86,168,76,76,False,False,False
200,4,66,ring,0.5,1758897083,0,2,2,4,2,2,True,True,True
200,4,66,ring,0.5,1758897083,1,13,13,26,11,11,False,False,False
200,4,66,ring,0.5,1758897083,2,6,10,16,6,6,True,True,True
200,4,66,ring,0.5,1758897083,3,18,18,36,16,16,False,False,False
200,4,66,ring,0.5,1758897083,4,11,15,26,10,10,False,False,False
200,4,66,small_world,0.5,1758897083,0,3,6,9,3,3,True,True,True
200,4,66,scale_free,0.5,1758897083,0,77,86,163,59,59,False,False,False
200,4,66,er,0.6,1758897083,0,2,3,5,2,2,True,True,True
200,4,66,er,0.6,1758897083,1,65,85,150,64,64,False,False,False
200,4,66,ring,0.6,1758897083,0,24,26,50,22,22,False,False,False
200,4,66,ring,0.6,1758897083,1,2,2,4,2,2,True,True,True
200,4,66,ring,0.6,1758897083,2,4,7,11,4,4,True,True,True
200,4,66,ring,0.6,1758897083,3,9,10,19,8,8,False,False,True
200,4,66,ring,0.6,1758897083,4,9,9,18,7,7,False,False,True
200,4,66,ring,0.6,1758897083,5,2,5,7,2,2,True,True,True
200,4,66,ring,0.6,1758897083,6,7,11,18,7,7,True,True,True
200,4,66,ring,0.6,1758897083,7,10,13,23,10,10,True,True,True
200,4,66,ring,0.6,1758897083,8,6,12,18,6,6,True,True,True
200,4,66,ring,0.6,1758897083,9,6,6,12,5,5,False,False,True
200,4,66,small_world,0.6,1758897083,0,69,89,158,68,68,False,False,False
200,4,66,small_world,0.6,1758897083,1,2,4,6,2,2,True,True,True
200,4,66,small_world,0.6,1758897083,2,2,5,7,2,2,True,True,True
200,4,66,small_world,0.6,1758897083,3,2,2,4,2,2,True,True,True
200,4,66,small_world,0.6,1758897083,4,2,2,4,2,2,True,True,True
200,4,66,scale_free,0.6,1758897083,0,65,87,152,54,54,False,False,False
200,4,66,er,0.7,1758897083,0,2,3,5,2,2,True,True,True
200,4,66,er,0.7,1758897083,1,46,82,128,46,46,True,True,False
200,4,66,ring,0.7,1758897083,0,11,15,26,11,11,True,True,False
200,4,66,ring,0.7,1758897083,1,4,8,12,4,4,True,True,True
200,4,66,ring,0.7,1758897083,2,3,5,8,3,3,True,True,True
200,4,66,ring,0.7,1758897083,3,2,2,4,2,2,True,True,True
200,4,66,ring,0.7,1758897083,4,4,7,11,4,4,True,True,True
200,4,66,ring,0.7,1758897083,5,6,9,15,6,6,True,True,True
200,4,66,ring,0.7,1758897083,6,5,6,11,4,4,False,False,True
200,4,66,ring,0.7,1758897083,7,2,5,7,2,2,True,True,True
200,4,66,ring,0.7,1758897083,8,3,6,9,3,3,True,True,True
200,4,66,ring,0.7,1758897083,9,2,6,8,2,2,True,True,True
200,4,66,ring,0.7,1758897083,10,9,14,23,9,9,True,True,True
200,4,66,ring,0.7,1758897083,11,2,6,8,2,2,True,True,True
200,4,66,ring,0.7,1758897083,12,3,7,10,3,3,True,True,True
200,4,66,small_world,0.7,1758897083,0,2,4,6,2,2,True,True,True
200,4,66,small_world,0.7,1758897083,1,30,55,85,30,30,True,True,False
200,4,66,small_world,0.7,1758897083,2,2,3,5,2,2,True,True,True
200,4,66,small_world,0.7,1758897083,3,4,5,9,3,3,False,False,True
200,4,66,small_world,0.7,1758897083,4,2,4,6,2,2,True,True,True
200,4,66,small_world,0.7,1758897083,5,7,11,18,7,7,True,True,True
200,4,66,small_world,0.7,1758897083,6,2,6,8,2,2,True,True,True
200,4,66,small_world,0.7,1758897083,7,6,10,16,6,6,True,True,True
200,4,66,scale_free,0.7,1758897083,0,54,94,148,51,51,False,False,False
200,4,66,er,0.8,1758897083,0,29,74,103,29,29,True,True,False
200,4,66,ring,0.8,1758897083,0,2,4,6,2,2,True,True,True
200,4,66,ring,0.8,1758897083,1,2,4,6,2,2,True,True,True
200,4,66,ring,0.8,1758897083,2,2,7,9,2,2,True,True,True
200,4,66,ring,0.8,1758897083,3,4,6,10,4,4,True,True,True
200,4,66,ring,0.8,1758897083,4,3,6,9,3,3,True,True,True
200,4,66,ring,0.8,1758897083,5,2,6,8,2,2,True,True,True
200,4,66,ring,0.8,1758897083,6,7,15,22,7,7,True,True,True
200,4,66,ring,0.8,1758897083,7,2,6,8,2,2,True,True,True
200,4,66,ring,0.8,1758897083,8,2,7,9,2,2,True,True,True
200,4,66,ring,0.8,1758897083,9,3,7,10,3,3,True,True,True
200,4,66,small_world,0.8,1758897083,0,2,4,6,2,2,True,True,True
200,4,66,small_world,0.8,1758897083,1,2,8,10,2,2,True,True,True
200,4,66,small_world,0.8,1758897083,2,13,33,46,13,13,True,True,False
200,4,66,small_world,0.8,1758897083,3,2,3,5,2,2,True,True,True
200,4,66,small_world,0.8,1758897083,4,4,5,9,3,3,False,False,True
200,4,66,small_world,0.8,1758897083,5,3,6,9,3,3,True,True,True
200,4,66,small_world,0.8,1758897083,6,2,6,8,2,2,True,True,True
200,4,66,small_world,0.8,1758897083,7,3,6,9,3,3,True,True,True
200,4,66,scale_free,0.8,1758897083,0,34,56,90,32,32,False,False,False
200,4,66,scale_free,0.8,1758897083,1,2,4,6,2,2,True,True,True
200,4,66,er,0.9,1758897083,0,6,27,33,6,6,True,True,True
200,4,66,er,0.9,1758897083,1,2,7,9,2,2,True,True,True
200,4,66,er,0.9,1758897083,2,3,9,12,3,3,True,True,True
200,4,66,er,0.9,1758897083,3,2,7,9,2,2,True,True,True
200,4,66,ring,0.9,1758897083,0,2,4,6,2,2,True,True,True
200,4,66,ring,0.9,1758897083,1,2,7,9,2,2,True,True,True
200,4,66,ring,0.9,1758897083,2,2,7,9,2,2,True,True,True
200,4,66,ring,0.9,1758897083,3,2,5,7,2,2,True,True,True
200,4,66,small_world,0.9,1758897083,0,5,16,21,5,5,True,True,True
200,4,66,small_world,0.9,1758897083,1,2,3,5,2,2,True,True,True
200,4,66,small_world,0.9,1758897083,2,2,6,8,2,2,True,True,True
200,4,66,small_world,0.9,1758897083,3,2,7,9,2,2,True,True,True
200,4,66,scale_free,0.9,1758897083,0,17,41,58,17,17,True,True,False
200,4,67,ring,0.3,1172699376,0,3,3,6,2,2,False,False,True
200,4,67,ring,0.3,1172699376,1,3,3,6,2,2,False,False,True
200,4,67,ring,0.4,1172699376,0,7,10,17,6,6,False,False,True
200,4,67,ring,0.4,1172699376,1,13,14,27,11,11,False,False,False
200,4,67,ring,0.4,1172699376,2,4,4,8,3,3,False,False,True
200,4,67,ring,0.4,1172699376,3,4,4,8,3,3,False,False,True
200,4,67,er,0.5,1172699376,0,82,82,164,75,75,False,False,False
200,4,67,ring,0.5,1172699376,0,2,6,8,2,2,True,True,True
200,4,67,ring,0.5,1172699376,1,12,13,25,11,11,False,False,False
200,4,67,ring,0.5,1172699376,2,2,5,7,2,2,True,True,True
200,4,67,ring,0.5,1172699376,3,18,18,36,15,15,False,False,False
200,4,67,ring,0.5,1172699376,4,4,6,10,4,4,True,True,True
200,4,67,ring,0.5,1172699376,5,8,10,18,7,7,False,False,True
200,4,67,ring,0.5,1172699376,6,3,3,6,2,2,False,False,True
200,4,67,er,0.6,1172699376,0,71,93,164,68,68,False,False,False
200,4,67,er,0.6,1172699376,1,2,2,4,2,2,True,True,True
200,4,67,ring,0.6,1172699376,0,11,14,25,10,10,False,False,False
200,4,67,ring,0.6,1172699376,1,2,5,7,2,2,True,True,True
200,4,67,ring,0.6,1172699376,2,2,7,9,2,2,True,True,True
200,4,67,ring,0.6,1172699376,3,10,13,23,10,10,True,True,True
200,4,67,ring,0.6,1172699376,4,4,6,10,4,4,True,True,True
200,4,67,ring,0.6,1172699376,5,3,6,9,3,3,True,True,True
200,4,67,ring,0.6,1172699376,6,8,10,18,7,7,False,False,True
200,4,67,ring,0.6,1172699376,7,12,21,33,12,12,True,True,False
200,4,67,ring,0.6,1172699376,8,3,3,6,2,2,False,False,True
200,4,67,small_world,0.6,1172699376,0,57,67,124,51,52,False,False,False
200,4,67,small_world,0.6,1172699376,1,11,15,26,11,11,True,True,False
200,4,67,small_world,0.6,1172699376,2,3,7,10,3,3,True,True,True
200,4,67,small_world,0.6,1172699376,3,5,6,11,5,5,True,True,True
200,4,67,scale_free,0.6,1172699376,0,73,86,159,62,62,False,False,False
200,4,67,er,0.7,1172699376,0,52,91,143,52,52,True,True,False
200,4,67,er,0.7,1172699376,1,3,3,6,3,3,True,True,True
200,4,67,ring,0.7,1172699376,0,8,9,17,7,7,False,False,True
200,4,67,ring,0.7,1172699376,1,2,7,9,2,2,True,True,True
200,4,67,ring,0.7,1172699376,2,3,5,8,3,3,True,True,True
200,4,67,ring,0.7,1172699376,3,3,4,7,3,3,True,True,True
200,4,67,ring,0.7,1172699376,4,2,4,6,2,2,True,True,True
200,4,67,ring,0.7,1172699376,5,2,4,6,2,2,True,True,True
200,4,67,ring,0.7,1172699376,6,3,6,9,3,3,True,True,True
200,4,67,ring,0.7,1172699376,7,7,11,18,6,6,False,False,True
200,4,67,ring,0.7,1172699376,8,3,7,10,3,3,True,True,True
200,4,67,ring,0.7,1172699376,9,4,11,15,4,4,True,True,True
200,4,67,ring,0.7,1172699376,10,14,15,29,13,13,False,False,False
200,4,67,ring,0.7,1172699376,11,3,3,6,2,2,False,False,True
200,4,67,small_world,0.7,1172699376,0,31,46,77,29,30,False,False,False
200,4,67,small_world,0.7,1172699376,1,8,10,18,7,7,False,False,True
200,4,67,small_world,0.7,1172699376,2,6,11,17,6,6,True,True,True
200,4,67,small_world,0.7,1172699376,3,3,7,10,3,3,True,True,True
200,4,67,small_world,0.7,1172699376,4,5,6,11,5,5,True,True,True
200,4,67,small_world,0.7,1172699376,5,3,8,11,3,3,True,True,True
200,4,67,scale_free,0.7,1172699376,0,54,86,140,52,52,False,False,False
200,4,67,er,0.8,1172699376,0,34,82,116,34,34,True,True,False
200,4,67,er,0.8,1172699376,1,3,6,9,3,3,True,True,True
200,4,67,ring,0.8,1172699376,0,2,7,9,2,2,True,True,True
200,4,67,ring,0.8,1172699376,1,3,5,8,3,3,True,True,True
200,4,67,ring,0.8,1172699376,2,2,4,6,2,2,True,True,True
200,4,67,ring,0.8,1172699376,3,2,4,6,2,2,True,True,True
200,4,67,ring,0.8,1172699376,4,2,6,8,2,2,True,True,True
200,4,67,ring,0.8,1172699376,5,4,9,13,4,4,True,True,True
200,4,67,ring,0.8,1172699376,6,3,7,10,3,3,True,True,True
200,4,67,ring,0.8,1172699376,7,9,13,22,9,9,True,True,True
200,4,67,ring,0.8,1172699376,8,2,2,4,2,2,True,True,True
200,4,67,ring,0.8,1172699376,9,3,3,6,2,2,False,False,True
200,4,67,small_world,0.8,1172699376,0,16,26,42,16,16,True,True,False
200,4,67,small_world,0.8,1172699376,1,5,11,16,5,5,True,True,True
200,4,67,small_world,0.8,1172699376,2,4,10,14,4,4,True,True,True
200,4,67,small_world,0.8,1172699376,3,2,2,4,1,2,False,True,True
200,4,67,small_world,0.8,1172699376,4,2,4,6,2,2,True,True,True
200,4,67,small_world,0.8,1172699376,5,3,7,10,3,3,True,True,True
200,4,67,small_world,0.8,1172699376,6,3,8,11,3,3,True,True,True
200,4,67,scale_free,0.8,1172699376,0,29,55,84,29,29,True,True,False
200,4,67,scale_free,0.8,1172699376,1,3,6,9,3,3,True,True,True
200,4,67,scale_free,0.8,1172699376,2,3,3,6,3,3,True,True,True
200,4,67,scale_free,0.8,1172699376,3,2,3,5,2,2,True,True,True
200,4,67,er,0.9,1172699376,0,15,49,64,15,15,True,True,False
200,4,67,er,0.9,1172699376,1,3,10,13,3,3,True,True,True
200,4,67,ring,0.9,1172699376,0,4,9,13,4,4,True,True,True
200,4,67,ring,0.9,1172699376,1,5,8,13,5,5,True,True,True
200,4,67,ring,0.9,1172699376,2,3,7,10,3,3,True,True,True
200,4,67,small_world,0.9,1172699376,0,9,20,29,9,9,True,True,True
200,4,67,small_world,0.9,1172699376,1,3,8,11,3,3,True,True,True
200,4,67,small_world,0.9,1172699376,2,3,7,10,3,3,True,True,True
200,4,67,scale_free,0.9,1172699376,0,2,7,9,2,2,True,True,True
200,4,67,scale_free,0.9,1172699376,1,3,6,9,3,3,True,True,True
200,4,67,scale_free,0.9,1172699376,2,2,6,8,2,2,True,True,True
200,4,67,scale_free,0.9,1172699376,3,3,5,8,3,3,True,True,True
200,4,68,scale_free,0.2,637076283,0,2,2,4,2,2,True,True,True
200,4,68,ring,0.4,637076283,0,2,2,4,2,2,True,True,True
200,4,68,ring,0.4,637076283,1,2,2,4,2,2,True,True,True
200,4,68,ring,0.4,637076283,2,9,9,18,7,7,False,False,True
200,4,68,ring,0.4,637076283,3,2,2,4,2,2,True,True,True
200,4,68,small_world,0.4,637076283,0,4,4,8,4,4,True,True,True
200,4,68,small_world,0.4,637076283,1,14,14,28,12,12,False,False,False
200,4,68,scale_free,0.4,637076283,0,2,2,4,2,2,True,True,True
200,4,68,er,0.5,637076283,0,2,2,4,2,2,True,True,True
200,4,68,ring,0.5,637076283,0,8,9,17,7,7,False,False,True
200,4,68,ring,0.5,637076283,1,2,2,4,2,2,True,True,True
200,4,68,ring,0.5,637076283,2,2,2,4,2,2,True,True,True
200,4,68,ring,0.5,637076283,3,4,5,9,3,3,False,False,True
200,4,68,ring,0.5,637076283,4,3,6,9,3,3,True,True,True
200,4,68,ring,0.5,637076283,5,2,2,4,2,2,True,True,True
200,4,68,ring,0.5,637076283,6,3,3,6,2,2,False,False,True
200,4,68,ring,0.5,637076283,7,5,5,10,4,4,False,False,True
200,4,68,ring,0.5,637076283,8,8,8,16,6,6,False,False,True
200,4,68,ring,0.5,637076283,9,2,2,4,2,2,True,True,True
200,4,68,ring,0.5,637076283,10,5,9,14,5,5,True,True,True
200,4,68,ring,0.5,637076283,11,2,2,4,2,2,True,True,True
200,4,68,ring,0.5,637076283,12,2,2,4,2,2,True,True,True
200,4,68,ring,0.5,637076283,13,5,9,14,5,5,True,True,True
200,4,68,ring,0.5,637076283,14,2,2,4,2,2,True,True,True
200,4,68,ring,0.5,637076283,15,2,4,6,2,2,True,True,True
200,4,68,small_world,0.5,637076283,0,21,23,44,19,19,False,False,False
200,4,68,small_world,0.5,637076283,1,4,4,8,4,4,True,True,True
200,4,68,small_world,0.5,637076283,2,6,8,14,6,6,True,True,True
200,4,68,small_world,0.5,637076283,3,2,2,4,2,2,True,True,True
200,4,68,small_world,0.5,637076283,4,2,3,5,2,2,True,True,True
200,4,68,small_world,0.5,637076283,5,10,12,22,9,9,False,False,True
200,4,68,small_world,0.5,637076283,6,4,6,10,4,4,True,True,True
200,4,68,small_world,0.5,637076283,7,5,9,14,5,5,True,True,True
200,4,68,small_world,0.5,637076283,8,2,2,4,2,2,True,True,True
200,4,68,small_world,0.5,637076283,9,2,2,4,2,2,True,True,True
200,4,68,scale_free,0.5,637076283,0,74,85,159,62,62,False,False,False
200,4,68,scale_free,0.5,637076283,1,2,2,4,2,2,True,True,True
200,4,68,er,0.6,637076283,0,70,89,159,66,66,False,False,False
200,4,68,er,0.6,637076283,1,2,2,4,2,2,True,True,True
200,4,68,ring,0.6,637076283,0,2,2,4,2,2,True,True,True
200,4,68,ring,0.6,637076283,1,2,2,4,2,2,True,True,True
200,4,68,ring,0.6,637076283,2,2,2,4,2,2,True,True,True
200,4,68,ring,0.6,637076283,3,2,2,4,2,2,True,True,True
200,4,68,ring,0.6,637076283,4,7,11,18,7,7,True,True,True
200,4,68,ring,0.6,637076283,5,3,6,9,3,3,True,True,True
200,4,68,ring,0.6,637076283,6,2,2,4,2,2,True,True,True
200,4,68,ring,0.6,637076283,7,3,3,6,2,2,False,False,True
200,4,68,ring,0.6,637076283,8,4,6,10,4,4,True,True,True
200,4,68,ring,0.6,637076283,9,6,7,13,6,6,True,True,True
200,4,68,ring,0.6,637076283,10,2,2,4,2,2,True,True,True
200,4,68,ring,0.6,637076283,11,5,9,14,5,5,True,True,True
200,4,68,ring,0.6,637076283,12,2,2,4,2,2,True,True,True
200,4,68,ring,0.6,637076283,13,8,10,18,7,7,False,False,True
200,4,68,ring,0.6,637076283,14,5,9,14,5,5,True,True,True
200,4,68,ring,0.6,637076283,15,3,5,8,3,3,True,True,True
200,4,68,ring,0.6,637076283,16,2,4,6,2,2,True,True,True
200,4,68,ring,0.6,637076283,17,2,4,6,2,2,True,True,True
200,4,68,small_world,0.6,637076283,0,2,2,4,2,2,True,True,True
200,4,68,small_world,0.6,637076283,1,4,4,8,4,4,True,True,True
200,4,68,small_world,0.6,637076283,2,18,24,42,18,18,True,True,False
200,4,68,small_world,0.6,637076283,3,4,6,10,4,4,True,True,True
200,4,68,small_world,0.6,637076283,4,2,2,4,2,2,True,True,True
200,4,68,small_world,0.6,637076283,5,2,3,5,2,2,True,True,True
200,4,68,small_world,0.6,637076283,6,3,5,8,3,3,True,True,True
200,4,68,small_world,0.6,637076283,7,17,18,35,16,16,False,False,False
200,4,68,small_world,0.6,637076283,8,4,6,10,4,4,True,True,True
200,4,68,small_world,0.6,637076283,9,5,9,14,5,5,True,True,True
200,4,68,small_world,0.6,637076283,10,2,2,4,2,2,True,True,True
200,4,68,small_world,0.6,637076283,11,6,9,15,6,6,True,True,True
200,4,68,small_world,0.6,637076283,12,2,4,6,2,2,True,True,True
200,4,68,scale_free,0.6,637076283,0,63,84,147,55,55,False,False,False
200,4,68,scale_free,0.6,637076283,1,2,2,4,2,2,True,True,True
200,4,68,er,0.7,637076283,0,53,94,147,52,52,False,False,False
200,4,68,ring,0.7,637076283,0,4,5,9,4,4,True,True,True
200,4,68,ring,0.7,637076283,1,5,10,15,5,5,True,True,True
200,4,68,ring,0.7,637076283,2,4,6,10,4,4,True,True,True
200,4,68,ring,0.7,637076283,3,3,5,8,3,3,True,True,True
200,4,68,ring,0.7,637076283,4,4,7,11,4,4,True,True,True
200,4,68,ring,0.7,637076283,5,2,2,4,2,2,True,True,True
200,4,68,ring,0.7,637076283,6,2,6,8,2,2,True,True,True
200,4,68,ring,0.7,637076283,7,3,5,8,3,3,True,True,True
200,4,68,ring,0.7,637076283,8,4,6,10,3,3,False,False,True
200,4,68,ring,0.7,637076283,9,2,6,8,2,2,True,True,True
200,4,68,ring,0.7,637076283,10,2,5,7,2,2,True,True,True
200,4,68,ring,0.7,637076283,11,2,4,6,2,2,True,True,True
200,4,68,ring,0.7,637076283,12,2,4,6,2,2,True,True,True
200,4,68,small_world,0.7,637076283,0,9,15,24,9,9,True,True,True
200,4,68,small_world,0.7,637076283,1,32,48,80,32,32,True,True,False
200,4,68,small_world,0.7,637076283,2,2,4,6,2,2,True,True,True
200,4,68,small_world,0.7,637076283,3,2,4,6,2,2,True,True,True
200,4,68,small_world,0.7,637076283,4,2,4,6,2,2,True,True,True
200,4,68,small_world,0.7,637076283,5,2,5,7,2,2,True,True,True
200,4,68,small_world,0.7,637076283,6,2,6,8,2,2,True,True,True
200,4,68,small_world,0.7,637076283,7,2,4,6,2,2,True,True,True
200,4,68,scale_free,0.7,637076283,0,52,96,148,49,49,False,False,False
200,4,68,er,0.8,637076283,0,37,92,129,37,37,True,True,False
200,4,68,ring,0.8,637076283,0,3,6,9,3,3,True,True,True
200,4,68,ring,0.8,637076283,1,2,4,6,2,2,True,True,True
200,4,68,ring,0.8,637076283,2,2,5,7,2,2,True,True,True
200,4,68,ring,0.8,637076283,3,2,2,4,2,2,True,True,True
200,4,68,ring,0.8,637076283,4,6,7,13,5,5,False,False,True
200,4,68,ring,0.8,637076283,5,2,7,9,2,2,True,True,True
200,4,68,ring,0.8,637076283,6,2,5,7,2,2,True,True,True
200,4,68,ring,0.8,637076283,7,2,5,7,2,2,True,True,True
200,4,68,ring,0.8,637076283,8,7,7,14,6,6,False,False,True
200,4,68,ring,0.8,637076283,9,2,6,8,2,2,True,True,True
200,4,68,ring,0.8,637076283,10,2,4,6,2,2,True,True,True
200,4,68,small_world,0.8,637076283,0,4,10,14,4,4,True,True,True
200,4,68,small_world,0.8,637076283,1,12,25,37,12,12,True,True,False
200,4,68,small_world,0.8,637076283,2,2,5,7,2,2,True,True,True
200,4,68,small_world,0.8,637076283,3,3,5,8,3,3,True,True,True
200,4,68,small_world,0.8,637076283,4,4,4,8,4,4,True,True,True
200,4,68,small_world,0.8,637076283,5,2,6,8,2,2,True,True,True
200,4,68,small_world,0.8,637076283,6,2,4,6,2,2,True,True,True
200,4,68,scale_free,0.8,637076283,0,36,92,128,35,35,False,False,False
200,4,68,er,0.9,637076283,0,15,46,61,15,15,True,True,False
200,4,68,er,0.9,637076283,1,2,5,7,2,2,True,True,True
200,4,68,er,0.9,637076283,2,2,3,5,2,2,True,True,True
200,4,68,ring,0.9,637076283,0,2,7,9,2,2,True,True,True
200,4,68,ring,0.9,637076283,1,2,4,6,2,2,True,True,True
200,4,68,ring,0.9,637076283,2,2,4,6,2,2,True,True,True
200,4,68,ring,0.9,637076283,3,2,6,8,2,2,True,True,True
200,4,68,ring,0.9,637076283,4,4,9,13,4,4,True,True,True
200,4,68,small_world,0.9,637076283,0,3,11,14,3,3,True,True,True
200,4,68,small_world,0.9,637076283,1,2,6,8,2,2,True,True,True
200,4,68,small_world,0.9,637076283,2,3,9,12,3,3,True,True,True
200,4,68,small_world,0.9,637076283,3,4,10,14,4,4,True,True,True
200,4,68,scale_free,0.9,637076283,0,17,69,86,16,16,False,False,False
200,4,68,scale_free,0.9,637076283,1,2,5,7,2,2,True,True,True
200,4,69,er,0.3,3858235283,0,3,3,6,3,3,True,True,True
200,4,69,er,0.3,3858235283,1,2,2,4,2,2,True,True,True
200,4,69,ring,0.3,3858235283,0,4,4,8,4,4,True,True,True
200,4,69,scale_free,0.3,3858235283,0,2,3,5,2,2,True,True,True
200,4,69,er,0.4,3858235283,0,2,2,4,2,2,True,True,True
200,4,69,er,0.4,3858235283,1,2,2,4,2,2,True,True,True
200,4,69,ring,0.4,3858235283,0,2,2,4,2,2,True,True,True
200,4,69,ring,0.4,3858235283,1,2,2,4,2,2,True,True,True
200,4,69,ring,0.4,3858235283,2,18,18,36,15,15,False,False,False
200,4,69,ring,0.4,3858235283,3,4,4,8,4,4,True,True,True
200,4,69,small_world,0.4,3858235283,0,4,4,8,4,4,True,True,True
200,4,69,scale_free,0.4,3858235283,0,2,3,5,2,2,True,True,True
200,4,69,ring,0.5,3858235283,0,2,2,4,2,2,True,True,True
200,4,69,ring,0.5,3858235283,1,4,4,8,4,4,True,True,True
200,4,69,ring,0.5,3858235283,2,7,10,17,7,7,True,True,True
200,4,69,ring,0.5,3858235283,3,2,2,4,2,2,True,True,True
200,4,69,ring,0.5,3858235283,4,5,6,11,4,4,False,False,True
200,4,69,ring,0.5,3858235283,5,10,11,21,9,9,False,False,True
200,4,69,ring,0.5,3858235283,6,5,6,11,4,4,False,False,True
200,4,69,small_world,0.5,3858235283,0,31,32,63,27,27,False,False,False
200,4,69,small_world,0.5,3858235283,1,4,5,9,4,4,True,True,True
200,4,69,small_world,0.5,3858235283,2,28,32,60,24,24,False,False,False
200,4,69,small_world,0.5,3858235283,3,3,4,7,3,3,True,True,True
200,4,69,scale_free,0.5,3858235283,0,70,85,155,56,56,False,False,False
200,4,69,scale_free,0.5,3858235283,1,2,2,4,2,2,True,True,True
200,4,69,er,0.6,3858235283,0,69,90,159,69,69,True,True,False
200,4,69,ring,0.6,3858235283,0,27,29,56,24,24,False,False,False
200,4,69,ring,0.6,3858235283,1,5,5,10,5,5,True,True,True
200,4,69,ring,0.6,3858235283,2,7,10,17,6,6,False,False,True
200,4,69,ring,0.6,3858235283,3,3,3,6,2,2,False,False,True
200,4,69,ring,0.6,3858235283,4,4,4,8,4,4,True,True,True
200,4,69,ring,0.6,3858235283,5,3,7,10,3,3,True,True,True
200,4,69,ring,0.6,3858235283,6,2,4,6,2,2,True,True,True
200,4,69,ring,0.6,3858235283,7,2,2,4,2,2,True,True,True
200,4,69,ring,0.6,3858235283,8,2,4,6,2,2,True,True,True
200,4,69,ring,0.6,3858235283,9,12,18,30,12,12,True,True,False
200,4,69,small_world,0.6,3858235283,0,7,7,14,6,6,False,False,True
200,4,69,small_world,0.6,3858235283,1,30,52,82,30,30,True,True,False
200,4,69,small_world,0.6,3858235283,2,4,4,8,4,4,True,True,True
200,4,69,small_world,0.6,3858235283,3,7,7,14,6,6,False,False,True
200,4,69,small_world,0.6,3858235283,4,5,6,11,4,4,False,False,True
200,4,69,small_world,0.6,3858235283,5,3,4,7,3,3,True,True,True
200,4,69,small_world,0.6,3858235283,6,3,4,7,3,3,True,True,True
200,4,69,scale_free,0.6,3858235283,0,61,93,154,52,52,False,False,False
200,4,69,er,0.7,3858235283,0,53,98,151,53,53,True,True,False
200,4,69,ring,0.7,3858235283,0,8,14,22,8,8,True,True,True
200,4,69,ring,0.7,3858235283,1,7,13,20,7,7,True,True,True
200,4,69,ring,0.7,3858235283,2,4,6,10,4,4,True,True,True
200,4,69,ring,0.7,3858235283,3,7,10,17,7,7,True,True,True
200,4,69,ring,0.7,3858235283,4,6,8,14,6,6,True,True,True
200,4,69,ring,0.7,3858235283,5,3,7,10,3,3,True,True,True
200,4,69,ring,0.7,3858235283,6,2,4,6,2,2,True,True,True
200,4,69,ring,0.7,3858235283,7,8,8,16,7,7,False,False,True
200,4,69,ring,0.7,3858235283,8,4,8,12,4,4,True,True,True
200,4,69,ring,0.7,3858235283,9,4,6,10,4,4,True,True,True
200,4,69,ring,0.7,3858235283,10,3,6,9,3,3,True,True,True
200,4,69,small_world,0.7,3858235283,0,14,24,38,14,14,True,True,False
200,4,69,small_world,0.7,3858235283,1,26,36,62,25,25,False,False,False
200,4,69,small_world,0.7,3858235283,2,5,12,17,5,5,True,True,True
200,4,69,small_world,0.7,3858235283,3,3,6,9,3,3,True,True,True
200,4,69,small_world,0.7,3858235283,4,2,6,8,2,2,True,True,True
200,4,69,small_world,0.7,3858235283,5,4,6,10,4,4,True,True,True
200,4,69,small_world,0.7,3858235283,6,3,5,8,3,3,True,True,True
200,4,69,scale_free,0.7,3858235283,0,47,100,147,43,43,False,False,False
200,4,69,er,0.8,3858235283,0,26,62,88,26,26,True,True,False
200,4,69,er,0.8,3858235283,1,3,9,12,3,3,True,True,True
200,4,69,er,0.8,3858235283,2,6,14,20,6,6,True,True,True
200,4,69,ring,0.8,3858235283,0,7,13,20,7,7,True,True,True
200,4,69,ring,0.8,3858235283,1,4,6,10,4,4,True,True,True
200,4,69,ring,0.8,3858235283,2,2,4,6,2,2,True,True,True
200,4,69,ring,0.8,3858235283,3,4,10,14,4,4,True,True,True
200,4,69,ring,0.8,3858235283,4,2,4,6,2,2,True,True,True
200,4,69,ring,0.8,3858235283,5,5,6,11,4,4,False,False,True
200,4,69,ring,0.8,3858235283,6,2,4,6,2,2,True,True,True
200,4,69,ring,0.8,3858235283,7,4,6,10,4,4,True,True,True
200,4,69,ring,0.8,3858235283,8,2,7,9,2,2,True,True,True
200,4,69,small_world,0.8,3858235283,0,3,7,10,3,3,True,True,True
200,4,69,small_world,0.8,3858235283,1,9,14,23,9,9,True,True,True
200,4,69,small_world,0.8,3858235283,2,5,12,17,5,5,True,True,True
200,4,69,small_world,0.8,3858235283,3,3,7,10,3,3,True,True,True
200,4,69,small_world,0.8,3858235283,4,2,4,6,2,2,True,True,True
200,4,69,small_world,0.8,3858235283,5,2,4,6,2,2,True,True,True
200,4,69,small_world,0.8,3858235283,6,2,7,9,2,2,True,True,True
200,4,69,small_world,0.8,3858235283,7,2,4,6,2,2,True,True,True
200,4,69,small_world,0.8,3858235283,8,4,6,10,4,4,True,True,True
200,4,69,small_world,0.8,3858235283,9,2,6,8,2,2,True,True,True
200,4,69,scale_free,0.8,3858235283,0,33,61,94,32,32,False,False,False
200,4,69,er,0.9,3858235283,0,3,8,11,3,3,True,True,True
200,4,69,er,0.9,3858235283,1,10,33,43,10,10,True,True,True
200,4,69,ring,0.9,3858235283,0,2,7,9,2,2,True,True,True
200,4,69,ring,0.9,3858235283,1,2,5,7,2,2,True,True,True
200,4,69,ring,0.9,3858235283,2,4,7,11,4,4,True,True,True
200,4,69,ring,0.9,3858235283,3,3,4,7,3,3,True,True,True
200,4,69,small_world,0.9,3858235283,0,2,5,7,2,2,True,True,True
200,4,69,small_world,0.9,3858235283,1,4,9,13,4,4,True,True,True
200,4,69,small_world,0.9,3858235283,2,2,7,9,2,2,True,True,True
200,4,69,small_world,0.9,3858235283,3,2,11,13,2,2,True,True,True
200,4,69,small_world,0.9,3858235283,4,4,8,12,4,4,True,True,True
200,4,69,scale_free,0.9,3858235283,0,12,20,32,12,12,True,True,False
200,4,69,scale_free,0.9,3858235283,1,3,15,18,3,3,True,True,True
200,4,69,scale_free,0.9,3858235283,2,2,4,6,2,2,True,True,True
200,4,70,ring,0.3,4077985813,0,7,8,15,7,7,True,True,True
200,4,70,ring,0.3,4077985813,1,2,2,4,2,2,True,True,True
200,4,70,ring,0.3,4077985813,2,4,5,9,4,4,True,True,True
200,4,70,small_world,0.3,4077985813,0,11,11,22,8,8,False,False,False
200,4,70,small_world,0.3,4077985813,1,2,2,4,2,2,True,True,True
200,4,70,scale_free,0.3,4077985813,0,3,4,7,3,3,True,True,True
200,4,70,er,0.4,4077985813,0,6,6,12,6,6,True,True,True
200,4,70,ring,0.4,4077985813,0,2,2,4,2,2,True,True,True
200,4,70,ring,0.4,4077985813,1,11,12,23,10,10,False,False,False
200,4,70,ring,0.4,4077985813,2,6,8,14,5,5,False,False,True
200,4,70,ring,0.4,4077985813,3,2,2,4,2,2,True,True,True
200,4,70,ring,0.4,4077985813,4,6,8,14,6,6,True,True,True
200,4,70,small_world,0.4,4077985813,0,2,2,4,2,2,True,True,True
200,4,70,small_world,0.4,4077985813,1,5,6,11,4,4,False,False,True
200,4,70,small_world,0.4,4077985813,2,7,12,19,7,7,True,True,True
200,4,70,small_world,0.4,4077985813,3,2,2,4,2,2,True,True,True
200,4,70,small_world,0.4,4077985813,4,3,3,6,2,2,False,False,True
200,4,70,ring,0.5,4077985813,0,2,2,4,2,2,True,True,True
200,4,70,ring,0.5,4077985813,1,10,13,23,9,9,False,False,True
200,4,70,ring,0.5,4077985813,2,7,7,14,5,5,False,False,True
200,4,70,ring,0.5,4077985813,3,4,5,9,4,4,True,True,True
200,4,70,ring,0.5,4077985813,4,5,5,10,4,4,False,False,True
200,4,70,ring,0.5,4077985813,5,2,2,4,2,2,True,True,True
200,4,70,ring,0.5,4077985813,6,5,8,13,5,5,True,True,True
200,4,70,ring,0.5,4077985813,7,5,5,10,4,4,False,False,True
200,4,70,ring,0.5,4077985813,8,2,2,4,2,2,True,True,True
200,4,70,small_world,0.5,4077985813,0,2,2,4,2,2,True,True,True
200,4,70,small_world,0.5,4077985813,1,3,3,6,3,3,True,True,True
200,4,70,small_world,0.5,4077985813,2,6,9,15,6,6,True,True,True
200,4,70,small_world,0.5,4077985813,3,2,2,4,2,2,True,True,True
200,4,70,small_world,0.5,4077985813,4,2,2,4,2,2,True,True,True
200,4,70,scale_free,0.5,4077985813,0,2,2,4,2,2,True,True,True
200,4,70,er,0.6,4077985813,0,70,81,151,69,69,False,False,False
200,4,70,er,0.6,4077985813,1,2,3,5,2,2,True,True,True
200,4,70,ring,0.6,4077985813,0,2,2,4,2,2,True,True,True
200,4,70,ring,0.6,4077985813,1,6,6,12,5,5,False,False,True
200,4,70,ring,0.6,4077985813,2,5,7,12,5,5,True,True,True
200,4,70,ring,0.6,4077985813,3,3,5,8,3,3,True,True,True
200,4,70,ring,0.6,4077985813,4,5,5,10,4,4,False,False,True
200,4,70,ring,0.6,4077985813,5,2,2,4,2,2,True,True,True
200,4,70,ring,0.6,4077985813,6,5,8,13,5,5,True,True,True
200,4,70,ring,0.6,4077985813,7,7,8,15,6,6,False,False,True
200,4,70,ring,0.6,4077985813,8,9,13,22,9,9,True,True,True
200,4,70,ring,0.6,4077985813,9,4,5,9,4,4,True,True,True
200,4,70,ring,0.6,4077985813,10,5,5,10,4,4,False,False,True
200,4,70,ring,0.6,4077985813,11,2,2,4,2,2,True,True,True
200,4,70,ring,0.6,4077985813,12,5,7,12,5,5,True,True,True
200,4,70,ring,0.6,4077985813,13,2,2,4,2,2,True,True,True
200,4,70,small_world,0.6,4077985813,0,2,2,4,2,2,True,True,True
200,4,70,small_world,0.6,4077985813,1,10,16,26,10,10,True,True,True
200,4,70,small_world,0.6,4077985813,2,48,54,102,43,43,False,False,False
200,4,70,small_world,0.6,4077985813,3,6,9,15,6,6,True,True,True
200,4,70,small_world,0.6,4077985813,4,2,2,4,2,2,True,True,True
200,4,70,small_world,0.6,4077985813,5,2,4,6,2,2,True,True,True
200,4,70,small_world,0.6,4077985813,6,2,2,4,2,2,True,True,True
200,4,70,small_world,0.6,4077985813,7,2,2,4,2,2,True,True,True
200,4,70,scale_free,0.6,4077985813,0,64,80,144,55,55,False,False,False
200,4,70,scale_free,0.6,4077985813,1,2,2,4,2,2,True,True,True
200,4,70,er,0.7,4077985813,0,47,76,123,47,47,True,True,False
200,4,70,er,0.7,4077985813,1,3,5,8,3,3,True,True,True
200,4,70,er,0.7,4077985813,2,2,3,5,2,2,True,True,True
200,4,70,er,0.7,4077985813,3,2,3,5,2,2,True,True,True
200,4,70,ring,0.7,4077985813,0,2,4,6,2,2,True,True,True
200,4,70,ring,0.7,4077985813,1,4,8,12,4,4,True,True,True
200,4,70,ring,0.7,4077985813,2,5,7,12,5,5,True,True,True
200,4,70,ring,0.7,4077985813,3,3,5,8,3,3,True,True,True
200,4,70,ring,0.7,4077985813,4,6,8,14,5,5,False,False,True
200,4,70,ring,0.7,4077985813,5,4,7,11,4,4,True,True,True
200,4,70,ring,0.7,4077985813,6,13,23,36,13,13,True,True,False
200,4,70,ring,0.7,4077985813,7,2,2,4,2,2,True,True,True
200,4,70,ring,0.7,4077985813,8,2,2,4,2,2,True,True,True
200,4,70,ring,0.7,4077985813,9,2,2,4,2,2,True,True,True
200,4,70,ring,0.7,4077985813,10,3,3,6,2,2,False,False,True
200,4,70,ring,0.7,4077985813,11,2,6,8,2,2,True,True,True
200,4,70,ring,0.7,4077985813,12,7,10,17,7,7,True,True,True
200,4,70,small_world,0.7,4077985813,0,2,4,6,2,2,True,True,True
200,4,70,small_world,0.7,4077985813,1,4,5,9,4,4,True,True,True
200,4,70,small_world,0.7,4077985813,2,3,7,10,3,3,True,True,True
200,4,70,small_world,0.7,4077985813,3,11,20,31,11,11,True,True,False
200,4,70,small_world,0.7,4077985813,4,8,12,20,8,8,True,True,True
200,4,70,small_world,0.7,4077985813,5,6,9,15,6,6,True,True,True
200,4,70,small_world,0.7,4077985813,6,13,22,35,13,13,True,True,False
200,4,70,small_world,0.7,4077985813,7,4,7,11,4,4,True,True,True
200,4,70,small_world,0.7,4077985813,8,2,3,5,2,2,True,True,True
200,4,70,small_world,0.7,4077985813,9,2,2,4,2,2,True,True,True
200,4,70,scale_free,0.7,4077985813,0,54,65,119,44,44,False,False,False
200,4,70,scale_free,0.7,4077985813,1,2,3,5,2,2,True,True,True
200,4,70,er,0.8,4077985813,0,29,65,94,29,29,True,True,False
200,4,70,er,0.8,4077985813,1,2,4,6,2,2,True,True,True
200,4,70,er,0.8,4077985813,2,2,3,5,2,2,True,True,True
200,4,70,ring,0.8,4077985813,0,3,8,11,3,3,True,True,True
200,4,70,ring,0.8,4077985813,1,3,5,8,3,3,True,True,True
200,4,70,ring,0.8,4077985813,2,5,9,14,4,4,False,False,True
200,4,70,ring,0.8,4077985813,3,4,7,11,4,4,True,True,True
200,4,70,ring,0.8,4077985813,4,2,5,7,2,2,True,True,True
200,4,70,ring,0.8,4077985813,5,3,8,11,3,3,True,True,True
200,4,70,ring,0.8,4077985813,6,3,8,11,3,3,True,True,True
200,4,70,ring,0.8,4077985813,7,3,4,7,3,3,True,True,True
200,4,70,ring,0.8,4077985813,8,2,2,4,2,2,True,True,True
200,4,70,ring,0.8,4077985813,9,3,3,6,2,2,False,False,True
200,4,70,ring,0.8,4077985813,10,2,6,8,2,2,True,True,True
200,4,70,ring,0.8,4077985813,11,2,6,8,2,2,True,True,True
200,4,70,small_world,0.8,4077985813,0,6,17,23,6,6,True,True,True
200,4,70,small_world,0.8,4077985813,1,6,12,18,6,6,True,True,True
200,4,70,small_world,0.8,4077985813,2,5,9,14,5,5,True,True,True
200,4,70,small_world,0.8,4077985813,3,3,8,11,3,3,True,True,True
200,4,70,small_world,0.8,4077985813,4,4,7,11,4,4,True,True,True
200,4,70,small_world,0.8,4077985813,5,2,5,7,2,2,True,True,True
200,4,70,small_world,0.8,4077985813,6,3,9,12,3,3,True,True,True
200,4,70,small_world,0.8,4077985813,7,2,3,5,2,2,True,True,True
200,4,70,small_world,0.8,4077985813,8,3,5,8,3,3,True,True,True
200,4,70,scale_free,0.8,4077985813,0,36,56,92,36,36,True,True,False
200,4,70,er,0.9,4077985813,0,13,36,49,13,13,True,True,False
200,4,70,er,0.9,4077985813,1,4,12,16,4,4,True,True,True
200,4,70,ring,0.9,4077985813,0,2,6,8,2,2,True,True,True
200,4,70,ring,0.9,4077985813,1,2,4,6,2,2,True,True,True
200,4,70,ring,0.9,4077985813,2,4,7,11,4,4,True,True,True
200,4,70,ring,0.9,4077985813,3,2,5,7,2,2,True,True,True
200,4,70,ring,0.9,4077985813,4,2,6,8,2,2,True,True,True
200,4,70,small_world,0.9,4077985813,0,3,10,13,3,3,True,True,True
200,4,70,small_world,0.9,4077985813,1,3,10,13,3,3,True,True,True
200,4,70,small_world,0.9,4077985813,2,2,4,6,2,2,True,True,True
200,4,70,small_world,0.9,4077985813,3,4,7,11,4,4,True,True,True
200,4,70,small_world,0.9,4077985813,4,2,5,7,2,2,True,True,True
200,4,70,scale_free,0.9,4077985813,0,7,19,26,7,7,True,True,True
200,4,70,scale_free,0.9,4077985813,1,5,8,13,5,5,True,True,True
200,4,70,scale_free,0.9,4077985813,2,3,6,9,3,3,True,True,True
200,4,71,small_world,0.2,540797198,0,3,3,6,3,3,True,True,True
200,4,71,ring,0.3,540797198,0,2,2,4,2,2,True,True,True
200,4,71,small_world,0.3,540797198,0,3,3,6,3,3,True,True,True
200,4,71,small_world,0.3,540797198,1,2,2,4,2,2,True,True,True
200,4,71,scale_free,0.3,540797198,0,2,2,4,2,2,True,True,True
200,4,71,er,0.4,540797198,0,2,2,4,2,2,True,True,True
200,4,71,ring,0.4,540797198,0,2,2,4,2,2,True,True,True
200,4,71,ring,0.4,540797198,1,4,5,9,3,3,False,False,True
200,4,71,ring,0.4,540797198,2,4,5,9,4,4,True,True,True
200,4,71,ring,0.4,540797198,3,2,2,4,2,2,True,True,True
200,4,71,small_world,0.4,540797198,0,4,5,9,4,4,True,True,True
200,4,71,scale_free,0.4,540797198,0,2,2,4,2,2,True,True,True
200,4,71,er,0.5,540797198,0,63,66,129,58,58,False,False,False
200,4,71,er,0.5,540797198,1,2,3,5,2,2,True,True,True
200,4,71,er,0.5,540797198,2,2,2,4,2,2,True,True,True
200,4,71,er,0.5,540797198,3,2,2,4,2,2,True,True,True
200,4,71,ring,0.5,540797198,0,2,6,8,2,2,True,True,True
200,4,71,ring,0.5,540797198,1,6,8,14,6,6,True,True,True
200,4,71,ring,0.5,540797198,2,2,2,4,2,2,True,True,True
200,4,71,ring,0.5,540797198,3,14,15,29,12,12,False,False,False
200,4,71,ring,0.5,540797198,4,4,6,10,4,4,True,True,True
200,4,71,ring,0.5,540797198,5,2,6,8,2,2,True,True,True
200,4,71,ring,0.5,540797198,6,2,2,4,2,2,True,True,True
200,4,71,small_world,0.5,540797198,0,74,74,148,62,62,False,False,False
200,4,71,small_world,0.5,540797198,1,2,2,4,2,2,True,True,True
200,4,71,small_world,0.5,540797198,2,2,2,4,2,2,True,True,True
200,4,71,small_world,0.5,540797198,3,4,5,9,4,4,True,True,True
200,4,71,small_world,0.5,540797198,4,2,2,4,2,2,True,True,True
200,4,71,scale_free,0.5,540797198,0,3,3,6,3,3,True,True,True
200,4,71,er,0.6,540797198,0,63,85,148,60,60,False,False,False
200,4,71,er,0.6,540797198,1,2,2,4,2,2,True,True,True
200,4,71,ring,0.6,540797198,0,2,6,8,2,2,True,True,True
200,4,71,ring,0.6,540797198,1,6,12,18,6,6,True,True,True
200,4,71,ring,0.6,540797198,2,16,24,40,15,15,False,False,False
200,4,71,ring,0.6,540797198,3,2,6,8,2,2,True,True,True
200,4,71,ring,0.6,540797198,4,2,2,4,2,2,True,True,True
200,4,71,ring,0.6,540797198,5,4,4,8,3,3,False,False,True
200,4,71,ring,0.6,540797198,6,2,2,4,2,2,True,True,True
200,4,71,ring,0.6,540797198,7,24,27,51,22,22,False,False,False
200,4,71,ring,0.6,540797198,8,12,18,30,11,11,False,False,False
200,4,71,small_world,0.6,540797198,0,64,92,156,60,60,False,False,False
200,4,71,small_world,0.6,540797198,1,6,6,12,5,5,False,False,True
200,4,71,small_world,0.6,540797198,2,2,2,4,2,2,True,True,True
200,4,71,small_world,0.6,540797198,3,2,2,4,2,2,True,True,True
200,4,71,small_world,0.6,540797198,4,4,5,9,4,4,True,True,True
200,4,71,scale_free,0.6,540797198,0,74,90,164,64,64,False,False,False
200,4,71,er,0.7,540797198,0,48,77,125,48,48,True,True,False
200,4,71,er,0.7,540797198,1,4,7,11,4,4,True,True,True
200,4,71,ring,0.7,540797198,0,4,4,8,3,3,False,False,True
200,4,71,ring,0.7,540797198,1,5,10,15,5,5,True,True,True
200,4,71,ring,0.7,540797198,2,3,6,9,3,3,True,True,True
200,4,71,ring,0.7,540797198,3,11,18,29,10,10,False,False,False
200,4,71,ring,0.7,540797198,4,3,4,7,3,3,True,True,True
200,4,71,ring,0.7,540797198,5,2,5,7,2,2,True,True,True
200,4,71,ring,0.7,540797198,6,2,2,4,2,2,True,True,True
200,4,71,ring,0.7,540797198,7,10,15,25,10,10,True,True,True
200,4,71,ring,0.7,540797198,8,2,4,6,2,2,True,True,True
200,4,71,ring,0.7,540797198,9,3,5,8,3,3,True,True,True
200,4,71,ring,0.7,540797198,10,5,7,12,5,5,True,True,True
200,4,71,small_world,0.7,540797198,0,39,66,105,39,39,True,True,False
200,4,71,small_world,0.7,540797198,1,6,6,12,5,5,False,False,True
200,4,71,small_world,0.7,540797198,2,4,8,12,4,4,True,True,True
200,4,71,small_world,0.7,540797198,3,5,8,13,5,5,True,True,True
200,4,71,small_world,0.7,540797198,4,2,5,7,2,2,True,True,True
200,4,71,scale_free,0.7,540797198,0,56,97,153,55,55,False,False,False
200,4,71,er,0.8,540797198,0,28,61,89,28,28,True,True,False
200,4,71,ring,0.8,540797198,0,7,13,20,7,7,True,True,True
200,4,71,ring,0.8,540797198,1,3,6,9,3,3,True,True,True
200,4,71,ring,0.8,540797198,2,2,6,8,2,2,True,True,True
200,4,71,ring,0.8,540797198,3,4,7,11,4,4,True,True,True
200,4,71,ring,0.8,540797198,4,5,9,14,5,5,True,True,True
200,4,71,ring,0.8,540797198,5,5,8,13,5,5,True,True,True
200,4,71,ring,0.8,540797198,6,2,5,7,2,2,True,True,True
200,4,71,ring,0.8,540797198,7,3,5,8,3,3,True,True,True
200,4,71,small_world,0.8,540797198,0,8,17,25,8,8,True,True,True
200,4,71,small_world,0.8,540797198,1,8,15,23,8,8,True,True,True
200,4,71,small_world,0.8,540797198,2,12,29,41,12,12,True,True,False
200,4,71,small_world,0.8,540797198,3,5,10,15,5,5,True,True,True
200,4,71,small_world,0.8,540797198,4,2,7,9,2,2,True,True,True
200,4,71,scale_free,0.8,540797198,0,30,71,101,30,30,True,True,False
200,4,71,scale_free,0.8,540797198,1,2,3,5,2,2,True,True,True
200,4,71,scale_free,0.8,540797198,2,2,3,5,2,2,True,True,True
200,4,71,er,0.9,540797198,0,10,35,45,10,10,True,True,True
200,4,71,er,0.9,540797198,1,2,9,11,2,2,True,True,True
200,4,71,ring,0.9,540797198,0,2,5,7,2,2,True,True,True
200,4,71,ring,0.9,540797198,1,2,7,9,2,2,True,True,True
200,4,71,ring,0.9,540797198,2,3,6,9,3,3,True,True,True
200,4,71,ring,0.9,540797198,3,2,5,7,2,2,True,True,True
200,4,71,ring,0.9,540797198,4,3,5,8,3,3,True,True,True
200,4,71,small_world,0.9,540797198,0,2,4,6,2,2,True,True,True
200,4,71,small_world,0.9,540797198,1,2,4,6,2,2,True,True,True
200,4,71,small_world,0.9,540797198,2,2,6,8,2,2,True,True,True
200,4,71,small_world,0.9,540797198,3,5,14,19,5,5,True,True,True
200,4,71,small_world,0.9,540797198,4,3,7,10,3,3,True,True,True
200,4,71,scale_free,0.9,540797198,0,13,55,68,13,13,True,True,False
200,4,71,scale_free,0.9,540797198,1,2,4,6,2,2,True,True,True
200,4,72,scale_free,0.1,400026140,0,2,2,4,2,2,True,True,True
200,4,72,scale_free,0.3,400026140,0,2,3,5,2,2,True,True,True
200,4,72,ring,0.4,400026140,0,2,2,4,2,2,True,True,True
200,4,72,ring,0.4,400026140,1,4,5,9,4,4,True,True,True
200,4,72,ring,0.4,400026140,2,2,2,4,2,2,True,True,True
200,4,72,ring,0.4,400026140,3,5,7,12,4,4,False,False,True
200,4,72,ring,0.4,400026140,4,2,2,4,2,2,True,True,True
200,4,72,small_world,0.4,400026140,0,2,2,4,2,2,True,True,True
200,4,72,scale_free,0.4,400026140,0,2,4,6,2,2,True,True,True
200,4,72,er,0.5,400026140,0,83,84,167,77,77,False,False,False
200,4,72,ring,0.5,400026140,0,27,35,62,26,26,False,False,False
200,4,72,ring,0.5,400026140,1,2,2,4,2,2,True,True,True
200,4,72,ring,0.5,400026140,2,3,6,9,3,3,True,True,True
200,4,72,ring,0.5,400026140,3,2,2,4,2,2,True,True,True
200,4,72,ring,0.5,400026140,4,8,8,16,6,6,False,False,True
200,4,72,ring,0.5,400026140,5,2,2,4,2,2,True,True,True
200,4,72,ring,0.5,400026140,6,4,5,9,4,4,True,True,True
200,4,72,ring,0.5,400026140,7,2,2,4,2,2,True,True,True
200,4,72,ring,0.5,400026140,8,2,2,4,2,2,True,True,True
200,4,72,ring,0.5,400026140,9,2,5,7,2,2,True,True,True
200,4,72,ring,0.5,400026140,10,2,2,4,2,2,True,True,True
200,4,72,small_world,0.5,400026140,0,44,47,91,38,38,False,False,False
200,4,72,small_world,0.5,400026140,1,8,12,20,8,8,True,True,True
200,4,72,small_world,0.5,400026140,2,8,8,16,7,7,False,False,True
200,4,72,small_world,0.5,400026140,3,2,2,4,2,2,True,True,True
200,4,72,small_world,0.5,400026140,4,2,5,7,2,2,True,True,True
200,4,72,er,0.6,400026140,0,76,94,170,74,74,False,False,False
200,4,72,ring,0.6,400026140,0,11,23,34,11,11,True,True,False
200,4,72,ring,0.6,400026140,1,6,6,12,5,5,False,False,True
200,4,72,ring,0.6,400026140,2,4,8,12,4,4,True,True,True
200,4,72,ring,0.6,400026140,3,2,2,4,2,2,True,True,True
200,4,72,ring,0.6,400026140,4,3,6,9,3,3,True,True,True
200,4,72,ring,0.6,400026140,5,2,2,4,2,2,True,True,True
200,4,72,ring,0.6,400026140,6,7,10,17,7,7,True,True,True
200,4,72,ring,0.6,400026140,7,2,2,4,2,2,True,True,True
200,4,72,ring,0.6,400026140,8,3,4,7,3,3,True,True,True
200,4,72,ring,0.6,400026140,9,11,11,22,9,9,False,False,False
200,4,72,ring,0.6,400026140,10,11,14,25,10,10,False,False,False
200,4,72,ring,0.6,400026140,11,2,2,4,2,2,True,True,True
200,4,72,small_world,0.6,400026140,0,71,91,162,67,67,False,False,False
200,4,72,small_world,0.6,400026140,1,3,5,8,3,3,True,True,True
200,4,72,scale_free,0.6,400026140,0,72,80,152,58,58,False,False,False
200,4,72,er,0.7,400026140,0,54,93,147,54,54,True,True,False
200,4,72,er,0.7,400026140,1,2,2,4,2,2,True,True,True
200,4,72,er,0.7,400026140,2,2,5,7,2,2,True,True,True
200,4,72,ring,0.7,400026140,0,3,6,9,3,3,True,True,True
200,4,72,ring,0.7,400026140,1,5,10,15,5,5,True,True,True
200,4,72,ring,0.7,400026140,2,6,6,12,5,5,False,False,True
200,4,72,ring,0.7,400026140,3,3,10,13,3,3,True,True,True
200,4,72,ring,0.7,400026140,4,5,7,12,5,5,True,True,True
200,4,72,ring,0.7,400026140,5,2,7,9,2,2,True,True,True
200,4,72,ring,0.7,400026140,6,12,15,27,11,11,False,False,False
200,4,72,ring,0.7,400026140,7,2,2,4,2,2,True,True,True
200,4,72,ring,0.7,400026140,8,2,4,6,2,2,True,True,True
200,4,72,ring,0.7,400026140,9,3,5,8,3,3,True,True,True
200,4,72,ring,0.7,400026140,10,5,9,14,5,5,True,True,True
200,4,72,ring,0.7,400026140,11,5,9,14,5,5,True,True,True
200,4,72,ring,0.7,400026140,12,6,8,14,6,6,True,True,True
200,4,72,small_world,0.7,400026140,0,23,36,59,22,22,False,False,False
200,4,72,small_world,0.7,400026140,1,3,6,9,3,3,True,True,True
200,4,72,small_world,0.7,400026140,2,11,14,25,10,11,False,True,False
200,4,72,small_world,0.7,400026140,3,2,6,8,2,2,True,True,True
200,4,72,small_world,0.7,400026140,4,7,11,18,7,7,True,True,True
200,4,72,small_world,0.7,400026140,5,4,5,9,4,4,True,True,True
200,4,72,small_world,0.7,400026140,6,2,7,9,2,2,True,True,True
200,4,72,small_world,0.7,400026140,7,2,4,6,2,2,True,True,True
200,4,72,small_world,0.7,400026140,8,2,4,6,2,2,True,True,True
200,4,72,scale_free,0.7,400026140,0,55,82,137,51,51,False,False,False
200,4,72,er,0.8,400026140,0,24,60,84,24,24,True,True,False
200,4,72,er,0.8,400026140,1,3,6,9,3,3,True,True,True
200,4,72,er,0.8,400026140,2,2,4,6,2,2,True,True,True
200,4,72,er,0.8,400026140,3,6,10,16,6,6,True,True,True
200,4,72,er,0.8,400026140,4,2,6,8,2,2,True,True,True
200,4,72,ring,0.8,400026140,0,2,7,9,2,2,True,True,True
200,4,72,ring,0.8,400026140,1,3,6,9,3,3,True,True,True
200,4,72,ring,0.8,400026140,2,5,6,11,4,4,False,False,True
200,4,72,ring,0.8,400026140,3,2,7,9,2,2,True,True,True
200,4,72,ring,0.8,400026140,4,5,7,12,5,5,True,True,True
200,4,72,ring,0.8,400026140,5,8,11,19,8,8,True,True,True
200,4,72,ring,0.8,400026140,6,2,4,6,2,2,True,True,True
200,4,72,ring,0.8,400026140,7,2,5,7,2,2,True,True,True
200,4,72,ring,0.8,400026140,8,4,10,14,4,4,True,True,True
200,4,72,small_world,0.8,400026140,0,12,18,30,11,11,False,False,False
200,4,72,small_world,0.8,400026140,1,5,15,20,5,5,True,True,True
200,4,72,small_world,0.8,400026140,2,3,6,9,3,3,True,True,True
200,4,72,small_world,0.8,400026140,3,2,6,8,2,2,True,True,True
200,4,72,small_world,0.8,400026140,4,5,8,13,5,5,True,True,True
200,4,72,small_world,0.8,400026140,5,4,5,9,4,4,True,True,True
200,4,72,small_world,0.8,400026140,6,3,7,10,3,3,True,True,True
200,4,72,scale_free,0.8,400026140,0,40,76,116,38,38,False,False,False
200,4,72,er,0.9,400026140,0,12,37,49,12,12,True,True,False
200,4,72,er,0.9,400026140,1,2,9,11,2,2,True,True,True
200,4,72,er,0.9,400026140,2,2,6,8,2,2,True,True,True
200,4,72,ring,0.9,400026140,0,2,7,9,2,2,True,True,True
200,4,72,ring,0.9,400026140,1,2,7,9,2,2,True,True,True
200,4,72,ring,0.9,400026140,2,2,6,8,2,2,True,True,True
200,4,72,ring,0.9,400026140,3,2,4,6,2,2,True,True,True
200,4,72,small_world,0.9,400026140,0,3,12,15,3,3,True,True,True
200,4,72,small_world,0.9,400026140,1,2,6,8,2,2,True,True,True
200,4,72,small_world,0.9,400026140,2,2,6,8,2,2,True,True,True
200,4,72,small_world,0.9,400026140,3,2,5,7,2,2,True,True,True
200,4,72,small_world,0.9,400026140,4,3,7,10,3,3,True,True,True
200,4,72,scale_free,0.9,400026140,0,18,40,58,18,18,True,True,False
200,4,73,scale_free,0.1,3517270726,0,4,4,8,4,4,True,True,True
200,4,73,ring,0.3,3517270726,0,2,2,4,2,2,True,True,True
200,4,73,ring,0.3,3517270726,1,9,10,19,7,7,False,False,True
200,4,73,small_world,0.3,3517270726,0,2,2,4,2,2,True,True,True
200,4,73,er,0.4,3517270726,0,2,2,4,2,2,True,True,True
200,4,73,ring,0.4,3517270726,0,7,7,14,6,6,False,False,True
200,4,73,ring,0.4,3517270726,1,2,2,4,2,2,True,True,True
200,4,73,ring,0.4,3517270726,2,2,2,4,2,2,True,True,True
200,4,73,small_world,0.4,3517270726,0,2,2,4,2,2,True,True,True
200,4,73,small_world,0.4,3517270726,1,2,2,4,2,2,True,True,True
200,4,73,er,0.5,3517270726,0,2,2,4,2,2,True,True,True
200,4,73,ring,0.5,3517270726,0,6,7,13,5,5,False,False,True
200,4,73,ring,0.5,3517270726,1,10,11,21,9,9,False,False,True
200,4,73,ring,0.5,3517270726,2,2,4,6,2,2,True,True,True
200,4,73,ring,0.5,3517270726,3,3,4,7,3,3,True,True,True
200,4,73,ring,0.5,3517270726,4,4,6,10,3,3,False,False,True
200,4,73,ring,0.5,3517270726,5,4,5,9,3,3,False,False,True
200,4,73,ring,0.5,3517270726,6,2,2,4,2,2,True,True,True
200,4,73,ring,0.5,3517270726,7,25,26,51,22,22,False,False,False
200,4,73,ring,0.5,3517270726,8,10,11,21,10,10,True,True,True
200,4,73,small_world,0.5,3517270726,0,2,4,6,2,2,True,True,True
200,4,73,small_world,0.5,3517270726,1,77,77,154,69,69,False,False,False
200,4,73,small_world,0.5,3517270726,2,3,4,7,3,3,True,True,True
200,4,73,small_world,0.5,3517270726,3,2,2,4,2,2,True,True,True
200,4,73,scale_free,0.5,3517270726,0,80,83,163,57,57,False,False,False
200,4,73,er,0.6,3517270726,0,67,89,156,65,65,False,False,False
200,4,73,er,0.6,3517270726,1,2,2,4,2,2,True,True,True
200,4,73,ring,0.6,3517270726,0,20,30,50,20,20,True,True,False
200,4,73,ring,0.6,3517270726,1,2,4,6,2,2,True,True,True
200,4,73,ring,0.6,3517270726,2,4,5,9,3,3,False,False,True
200,4,73,ring,0.6,3517270726,3,4,6,10,3,3,False,False,True
200,4,73,ring,0.6,3517270726,4,2,2,4,2,2,True,True,True
200,4,73,ring,0.6,3517270726,5,2,2,4,2,2,True,True,True
200,4,73,ring,0.6,3517270726,6,5,10,15,5,5,True,True,True
200,4,73,ring,0.6,3517270726,7,11,19,30,11,11,True,True,False
200,4,73,ring,0.6,3517270726,8,5,6,11,5,5,True,True,True
200,4,73,ring,0.6,3517270726,9,4,4,8,3,3,False,False,True
200,4,73,ring,0.6,3517270726,10,9,10,19,8,8,False,False,True
200,4,73,ring,0.6,3517270726,11,10,11,21,10,10,True,True,True
200,4,73,small_world,0.6,3517270726,0,2,4,6,2,2,True,True,True
200,4,73,small_world,0.6,3517270726,1,42,59,101,41,41,False,False,False
200,4,73,small_world,0.6,3517270726,2,17,24,41,17,17,True,True,False
200,4,73,small_world,0.6,3517270726,3,2,4,6,2,2,True,True,True
200,4,73,small_world,0.6,3517270726,4,4,5,9,3,3,False,False,True
200,4,73,small_world,0.6,3517270726,5,2,2,4,2,2,True,True,True
200,4,73,small_world,0.6,3517270726,6,2,2,4,2,2,True,True,True
200,4,73,small_world,0.6,3517270726,7,2,3,5,2,2,True,True,True
200,4,73,small_world,0.6,3517270726,8,3,3,6,3,3,True,True,True
200,4,73,scale_free,0.6,3517270726,0,73,95,168,59,59,False,False,False
200,4,73,er,0.7,3517270726,0,51,90,141,51,51,True,True,False
200,4,73,er,0.7,3517270726,1,2,3,5,2,2,True,True,True
200,4,73,ring,0.7,3517270726,0,17,27,44,17,17,True,True,False
200,4,73,ring,0.7,3517270726,1,2,4,6,2,2,True,True,True
200,4,73,ring,0.7,3517270726,2,6,14,20,6,6,True,True,True
200,4,73,ring,0.7,3517270726,3,3,5,8,3,3,True,True,True
200,4,73,ring,0.7,3517270726,4,2,5,7,2,2,True,True,True
200,4,73,ring,0.7,3517270726,5,2,5,7,2,2,True,True,True
200,4,73,ring,0.7,3517270726,6,9,19,28,9,9,True,True,True
200,4,73,ring,0.7,3517270726,7,3,7,10,3,3,True,True,True
200,4,73,ring,0.7,3517270726,8,4,5,9,4,4,True,True,True
200,4,73,ring,0.7,3517270726,9,5,7,12,5,5,True,True,True
200,4,73,ring,0.7,3517270726,10,2,4,6,2,2,True,True,True
200,4,73,ring,0.7,3517270726,11,4,9,13,4,4,True,True,True
200,4,73,small_world,0.7,3517270726,0,2,4,6,2,2,True,True,True
200,4,73,small_world,0.7,3517270726,1,18,32,50,18,18,True,True,False
200,4,73,small_world,0.7,3517270726,2,13,23,36,13,13,True,True,False
200,4,73,small_world,0.7,3517270726,3,2,4,6,2,2,True,True,True
200,4,73,small_world,0.7,3517270726,4,7,15,22,7,7,True,True,True
200,4,73,small_world,0.7,3517270726,5,3,5,8,3,3,True,True,True
200,4,73,small_world,0.7,3517270726,6,2,5,7,2,2,True,True,True
200,4,73,small_world,0.7,3517270726,7,2,4,6,2,2,True,True,True
200,4,73,small_world,0.7,3517270726,8,3,6,9,3,3,True,True,True
200,4,73,small_world,0.7,3517270726,9,2,3,5,2,2,True,True,True
200,4,73,small_world,0.7,3517270726,10,4,9,13,4,4,True,True,True
200,4,73,scale_free,0.7,3517270726,0,54,96,150,48,48,False,False,False
200,4,73,er,0.8,3517270726,0,34,74,108,34,34,True,True,False
200,4,73,ring,0.8,3517270726,0,4,8,12,4,4,True,True,True
200,4,73,ring,0.8,3517270726,1,2,6,8,2,2,True,True,True
200,4,73,ring,0.8,3517270726,2,7,15,22,7,7,True,True,True
200,4,73,ring,0.8,3517270726,3,3,9,12,3,3,True,True,True
200,4,73,ring,0.8,3517270726,4,2,5,7,2,2,True,True,True
200,4,73,ring,0.8,3517270726,5,5,12,17,5,5,True,True,True
200,4,73,ring,0.8,3517270726,6,3,7,10,3,3,True,True,True
200,4,73,ring,0.8,3517270726,7,3,6,9,3,3,True,True,True
200,4,73,ring,0.8,3517270726,8,4,8,12,4,4,True,True,True
200,4,73,small_world,0.8,3517270726,0,2,4,6,2,2,True,True,True
200,4,73,small_world,0.8,3517270726,1,6,12,18,6,6,True,True,True
200,4,73,small_world,0.8,3517270726,2,2,6,8,2,2,True,True,True
200,4,73,small_world,0.8,3517270726,3,7,17,24,7,7,True,True,True
200,4,73,small_world,0.8,3517270726,4,6,15,21,6,6,True,True,True
200,4,73,small_world,0.8,3517270726,5,2,5,7,2,2,True,True,True
200,4,73,small_world,0.8,3517270726,6,5,11,16,5,5,True,True,True
200,4,73,small_world,0.8,3517270726,7,3,6,9,3,3,True,True,True
200,4,73,scale_free,0.8,3517270726,0,36,83,119,31,31,False,False,False
200,4,73,er,0.9,3517270726,0,2,6,8,2,2,True,True,True
200,4,73,er,0.9,3517270726,1,14,47,61,14,14,True,True,False
200,4,73,ring,0.9,3517270726,0,3,6,9,3,3,True,True,True
200,4,73,ring,0.9,3517270726,1,3,9,12,3,3,True,True,True
200,4,73,ring,0.9,3517270726,2,3,9,12,3,3,True,True,True
200,4,73,ring,0.9,3517270726,3,2,6,8,2,2,True,True,True
200,4,73,ring,0.9,3517270726,4,2,4,6,2,2,True,True,True
200,4,73,small_world,0.9,3517270726,0,2,4,6,2,2,True,True,True
200,4,73,small_world,0.9,3517270726,1,3,11,14,3,3,True,True,True
200,4,73,small_world,0.9,3517270726,2,3,10,13,3,3,True,True,True
200,4,73,small_world,0.9,3517270726,3,2,5,7,2,2,True,True,True
200,4,73,small_world,0.9,3517270726,4,2,6,8,2,2,True,True,True
200,4,73,scale_free,0.9,3517270726,0,18,80,98,18,18,True,True,False
200,4,74,ring,0.2,2896822633,0,6,6,12,5,5,False,False,True
200,4,74,ring,0.2,2896822633,1,2,2,4,2,2,True,True,True
200,4,74,small_world,0.2,2896822633,0,3,4,7,3,3,True,True,True
200,4,74,small_world,0.2,2896822633,1,2,2,4,2,2,True,True,True
200,4,74,ring,0.3,2896822633,0,2,2,4,2,2,True,True,True
200,4,74,ring,0.3,2896822633,1,4,5,9,4,4,True,True,True
200,4,74,ring,0.3,2896822633,2,2,4,6,2,2,True,True,True
200,4,74,ring,0.3,2896822633,3,2,2,4,2,2,True,True,True
200,4,74,small_world,0.3,2896822633,0,6,7,13,6,6,True,True,True
200,4,74,small_world,0.3,2896822633,1,2,2,4,2,2,True,True,True
200,4,74,er,0.4,2896822633,0,2,2,4,2,2,True,True,True
200,4,74,ring,0.4,2896822633,0,2,2,4,2,2,True,True,True
200,4,74,ring,0.4,2896822633,1,5,6,11,4,4,False,False,True
200,4,74,ring,0.4,2896822633,2,9,10,19,8,8,False,False,True
200,4,74,ring,0.4,2896822633,3,4,4,8,4,4,True,True,True
200,4,74,small_world,0.4,2896822633,0,2,2,4,2,2,True,True,True
200,4,74,small_world,0.4,2896822633,1,7,8,15,6,6,False,False,True
200,4,74,er,0.5,2896822633,0,78,79,157,72,72,False,False,False
200,4,74,er,0.5,2896822633,1,2,2,4,2,2,True,True,True
200,4,74,er,0.5,2896822633,2,2,3,5,2,2,True,True,True
200,4,74,ring,0.5,2896822633,0,11,12,23,10,10,False,False,False
200,4,74,ring,0.5,2896822633,1,2,5,7,2,2,True,True,True
200,4,74,ring,0.5,2896822633,2,2,2,4,2,2,True,True,True
200,4,74,ring,0.5,2896822633,3,2,2,4,2,2,True,True,True
200,4,74,ring,0.5,2896822633,4,2,2,4,2,2,True,True,True
200,4,74,ring,0.5,2896822633,5,6,8,14,6,6,True,True,True
200,4,74,ring,0.5,2896822633,6,15,18,33,14,14,False,False,False
200,4,74,ring,0.5,2896822633,7,2,2,4,2,2,True,True,True
200,4,74,ring,0.5,2896822633,8,3,3,6,2,2,False,False,True
200,4,74,ring,0.5,2896822633,9,11,11,22,10,10,False,False,False
200,4,74,small_world,0.5,2896822633,0,75,78,153,66,66,False,False,False
200,4,74,small_world,0.5,2896822633,1,4,4,8,4,4,True,True,True
200,4,74,small_world,0.5,2896822633,2,2,2,4,2,2,True,True,True
200,4,74,small_world,0.5,2896822633,3,2,2,4,2,2,True,True,True
200,4,74,small_world,0.5,2896822633,4,2,2,4,2,2,True,True,True
200,4,74,scale_free,0.5,2896822633,0,68,70,138,51,51,False,False,False
200,4,74,scale_free,0.5,2896822633,1,2,2,4,2,2,True,True,True
200,4,74,scale_free,0.5,2896822633,2,3,5,8,3,3,True,True,True
200,4,74,er,0.6,2896822633,0,65,84,149,63,63,False,False,False
200,4,74,er,0.6,2896822633,1,2,2,4,2,2,True,True,True
200,4,74,er,0.6,2896822633,2,2,4,6,2,2,True,True,True
200,4,74,ring,0.6,2896822633,0,10,13,23,10,10,True,True,True
200,4,74,ring,0.6,2896822633,1,2,5,7,2,2,True,True,True
200,4,74,ring,0.6,2896822633,2,2,2,4,2,2,True,True,True
200,4,74,ring,0.6,2896822633,3,2,2,4,2,2,True,True,True
200,4,74,ring,0.6,2896822633,4,6,8,14,6,6,True,True,True
200,4,74,ring,0.6,2896822633,5,4,6,10,4,4,True,True,True
200,4,74,ring,0.6,2896822633,6,8,11,19,8,8,True,True,True
200,4,74,ring,0.6,2896822633,7,2,4,6,2,2,True,True,True
200,4,74,ring,0.6,2896822633,8,6,7,13,5,5,False,False,True
200,4,74,ring,0.6,2896822633,9,2,2,4,2,2,True,True,True
200,4,74,ring,0.6,2896822633,10,9,12,21,9,9,True,True,True
200,4,74,ring,0.6,2896822633,11,6,9,15,6,6,True,True,True
200,4,74,ring,0.6,2896822633,12,8,11,19,8,8,True,True,True
200,4,74,ring,0.6,2896822633,13,4,5,9,4,4,True,True,True
200,4,74,small_world,0.6,2896822633,0,53,72,125,52,52,False,False,False
200,4,74,small_world,0.6,2896822633,1,2,2,4,2,2,True,True,True
200,4,74,small_world,0.6,2896822633,2,2,2,4,2,2,True,True,True
200,4,74,small_world,0.6,2896822633,3,13,17,30,12,12,False,False,False
200,4,74,small_world,0.6,2896822633,4,4,6,10,4,4,True,True,True
200,4,74,small_world,0.6,2896822633,5,2,4,6,2,2,True,True,True
200,4,74,scale_free,0.6,2896822633,0,61,80,141,55,55,False,False,False
200,4,74,er,0.7,2896822633,0,50,87,137,50,50,True,True,False
200,4,74,er,0.7,2896822633,1,2,3,5,2,2,True,True,True
200,4,74,ring,0.7,2896822633,0,10,13,23,10,10,True,True,True
200,4,74,ring,0.7,2896822633,1,2,5,7,2,2,True,True,True
200,4,74,ring,0.7,2896822633,2,6,8,14,5,5,False,False,True
200,4,74,ring,0.7,2896822633,3,6,12,18,6,6,True,True,True
200,4,74,ring,0.7,2896822633,4,2,4,6,2,2,True,True,True
200,4,74,ring,0.7,2896822633,5,3,5,8,3,3,True,True,True
200,4,74,ring,0.7,2896822633,6,2,4,6,2,2,True,True,True
200,4,74,ring,0.7,2896822633,7,3,7,10,3,3,True,True,True
200,4,74,ring,0.7,2896822633,8,2,4,6,2,2,True,True,True
200,4,74,ring,0.7,2896822633,9,7,14,21,7,7,True,True,True
200,4,74,ring,0.7,2896822633,10,6,9,15,6,6,True,True,True
200,4,74,ring,0.7,2896822633,11,6,13,19,6,6,True,True,True
200,4,74,ring,0.7,2896822633,12,2,7,9,2,2,True,True,True
200,4,74,small_world,0.7,2896822633,0,29,54,83,28,28,False,False,False
200,4,74,small_world,0.7,2896822633,1,6,14,20,6,6,True,True,True
200,4,74,small_world,0.7,2896822633,2,5,6,11,5,5,True,True,True
200,4,74,small_world,0.7,2896822633,3,2,3,5,2,2,True,True,True
200,4,74,small_world,0.7,2896822633,4,3,5,8,3,3,True,True,True
200,4,74,small_world,0.7,2896822633,5,8,15,23,8,8,True,True,True
200,4,74,small_world,0.7,2896822633,6,2,4,6,2,2,True,True,True
200,4,74,small_world,0.7,2896822633,7,2,4,6,2,2,True,True,True
200,4,74,scale_free,0.7,2896822633,0,51,85,136,47,47,False,False,False
200,4,74,er,0.8,2896822633,0,2,8,10,2,2,True,True,True
200,4,74,er,0.8,2896822633,1,29,71,100,29,29,True,True,False
200,4,74,ring,0.8,2896822633,0,4,8,12,4,4,True,True,True
200,4,74,ring,0.8,2896822633,1,2,5,7,2,2,True,True,True
200,4,74,ring,0.8,2896822633,2,4,7,11,4,4,True,True,True
200,4,74,ring,0.8,2896822633,3,2,5,7,2,2,True,True,True
200,4,74,ring,0.8,2896822633,4,2,4,6,2,2,True,True,True
200,4,74,ring,0.8,2896822633,5,2,4,6,2,2,True,True,True
200,4,74,ring,0.8,2896822633,6,2,4,6,2,2,True,True,True
200,4,74,ring,0.8,2896822633,7,5,10,15,5,5,True,True,True
200,4,74,ring,0.8,2896822633,8,6,13,19,6,6,True,True,True
200,4,74,small_world,0.8,2896822633,0,12,25,37,12,12,True,True,False
200,4,74,small_world,0.8,2896822633,1,4,6,10,4,4,True,True,True
200,4,74,small_world,0.8,2896822633,2,10,23,33,10,10,True,True,True
200,4,74,small_world,0.8,2896822633,3,2,4,6,2,2,True,True,True
200,4,74,small_world,0.8,2896822633,4,2,4,6,2,2,True,True,True
200,4,74,small_world,0.8,2896822633,5,3,7,10,3,3,True,True,True
200,4,74,scale_free,0.8,2896822633,0,32,76,108,30,30,False,False,False
200,4,74,er,0.9,2896822633,0,2,8,10,2,2,True,True,True
200,4,74,er,0.9,2896822633,1,4,12,16,4,4,True,True,True
200,4,74,er,0.9,2896822633,2,2,5,7,2,2,True,True,True
200,4,74,ring,0.9,2896822633,0,2,5,7,2,2,True,True,True
200,4,74,ring,0.9,2896822633,1,2,4,6,2,2,True,True,True
200,4,74,ring,0.9,2896822633,2,2,4,6,2,2,True,True,True
200,4,74,ring,0.9,2896822633,3,5,10,15,5,5,True,True,True
200,4,74,ring,0.9,2896822633,4,2,7,9,2,2,True,True,True
200,4,74,small_world,0.9,2896822633,0,10,24,34,10,10,True,True,True
200,4,74,small_world,0.9,2896822633,1,2,4,6,2,2,True,True,True
200,4,74,small_world,0.9,2896822633,2,2,7,9,2,2,True,True,True
200,4,74,scale_free,0.9,2896822633,0,12,18,30,12,12,True,True,False
200,4,74,scale_free,0.9,2896822633,1,2,4,6,2,2,True,True,True
200,4,75,small_world,0.2,2849007501,0,2,2,4,2,2,True,True,True
200,4,75,er,0.3,2849007501,0,2,2,4,2,2,True,True,True
200,4,75,ring,0.3,2849007501,0,2,2,4,2,2,True,True,True
200,4,75,ring,0.3,2849007501,1,2,2,4,2,2,True,True,True
200,4,75,ring,0.3,2849007501,2,2,2,4,2,2,True,True,True
200,4,75,ring,0.3,2849007501,3,8,8,16,8,8,True,True,True
200,4,75,er,0.4,2849007501,0,2,2,4,2,2,True,True,True
200,4,75,ring,0.4,2849007501,0,2,2,4,2,2,True,True,True
200,4,75,ring,0.4,2849007501,1,15,16,31,13,13,False,False,False
200,4,75,ring,0.4,2849007501,2,2,2,4,2,2,True,True,True
200,4,75,ring,0.4,2849007501,3,5,7,12,5,5,True,True,True
200,4,75,er,0.5,2849007501,0,79,80,159,74,74,False,False,False
200,4,75,er,0.5,2849007501,1,2,2,4,2,2,True,True,True
200,4,75,ring,0.5,2849007501,0,3,7,10,3,3,True,True,True
200,4,75,ring,0.5,2849007501,1,8,10,18,8,8,True,True,True
200,4,75,ring,0.5,2849007501,2,9,12,21,9,9,True,True,True
200,4,75,ring,0.5,2849007501,3,2,2,4,2,2,True,True,True
200,4,75,ring,0.5,2849007501,4,4,5,9,4,4,True,True,True
200,4,75,ring,0.5,2849007501,5,2,2,4,2,2,True,True,True
200,4,75,ring,0.5,2849007501,6,2,2,4,2,2,True,True,True
200,4,75,ring,0.5,2849007501,7,3,6,9,3,3,True,True,True
200,4,75,small_world,0.5,2849007501,0,2,2,4,2,2,True,True,True
200,4,75,small_world,0.5,2849007501,1,2,3,5,2,2,True,True,True
200,4,75,small_world,0.5,2849007501,2,2,2,4,2,2,True,True,True
200,4,75,scale_free,0.5,2849007501,0,2,4,6,2,2,True,True,True
200,4,75,er,0.6,2849007501,0,63,88,151,63,63,True,True,False
200,4,75,ring,0.6,2849007501,0,17,19,36,14,14,False,False,False
200,4,75,ring,0.6,2849007501,1,3,7,10,3,3,True,True,True
200,4,75,ring,0.6,2849007501,2,5,7,12,5,5,True,True,True
200,4,75,ring,0.6,2849007501,3,5,7,12,5,5,True,True,True
200,4,75,ring,0.6,2849007501,4,4,8,12,4,4,True,True,True
200,4,75,ring,0.6,2849007501,5,4,5,9,4,4,True,True,True
200,4,75,ring,0.6,2849007501,6,5,6,11,5,5,True,True,True
200,4,75,ring,0.6,2849007501,7,2,2,4,2,2,True,True,True
200,4,75,ring,0.6,2849007501,8,5,10,15,5,5,True,True,True
200,4,75,ring,0.6,2849007501,9,9,9,18,8,8,False,False,True
200,4,75,ring,0.6,2849007501,10,2,2,4,2,2,True,True,True
200,4,75,ring,0.6,2849007501,11,3,3,6,2,2,False,False,True
200,4,75,ring,0.6,2849007501,12,3,6,9,3,3,True,True,True
200,4,75,small_world,0.6,2849007501,0,68,88,156,61,61,False,False,False
200,4,75,small_world,0.6,2849007501,1,2,2,4,2,2,True,True,True
200,4,75,small_world,0.6,2849007501,2,2,3,5,2,2,True,True,True
200,4,75,small_world,0.6,2849007501,3,2,2,4,2,2,True,True,True
200,4,75,scale_free,0.6,2849007501,0,68,96,164,59,59,False,False,False
200,4,75,er,0.7,2849007501,0,50,99,149,50,50,True,True,False
200,4,75,ring,0.7,2849007501,0,9,11,20,8,8,False,False,True
200,4,75,ring,0.7,2849007501,1,3,7,10,3,3,True,True,True
200,4,75,ring,0.7,2849007501,2,3,6,9,3,3,True,True,True
200,4,75,ring,0.7,2849007501,3,2,4,6,2,2,True,True,True
200,4,75,ring,0.7,2849007501,4,2,4,6,2,2,True,True,True
200,4,75,ring,0.7,2849007501,5,3,8,11,3,3,True,True,True
200,4,75,ring,0.7,2849007501,6,3,5,8,3,3,True,True,True
200,4,75,ring,0.7,2849007501,7,4,12,16,4,4,True,True,True
200,4,75,ring,0.7,2849007501,8,2,4,6,2,2,True,True,True
200,4,75,ring,0.7,2849007501,9,2,7,9,2,2,True,True,True
200,4,75,ring,0.7,2849007501,10,8,10,18,8,8,True,True,True
200,4,75,ring,0.7,2849007501,11,2,2,4,2,2,True,True,True
200,4,75,ring,0.7,2849007501,12,7,7,14,6,6,False,False,True
200,4,75,ring,0.7,2849007501,13,3,6,9,3,3,True,True,True
200,4,75,ring,0.7,2849007501,14,7,16,23,7,7,True,True,True
200,4,75,small_world,0.7,2849007501,0,52,96,148,51,51,False,False,False
200,4,75,small_world,0.7,2849007501,1,2,2,4,2,2,True,True,True
200,4,75,small_world,0.7,2849007501,2,2,3,5,2,2,True,True,True
200,4,75,scale_free,0.7,2849007501,0,49,86,135,46,46,False,False,False
200,4,75,er,0.8,2849007501,0,32,83,115,32,32,True,True,False
200,4,75,ring,0.8,2849007501,0,3,8,11,3,3,True,True,True
200,4,75,ring,0.8,2849007501,1,3,4,7,3,3,True,True,True
200,4,75,ring,0.8,2849007501,2,2,4,6,2,2,True,True,True
200,4,75,ring,0.8,2849007501,3,2,4,6,2,2,True,True,True
200,4,75,ring,0.8,2849007501,4,2,7,9,2,2,True,True,True
200,4,75,ring,0.8,2849007501,5,2,6,8,2,2,True,True,True
200,4,75,ring,0.8,2849007501,6,2,5,7,2,2,True,True,True
200,4,75,ring,0.8,2849007501,7,4,8,12,4,4,True,True,True
200,4,75,ring,0.8,2849007501,8,5,7,12,5,5,True,True,True
200,4,75,ring,0.8,2849007501,9,2,4,6,2,2,True,True,True
200,4,75,ring,0.8,2849007501,10,6,13,19,6,6,True,True,True
200,4,75,small_world,0.8,2849007501,0,3,9,12,3,3,True,True,True
200,4,75,small_world,0.8,2849007501,1,11,24,35,11,11,True,True,False
200,4,75,small_world,0.8,2849007501,2,8,15,23,8,8,True,True,True
200,4,75,small_world,0.8,2849007501,3,2,2,4,2,2,True,True,True
200,4,75,small_world,0.8,2849007501,4,3,10,13,3,3,True,True,True
200,4,75,small_world,0.8,2849007501,5,2,6,8,2,2,True,True,True
200,4,75,small_world,0.8,2849007501,6,2,6,8,2,2,True,True,True
200,4,75,small_world,0.8,2849007501,7,3,8,11,3,3,True,True,True
200,4,75,small_world,0.8,2849007501,8,2,5,7,2,2,True,True,True
200,4,75,scale_free,0.8,2849007501,0,28,78,106,27,27,False,False,False
200,4,75,er,0.9,2849007501,0,9,37,46,9,9,True,True,True
200,4,75,er,0.9,2849007501,1,2,7,9,2,2,True,True,True
200,4,75,er,0.9,2849007501,2,2,5,7,2,2,True,True,True
200,4,75,er,0.9,2849007501,3,2,3,5,2,2,True,True,True
200,4,75,ring,0.9,2849007501,0,2,5,7,2,2,True,True,True
200,4,75,ring,0.9,2849007501,1,2,4,6,2,2,True,True,True
200,4,75,ring,0.9,2849007501,2,2,7,9,2,2,True,True,True
200,4,75,ring,0.9,2849007501,3,2,7,9,2,2,True,True,True
200,4,75,ring,0.9,2849007501,4,2,7,9,2,2,True,True,True
200,4,75,small_world,0.9,2849007501,0,2,5,7,2,2,True,True,True
200,4,75,small_world,0.9,2849007501,1,4,13,17,4,4,True,True,True
200,4,75,small_world,0.9,2849007501,2,2,7,9,2,2,True,True,True
200,4,75,scale_free,0.9,2849007501,0,17,62,79,17,17,True,True,False
200,4,76,ring,0.4,1726857545,0,15,15,30,13,13,False,False,False
200,4,76,ring,0.4,1726857545,1,6,9,15,6,6,True,True,True
200,4,76,ring,0.4,1726857545,2,3,3,6,2,2,False,False,True
200,4,76,ring,0.4,1726857545,3,3,6,9,3,3,True,True,True
200,4,76,small_world,0.4,1726857545,0,7,7,14,5,5,False,False,True
200,4,76,ring,0.5,1726857545,0,17,19,36,14,14,False,False,False
200,4,76,ring,0.5,1726857545,1,2,4,6,2,2,True,True,True
200,4,76,ring,0.5,1726857545,2,2,7,9,2,2,True,True,True
200,4,76,ring,0.5,1726857545,3,3,3,6,2,2,False,False,True
200,4,76,ring,0.5,1726857545,4,21,21,42,17,17,False,False,False
200,4,76,ring,0.5,1726857545,5,3,3,6,2,2,False,False,True
200,4,76,ring,0.5,1726857545,6,4,5,9,4,4,True,True,True
200,4,76,small_world,0.5,1726857545,0,77,79,156,68,68,False,False,False
200,4,76,small_world,0.5,1726857545,1,2,4,6,2,2,True,True,True
200,4,76,small_world,0.5,1726857545,2,4,5,9,2,2,False,False,True
200,4,76,er,0.6,1726857545,0,64,89,153,64,64,True,True,False
200,4,76,ring,0.6,1726857545,0,5,9,14,5,5,True,True,True
200,4,76,ring,0.6,1726857545,1,2,4,6,2,2,True,True,True
200,4,76,ring,0.6,1726857545,2,3,3,6,2,2,False,False,True
200,4,76,ring,0.6,1726857545,3,3,4,7,3,3,True,True,True
200,4,76,ring,0.6,1726857545,4,15,20,35,14,14,False,False,False
200,4,76,ring,0.6,1726857545,5,22,28,50,20,20,False,False,False
200,4,76,ring,0.6,1726857545,6,2,2,4,2,2,True,True,True
200,4,76,ring,0.6,1726857545,7,5,9,14,5,5,True,True,True
200,4,76,small_world,0.6,1726857545,0,11,20,31,11,11,True,True,False
200,4,76,small_world,0.6,1726857545,1,2,4,6,2,2,True,True,True
200,4,76,small_world,0.6,1726857545,2,62,77,139,57,57,False,False,False
200,4,76,scale_free,0.6,1726857545,0,70,80,150,60,60,False,False,False
200,4,76,er,0.7,1726857545,0,49,89,138,49,49,True,True,False
200,4,76,ring,0.7,1726857545,0,5,9,14,5,5,True,True,True
200,4,76,ring,0.7,1726857545,1,2,4,6,2,2,True,True,True
200,4,76,ring,0.7,1726857545,2,5,8,13,5,5,True,True,True
200,4,76,ring,0.7,1726857545,3,3,6,9,3,3,True,True,True
200,4,76,ring,0.7,1726857545,4,2,5,7,2,2,True,True,True
200,4,76,ring,0.7,1726857545,5,2,5,7,2,2,True,True,True
200,4,76,ring,0.7,1726857545,6,8,16,24,8,8,True,True,True
200,4,76,ring,0.7,1726857545,7,10,20,30,10,10,True,True,True
200,4,76,ring,0.7,1726857545,8,11,16,27,11,11,True,True,False
200,4,76,ring,0.7,1726857545,9,4,5,9,4,4,True,True,True
200,4,76,ring,0.7,1726857545,10,5,9,14,5,5,True,True,True
200,4,76,small_world,0.7,1726857545,0,44,86,130,44,44,True,True,False
200,4,76,small_world,0.7,1726857545,1,2,4,6,2,2,True,True,True
200,4,76,small_world,0.7,1726857545,2,8,12,20,8,8,True,True,True
200,4,76,small_world,0.7,1726857545,3,3,8,11,3,3,True,True,True
200,4,76,scale_free,0.7,1726857545,0,49,78,127,47,47,False,False,False
200,4,76,er,0.8,1726857545,0,26,69,95,26,26,True,True,False
200,4,76,er,0.8,1726857545,1,3,7,10,3,3,True,True,True
200,4,76,ring,0.8,1726857545,0,2,7,9,2,2,True,True,True
200,4,76,ring,0.8,1726857545,1,2,5,7,2,2,True,True,True
200,4,76,ring,0.8,1726857545,2,3,6,9,3,3,True,True,True
200,4,76,ring,0.8,1726857545,3,2,5,7,2,2,True,True,True
200,4,76,ring,0.8,1726857545,4,3,7,10,3,3,True,True,True
200,4,76,ring,0.8,1726857545,5,5,12,17,5,5,True,True,True
200,4,76,ring,0.8,1726857545,6,7,10,17,7,7,True,True,True
200,4,76,ring,0.8,1726857545,7,2,2,4,2,2,True,True,True
200,4,76,ring,0.8,1726857545,8,4,5,9,4,4,True,True,True
200,4,76,ring,0.8,1726857545,9,2,6,8,2,2,True,True,True
200,4,76,small_world,0.8,1726857545,0,2,7,9,2,2,True,True,True
200,4,76,small_world,0.8,1726857545,1,2,7,9,2,2,True,True,True
200,4,76,small_world,0.8,1726857545,2,11,23,34,11,11,True,True,False
200,4,76,small_world,0.8,1726857545,3,4,11,15,4,4,True,True,True
200,4,76,small_world,0.8,1726857545,4,5,14,19,5,5,True,True,True
200,4,76,small_world,0.8,1726857545,5,8,12,20,8,8,True,True,True
200,4,76,scale_free,0.8,1726857545,0,29,46,75,29,29,True,True,False
200,4,76,scale_free,0.8,1726857545,1,2,3,5,2,2,True,True,True
200,4,76,er,0.9,1726857545,0,13,50,63,13,13,True,True,False
200,4,76,er,0.9,1726857545,1,2,5,7,2,2,True,True,True
200,4,76,ring,0.9,1726857545,0,3,9,12,3,3,True,True,True
200,4,76,ring,0.9,1726857545,1,4,11,15,4,4,True,True,True
200,4,76,ring,0.9,1726857545,2,2,6,8,2,2,True,True,True
200,4,76,small_world,0.9,1726857545,0,5,16,21,5,5,True,True,True
200,4,76,small_world,0.9,1726857545,1,3,9,12,3,3,True,True,True
200,4,76,small_world,0.9,1726857545,2,3,8,11,3,3,True,True,True
200,4,76,scale_free,0.9,1726857545,0,13,35,48,13,13,True,True,False
200,4,76,scale_free,0.9,1726857545,1,2,3,5,2,2,True,True,True
200,4,77,er,0.4,3679725767,0,2,2,4,2,2,True,True,True
200,4,77,ring,0.4,3679725767,0,2,2,4,2,2,True,True,True
200,4,77,ring,0.4,3679725767,1,9,9,18,7,7,False,False,True
200,4,77,ring,0.4,3679725767,2,4,7,11,4,4,True,True,True
200,4,77,small_world,0.4,3679725767,0,2,2,4,2,2,True,True,True
200,4,77,small_world,0.4,3679725767,1,3,4,7,3,3,True,True,True
200,4,77,scale_free,0.4,3679725767,0,2,2,4,2,2,True,True,True
200,4,77,er,0.5,3679725767,0,2,2,4,2,2,True,True,True
200,4,77,ring,0.5,3679725767,0,15,18,33,13,13,False,False,False
200,4,77,ring,0.5,3679725767,1,5,5,10,4,4,False,False,True
200,4,77,ring,0.5,3679725767,2,3,4,7,3,3,True,True,True
200,4,77,ring,0.5,3679725767,3,5,7,12,5,5,True,True,True
200,4,77,ring,0.5,3679725767,4,2,5,7,2,2,True,True,True
200,4,77,ring,0.5,3679725767,5,3,7,10,3,3,True,True,True
200,4,77,small_world,0.5,3679725767,0,67,67,134,60,60,False,False,False
200,4,77,small_world,0.5,3679725767,1,3,4,7,3,3,True,True,True
200,4,77,small_world,0.5,3679725767,2,4,9,13,4,4,True,True,True
200,4,77,scale_free,0.5,3679725767,0,72,84,156,60,60,False,False,False
200,4,77,er,0.6,3679725767,0,69,91,160,69,69,True,True,False
200,4,77,ring,0.6,3679725767,0,10,11,21,9,9,False,False,True
200,4,77,ring,0.6,3679725767,1,4,7,11,4,4,True,True,True
200,4,77,ring,0.6,3679725767,2,8,10,18,7,7,False,False,True
200,4,77,ring,0.6,3679725767,3,4,6,10,3,3,False,False,True
200,4,77,ring,0.6,3679725767,4,9,11,20,9,9,True,True,True
200,4,77,ring,0.6,3679725767,5,6,11,17,6,6,True,True,True
200,4,77,ring,0.6,3679725767,6,2,4,6,2,2,True,True,True
200,4,77,ring,0.6,3679725767,7,5,7,12,5,5,True,True,True
200,4,77,ring,0.6,3679725767,8,2,7,9,2,2,True,True,True
200,4,77,small_world,0.6,3679725767,0,70,86,156,65,65,False,False,False
200,4,77,small_world,0.6,3679725767,1,2,3,5,2,2,True,True,True
200,4,77,small_world,0.6,3679725767,2,3,5,8,3,3,True,True,True
200,4,77,small_world,0.6,3679725767,3,2,4,6,2,2,True,True,True
200,4,77,small_world,0.6,3679725767,4,3,9,12,3,3,True,True,True
200,4,77,scale_free,0.6,3679725767,0,66,83,149,55,55,False,False,False
200,4,77,er,0.7,3679725767,0,51,82,133,51,51,True,True,False
200,4,77,er,0.7,3679725767,1,2,4,6,2,2,True,True,True
200,4,77,ring,0.7,3679725767,0,4,6,10,4,4,True,True,True
200,4,77,ring,0.7,3679725767,1,4,6,10,4,4,True,True,True
200,4,77,ring,0.7,3679725767,2,2,6,8,2,2,True,True,True
200,4,77,ring,0.7,3679725767,3,4,7,11,4,4,True,True,True
200,4,77,ring,0.7,3679725767,4,5,9,14,5,5,True,True,True
200,4,77,ring,0.7,3679725767,5,3,6,9,3,3,True,True,True
200,4,77,ring,0.7,3679725767,6,5,5,10,5,5,True,True,True
200,4,77,ring,0.7,3679725767,7,5,7,12,5,5,True,True,True
200,4,77,ring,0.7,3679725767,8,4,6,10,3,3,False,False,True
200,4,77,ring,0.7,3679725767,9,12,20,32,12,12,True,True,False
200,4,77,ring,0.7,3679725767,10,5,12,17,5,5,True,True,True
200,4,77,ring,0.7,3679725767,11,2,4,6,2,2,True,True,True
200,4,77,ring,0.7,3679725767,12,2,5,7,2,2,True,True,True
200,4,77,ring,0.7,3679725767,13,2,7,9,2,2,True,True,True
200,4,77,small_world,0.7,3679725767,0,4,6,10,4,4,True,True,True
200,4,77,small_world,0.7,3679725767,1,14,25,39,14,14,True,True,False
200,4,77,small_world,0.7,3679725767,2,3,6,9,3,3,True,True,True
200,4,77,small_world,0.7,3679725767,3,4,7,11,4,4,True,True,True
200,4,77,small_world,0.7,3679725767,4,7,14,21,7,7,True,True,True
200,4,77,small_world,0.7,3679725767,5,17,26,43,17,17,True,True,False
200,4,77,small_world,0.7,3679725767,6,3,5,8,3,3,True,True,True
200,4,77,small_world,0.7,3679725767,7,2,4,6,2,2,True,True,True
200,4,77,small_world,0.7,3679725767,8,2,5,7,2,2,True,True,True
200,4,77,small_world,0.7,3679725767,9,3,9,12,3,3,True,True,True
200,4,77,scale_free,0.7,3679725767,0,51,84,135,47,47,False,False,False
200,4,77,er,0.8,3679725767,0,33,73,106,33,33,True,True,False
200,4,77,er,0.8,3679725767,1,2,4,6,2,2,True,True,True
200,4,77,er,0.8,3679725767,2,2,5,7,2,2,True,True,True
200,4,77,ring,0.8,3679725767,0,3,7,10,3,3,True,True,True
200,4,77,ring,0.8,3679725767,1,4,6,10,4,4,True,True,True
200,4,77,ring,0.8,3679725767,2,2,6,8,2,2,True,True,True
200,4,77,ring,0.8,3679725767,3,4,7,11,4,4,True,True,True
200,4,77,ring,0.8,3679725767,4,4,9,13,4,4,True,True,True
200,4,77,ring,0.8,3679725767,5,3,7,10,3,3,True,True,True
200,4,77,ring,0.8,3679725767,6,5,7,12,5,5,True,True,True
200,4,77,ring,0.8,3679725767,7,2,6,8,2,2,True,True,True
200,4,77,ring,0.8,3679725767,8,3,7,10,3,3,True,True,True
200,4,77,ring,0.8,3679725767,9,5,10,15,5,5,True,True,True
200,4,77,small_world,0.8,3679725767,0,3,7,10,3,3,True,True,True
200,4,77,small_world,0.8,3679725767,1,4,6,10,4,4,True,True,True
200,4,77,small_world,0.8,3679725767,2,3,7,10,3,3,True,True,True
200,4,77,small_world,0.8,3679725767,3,4,7,11,4,4,True,True,True
200,4,77,small_world,0.8,3679725767,4,3,8,11,3,3,True,True,True
200,4,77,small_world,0.8,3679725767,5,4,13,17,4,4,True,True,True
200,4,77,small_world,0.8,3679725767,6,8,13,21,8,8,True,True,True
200,4,77,small_world,0.8,3679725767,7,2,5,7,2,2,True,True,True
200,4,77,small_world,0.8,3679725767,8,5,9,14,5,5,True,True,True
200,4,77,scale_free,0.8,3679725767,0,35,89,124,34,34,False,False,False
200,4,77,er,0.9,3679725767,0,2,5,7,2,2,True,True,True
200,4,77,er,0.9,3679725767,1,7,23,30,7,7,True,True,True
200,4,77,er,0.9,3679725767,2,2,5,7,2,2,True,True,True
200,4,77,er,0.9,3679725767,3,2,6,8,2,2,True,True,True
200,4,77,ring,0.9,3679725767,0,2,7,9,2,2,True,True,True
200,4,77,ring,0.9,3679725767,1,3,8,11,3,3,True,True,True
200,4,77,ring,0.9,3679725767,2,3,7,10,3,3,True,True,True
200,4,77,small_world,0.9,3679725767,0,2,7,9,2,2,True,True,True
200,4,77,small_world,0.9,3679725767,1,2,6,8,2,2,True,True,True
200,4,77,small_world,0.9,3679725767,2,4,11,15,4,4,True,True,True
200,4,77,small_world,0.9,3679725767,3,3,7,10,3,3,True,True,True
200,4,77,scale_free,0.9,3679725767,0,14,30,44,14,14,True,True,False
200,4,78,ring,0.2,2327074392,0,4,4,8,4,4,True,True,True
200,4,78,ring,0.2,2327074392,1,3,3,6,2,2,False,False,True
200,4,78,small_world,0.2,2327074392,0,4,4,8,3,3,False,False,True
200,4,78,ring,0.3,2327074392,0,14,15,29,14,14,True,True,False
200,4,78,ring,0.3,2327074392,1,4,4,8,4,4,True,True,True
200,4,78,ring,0.3,2327074392,2,3,3,6,2,2,False,False,True
200,4,78,scale_free,0.3,2327074392,0,2,2,4,2,2,True,True,True
200,4,78,ring,0.4,2327074392,0,28,29,57,25,25,False,False,False
200,4,78,ring,0.4,2327074392,1,4,4,8,4,4,True,True,True
200,4,78,ring,0.4,2327074392,2,3,3,6,2,2,False,False,True
200,4,78,small_world,0.4,2327074392,0,4,4,8,4,4,True,True,True
200,4,78,er,0.5,2327074392,0,84,85,169,74,74,False,False,False
200,4,78,ring,0.5,2327074392,0,16,26,42,16,16,True,True,False
200,4,78,ring,0.5,2327074392,1,4,4,8,4,4,True,True,True
200,4,78,ring,0.5,2327074392,2,6,7,13,5,5,False,False,True
200,4,78,ring,0.5,2327074392,3,2,2,4,2,2,True,True,True
200,4,78,ring,0.5,2327074392,4,2,4,6,2,2,True,True,True
200,4,78,ring,0.5,2327074392,5,3,3,6,2,2,False,False,True
200,4,78,ring,0.5,2327074392,6,3,3,6,2,2,False,False,True
200,4,78,ring,0.5,2327074392,7,3,4,7,3,3,True,True,True
200,4,78,ring,0.5,2327074392,8,3,5,8,3,3,True,True,True
200,4,78,ring,0.5,2327074392,9,15,16,31,15,15,True,True,False
200,4,78,small_world,0.5,2327074392,0,5,10,15,5,5,True,True,True
200,4,78,small_world,0.5,2327074392,1,57,60,117,53,53,False,False,False
200,4,78,small_world,0.5,2327074392,2,4,4,8,4,4,True,True,True
200,4,78,small_world,0.5,2327074392,3,3,3,6,2,2,False,False,True
200,4,78,small_world,0.5,2327074392,4,2,3,5,2,2,True,True,True
200,4,78,small_world,0.5,2327074392,5,3,5,8,3,3,True,True,True
200,4,78,small_world,0.5,2327074392,6,3,5,8,3,3,True,True,True
200,4,78,er,0.6,2327074392,0,61,85,146,60,60,False,False,False
200,4,78,er,0.6,2327074392,1,2,2,4,2,2,True,True,True
200,4,78,ring,0.6,2327074392,0,3,10,13,3,3,True,True,True
200,4,78,ring,0.6,2327074392,1,9,12,21,9,9,True,True,True
200,4,78,ring,0.6,2327074392,2,3,6,9,3,3,True,True,True
200,4,78,ring,0.6,2327074392,3,13,18,31,11,11,False,False,False
200,4,78,ring,0.6,2327074392,4,2,2,4,2,2,True,True,True
200,4,78,ring,0.6,2327074392,5,2,4,6,2,2,True,True,True
200,4,78,ring,0.6,2327074392,6,3,3,6,2,2,False,False,True
200,4,78,ring,0.6,2327074392,7,12,14,26,11,11,False,False,False
200,4,78,ring,0.6,2327074392,8,3,4,7,3,3,True,True,True
200,4,78,ring,0.6,2327074392,9,11,19,30,11,11,True,True,False
200,4,78,ring,0.6,2327074392,10,5,10,15,5,5,True,True,True
200,4,78,small_world,0.6,2327074392,0,3,10,13,3,3,True,True,True
200,4,78,small_world,0.6,2327074392,1,3,5,8,3,3,True,True,True
200,4,78,small_world,0.6,2327074392,2,52,75,127,51,51,False,False,False
200,4,78,small_world,0.6,2327074392,3,2,4,6,2,2,True,True,True
200,4,78,small_world,0.6,2327074392,4,3,3,6,2,2,False,False,True
200,4,78,small_world,0.6,2327074392,5,3,4,7,3,3,True,True,True
200,4,78,small_world,0.6,2327074392,6,2,2,4,1,1,False,False,True
200,4,78,small_world,0.6,2327074392,7,3,5,8,3,3,True,True,True
200,4,78,scale_free,0.6,2327074392,0,72,85,157,65,65,False,False,False
200,4,78,er,0.7,2327074392,0,50,89,139,50,50,True,True,False
200,4,78,ring,0.7,2327074392,0,3,10,13,3,3,True,True,True
200,4,78,ring,0.7,2327074392,1,7,14,21,7,7,True,True,True
200,4,78,ring,0.7,2327074392,2,2,5,7,2,2,True,True,True
200,4,78,ring,0.7,2327074392,3,2,6,8,2,2,True,True,True
200,4,78,ring,0.7,2327074392,4,2,6,8,2,2,True,True,True
200,4,78,ring,0.7,2327074392,5,3,6,9,3,3,True,True,True
200,4,78,ring,0.7,2327074392,6,6,9,15,6,6,True,True,True
200,4,78,ring,0.7,2327074392,7,5,10,15,5,5,True,True,True
200,4,78,ring,0.7,2327074392,8,2,4,6,2,2,True,True,True
200,4,78,ring,0.7,2327074392,9,5,9,14,5,5,True,True,True
200,4,78,ring,0.7,2327074392,10,4,6,10,4,4,True,True,True
200,4,78,ring,0.7,2327074392,11,3,8,11,3,3,True,True,True
200,4,78,small_world,0.7,2327074392,0,3,10,13,3,3,True,True,True
200,4,78,small_world,0.7,2327074392,1,9,21,30,9,9,True,True,True
200,4,78,small_world,0.7,2327074392,2,9,15,24,9,9,True,True,True
200,4,78,small_world,0.7,2327074392,3,9,12,21,7,7,False,False,True
200,4,78,small_world,0.7,2327074392,4,7,9,16,7,7,True,True,True
200,4,78,small_world,0.7,2327074392,5,15,29,44,15,15,True,True,False
200,4,78,small_world,0.7,2327074392,6,2,5,7,2,2,True,True,True
200,4,78,scale_free,0.7,2327074392,0,57,78,135,55,55,False,False,False
200,4,78,er,0.8,2327074392,0,29,67,96,29,29,True,True,False
200,4,78,er,0.8,2327074392,1,2,3,5,2,2,True,True,True
200,4,78,ring,0.8,2327074392,0,2,7,9,2,2,True,True,True
200,4,78,ring,0.8,2327074392,1,2,7,9,2,2,True,True,True
200,4,78,ring,0.8,2327074392,2,2,5,7,2,2,True,True,True
200,4,78,ring,0.8,2327074392,3,3,6,9,3,3,True,True,True
200,4,78,ring,0.8,2327074392,4,3,3,6,2,2,False,False,True
200,4,78,ring,0.8,2327074392,5,2,5,7,2,2,True,True,True
200,4,78,ring,0.8,2327074392,6,5,10,15,5,5,True,True,True
200,4,78,ring,0.8,2327074392,7,2,4,6,2,2,True,True,True
200,4,78,ring,0.8,2327074392,8,3,6,9,3,3,True,True,True
200,4,78,ring,0.8,2327074392,9,3,4,7,3,3,True,True,True
200,4,78,small_world,0.8,2327074392,0,2,7,9,2,2,True,True,True
200,4,78,small_world,0.8,2327074392,1,2,7,9,2,2,True,True,True
200,4,78,small_world,0.8,2327074392,2,2,6,8,2,2,True,True,True
200,4,78,small_world,0.8,2327074392,3,2,6,8,2,2,True,True,True
200,4,78,small_world,0.8,2327074392,4,6,6,12,6,6,True,True,True
200,4,78,small_world,0.8,2327074392,5,4,10,14,4,4,True,True,True
200,4,78,small_world,0.8,2327074392,6,3,3,6,2,2,False,False,True
200,4,78,small_world,0.8,2327074392,7,3,6,9,3,3,True,True,True
200,4,78,small_world,0.8,2327074392,8,3,3,6,3,3,True,True,True
200,4,78,scale_free,0.8,2327074392,0,31,56,87,31,31,True,True,False
200,4,78,scale_free,0.8,2327074392,1,4,4,8,4,4,True,True,True
200,4,78,er,0.9,2327074392,0,10,31,41,10,10,True,True,True
200,4,78,er,0.9,2327074392,1,2,4,6,2,2,True,True,True
200,4,78,er,0.9,2327074392,2,2,3,5,2,2,True,True,True
200,4,78,ring,0.9,2327074392,0,2,7,9,2,2,True,True,True
200,4,78,ring,0.9,2327074392,1,4,8,12,4,4,True,True,True
200,4,78,ring,0.9,2327074392,2,2,7,9,2,2,True,True,True
200,4,78,ring,0.9,2327074392,3,2,4,6,2,2,True,True,True
200,4,78,small_world,0.9,2327074392,0,2,7,9,2,2,True,True,True
200,4,78,small_world,0.9,2327074392,1,2,6,8,2,2,True,True,True
200,4,78,small_world,0.9,2327074392,2,4,8,12,4,4,True,True,True
200,4,78,small_world,0.9,2327074392,3,2,7,9,2,2,True,True,True
200,4,78,scale_free,0.9,2327074392,0,10,27,37,10,10,True,True,True
200,4,78,scale_free,0.9,2327074392,1,2,3,5,2,2,True,True,True
200,4,78,scale_free,0.9,2327074392,2,4,12,16,4,4,True,True,True
200,4,79,ring,0.2,4232413134,0,5,5,10,5,5,True,True,True
200,4,79,ring,0.2,4232413134,1,5,5,10,5,5,True,True,True
200,4,79,ring,0.3,4232413134,0,5,5,10,5,5,True,True,True
200,4,79,ring,0.3,4232413134,1,5,5,10,5,5,True,True,True
200,4,79,ring,0.4,4232413134,0,3,3,6,2,2,False,False,True
200,4,79,ring,0.4,4232413134,1,2,2,4,2,2,True,True,True
200,4,79,ring,0.4,4232413134,2,2,2,4,2,2,True,True,True
200,4,79,ring,0.4,4232413134,3,5,6,11,5,5,True,True,True
200,4,79,ring,0.4,4232413134,4,2,2,4,2,2,True,True,True
200,4,79,ring,0.4,4232413134,5,3,3,6,2,2,False,False,True
200,4,79,ring,0.4,4232413134,6,2,2,4,2,2,True,True,True
200,4,79,small_world,0.4,4232413134,0,2,2,4,2,2,True,True,True
200,4,79,small_world,0.4,4232413134,1,2,2,4,2,2,True,True,True
200,4,79,small_world,0.4,4232413134,2,2,2,4,2,2,True,True,True
200,4,79,small_world,0.4,4232413134,3,3,3,6,2,2,False,False,True
200,4,79,small_world,0.4,4232413134,4,2,2,4,2,2,True,True,True
200,4,79,er,0.5,4232413134,0,81,84,165,77,77,False,False,False
200,4,79,ring,0.5,4232413134,0,13,15,28,12,12,False,False,False
200,4,79,ring,0.5,4232413134,1,5,5,10,4,4,False,False,True
200,4,79,ring,0.5,4232413134,2,5,5,10,5,5,True,True,True
200,4,79,ring,0.5,4232413134,3,3,3,6,2,2,False,False,True
200,4,79,ring,0.5,4232413134,4,4,6,10,4,4,True,True,True
200,4,79,ring,0.5,4232413134,5,2,2,4,2,2,True,True,True
200,4,79,ring,0.5,4232413134,6,3,5,8,3,3,True,True,True
200,4,79,ring,0.5,4232413134,7,7,8,15,7,7,True,True,True
200,4,79,ring,0.5,4232413134,8,2,2,4,2,2,True,True,True
200,4,79,ring,0.5,4232413134,9,3,3,6,2,2,False,False,True
200,4,79,small_world,0.5,4232413134,0,52,55,107,45,45,False,False,False
200,4,79,small_world,0.5,4232413134,1,2,3,5,2,2,True,True,True
200,4,79,small_world,0.5,4232413134,2,8,8,16,7,7,False,False,True
200,4,79,small_world,0.5,4232413134,3,6,8,14,6,6,True,True,True
200,4,79,small_world,0.5,4232413134,4,3,3,6,3,3,True,True,True
200,4,79,small_world,0.5,4232413134,5,3,3,6,2,2,False,False,True
200,4,79,scale_free,0.5,4232413134,0,76,85,161,58,58,False,False,False
200,4,79,er,0.6,4232413134,0,61,85,146,61,61,True,True,False
200,4,79,er,0.6,4232413134,1,5,5,10,5,5,True,True,True
200,4,79,ring,0.6,4232413134,0,7,11,18,6,6,False,False,True
200,4,79,ring,0.6,4232413134,1,7,11,18,7,7,True,True,True
200,4,79,ring,0.6,4232413134,2,4,6,10,4,4,True,True,True
200,4,79,ring,0.6,4232413134,3,5,10,15,5,5,True,True,True
200,4,79,ring,0.6,4232413134,4,2,2,4,2,2,True,True,True
200,4,79,ring,0.6,4232413134,5,2,2,4,2,2,True,True,True
200,4,79,ring,0.6,4232413134,6,5,6,11,4,4,False,False,True
200,4,79,ring,0.6,4232413134,7,7,8,15,7,7,True,True,True
200,4,79,ring,0.6,4232413134,8,35,37,72,32,32,False,False,False
200,4,79,ring,0.6,4232413134,9,2,2,4,2,2,True,True,True
200,4,79,ring,0.6,4232413134,10,3,3,6,2,2,False,False,True
200,4,79,small_world,0.6,4232413134,0,4,6,10,3,3,False,False,True
200,4,79,small_world,0.6,4232413134,1,60,73,133,55,55,False,False,False
200,4,79,small_world,0.6,4232413134,2,4,8,12,4,4,True,True,True
200,4,79,small_world,0.6,4232413134,3,2,2,4,2,2,True,True,True
200,4,79,small_world,0.6,4232413134,4,3,4,7,3,3,True,True,True
200,4,79,small_world,0.6,4232413134,5,3,3,6,2,2,False,False,True
200,4,79,scale_free,0.6,4232413134,0,64,88,152,56,56,False,False,False
200,4,79,scale_free,0.6,4232413134,1,2,2,4,2,2,True,True,True
200,4,79,er,0.7,4232413134,0,46,80,126,46,46,True,True,False
200,4,79,er,0.7,4232413134,1,4,4,8,4,4,True,True,True
200,4,79,ring,0.7,4232413134,0,6,10,16,6,6,True,True,True
200,4,79,ring,0.7,4232413134,1,4,9,13,4,4,True,True,True
200,4,79,ring,0.7,4232413134,2,3,4,7,3,3,True,True,True
200,4,79,ring,0.7,4232413134,3,2,4,6,2,2,True,True,True
200,4,79,ring,0.7,4232413134,4,3,5,8,3,3,True,True,True
200,4,79,ring,0.7,4232413134,5,9,16,25,9,9,True,True,True
200,4,79,ring,0.7,4232413134,6,4,6,10,4,4,True,True,True
200,4,79,ring,0.7,4232413134,7,13,18,31,12,12,False,False,False
200,4,79,ring,0.7,4232413134,8,9,18,27,9,9,True,True,True
200,4,79,ring,0.7,4232413134,9,2,2,4,2,2,True,True,True
200,4,79,ring,0.7,4232413134,10,2,2,4,2,2,True,True,True
200,4,79,small_world,0.7,4232413134,0,3,5,8,3,3,True,True,True
200,4,79,small_world,0.7,4232413134,1,4,9,13,4,4,True,True,True
200,4,79,small_world,0.7,4232413134,2,37,68,105,37,37,True,True,False
200,4,79,small_world,0.7,4232413134,3,3,4,7,3,3,True,True,True
200,4,79,small_world,0.7,4232413134,4,3,6,9,3,3,True,True,True
200,4,79,small_world,0.7,4232413134,5,3,4,7,3,3,True,True,True
200,4,79,small_world,0.7,4232413134,6,2,2,4,2,2,True,True,True
200,4,79,scale_free,0.7,4232413134,0,47,88,135,46,46,False,False,False
200,4,79,scale_free,0.7,4232413134,1,2,2,4,2,2,True,True,True
200,4,79,scale_free,0.7,4232413134,2,2,5,7,2,2,True,True,True
200,4,79,er,0.8,4232413134,0,16,40,56,16,16,True,True,False
200,4,79,er,0.8,4232413134,1,2,5,7,2,2,True,True,True
200,4,79,er,0.8,4232413134,2,3,6,9,3,3,True,True,True
200,4,79,er,0.8,4232413134,3,5,9,14,5,5,True,True,True
200,4,79,er,0.8,4232413134,4,2,5,7,2,2,True,True,True
200,4,79,er,0.8,4232413134,5,2,3,5,2,2,True,True,True
200,4,79,er,0.8,4232413134,6,2,3,5,2,2,True,True,True
200,4,79,ring,0.8,4232413134,0,3,5,8,3,3,True,True,True
200,4,79,ring,0.8,4232413134,1,2,5,7,2,2,True,True,True
200,4,79,ring,0.8,4232413134,2,2,4,6,2,2,True,True,True
200,4,79,ring,0.8,4232413134,3,2,4,6,2,2,True,True,True
200,4,79,ring,0.8,4232413134,4,5,12,17,5,5,True,True,True
200,4,79,ring,0.8,4232413134,5,3,7,10,3,3,True,True,True
200,4,79,ring,0.8,4232413134,6,2,6,8,2,2,True,True,True
200,4,79,ring,0.8,4232413134,7,2,4,6,2,2,True,True,True
200,4,79,ring,0.8,4232413134,8,2,4,6,2,2,True,True,True
200,4,79,ring,0.8,4232413134,9,8,15,23,8,8,True,True,True
200,4,79,ring,0.8,4232413134,10,2,5,7,2,2,True,True,True
200,4,79,small_world,0.8,4232413134,0,3,5,8,3,3,True,True,True
200,4,79,small_world,0.8,4232413134,1,4,10,14,4,4,True,True,True
200,4,79,small_world,0.8,4232413134,2,2,6,8,2,2,True,True,True
200,4,79,small_world,0.8,4232413134,3,2,4,6,2,2,True,True,True
200,4,79,small_world,0.8,4232413134,4,8,19,27,8,8,True,True,True
200,4,79,small_world,0.8,4232413134,5,4,10,14,4,4,True,True,True
200,4,79,small_world,0.8,4232413134,6,7,16,23,7,7,True,True,True
200,4,79,small_world,0.8,4232413134,7,3,8,11,3,3,True,True,True
200,4,79,small_world,0.8,4232413134,8,2,5,7,2,2,True,True,True
200,4,79,scale_free,0.8,4232413134,0,34,89,123,33,33,False,False,False
200,4,79,scale_free,0.8,4232413134,1,2,2,4,2,2,True,True,True
200,4,79,er,0.9,4232413134,0,10,36,46,10,10,True,True,True
200,4,79,er,0.9,4232413134,1,2,4,6,2,2,True,True,True
200,4,79,ring,0.9,4232413134,0,3,6,9,3,3,True,True,True
200,4,79,ring,0.9,4232413134,1,4,13,17,4,4,True,True,True
200,4,79,small_world,0.9,4232413134,0,4,15,19,4,4,True,True,True
200,4,79,small_world,0.9,4232413134,1,4,14,18,4,4,True,True,True
200,4,79,small_world,0.9,4232413134,2,3,6,9,3,3,True,True,True
200,4,79,scale_free,0.9,4232413134,0,14,35,49,14,14,True,True,False
200,4,79,scale_free,0.9,4232413134,1,2,4,6,2,2,True,True,True
200,4,80,ring,0.4,1001938041,0,15,16,31,13,13,False,False,False
200,4,80,ring,0.4,1001938041,1,8,10,18,7,7,False,False,True
200,4,80,ring,0.4,1001938041,2,9,11,20,7,7,False,False,True
200,4,80,ring,0.4,1001938041,3,2,2,4,2,2,True,True,True
200,4,80,ring,0.4,1001938041,4,2,2,4,2,2,True,True,True
200,4,80,ring,0.4,1001938041,5,3,3,6,2,2,False,False,True
200,4,80,ring,0.4,1001938041,6,2,2,4,2,2,True,True,True
200,4,80,small_world,0.4,1001938041,0,2,5,7,2,2,True,True,True
200,4,80,small_world,0.4,1001938041,1,2,2,4,2,2,True,True,True
200,4,80,er,0.5,1001938041,0,83,88,171,77,78,False,False,False
200,4,80,ring,0.5,1001938041,0,19,23,42,16,16,False,False,False
200,4,80,ring,0.5,1001938041,1,6,8,14,5,5,False,False,True
200,4,80,ring,0.5,1001938041,2,2,6,8,2,2,True,True,True
200,4,80,ring,0.5,1001938041,3,5,7,12,5,5,True,True,True
200,4,80,ring,0.5,1001938041,4,2,2,4,2,2,True,True,True
200,4,80,ring,0.5,1001938041,5,2,2,4,2,2,True,True,True
200,4,80,ring,0.5,1001938041,6,7,7,14,7,7,True,True,True
200,4,80,small_world,0.5,1001938041,0,76,79,155,66,66,False,False,False
200,4,80,small_world,0.5,1001938041,1,2,5,7,2,2,True,True,True
200,4,80,er,0.6,1001938041,0,68,96,164,66,66,False,False,False
200,4,80,ring,0.6,1001938041,0,3,3,6,2,2,False,False,True
200,4,80,ring,0.6,1001938041,1,6,12,18,6,6,True,True,True
200,4,80,ring,0.6,1001938041,2,4,5,9,4,4,True,True,True
200,4,80,ring,0.6,1001938041,3,15,17,32,14,14,False,False,False
200,4,80,ring,0.6,1001938041,4,6,12,18,6,6,True,True,True
200,4,80,ring,0.6,1001938041,5,2,4,6,2,2,True,True,True
200,4,80,ring,0.6,1001938041,6,6,9,15,6,6,True,True,True
200,4,80,ring,0.6,1001938041,7,4,7,11,4,4,True,True,True
200,4,80,ring,0.6,1001938041,8,2,2,4,2,2,True,True,True
200,4,80,ring,0.6,1001938041,9,2,2,4,2,2,True,True,True
200,4,80,ring,0.6,1001938041,10,4,7,11,4,4,True,True,True
200,4,80,ring,0.6,1001938041,11,2,2,4,2,2,True,True,True
200,4,80,small_world,0.6,1001938041,0,3,3,6,2,2,False,False,True
200,4,80,small_world,0.6,1001938041,1,62,83,145,58,58,False,False,False
200,4,80,small_world,0.6,1001938041,2,2,4,6,2,2,True,True,True
200,4,80,scale_free,0.6,1001938041,0,73,83,156,60,60,False,False,False
200,4,80,er,0.7,1001938041,0,50,94,144,50,50,True,True,False
200,4,80,ring,0.7,1001938041,0,3,3,6,2,2,False,False,True
200,4,80,ring,0.7,1001938041,1,2,5,7,2,2,True,True,True
200,4,80,ring,0.7,1001938041,2,9,13,22,8,8,False,False,True
200,4,80,ring,0.7,1001938041,3,11,18,29,11,11,True,True,False
200,4,80,ring,0.7,1001938041,4,3,8,11,3,3,True,True,True
200,4,80,ring,0.7,1001938041,5,2,5,7,2,2,True,True,True
200,4,80,ring,0.7,1001938041,6,2,4,6,2,2,True,True,True
200,4,80,ring,0.7,1001938041,7,7,12,19,7,7,True,True,True
200,4,80,ring,0.7,1001938041,8,3,7,10,3,3,True,True,True
200,4,80,ring,0.7,1001938041,9,4,7,11,4,4,True,True,True
200,4,80,ring,0.7,1001938041,10,3,3,6,2,2,False,False,True
200,4,80,ring,0.7,1001938041,11,2,2,4,2,2,True,True,True
200,4,80,ring,0.7,1001938041,12,4,7,11,4,4,True,True,True
200,4,80,ring,0.7,1001938041,13,2,2,4,2,2,True,True,True
200,4,80,small_world,0.7,1001938041,0,3,3,6,2,2,False,False,True
200,4,80,small_world,0.7,1001938041,1,35,58,93,35,35,True,True,False
200,4,80,small_world,0.7,1001938041,2,2,5,7,2,2,True,True,True
200,4,80,small_world,0.7,1001938041,3,2,5,7,2,2,True,True,True
200,4,80,small_world,0.7,1001938041,4,3,3,6,3,3,True,True,True
200,4,80,small_world,0.7,1001938041,5,5,9,14,5,5,True,True,True
200,4,80,small_world,0.7,1001938041,6,3,8,11,3,3,True,True,True
200,4,80,small_world,0.7,1001938041,7,2,4,6,2,2,True,True,True
200,4,80,small_world,0.7,1001938041,8,3,3,6,3,3,True,True,True
200,4,80,scale_free,0.7,1001938041,0,52,63,115,44,44,False,False,False
200,4,80,scale_free,0.7,1001938041,1,2,2,4,2,2,True,True,True
200,4,80,er,0.8,1001938041,0,29,76,105,29,29,True,True,False
200,4,80,er,0.8,1001938041,1,2,2,4,2,2,True,True,True
200,4,80,ring,0.8,1001938041,0,3,8,11,3,3,True,True,True
200,4,80,ring,0.8,1001938041,1,5,9,14,5,5,True,True,True
200,4,80,ring,0.8,1001938041,2,4,9,13,4,4,True,True,True
200,4,80,ring,0.8,1001938041,3,4,9,13,4,4,True,True,True
200,4,80,ring,0.8,1001938041,4,2,4,6,2,2,True,True,True
200,4,80,ring,0.8,1001938041,5,6,13,19,6,6,True,True,True
200,4,80,ring,0.8,1001938041,6,3,6,9,3,3,True,True,True
200,4,80,ring,0.8,1001938041,7,4,6,10,4,4,True,True,True
200,4,80,ring,0.8,1001938041,8,2,4,6,2,2,True,True,True
200,4,80,small_world,0.8,1001938041,0,14,28,42,14,14,True,True,False
200,4,80,small_world,0.8,1001938041,1,5,12,17,5,5,True,True,True
200,4,80,small_world,0.8,1001938041,2,3,6,9,3,3,True,True,True
200,4,80,small_world,0.8,1001938041,3,2,3,5,2,2,True,True,True
200,4,80,small_world,0.8,1001938041,4,4,10,14,4,4,True,True,True
200,4,80,small_world,0.8,1001938041,5,4,9,13,4,4,True,True,True
200,4,80,small_world,0.8,1001938041,6,2,4,6,2,2,True,True,True
200,4,80,small_world,0.8,1001938041,7,2,4,6,2,2,True,True,True
200,4,80,scale_free,0.8,1001938041,0,34,58,92,32,32,False,False,False
200,4,80,er,0.9,1001938041,0,6,24,30,6,6,True,True,True
200,4,80,er,0.9,1001938041,1,2,8,10,2,2,True,True,True
200,4,80,ring,0.9,1001938041,0,2,5,7,2,2,True,True,True
200,4,80,ring,0.9,1001938041,1,3,8,11,3,3,True,True,True
200,4,80,ring,0.9,1001938041,2,2,4,6,2,2,True,True,True
200,4,80,ring,0.9,1001938041,3,3,7,10,3,3,True,True,True
200,4,80,small_world,0.9,1001938041,0,2,4,6,2,2,True,True,True
200,4,80,small_world,0.9,1001938041,1,2,5,7,2,2,True,True,True
200,4,80,small_world,0.9,1001938041,2,2,8,10,2,2,True,True,True
200,4,80,small_world,0.9,1001938041,3,7,17,24,7,7,True,True,True
200,4,80,scale_free,0.9,1001938041,0,14,32,46,14,14,True,True,False
200,4,80,scale_free,0.9,1001938041,1,2,2,4,2,2,True,True,True
200,4,81,ring,0.2,978792211,0,2,2,4,2,2,True,True,True
200,4,81,ring,0.2,978792211,1,3,3,6,2,2,False,False,True
200,4,81,small_world,0.2,978792211,0,2,2,4,2,2,True,True,True
200,4,81,small_world,0.2,978792211,1,3,3,6,2,2,False,False,True
200,4,81,ring,0.3,978792211,0,3,3,6,2,2,False,False,True
200,4,81,er,0.4,978792211,0,2,2,4,2,2,True,True,True
200,4,81,ring,0.4,978792211,0,3,3,6,2,2,False,False,True
200,4,81,ring,0.4,978792211,1,16,16,32,14,14,False,False,False
200,4,81,ring,0.4,978792211,2,3,5,8,3,3,True,True,True
200,4,81,ring,0.4,978792211,3,2,4,6,2,2,True,True,True
200,4,81,ring,0.4,978792211,4,10,10,20,8,8,False,False,True
200,4,81,small_world,0.4,978792211,0,2,2,4,2,2,True,True,True
200,4,81,small_world,0.4,978792211,1,5,6,11,5,5,True,True,True
200,4,81,small_world,0.4,978792211,2,3,3,6,3,3,True,True,True
200,4,81,er,0.5,978792211,0,75,77,152,66,66,False,False,False
200,4,81,er,0.5,978792211,1,2,2,4,2,2,True,True,True
200,4,81,ring,0.5,978792211,0,2,2,4,2,2,True,True,True
200,4,81,ring,0.5,978792211,1,8,8,16,7,7,False,False,True
200,4,81,ring,0.5,978792211,2,3,5,8,3,3,True,True,True
200,4,81,ring,0.5,978792211,3,2,2,4,2,2,True,True,True
200,4,81,ring,0.5,978792211,4,2,4,6,2,2,True,True,True
200,4,81,ring,0.5,978792211,5,9,11,20,8,8,False,False,True
200,4,81,ring,0.5,978792211,6,3,3,6,2,2,False,False,True
200,4,81,ring,0.5,978792211,7,24,24,48,21,21,False,False,False
200,4,81,small_world,0.5,978792211,0,2,2,4,2,2,True,True,True
200,4,81,small_world,0.5,978792211,1,3,3,6,3,3,True,True,True
200,4,81,er,0.6,978792211,0,67,87,154,64,64,False,False,False
200,4,81,ring,0.6,978792211,0,2,2,4,2,2,True,True,True
200,4,81,ring,0.6,978792211,1,8,8,16,6,6,False,False,True
200,4,81,ring,0.6,978792211,2,2,2,4,2,2,True,True,True
200,4,81,ring,0.6,978792211,3,2,4,6,2,2,True,True,True
200,4,81,ring,0.6,978792211,4,3,5,8,3,3,True,True,True
200,4,81,ring,0.6,978792211,5,4,5,9,4,4,True,True,True
200,4,81,ring,0.6,978792211,6,5,9,14,5,5,True,True,True
200,4,81,ring,0.6,978792211,7,2,4,6,2,2,True,True,True
200,4,81,ring,0.6,978792211,8,7,13,20,7,7,True,True,True
200,4,81,ring,0.6,978792211,9,22,34,56,22,22,True,True,False
200,4,81,small_world,0.6,978792211,0,66,82,148,60,60,False,False,False
200,4,81,small_world,0.6,978792211,1,2,2,4,2,2,True,True,True
200,4,81,small_world,0.6,978792211,2,2,4,6,2,2,True,True,True
200,4,81,small_world,0.6,978792211,3,2,3,5,2,2,True,True,True
200,4,81,scale_free,0.6,978792211,0,65,85,150,51,51,False,False,False
200,4,81,scale_free,0.6,978792211,1,3,3,6,3,3,True,True,True
200,4,81,er,0.7,978792211,0,53,90,143,53,53,True,True,False
200,4,81,er,0.7,978792211,1,2,4,6,2,2,True,True,True
200,4,81,ring,0.7,978792211,0,8,11,19,7,7,False,False,True
200,4,81,ring,0.7,978792211,1,9,9,18,9,9,True,True,True
200,4,81,ring,0.7,978792211,2,2,2,4,2,2,True,True,True
200,4,81,ring,0.7,978792211,3,2,4,6,2,2,True,True,True
200,4,81,ring,0.7,978792211,4,2,5,7,2,2,True,True,True
200,4,81,ring,0.7,978792211,5,2,6,8,2,2,True,True,True
200,4,81,ring,0.7,978792211,6,3,5,8,3,3,True,True,True
200,4,81,ring,0.7,978792211,7,6,11,17,6,6,True,True,True
200,4,81,ring,0.7,978792211,8,6,11,17,6,6,True,True,True
200,4,81,ring,0.7,978792211,9,7,14,21,7,7,True,True,True
200,4,81,small_world,0.7,978792211,0,50,77,127,47,47,False,False,False
200,4,81,small_world,0.7,978792211,1,2,2,4,2,2,True,True,True
200,4,81,small_world,0.7,978792211,2,2,4,6,2,2,True,True,True
200,4,81,scale_free,0.7,978792211,0,49,88,137,41,41,False,False,False
200,4,81,er,0.8,978792211,0,31,69,100,31,31,True,True,False
200,4,81,er,0.8,978792211,1,2,5,7,2,2,True,True,True
200,4,81,er,0.8,978792211,2,2,4,6,2,2,True,True,True
200,4,81,ring,0.8,978792211,0,2,5,7,2,2,True,True,True
200,4,81,ring,0.8,978792211,1,6,8,14,6,6,True,True,True
200,4,81,ring,0.8,978792211,2,7,13,20,7,7,True,True,True
200,4,81,ring,0.8,978792211,3,2,4,6,2,2,True,True,True
200,4,81,ring,0.8,978792211,4,2,5,7,2,2,True,True,True
200,4,81,ring,0.8,978792211,5,2,6,8,2,2,True,True,True
200,4,81,ring,0.8,978792211,6,2,4,6,2,2,True,True,True
200,4,81,ring,0.8,978792211,7,3,7,10,3,3,True,True,True
200,4,81,ring,0.8,978792211,8,2,5,7,2,2,True,True,True
200,4,81,ring,0.8,978792211,9,3,9,12,3,3,True,True,True
200,4,81,ring,0.8,978792211,10,2,5,7,2,2,True,True,True
200,4,81,small_world,0.8,978792211,0,12,30,42,12,12,True,True,False
200,4,81,small_world,0.8,978792211,1,7,12,19,7,7,True,True,True
200,4,81,small_world,0.8,978792211,2,9,18,27,9,9,True,True,True
200,4,81,small_world,0.8,978792211,3,2,4,6,2,2,True,True,True
200,4,81,small_world,0.8,978792211,4,2,5,7,2,2,True,True,True
200,4,81,small_world,0.8,978792211,5,2,4,6,2,2,True,True,True
200,4,81,scale_free,0.8,978792211,0,30,67,97,30,30,True,True,False
200,4,81,scale_free,0.8,978792211,1,2,2,4,2,2,True,True,True
200,4,81,er,0.9,978792211,0,2,5,7,2,2,True,True,True
200,4,81,er,0.9,978792211,1,10,30,40,10,10,True,True,True
200,4,81,er,0.9,978792211,2,2,5,7,2,2,True,True,True
200,4,81,er,0.9,978792211,3,3,8,11,3,3,True,True,True
200,4,81,ring,0.9,978792211,0,4,9,13,4,4,True,True,True
200,4,81,ring,0.9,978792211,1,4,10,14,4,4,True,True,True
200,4,81,ring,0.9,978792211,2,2,6,8,2,2,True,True,True
200,4,81,ring,0.9,978792211,3,2,5,7,2,2,True,True,True
200,4,81,small_world,0.9,978792211,0,3,10,13,3,3,True,True,True
200,4,81,small_world,0.9,978792211,1,2,5,7,2,2,True,True,True
200,4,81,small_world,0.9,978792211,2,5,13,18,5,5,True,True,True
200,4,81,small_world,0.9,978792211,3,5,14,19,5,5,True,True,True
200,4,81,scale_free,0.9,978792211,0,13,39,52,13,13,True,True,False
200,4,82,ring,0.2,4158769959,0,2,2,4,2,2,True,True,True
200,4,82,small_world,0.2,4158769959,0,2,2,4,2,2,True,True,True
200,4,82,small_world,0.2,4158769959,1,2,2,4,2,2,True,True,True
200,4,82,er,0.3,4158769959,0,2,2,4,2,2,True,True,True
200,4,82,ring,0.4,4158769959,0,4,4,8,3,3,False,False,True
200,4,82,ring,0.4,4158769959,1,2,2,4,2,2,True,True,True
200,4,82,ring,0.4,4158769959,2,2,2,4,2,2,True,True,True
200,4,82,ring,0.4,4158769959,3,3,4,7,3,3,True,True,True
200,4,82,ring,0.4,4158769959,4,3,3,6,2,2,False,False,True
200,4,82,ring,0.4,4158769959,5,9,9,18,8,8,False,False,True
200,4,82,small_world,0.4,4158769959,0,3,3,6,2,2,False,False,True
200,4,82,er,0.5,4158769959,0,76,76,152,67,67,False,False,False
200,4,82,ring,0.5,4158769959,0,4,4,8,3,3,False,False,True
200,4,82,ring,0.5,4158769959,1,2,2,4,2,2,True,True,True
200,4,82,ring,0.5,4158769959,2,2,5,7,2,2,True,True,True
200,4,82,ring,0.5,4158769959,3,6,8,14,6,6,True,True,True
200,4,82,ring,0.5,4158769959,4,15,16,31,13,13,False,False,False
200,4,82,ring,0.5,4158769959,5,14,14,28,12,12,False,False,False
200,4,82,ring,0.5,4158769959,6,4,5,9,3,3,False,False,True
200,4,82,ring,0.5,4158769959,7,11,13,24,10,10,False,False,False
200,4,82,small_world,0.5,4158769959,0,89,90,179,79,79,False,False,False
200,4,82,scale_free,0.5,4158769959,0,82,84,166,63,63,False,False,False
200,4,82,er,0.6,4158769959,0,67,94,161,63,63,False,False,False
200,4,82,ring,0.6,4158769959,0,13,14,27,12,12,False,False,False
200,4,82,ring,0.6,4158769959,1,9,10,19,7,7,False,False,True
200,4,82,ring,0.6,4158769959,2,3,5,8,3,3,True,True,True
200,4,82,ring,0.6,4158769959,3,2,5,7,2,2,True,True,True
200,4,82,ring,0.6,4158769959,4,9,15,24,9,9,True,True,True
200,4,82,ring,0.6,4158769959,5,11,15,26,11,11,True,True,False
200,4,82,ring,0.6,4158769959,6,14,22,36,13,13,False,False,False
200,4,82,small_world,0.6,4158769959,0,80,106,186,76,76,False,False,False
200,4,82,scale_free,0.6,4158769959,0,62,81,143,53,53,False,False,False
200,4,82,scale_free,0.6,4158769959,1,2,5,7,2,2,True,True,True
200,4,82,er,0.7,4158769959,0,46,87,133,46,46,True,True,False
200,4,82,er,0.7,4158769959,1,2,3,5,2,2,True,True,True
200,4,82,ring,0.7,4158769959,0,4,11,15,4,4,True,True,True
200,4,82,ring,0.7,4158769959,1,6,7,13,5,5,False,False,True
200,4,82,ring,0.7,4158769959,2,15,18,33,15,15,True,True,False
200,4,82,ring,0.7,4158769959,3,2,5,7,2,2,True,True,True
200,4,82,ring,0.7,4158769959,4,6,6,12,5,5,False,False,True
200,4,82,ring,0.7,4158769959,5,2,5,7,2,2,True,True,True
200,4,82,ring,0.7,4158769959,6,8,16,24,8,8,True,True,True
200,4,82,ring,0.7,4158769959,7,5,15,20,5,5,True,True,True
200,4,82,ring,0.7,4158769959,8,2,4,6,2,2,True,True,True
200,4,82,ring,0.7,4158769959,9,4,9,13,4,4,True,True,True
200,4,82,ring,0.7,4158769959,10,3,5,8,3,3,True,True,True
200,4,82,small_world,0.7,4158769959,0,30,59,89,30,30,True,True,False
200,4,82,small_world,0.7,4158769959,1,2,5,7,2,2,True,True,True
200,4,82,small_world,0.7,4158769959,2,4,4,8,4,4,True,True,True
200,4,82,small_world,0.7,4158769959,3,10,15,25,10,10,True,True,True
200,4,82,small_world,0.7,4158769959,4,2,8,10,2,2,True,True,True
200,4,82,small_world,0.7,4158769959,5,7,9,16,6,6,False,False,True
200,4,82,small_world,0.7,4158769959,6,4,9,13,4,4,True,True,True
200,4,82,scale_free,0.7,4158769959,0,53,83,136,51,51,False,False,False
200,4,82,scale_free,0.7,4158769959,1,2,5,7,2,2,True,True,True
200,4,82,er,0.8,4158769959,0,29,65,94,29,29,True,True,False
200,4,82,er,0.8,4158769959,1,2,2,4,2,2,True,True,True
200,4,82,ring,0.8,4158769959,0,4,11,15,4,4,True,True,True
200,4,82,ring,0.8,4158769959,1,5,7,12,4,4,False,False,True
200,4,82,ring,0.8,4158769959,2,7,11,18,7,7,True,True,True
200,4,82,ring,0.8,4158769959,3,2,5,7,2,2,True,True,True
200,4,82,ring,0.8,4158769959,4,5,7,12,4,4,False,False,True
200,4,82,ring,0.8,4158769959,5,4,9,13,4,4,True,True,True
200,4,82,ring,0.8,4158769959,6,4,12,16,4,4,True,True,True
200,4,82,ring,0.8,4158769959,7,2,4,6,2,2,True,True,True
200,4,82,ring,0.8,4158769959,8,2,5,7,2,2,True,True,True
200,4,82,ring,0.8,4158769959,9,2,6,8,2,2,True,True,True
200,4,82,small_world,0.8,4158769959,0,8,20,28,8,8,True,True,True
200,4,82,small_world,0.8,4158769959,1,2,5,7,2,2,True,True,True
200,4,82,small_world,0.8,4158769959,2,3,4,7,3,3,True,True,True
200,4,82,small_world,0.8,4158769959,3,8,15,23,8,8,True,True,True
200,4,82,small_world,0.8,4158769959,4,5,14,19,5,5,True,True,True
200,4,82,small_world,0.8,4158769959,5,3,7,10,3,3,True,True,True
200,4,82,small_world,0.8,4158769959,6,6,10,16,6,6,True,True,True
200,4,82,small_world,0.8,4158769959,7,2,4,6,2,2,True,True,True
200,4,82,scale_free,0.8,4158769959,0,31,77,108,31,31,True,True,False
200,4,82,scale_free,0.8,4158769959,1,2,2,4,2,2,True,True,True
200,4,82,scale_free,0.8,4158769959,2,2,5,7,2,2,True,True,True
200,4,82,er,0.9,4158769959,0,2,5,7,2,2,True,True,True
200,4,82,er,0.9,4158769959,1,14,43,57,14,14,True,True,False
200,4,82,ring,0.9,4158769959,0,2,7,9,2,2,True,True,True
200,4,82,ring,0.9,4158769959,1,2,5,7,2,2,True,True,True
200,4,82,ring,0.9,4158769959,2,2,5,7,2,2,True,True,True
200,4,82,ring,0.9,4158769959,3,2,5,7,2,2,True,True,True
200,4,82,ring,0.9,4158769959,4,3,7,10,3,3,True,True,True
200,4,82,ring,0.9,4158769959,5,2,7,9,2,2,True,True,True
200,4,82,ring,0.9,4158769959,6,2,5,7,2,2,True,True,True
200,4,82,small_world,0.9,4158769959,0,2,7,9,2,2,True,True,True
200,4,82,small_world,0.9,4158769959,1,6,13,19,6,6,True,True,True
200,4,82,small_world,0.9,4158769959,2,3,10,13,3,3,True,True,True
200,4,82,small_world,0.9,4158769959,3,2,6,8,2,2,True,True,True
200,4,82,small_world,0.9,4158769959,4,2,4,6,2,2,True,True,True
200,4,82,scale_free,0.9,4158769959,0,17,59,76,17,17,True,True,False
200,4,83,ring,0.3,3530967013,0,2,2,4,2,2,True,True,True
200,4,83,ring,0.3,3530967013,1,3,3,6,2,2,False,False,True
200,4,83,ring,0.4,3530967013,0,2,2,4,2,2,True,True,True
200,4,83,ring,0.4,3530967013,1,3,3,6,2,2,False,False,True
200,4,83,small_world,0.4,3530967013,0,2,2,4,2,2,True,True,True
200,4,83,scale_free,0.4,3530967013,0,4,4,8,4,4,True,True,True
200,4,83,er,0.5,3530967013,0,80,80,160,72,72,False,False,False
200,4,83,ring,0.5,3530967013,0,10,13,23,9,9,False,False,True
200,4,83,ring,0.5,3530967013,1,3,3,6,2,2,False,False,True
200,4,83,ring,0.5,3530967013,2,2,2,4,2,2,True,True,True
200,4,83,ring,0.5,3530967013,3,11,11,22,10,10,False,False,False
200,4,83,ring,0.5,3530967013,4,11,11,22,10,10,False,False,False
200,4,83,small_world,0.5,3530967013,0,4,6,10,3,3,False,False,True
200,4,83,small_world,0.5,3530967013,1,2,3,5,2,2,True,True,True
200,4,83,small_world,0.5,3530967013,2,2,2,4,2,2,True,True,True
200,4,83,scale_free,0.5,3530967013,0,74,80,154,54,54,False,False,False
200,4,83,scale_free,0.5,3530967013,1,3,3,6,3,3,True,True,True
200,4,83,scale_free,0.5,3530967013,2,2,2,4,2,2,True,True,True
200,4,83,er,0.6,3530967013,0,71,92,163,70,70,False,False,False
200,4,83,ring,0.6,3530967013,0,4,6,10,4,4,True,True,True
200,4,83,ring,0.6,3530967013,1,23,23,46,20,20,False,False,False
200,4,83,ring,0.6,3530967013,2,4,6,10,3,3,False,False,True
200,4,83,ring,0.6,3530967013,3,12,13,25,10,10,False,False,False
200,4,83,ring,0.6,3530967013,4,3,4,7,3,3,True,True,True
200,4,83,ring,0.6,3530967013,5,9,9,18,7,7,False,False,True
200,4,83,ring,0.6,3530967013,6,9,13,22,8,8,False,False,True
200,4,83,ring,0.6,3530967013,7,5,8,13,5,5,True,True,True
200,4,83,ring,0.6,3530967013,8,3,3,6,2,2,False,False,True
200,4,83,small_world,0.6,3530967013,0,48,55,103,45,45,False,False,False
200,4,83,small_world,0.6,3530967013,1,4,6,10,4,4,True,True,True
200,4,83,small_world,0.6,3530967013,2,10,15,25,9,9,False,False,True
200,4,83,small_world,0.6,3530967013,3,4,6,10,3,3,False,False,True
200,4,83,small_world,0.6,3530967013,4,2,3,5,2,2,True,True,True
200,4,83,small_world,0.6,3530967013,5,2,2,4,2,2,True,True,True
200,4,83,scale_free,0.6,3530967013,0,65,87,152,57,57,False,False,False
200,4,83,er,0.7,3530967013,0,54,99,153,54,54,True,True,False
200,4,83,ring,0.7,3530967013,0,3,4,7,3,3,True,True,True
200,4,83,ring,0.7,3530967013,1,2,4,6,2,2,True,True,True
200,4,83,ring,0.7,3530967013,2,14,19,33,14,14,True,True,False
200,4,83,ring,0.7,3530967013,3,4,6,10,4,4,True,True,True
200,4,83,ring,0.7,3530967013,4,4,6,10,3,3,False,False,True
200,4,83,ring,0.7,3530967013,5,9,16,25,9,9,True,True,True
200,4,83,ring,0.7,3530967013,6,2,4,6,2,2,True,True,True
200,4,83,ring,0.7,3530967013,7,8,10,18,7,7,False,False,True
200,4,83,ring,0.7,3530967013,8,5,12,17,5,5,True,True,True
200,4,83,ring,0.7,3530967013,9,3,8,11,3,3,True,True,True
200,4,83,ring,0.7,3530967013,10,2,2,4,2,2,True,True,True
200,4,83,small_world,0.7,3530967013,0,44,68,112,43,43,False,False,False
200,4,83,small_world,0.7,3530967013,1,2,4,6,2,2,True,True,True
200,4,83,small_world,0.7,3530967013,2,3,8,11,3,3,True,True,True
200,4,83,scale_free,0.7,3530967013,0,51,86,137,47,47,False,False,False
200,4,83,er,0.8,3530967013,0,32,83,115,32,32,True,True,False
200,4,83,er,0.8,3530967013,1,2,6,8,2,2,True,True,True
200,4,83,ring,0.8,3530967013,0,4,7,11,4,4,True,True,True
200,4,83,ring,0.8,3530967013,1,2,6,8,2,2,True,True,True
200,4,83,ring,0.8,3530967013,2,3,8,11,3,3,True,True,True
200,4,83,ring,0.8,3530967013,3,4,6,10,4,4,True,True,True
200,4,83,ring,0.8,3530967013,4,4,6,10,3,3,False,False,True
200,4,83,ring,0.8,3530967013,5,2,6,8,2,2,True,True,True
200,4,83,ring,0.8,3530967013,6,3,8,11,3,3,True,True,True
200,4,83,ring,0.8,3530967013,7,2,4,6,2,2,True,True,True
200,4,83,ring,0.8,3530967013,8,4,6,10,4,4,True,True,True
200,4,83,ring,0.8,3530967013,9,3,8,11,3,3,True,True,True
200,4,83,small_world,0.8,3530967013,0,14,23,37,14,14,True,True,False
200,4,83,small_world,0.8,3530967013,1,2,6,8,2,2,True,True,True
200,4,83,small_world,0.8,3530967013,2,3,8,11,3,3,True,True,True
200,4,83,small_world,0.8,3530967013,3,2,6,8,2,2,True,True,True
200,4,83,small_world,0.8,3530967013,4,2,6,8,2,2,True,True,True
200,4,83,small_world,0.8,3530967013,5,6,9,15,5,5,False,False,True
200,4,83,small_world,0.8,3530967013,6,2,5,7,2,2,True,True,True
200,4,83,scale_free,0.8,3530967013,0,34,72,106,34,34,True,True,False
200,4,83,scale_free,0.8,3530967013,1,2,2,4,2,2,True,True,True
200,4,83,er,0.9,3530967013,0,8,27,35,8,8,True,True,True
200,4,83,er,0.9,3530967013,1,4,15,19,4,4,True,True,True
200,4,83,ring,0.9,3530967013,0,4,10,14,4,4,True,True,True
200,4,83,ring,0.9,3530967013,1,3,8,11,3,3,True,True,True
200,4,83,ring,0.9,3530967013,2,2,4,6,2,2,True,True,True
200,4,83,small_world,0.9,3530967013,0,5,13,18,5,5,True,True,True
200,4,83,small_world,0.9,3530967013,1,2,6,8,2,2,True,True,True
200,4,83,small_world,0.9,3530967013,2,3,7,10,3,3,True,True,True
200,4,83,scale_free,0.9,3530967013,0,14,31,45,14,14,True,True,False
200,4,83,scale_free,0.9,3530967013,1,3,9,12,3,3,True,True,True
200,4,84,er,0.1,3774907959,0,2,2,4,2,2,True,True,True
200,4,84,scale_free,0.1,3774907959,0,2,2,4,2,2,True,True,True
200,4,84,scale_free,0.2,3774907959,0,2,2,4,2,2,True,True,True
200,4,84,er,0.3,3774907959,0,3,4,7,3,3,True,True,True
200,4,84,ring,0.3,3774907959,0,2,2,4,2,2,True,True,True
200,4,84,small_world,0.3,3774907959,0,2,2,4,2,2,True,True,True
200,4,84,ring,0.4,3774907959,0,2,2,4,2,2,True,True,True
200,4,84,ring,0.4,3774907959,1,6,8,14,5,5,False,False,True
200,4,84,ring,0.4,3774907959,2,16,16,32,14,14,False,False,False
200,4,84,ring,0.4,3774907959,3,5,5,10,5,5,True,True,True
200,4,84,ring,0.4,3774907959,4,3,4,7,3,3,True,True,True
200,4,84,small_world,0.4,3774907959,0,2,2,4,2,2,True,True,True
200,4,84,er,0.5,3774907959,0,74,75,149,70,70,False,False,False
200,4,84,er,0.5,3774907959,1,2,2,4,2,2,True,True,True
200,4,84,er,0.5,3774907959,2,2,2,4,2,2,True,True,True
200,4,84,er,0.5,3774907959,3,2,2,4,2,2,True,True,True
200,4,84,ring,0.5,3774907959,0,5,8,13,4,4,False,False,True
200,4,84,ring,0.5,3774907959,1,5,9,14,5,5,True,True,True
200,4,84,ring,0.5,3774907959,2,8,10,18,8,8,True,True,True
200,4,84,ring,0.5,3774907959,3,2,2,4,2,2,True,True,True
200,4,84,ring,0.5,3774907959,4,5,5,10,5,5,True,True,True
200,4,84,ring,0.5,3774907959,5,3,4,7,3,3,True,True,True
200,4,84,small_world,0.5,3774907959,0,4,4,8,4,4,True,True,True
200,4,84,small_world,0.5,3774907959,1,5,8,13,4,4,False,False,True
200,4,84,small_world,0.5,3774907959,2,2,4,6,2,2,True,True,True
200,4,84,scale_free,0.5,3774907959,0,78,81,159,59,59,False,False,False
200,4,84,er,0.6,3774907959,0,63,88,151,63,63,True,True,False
200,4,84,er,0.6,3774907959,1,2,2,4,2,2,True,True,True
200,4,84,er,0.6,3774907959,2,2,2,4,2,2,True,True,True
200,4,84,ring,0.6,3774907959,0,26,29,55,22,22,False,False,False
200,4,84,ring,0.6,3774907959,1,4,5,9,3,3,False,False,True
200,4,84,ring,0.6,3774907959,2,3,7,10,3,3,True,True,True
200,4,84,ring,0.6,3774907959,3,6,12,18,6,6,True,True,True
200,4,84,ring,0.6,3774907959,4,3,3,6,2,2,False,False,True
200,4,84,ring,0.6,3774907959,5,7,10,17,7,7,True,True,True
200,4,84,small_world,0.6,3774907959,0,60,73,133,56,56,False,False,False
200,4,84,small_world,0.6,3774907959,1,4,5,9,4,4,True,True,True
200,4,84,small_world,0.6,3774907959,2,10,12,22,8,8,False,False,True
200,4,84,small_world,0.6,3774907959,3,4,5,9,3,3,False,False,True
200,4,84,scale_free,0.6,3774907959,0,66,89,155,56,56,False,False,False
200,4,84,er,0.7,3774907959,0,47,82,129,47,47,True,True,False
200,4,84,er,0.7,3774907959,1,2,3,5,2,2,True,True,True
200,4,84,ring,0.7,3774907959,0,22,32,54,20,20,False,False,False
200,4,84,ring,0.7,3774907959,1,8,10,18,8,8,True,True,True
200,4,84,ring,0.7,3774907959,2,5,7,12,5,5,True,True,True
200,4,84,ring,0.7,3774907959,3,2,5,7,2,2,True,True,True
200,4,84,ring,0.7,3774907959,4,10,14,24,10,10,True,True,True
200,4,84,ring,0.7,3774907959,5,5,12,17,5,5,True,True,True
200,4,84,ring,0.7,3774907959,6,6,13,19,6,6,True,True,True
200,4,84,small_world,0.7,3774907959,0,40,64,104,38,38,False,False,False
200,4,84,small_world,0.7,3774907959,1,5,5,10,5,5,True,True,True
200,4,84,small_world,0.7,3774907959,2,3,8,11,3,3,True,True,True
200,4,84,small_world,0.7,3774907959,3,4,5,9,4,4,True,True,True
200,4,84,small_world,0.7,3774907959,4,6,9,15,5,5,False,False,True
200,4,84,scale_free,0.7,3774907959,0,55,97,152,52,52,False,False,False
200,4,84,er,0.8,3774907959,0,2,3,5,2,2,True,True,True
200,4,84,er,0.8,3774907959,1,18,46,64,18,18,True,True,False
200,4,84,er,0.8,3774907959,2,3,8,11,3,3,True,True,True
200,4,84,er,0.8,3774907959,3,2,3,5,2,2,True,True,True
200,4,84,er,0.8,3774907959,4,3,4,7,3,3,True,True,True
200,4,84,ring,0.8,3774907959,0,9,15,24,8,8,False,False,True
200,4,84,ring,0.8,3774907959,1,5,10,15,5,5,True,True,True
200,4,84,ring,0.8,3774907959,2,2,5,7,2,2,True,True,True
200,4,84,ring,0.8,3774907959,3,4,7,11,4,4,True,True,True
200,4,84,ring,0.8,3774907959,4,2,5,7,2,2,True,True,True
200,4,84,ring,0.8,3774907959,5,2,5,7,2,2,True,True,True
200,4,84,ring,0.8,3774907959,6,3,5,8,3,3,True,True,True
200,4,84,ring,0.8,3774907959,7,2,7,9,2,2,True,True,True
200,4,84,ring,0.8,3774907959,8,2,4,6,2,2,True,True,True
200,4,84,small_world,0.8,3774907959,0,13,29,42,13,13,True,True,False
200,4,84,small_world,0.8,3774907959,1,6,9,15,6,6,True,True,True
200,4,84,small_world,0.8,3774907959,2,3,8,11,3,3,True,True,True
200,4,84,small_world,0.8,3774907959,3,3,5,8,3,3,True,True,True
200,4,84,small_world,0.8,3774907959,4,3,7,10,3,3,True,True,True
200,4,84,small_world,0.8,3774907959,5,3,7,10,3,3,True,True,True
200,4,84,small_world,0.8,3774907959,6,2,6,8,2,2,True,True,True
200,4,84,small_world,0.8,3774907959,7,2,8,10,2,2,True,True,True
200,4,84,small_world,0.8,3774907959,8,2,6,8,2,2,True,True,True
200,4,84,scale_free,0.8,3774907959,0,37,74,111,37,37,True,True,False
200,4,84,er,0.9,3774907959,0,5,15,20,5,5,True,True,True
200,4,84,er,0.9,3774907959,1,4,10,14,4,4,True,True,True
200,4,84,er,0.9,3774907959,2,3,8,11,3,3,True,True,True
200,4,84,ring,0.9,3774907959,0,3,7,10,3,3,True,True,True
200,4,84,ring,0.9,3774907959,1,2,6,8,2,2,True,True,True
200,4,84,ring,0.9,3774907959,2,2,5,7,2,2,True,True,True
200,4,84,ring,0.9,3774907959,3,2,5,7,2,2,True,True,True
200,4,84,ring,0.9,3774907959,4,2,7,9,2,2,True,True,True
200,4,84,small_world,0.9,3774907959,0,3,7,10,3,3,True,True,True
200,4,84,small_world,0.9,3774907959,1,2,6,8,2,2,True,True,True
200,4,84,small_world,0.9,3774907959,2,3,8,11,3,3,True,True,True
200,4,84,small_world,0.9,3774907959,3,2,5,7,2,2,True,True,True
200,4,84,small_world,0.9,3774907959,4,2,8,10,2,2,True,True,True
200,4,84,scale_free,0.9,3774907959,0,11,25,36,11,11,True,True,False
200,4,84,scale_free,0.9,3774907959,1,3,11,14,3,3,True,True,True
200,4,85,small_world,0.2,2070020826,0,4,4,8,3,3,False,False,True
200,4,85,scale_free,0.2,2070020826,0,2,4,6,2,2,True,True,True
200,4,85,small_world,0.3,2070020826,0,3,3,6,2,2,False,False,True
200,4,85,small_world,0.3,2070020826,1,3,5,8,3,3,True,True,True
200,4,85,scale_free,0.3,2070020826,0,2,4,6,2,2,True,True,True
200,4,85,ring,0.4,2070020826,0,3,3,6,2,2,False,False,True
200,4,85,small_world,0.4,2070020826,0,3,5,8,3,3,True,True,True
200,4,85,er,0.5,2070020826,0,82,87,169,77,77,False,False,False
200,4,85,ring,0.5,2070020826,0,15,18,33,13,13,False,False,False
200,4,85,ring,0.5,2070020826,1,2,2,4,2,2,True,True,True
200,4,85,ring,0.5,2070020826,2,3,6,9,3,3,True,True,True
200,4,85,ring,0.5,2070020826,3,18,18,36,13,13,False,False,False
200,4,85,ring,0.5,2070020826,4,11,12,23,11,11,True,True,False
200,4,85,small_world,0.5,2070020826,0,2,3,5,2,2,True,True,True
200,4,85,small_world,0.5,2070020826,1,2,4,6,2,2,True,True,True
200,4,85,er,0.6,2070020826,0,67,90,157,65,65,False,False,False
200,4,85,er,0.6,2070020826,1,2,3,5,2,2,True,True,True
200,4,85,ring,0.6,2070020826,0,19,22,41,18,18,False,False,False
200,4,85,ring,0.6,2070020826,1,5,6,11,4,4,False,False,True
200,4,85,ring,0.6,2070020826,2,2,7,9,2,2,True,True,True
200,4,85,ring,0.6,2070020826,3,4,5,9,4,4,True,True,True
200,4,85,ring,0.6,2070020826,4,2,2,4,2,2,True,True,True
200,4,85,ring,0.6,2070020826,5,3,6,9,3,3,True,True,True
200,4,85,ring,0.6,2070020826,6,4,6,10,4,4,True,True,True
200,4,85,ring,0.6,2070020826,7,6,7,13,6,6,True,True,True
200,4,85,ring,0.6,2070020826,8,2,2,4,2,2,True,True,True
200,4,85,ring,0.6,2070020826,9,6,6,12,5,5,False,False,True
200,4,85,ring,0.6,2070020826,10,19,28,47,19,19,True,True,False
200,4,85,small_world,0.6,2070020826,0,45,60,105,44,44,False,False,False
200,4,85,small_world,0.6,2070020826,1,2,3,5,2,2,True,True,True
200,4,85,small_world,0.6,2070020826,2,13,16,29,13,13,True,True,False
200,4,85,small_world,0.6,2070020826,3,2,2,4,2,2,True,True,True
200,4,85,small_world,0.6,2070020826,4,4,5,9,4,4,True,True,True
200,4,85,small_world,0.6,2070020826,5,2,4,6,2,2,True,True,True
200,4,85,scale_free,0.6,2070020826,0,67,81,148,60,60,False,False,False
200,4,85,er,0.7,2070020826,0,46,78,124,46,46,True,True,False
200,4,85,er,0.7,2070020826,1,2,3,5,2,2,True,True,True
200,4,85,er,0.7,2070020826,2,2,4,6,2,2,True,True,True
200,4,85,ring,0.7,2070020826,0,10,13,23,10,10,True,True,True
200,4,85,ring,0.7,2070020826,1,4,6,10,3,3,False,False,True
200,4,85,ring,0.7,2070020826,2,2,7,9,2,2,True,True,True
200,4,85,ring,0.7,2070020826,3,2,2,4,2,2,True,True,True
200,4,85,ring,0.7,2070020826,4,2,2,4,2,2,True,True,True
200,4,85,ring,0.7,2070020826,5,4,6,10,4,4,True,True,True
200,4,85,ring,0.7,2070020826,6,5,8,13,5,5,True,True,True
200,4,85,ring,0.7,2070020826,7,5,5,10,5,5,True,True,True
200,4,85,ring,0.7,2070020826,8,3,7,10,3,3,True,True,True
200,4,85,ring,0.7,2070020826,9,6,14,20,6,6,True,True,True
200,4,85,ring,0.7,2070020826,10,4,9,13,4,4,True,True,True
200,4,85,ring,0.7,2070020826,11,7,10,17,7,7,True,True,True
200,4,85,small_world,0.7,2070020826,0,11,19,30,11,11,True,True,False
200,4,85,small_world,0.7,2070020826,1,8,18,26,8,8,True,True,True
200,4,85,small_world,0.7,2070020826,2,5,8,13,5,5,True,True,True
200,4,85,small_world,0.7,2070020826,3,2,2,4,2,2,True,True,True
200,4,85,small_world,0.7,2070020826,4,6,11,17,6,6,True,True,True
200,4,85,small_world,0.7,2070020826,5,5,5,10,5,5,True,True,True
200,4,85,small_world,0.7,2070020826,6,3,7,10,3,3,True,True,True
200,4,85,small_world,0.7,2070020826,7,10,15,25,10,10,True,True,True
200,4,85,scale_free,0.7,2070020826,0,54,90,144,52,52,False,False,False
200,4,85,er,0.8,2070020826,0,25,60,85,25,25,True,True,False
200,4,85,er,0.8,2070020826,1,2,4,6,2,2,True,True,True
200,4,85,er,0.8,2070020826,2,2,2,4,2,2,True,True,True
200,4,85,er,0.8,2070020826,3,2,5,7,2,2,True,True,True
200,4,85,ring,0.8,2070020826,0,9,14,23,9,9,True,True,True
200,4,85,ring,0.8,2070020826,1,3,3,6,2,2,False,False,True
200,4,85,ring,0.8,2070020826,2,2,6,8,2,2,True,True,True
200,4,85,ring,0.8,2070020826,3,2,6,8,2,2,True,True,True
200,4,85,ring,0.8,2070020826,4,2,5,7,2,2,True,True,True
200,4,85,ring,0.8,2070020826,5,2,4,6,2,2,True,True,True
200,4,85,ring,0.8,2070020826,6,2,7,9,2,2,True,True,True
200,4,85,ring,0.8,2070020826,7,5,12,17,5,5,True,True,True
200,4,85,ring,0.8,2070020826,8,4,9,13,4,4,True,True,True
200,4,85,ring,0.8,2070020826,9,4,8,12,4,4,True,True,True
200,4,85,small_world,0.8,2070020826,0,3,6,9,3,3,True,True,True
200,4,85,small_world,0.8,2070020826,1,3,12,15,3,3,True,True,True
200,4,85,small_world,0.8,2070020826,2,2,6,8,2,2,True,True,True
200,4,85,small_world,0.8,2070020826,3,8,16,24,8,8,True,True,True
200,4,85,small_world,0.8,2070020826,4,2,7,9,2,2,True,True,True
200,4,85,small_world,0.8,2070020826,5,3,6,9,3,3,True,True,True
200,4,85,small_world,0.8,2070020826,6,3,8,11,3,3,True,True,True
200,4,85,small_world,0.8,2070020826,7,2,5,7,2,2,True,True,True
200,4,85,small_world,0.8,2070020826,8,7,13,20,7,7,True,True,True
200,4,85,scale_free,0.8,2070020826,0,33,80,113,33,33,True,True,False
200,4,85,scale_free,0.8,2070020826,1,2,4,6,2,2,True,True,True
200,4,85,scale_free,0.8,2070020826,2,2,3,5,2,2,True,True,True
200,4,85,er,0.9,2070020826,0,2,4,6,2,2,True,True,True
200,4,85,er,0.9,2070020826,1,2,7,9,2,2,True,True,True
200,4,85,er,0.9,2070020826,2,3,10,13,3,3,True,True,True
200,4,85,er,0.9,2070020826,3,2,13,15,2,2,True,True,True
200,4,85,er,0.9,2070020826,4,3,10,13,3,3,True,True,True
200,4,85,ring,0.9,2070020826,0,6,19,25,6,6,True,True,True
200,4,85,ring,0.9,2070020826,1,2,6,8,2,2,True,True,True
200,4,85,ring,0.9,2070020826,2,3,7,10,3,3,True,True,True
200,4,85,ring,0.9,2070020826,3,2,6,8,2,2,True,True,True
200,4,85,small_world,0.9,2070020826,0,2,8,10,2,2,True,True,True
200,4,85,small_world,0.9,2070020826,1,3,8,11,3,3,True,True,True
200,4,85,small_world,0.9,2070020826,2,2,7,9,2,2,True,True,True
200,4,85,small_world,0.9,2070020826,3,2,7,9,2,2,True,True,True
200,4,85,small_world,0.9,2070020826,4,4,12,16,4,4,True,True,True
200,4,85,scale_free,0.9,2070020826,0,12,47,59,12,12,True,True,False
200,4,85,scale_free,0.9,2070020826,1,2,4,6,2,2,True,True,True
200,4,85,scale_free,0.9,2070020826,2,2,4,6,2,2,True,True,True
200,4,86,ring,0.2,1086803945,0,2,2,4,2,2,True,True,True
200,4,86,scale_free,0.2,1086803945,0,2,2,4,2,2,True,True,True
200,4,86,ring,0.3,1086803945,0,6,6,12,5,5,False,False,True
200,4,86,ring,0.3,1086803945,1,2,2,4,2,2,True,True,True
200,4,86,small_world,0.3,1086803945,0,5,5,10,4,4,False,False,True
200,4,86,scale_free,0.3,1086803945,0,2,2,4,2,2,True,True,True
200,4,86,ring,0.4,1086803945,0,9,10,19,7,7,False,False,True
200,4,86,ring,0.5,1086803945,0,9,10,19,8,8,False,False,True
200,4,86,ring,0.5,1086803945,1,3,6,9,3,3,True,True,True
200,4,86,ring,0.5,1086803945,2,9,9,18,8,8,False,False,True
200,4,86,ring,0.5,1086803945,3,15,15,30,13,13,False,False,False
200,4,86,small_world,0.5,1086803945,0,6,6,12,5,5,False,False,True
200,4,86,small_world,0.5,1086803945,1,3,6,9,3,3,True,True,True
200,4,86,small_world,0.5,1086803945,2,5,6,11,5,5,True,True,True
200,4,86,scale_free,0.5,1086803945,0,79,85,164,60,60,False,False,False
200,4,86,scale_free,0.5,1086803945,1,3,4,7,3,3,True,True,True
200,4,86,er,0.6,1086803945,0,66,84,150,66,66,True,True,False
200,4,86,er,0.6,1086803945,1,3,4,7,3,3,True,True,True
200,4,86,ring,0.6,1086803945,0,17,23,40,17,17,True,True,False
200,4,86,ring,0.6,1086803945,1,3,6,9,3,3,True,True,True
200,4,86,ring,0.6,1086803945,2,3,7,10,3,3,True,True,True
200,4,86,ring,0.6,1086803945,3,3,6,9,3,3,True,True,True
200,4,86,ring,0.6,1086803945,4,6,9,15,6,6,True,True,True
200,4,86,ring,0.6,1086803945,5,14,16,30,12,12,False,False,False
200,4,86,ring,0.6,1086803945,6,9,16,25,9,9,True,True,True
200,4,86,ring,0.6,1086803945,7,22,23,45,18,18,False,False,False
200,4,86,small_world,0.6,1086803945,0,62,71,133,59,59,False,False,False
200,4,86,small_world,0.6,1086803945,1,2,3,5,2,2,True,True,True
200,4,86,small_world,0.6,1086803945,2,3,6,9,3,3,True,True,True
200,4,86,small_world,0.6,1086803945,3,3,8,11,3,3,True,True,True
200,4,86,small_world,0.6,1086803945,4,3,6,9,3,3,True,True,True
200,4,86,small_world,0.6,1086803945,5,4,7,11,4,4,True,True,True
200,4,86,scale_free,0.6,1086803945,0,64,91,155,56,56,False,False,False
200,4,86,scale_free,0.6,1086803945,1,2,5,7,2,2,True,True,True
200,4,86,er,0.7,1086803945,0,52,88,140,52,52,True,True,False
200,4,86,ring,0.7,1086803945,0,5,10,15,5,5,True,True,True
200,4,86,ring,0.7,1086803945,1,9,16,25,9,9,True,True,True
200,4,86,ring,0.7,1086803945,2,2,6,8,2,2,True,True,True
200,4,86,ring,0.7,1086803945,3,2,5,7,2,2,True,True,True
200,4,86,ring,0.7,1086803945,4,2,4,6,2,2,True,True,True
200,4,86,ring,0.7,1086803945,5,2,7,9,2,2,True,True,True
200,4,86,ring,0.7,1086803945,6,2,2,4,2,2,True,True,True
200,4,86,ring,0.7,1086803945,7,3,3,6,2,2,False,False,True
200,4,86,ring,0.7,1086803945,8,4,8,12,4,4,True,True,True
200,4,86,ring,0.7,1086803945,9,4,8,12,4,4,True,True,True
200,4,86,ring,0.7,1086803945,10,9,16,25,9,9,True,True,True
200,4,86,ring,0.7,1086803945,11,2,7,9,2,2,True,True,True
200,4,86,ring,0.7,1086803945,12,10,13,23,10,10,True,True,True
200,4,86,small_world,0.7,1086803945,0,5,9,14,5,5,True,True,True
200,4,86,small_world,0.7,1086803945,1,26,41,67,26,26,True,True,False
200,4,86,small_world,0.7,1086803945,2,2,3,5,2,2,True,True,True
200,4,86,small_world,0.7,1086803945,3,2,6,8,2,2,True,True,True
200,4,86,small_world,0.7,1086803945,4,2,5,7,2,2,True,True,True
200,4,86,small_world,0.7,1086803945,5,2,5,7,2,2,True,True,True
200,4,86,small_world,0.7,1086803945,6,2,4,6,2,2,True,True,True
200,4,86,small_world,0.7,1086803945,7,4,8,12,4,4,True,True,True
200,4,86,small_world,0.7,1086803945,8,10,13,23,10,10,True,True,True
200,4,86,scale_free,0.7,1086803945,0,55,87,142,50,50,False,False,False
200,4,86,er,0.8,1086803945,0,25,57,82,25,25,True,True,False
200,4,86,er,0.8,1086803945,1,4,13,17,4,4,True,True,True
200,4,86,er,0.8,1086803945,2,2,5,7,2,2,True,True,True
200,4,86,ring,0.8,1086803945,0,3,7,10,3,3,True,True,True
200,4,86,ring,0.8,1086803945,1,3,8,11,3,3,True,True,True
200,4,86,ring,0.8,1086803945,2,2,5,7,2,2,True,True,True
200,4,86,ring,0.8,1086803945,3,2,4,6,2,2,True,True,True
200,4,86,ring,0.8,1086803945,4,2,7,9,2,2,True,True,True
200,4,86,ring,0.8,1086803945,5,5,6,11,5,5,True,True,True
200,4,86,ring,0.8,1086803945,6,3,9,12,3,3,True,True,True
200,4,86,ring,0.8,1086803945,7,2,5,7,2,2,True,True,True
200,4,86,ring,0.8,1086803945,8,3,10,13,3,3,True,True,True
200,4,86,ring,0.8,1086803945,9,4,7,11,4,4,True,True,True
200,4,86,ring,0.8,1086803945,10,4,9,13,4,4,True,True,True
200,4,86,small_world,0.8,1086803945,0,3,6,9,3,3,True,True,True
200,4,86,small_world,0.8,1086803945,1,3,8,11,3,3,True,True,True
200,4,86,small_world,0.8,1086803945,2,2,5,7,2,2,True,True,True
200,4,86,small_world,0.8,1086803945,3,2,4,6,2,2,True,True,True
200,4,86,small_world,0.8,1086803945,4,4,8,12,4,4,True,True,True
200,4,86,small_world,0.8,1086803945,5,8,14,22,8,8,True,True,True
200,4,86,small_world,0.8,1086803945,6,2,6,8,2,2,True,True,True
200,4,86,small_world,0.8,1086803945,7,2,5,7,2,2,True,True,True
200,4,86,small_world,0.8,1086803945,8,4,9,13,4,4,True,True,True
200,4,86,scale_free,0.8,1086803945,0,36,74,110,36,36,True,True,False
200,4,86,er,0.9,1086803945,0,12,37,49,12,12,True,True,False
200,4,86,er,0.9,1086803945,1,2,6,8,2,2,True,True,True
200,4,86,ring,0.9,1086803945,0,2,4,6,2,2,True,True,True
200,4,86,ring,0.9,1086803945,1,3,6,9,3,3,True,True,True
200,4,86,small_world,0.9,1086803945,0,2,4,6,2,2,True,True,True
200,4,86,small_world,0.9,1086803945,1,2,6,8,2,2,True,True,True
200,4,86,small_world,0.9,1086803945,2,3,6,9,3,3,True,True,True
200,4,86,scale_free,0.9,1086803945,0,6,15,21,6,6,True,True,True
200,4,86,scale_free,0.9,1086803945,1,2,3,5,2,2,True,True,True
200,4,86,scale_free,0.9,1086803945,2,7,12,19,7,7,True,True,True
200,4,86,scale_free,0.9,1086803945,3,2,4,6,2,2,True,True,True
200,4,87,ring,0.3,2497224892,0,2,2,4,2,2,True,True,True
200,4,87,ring,0.3,2497224892,1,2,2,4,2,2,True,True,True
200,4,87,small_world,0.3,2497224892,0,2,2,4,2,2,True,True,True
200,4,87,small_world,0.3,2497224892,1,2,2,4,2,2,True,True,True
200,4,87,ring,0.4,2497224892,0,2,2,4,2,2,True,True,True
200,4,87,ring,0.4,2497224892,1,7,8,15,6,6,False,False,True
200,4,87,ring,0.4,2497224892,2,5,8,13,5,5,True,True,True
200,4,87,small_world,0.4,2497224892,0,4,4,8,4,4,True,True,True
200,4,87,small_world,0.4,2497224892,1,2,2,4,2,2,True,True,True
200,4,87,small_world,0.4,2497224892,2,3,3,6,3,3,True,True,True
200,4,87,ring,0.5,2497224892,0,10,10,20,9,9,False,False,True
200,4,87,ring,0.5,2497224892,1,6,6,12,6,6,True,True,True
200,4,87,ring,0.5,2497224892,2,6,9,15,6,6,True,True,True
200,4,87,ring,0.5,2497224892,3,4,5,9,4,4,True,True,True
200,4,87,ring,0.5,2497224892,4,3,4,7,3,3,True,True,True
200,4,87,ring,0.5,2497224892,5,19,20,39,15,15,False,False,False
200,4,87,ring,0.5,2497224892,6,5,8,13,5,5,True,True,True
200,4,87,small_world,0.5,2497224892,0,4,4,8,4,4,True,True,True
200,4,87,small_world,0.5,2497224892,1,77,81,158,69,69,False,False,False
200,4,87,small_world,0.5,2497224892,2,4,5,9,4,4,True,True,True
200,4,87,small_world,0.5,2497224892,3,3,3,6,3,3,True,True,True
200,4,87,scale_free,0.5,2497224892,0,81,86,167,62,62,False,False,False
200,4,87,er,0.6,2497224892,0,67,81,148,66,66,False,False,False
200,4,87,ring,0.6,2497224892,0,2,2,4,2,2,True,True,True
200,4,87,ring,0.6,2497224892,1,10,10,20,9,9,False,False,True
200,4,87,ring,0.6,2497224892,2,9,9,18,8,8,False,False,True
200,4,87,ring,0.6,2497224892,3,6,7,13,6,6,True,True,True
200,4,87,ring,0.6,2497224892,4,3,8,11,3,3,True,True,True
200,4,87,ring,0.6,2497224892,5,4,5,9,4,4,True,True,True
200,4,87,ring,0.6,2497224892,6,4,8,12,4,4,True,True,True
200,4,87,ring,0.6,2497224892,7,16,19,35,14,14,False,False,False
200,4,87,ring,0.6,2497224892,8,5,9,14,5,5,True,True,True
200,4,87,ring,0.6,2497224892,9,2,2,4,2,2,True,True,True
200,4,87,ring,0.6,2497224892,10,9,14,23,9,9,True,True,True
200,4,87,ring,0.6,2497224892,11,3,4,7,3,3,True,True,True
200,4,87,ring,0.6,2497224892,12,2,2,4,2,2,True,True,True
200,4,87,small_world,0.6,2497224892,0,61,78,139,59,59,False,False,False
200,4,87,small_world,0.6,2497224892,1,2,3,5,2,2,True,True,True
200,4,87,small_world,0.6,2497224892,2,3,4,7,3,3,True,True,True
200,4,87,small_world,0.6,2497224892,3,2,2,4,2,2,True,True,True
200,4,87,scale_free,0.6,2497224892,0,72,99,171,58,58,False,False,False
200,4,87,er,0.7,2497224892,0,49,85,134,49,49,True,True,False
200,4,87,er,0.7,2497224892,1,2,2,4,2,2,True,True,True
200,4,87,ring,0.7,2497224892,0,3,7,10,3,3,True,True,True
200,4,87,ring,0.7,2497224892,1,4,5,9,4,4,True,True,True
200,4,87,ring,0.7,2497224892,2,7,12,19,7,7,True,True,True
200,4,87,ring,0.7,2497224892,3,3,7,10,3,3,True,True,True
200,4,87,ring,0.7,2497224892,4,2,5,7,2,2,True,True,True
200,4,87,ring,0.7,2497224892,5,4,5,9,4,4,True,True,True
200,4,87,ring,0.7,2497224892,6,7,11,18,7,7,True,True,True
200,4,87,ring,0.7,2497224892,7,5,8,13,5,5,True,True,True
200,4,87,ring,0.7,2497224892,8,5,9,14,5,5,True,True,True
200,4,87,ring,0.7,2497224892,9,2,2,4,2,2,True,True,True
200,4,87,ring,0.7,2497224892,10,6,12,18,6,6,True,True,True
200,4,87,ring,0.7,2497224892,11,6,7,13,6,6,True,True,True
200,4,87,small_world,0.7,2497224892,0,4,9,13,4,4,True,True,True
200,4,87,small_world,0.7,2497224892,1,43,72,115,43,43,True,True,False
200,4,87,small_world,0.7,2497224892,2,3,4,7,3,3,True,True,True
200,4,87,small_world,0.7,2497224892,3,2,2,4,2,2,True,True,True
200,4,87,scale_free,0.7,2497224892,0,56,77,133,49,49,False,False,False
200,4,87,er,0.8,2497224892,0,30,69,99,30,30,True,True,False
200,4,87,er,0.8,2497224892,1,2,2,4,2,2,True,True,True
200,4,87,ring,0.8,2497224892,0,2,6,8,2,2,True,True,True
200,4,87,ring,0.8,2497224892,1,3,5,8,3,3,True,True,True
200,4,87,ring,0.8,2497224892,2,2,4,6,2,2,True,True,True
200,4,87,ring,0.8,2497224892,3,2,5,7,2,2,True,True,True
200,4,87,ring,0.8,2497224892,4,2,5,7,2,2,True,True,True
200,4,87,ring,0.8,2497224892,5,3,8,11,3,3,True,True,True
200,4,87,ring,0.8,2497224892,6,4,9,13,4,4,True,True,True
200,4,87,ring,0.8,2497224892,7,6,12,18,6,6,True,True,True
200,4,87,ring,0.8,2497224892,8,3,7,10,3,3,True,True,True
200,4,87,ring,0.8,2497224892,9,4,6,10,4,4,True,True,True
200,4,87,small_world,0.8,2497224892,0,3,9,12,3,3,True,True,True
200,4,87,small_world,0.8,2497224892,1,3,3,6,3,3,True,True,True
200,4,87,small_world,0.8,2497224892,2,16,36,52,16,16,True,True,False
200,4,87,small_world,0.8,2497224892,3,3,7,10,3,3,True,True,True
200,4,87,small_world,0.8,2497224892,4,6,17,23,6,6,True,True,True
200,4,87,small_world,0.8,2497224892,5,4,7,11,4,4,True,True,True
200,4,87,scale_free,0.8,2497224892,0,38,76,114,38,38,True,True,False
200,4,87,er,0.9,2497224892,0,9,26,35,9,9,True,True,True
200,4,87,er,0.9,2497224892,1,2,2,4,2,2,True,True,True
200,4,87,er,0.9,2497224892,2,2,11,13,2,2,True,True,True
200,4,87,ring,0.9,2497224892,0,2,6,8,2,2,True,True,True
200,4,87,ring,0.9,2497224892,1,2,5,7,2,2,True,True,True
200,4,87,ring,0.9,2497224892,2,2,5,7,2,2,True,True,True
200,4,87,ring,0.9,2497224892,3,3,7,10,3,3,True,True,True
200,4,87,small_world,0.9,2497224892,0,2,4,6,2,2,True,True,True
200,4,87,small_world,0.9,2497224892,1,3,11,14,3,3,True,True,True
200,4,87,small_world,0.9,2497224892,2,2,4,6,2,2,True,True,True
200,4,87,small_world,0.9,2497224892,3,2,8,10,2,2,True,True,True
200,4,87,small_world,0.9,2497224892,4,3,7,10,3,3,True,True,True
200,4,87,scale_free,0.9,2497224892,0,17,37,54,17,17,True,True,False
200,4,88,ring,0.4,68131222,0,14,14,28,11,11,False,False,False
200,4,88,ring,0.4,68131222,1,7,8,15,7,7,True,True,True
200,4,88,small_world,0.4,68131222,0,2,2,4,2,2,True,True,True
200,4,88,ring,0.5,68131222,0,6,7,13,6,6,True,True,True
200,4,88,ring,0.5,68131222,1,16,16,32,13,13,False,False,False
200,4,88,ring,0.5,68131222,2,2,2,4,2,2,True,True,True
200,4,88,ring,0.5,68131222,3,2,2,4,2,2,True,True,True
200,4,88,ring,0.5,68131222,4,3,4,7,3,3,True,True,True
200,4,88,ring,0.5,68131222,5,2,2,4,2,2,True,True,True
200,4,88,ring,0.5,68131222,6,3,4,7,3,3,True,True,True
200,4,88,ring,0.5,68131222,7,2,2,4,2,2,True,True,True
200,4,88,ring,0.5,68131222,8,9,10,19,8,8,False,False,True
200,4,88,ring,0.5,68131222,9,13,16,29,13,13,True,True,False
200,4,88,small_world,0.5,68131222,0,33,41,74,33,33,True,True,False
200,4,88,small_world,0.5,68131222,1,2,2,4,2,2,True,True,True
200,4,88,small_world,0.5,68131222,2,2,4,6,2,2,True,True,True
200,4,88,er,0.6,68131222,0,66,89,155,64,64,False,False,False
200,4,88,ring,0.6,68131222,0,4,5,9,4,4,True,True,True
200,4,88,ring,0.6,68131222,1,3,3,6,2,2,False,False,True
200,4,88,ring,0.6,68131222,2,5,10,15,5,5,True,True,True
200,4,88,ring,0.6,68131222,3,4,4,8,3,3,False,False,True
200,4,88,ring,0.6,68131222,4,2,2,4,2,2,True,True,True
200,4,88,ring,0.6,68131222,5,15,18,33,14,14,False,False,False
200,4,88,ring,0.6,68131222,6,2,2,4,2,2,True,True,True
200,4,88,ring,0.6,68131222,7,2,4,6,2,2,True,True,True
200,4,88,ring,0.6,68131222,8,2,2,4,2,2,True,True,True
200,4,88,ring,0.6,68131222,9,3,4,7,3,3,True,True,True
200,4,88,ring,0.6,68131222,10,2,2,4,2,2,True,True,True
200,4,88,ring,0.6,68131222,11,7,9,16,7,7,True,True,True
200,4,88,ring,0.6,68131222,12,4,6,10,4,4,True,True,True
200,4,88,ring,0.6,68131222,13,7,10,17,7,7,True,True,True
200,4,88,ring,0.6,68131222,14,8,8,16,6,6,False,False,True
200,4,88,small_world,0.6,68131222,0,39,43,82,35,35,False,False,False
200,4,88,small_world,0.6,68131222,1,10,18,28,10,10,True,True,True
200,4,88,small_world,0.6,68131222,2,3,5,8,3,3,True,True,True
200,4,88,small_world,0.6,68131222,3,10,15,25,10,10,True,True,True
200,4,88,small_world,0.6,68131222,4,2,2,4,2,2,True,True,True
200,4,88,small_world,0.6,68131222,5,2,4,6,2,2,True,True,True
200,4,88,small_world,0.6,68131222,6,2,2,4,2,2,True,True,True
200,4,88,small_world,0.6,68131222,7,3,4,7,3,3,True,True,True
200,4,88,scale_free,0.6,68131222,0,69,74,143,52,52,False,False,False
200,4,88,er,0.7,68131222,0,51,83,134,49,49,False,False,False
200,4,88,ring,0.7,68131222,0,4,5,9,4,4,True,True,True
200,4,88,ring,0.7,68131222,1,3,3,6,2,2,False,False,True
200,4,88,ring,0.7,68131222,2,3,8,11,3,3,True,True,True
200,4,88,ring,0.7,68131222,3,3,5,8,3,3,True,True,True
200,4,88,ring,0.7,68131222,4,2,2,4,2,2,True,True,True
200,4,88,ring,0.7,68131222,5,5,7,12,5,5,True,True,True
200,4,88,ring,0.7,68131222,6,6,10,16,6,6,True,True,True
200,4,88,ring,0.7,68131222,7,3,4,7,3,3,True,True,True
200,4,88,ring,0.7,68131222,8,2,4,6,2,2,True,True,True
200,4,88,ring,0.7,68131222,9,2,5,7,2,2,True,True,True
200,4,88,ring,0.7,68131222,10,2,2,4,2,2,True,True,True
200,4,88,ring,0.7,68131222,11,4,7,11,4,4,True,True,True
200,4,88,ring,0.7,68131222,12,4,6,10,4,4,True,True,True
200,4,88,ring,0.7,68131222,13,3,10,13,3,3,True,True,True
200,4,88,ring,0.7,68131222,14,2,2,4,2,2,True,True,True
200,4,88,ring,0.7,68131222,15,5,8,13,5,5,True,True,True
200,4,88,small_world,0.7,68131222,0,10,17,27,10,10,True,True,True
200,4,88,small_world,0.7,68131222,1,6,11,17,6,6,True,True,True
200,4,88,small_world,0.7,68131222,2,2,5,7,2,2,True,True,True
200,4,88,small_world,0.7,68131222,3,4,14,18,4,4,True,True,True
200,4,88,small_world,0.7,68131222,4,2,2,4,2,2,True,True,True
200,4,88,small_world,0.7,68131222,5,14,14,28,12,12,False,False,False
200,4,88,small_world,0.7,68131222,6,5,9,14,5,5,True,True,True
200,4,88,small_world,0.7,68131222,7,3,3,6,3,3,True,True,True
200,4,88,small_world,0.7,68131222,8,2,5,7,2,2,True,True,True
200,4,88,small_world,0.7,68131222,9,2,3,5,2,2,True,True,True
200,4,88,small_world,0.7,68131222,10,2,2,4,2,2,True,True,True
200,4,88,scale_free,0.7,68131222,0,50,76,126,47,47,False,False,False
200,4,88,er,0.8,68131222,0,30,69,99,30,30,True,True,False
200,4,88,er,0.8,68131222,1,2,6,8,2,2,True,True,True
200,4,88,ring,0.8,68131222,0,2,2,4,2,2,True,True,True
200,4,88,ring,0.8,68131222,1,2,2,4,2,2,True,True,True
200,4,88,ring,0.8,68131222,2,2,5,7,2,2,True,True,True
200,4,88,ring,0.8,68131222,3,4,8,12,4,4,True,True,True
200,4,88,ring,0.8,68131222,4,3,7,10,3,3,True,True,True
200,4,88,ring,0.8,68131222,5,3,7,10,3,3,True,True,True
200,4,88,ring,0.8,68131222,6,3,4,7,3,3,True,True,True
200,4,88,ring,0.8,68131222,7,2,4,6,2,2,True,True,True
200,4,88,ring,0.8,68131222,8,2,2,4,2,2,True,True,True
200,4,88,ring,0.8,68131222,9,2,2,4,2,2,True,True,True
200,4,88,ring,0.8,68131222,10,4,6,10,4,4,True,True,True
200,4,88,ring,0.8,68131222,11,2,4,6,2,2,True,True,True
200,4,88,ring,0.8,68131222,12,3,7,10,3,3,True,True,True
200,4,88,small_world,0.8,68131222,0,2,3,5,2,2,True,True,True
200,4,88,small_world,0.8,68131222,1,12,24,36,12,12,True,True,False
200,4,88,small_world,0.8,68131222,2,2,7,9,2,2,True,True,True
200,4,88,small_world,0.8,68131222,3,3,4,7,3,3,True,True,True
200,4,88,small_world,0.8,68131222,4,5,8,13,5,5,True,True,True
200,4,88,small_world,0.8,68131222,5,2,4,6,2,2,True,True,True
200,4,88,small_world,0.8,68131222,6,2,2,4,2,2,True,True,True
200,4,88,small_world,0.8,68131222,7,2,3,5,2,2,True,True,True
200,4,88,small_world,0.8,68131222,8,2,4,6,2,2,True,True,True
200,4,88,scale_free,0.8,68131222,0,33,75,108,33,33,True,True,False
200,4,88,scale_free,0.8,68131222,1,2,2,4,2,2,True,True,True
200,4,88,er,0.9,68131222,0,2,4,6,2,2,True,True,True
200,4,88,er,0.9,68131222,1,2,10,12,2,2,True,True,True
200,4,88,er,0.9,68131222,2,6,19,25,6,6,True,True,True
200,4,88,er,0.9,68131222,3,8,28,36,8,8,True,True,True
200,4,88,ring,0.9,68131222,0,4,8,12,4,4,True,True,True
200,4,88,ring,0.9,68131222,1,2,4,6,2,2,True,True,True
200,4,88,ring,0.9,68131222,2,3,5,8,3,3,True,True,True
200,4,88,ring,0.9,68131222,3,2,4,6,2,2,True,True,True
200,4,88,small_world,0.9,68131222,0,4,14,18,4,4,True,True,True
200,4,88,small_world,0.9,68131222,1,2,7,9,2,2,True,True,True
200,4,88,small_world,0.9,68131222,2,3,4,7,3,3,True,True,True
200,4,88,small_world,0.9,68131222,3,3,5,8,3,3,True,True,True
200,4,88,small_world,0.9,68131222,4,2,4,6,2,2,True,True,True
200,4,88,scale_free,0.9,68131222,0,12,31,43,12,12,True,True,False
200,4,88,scale_free,0.9,68131222,1,2,2,4,2,2,True,True,True
200,4,88,scale_free,0.9,68131222,2,2,6,8,2,2,True,True,True
200,4,89,ring,0.4,3788380619,0,17,17,34,16,16,False,False,False
200,4,89,ring,0.4,3788380619,1,6,6,12,4,4,False,False,True
200,4,89,ring,0.4,3788380619,2,2,2,4,2,2,True,True,True
200,4,89,small_world,0.4,3788380619,0,2,2,4,2,2,True,True,True
200,4,89,scale_free,0.4,3788380619,0,2,2,4,2,2,True,True,True
200,4,89,ring,0.5,3788380619,0,16,18,34,16,16,True,True,False
200,4,89,ring,0.5,3788380619,1,6,8,14,6,6,True,True,True
200,4,89,ring,0.5,3788380619,2,2,2,4,2,2,True,True,True
200,4,89,ring,0.5,3788380619,3,21,22,43,18,18,False,False,False
200,4,89,ring,0.5,3788380619,4,9,10,19,8,8,False,False,True
200,4,89,small_world,0.5,3788380619,0,75,80,155,69,69,False,False,False
200,4,89,small_world,0.5,3788380619,1,6,6,12,5,5,False,False,True
200,4,89,small_world,0.5,3788380619,2,2,2,4,2,2,True,True,True
200,4,89,er,0.6,3788380619,0,72,100,172,71,71,False,False,False
200,4,89,ring,0.6,3788380619,0,5,14,19,5,5,True,True,True
200,4,89,ring,0.6,3788380619,1,6,8,14,6,6,True,True,True
200,4,89,ring,0.6,3788380619,2,7,10,17,7,7,True,True,True
200,4,89,ring,0.6,3788380619,3,3,4,7,3,3,True,True,True
200,4,89,ring,0.6,3788380619,4,18,25,43,17,17,False,False,False
200,4,89,ring,0.6,3788380619,5,4,8,12,4,4,True,True,True
200,4,89,ring,0.6,3788380619,6,3,4,7,3,3,True,True,True
200,4,89,ring,0.6,3788380619,7,7,10,17,7,7,True,True,True
200,4,89,ring,0.6,3788380619,8,2,4,6,2,2,True,True,True
200,4,89,small_world,0.6,3788380619,0,33,50,83,33,33,True,True,False
200,4,89,small_world,0.6,3788380619,1,16,24,40,15,15,False,False,False
200,4,89,small_world,0.6,3788380619,2,12,13,25,10,10,False,False,False
200,4,89,small_world,0.6,3788380619,3,6,6,12,5,5,False,False,True
200,4,89,scale_free,0.6,3788380619,0,71,93,164,62,62,False,False,False
200,4,89,er,0.7,3788380619,0,51,96,147,51,51,True,True,False
200,4,89,ring,0.7,3788380619,0,2,6,8,2,2,True,True,True
200,4,89,ring,0.7,3788380619,1,2,4,6,2,2,True,True,True
200,4,89,ring,0.7,3788380619,2,5,10,15,5,5,True,True,True
200,4,89,ring,0.7,3788380619,3,2,5,7,2,2,True,True,True
200,4,89,ring,0.7,3788380619,4,4,7,11,4,4,True,True,True
200,4,89,ring,0.7,3788380619,5,10,15,25,9,9,False,False,True
200,4,89,ring,0.7,3788380619,6,2,5,7,2,2,True,True,True
200,4,89,ring,0.7,3788380619,7,2,5,7,2,2,True,True,True
200,4,89,ring,0.7,3788380619,8,6,11,17,6,6,True,True,True
200,4,89,ring,0.7,3788380619,9,4,7,11,4,4,True,True,True
200,4,89,ring,0.7,3788380619,10,4,11,15,4,4,True,True,True
200,4,89,small_world,0.7,3788380619,0,28,56,84,28,28,True,True,False
200,4,89,small_world,0.7,3788380619,1,5,13,18,5,5,True,True,True
200,4,89,small_world,0.7,3788380619,2,2,4,6,2,2,True,True,True
200,4,89,small_world,0.7,3788380619,3,4,7,11,4,4,True,True,True
200,4,89,small_world,0.7,3788380619,4,4,7,11,4,4,True,True,True
200,4,89,scale_free,0.7,3788380619,0,56,89,145,53,53,False,False,False
200,4,89,er,0.8,3788380619,0,35,86,121,35,35,True,True,False
200,4,89,ring,0.8,3788380619,0,2,4,6,2,2,True,True,True
200,4,89,ring,0.8,3788380619,1,3,5,8,3,3,True,True,True
200,4,89,ring,0.8,3788380619,2,3,7,10,3,3,True,True,True
200,4,89,ring,0.8,3788380619,3,7,16,23,7,7,True,True,True
200,4,89,ring,0.8,3788380619,4,2,5,7,2,2,True,True,True
200,4,89,ring,0.8,3788380619,5,3,7,10,3,3,True,True,True
200,4,89,ring,0.8,3788380619,6,2,4,6,2,2,True,True,True
200,4,89,ring,0.8,3788380619,7,5,6,11,5,5,True,True,True
200,4,89,ring,0.8,3788380619,8,4,5,9,4,4,True,True,True
200,4,89,ring,0.8,3788380619,9,2,7,9,2,2,True,True,True
200,4,89,small_world,0.8,3788380619,0,5,7,12,5,5,True,True,True
200,4,89,small_world,0.8,3788380619,1,14,37,51,14,14,True,True,False
200,4,89,small_world,0.8,3788380619,2,2,8,10,2,2,True,True,True
200,4,89,small_world,0.8,3788380619,3,2,4,6,2,2,True,True,True
200,4,89,small_world,0.8,3788380619,4,3,5,8,3,3,True,True,True
200,4,89,small_world,0.8,3788380619,5,3,8,11,3,3,True,True,True
200,4,89,small_world,0.8,3788380619,6,3,7,10,3,3,True,True,True
200,4,89,small_world,0.8,3788380619,7,3,5,8,3,3,True,True,True
200,4,89,scale_free,0.8,3788380619,0,35,62,97,34,34,False,False,False
200,4,89,scale_free,0.8,3788380619,1,2,3,5,2,2,True,True,True
200,4,89,er,0.9,3788380619,0,13,43,56,13,13,True,True,False
200,4,89,er,0.9,3788380619,1,3,12,15,3,3,True,True,True
200,4,89,ring,0.9,3788380619,0,2,4,6,2,2,True,True,True
200,4,89,ring,0.9,3788380619,1,2,5,7,2,2,True,True,True
200,4,89,ring,0.9,3788380619,2,2,4,6,2,2,True,True,True
200,4,89,ring,0.9,3788380619,3,2,5,7,2,2,True,True,True
200,4,89,ring,0.9,3788380619,4,2,7,9,2,2,True,True,True
200,4,89,small_world,0.9,3788380619,0,2,8,10,2,2,True,True,True
200,4,89,small_world,0.9,3788380619,1,2,4,6,2,2,True,True,True
200,4,89,small_world,0.9,3788380619,2,2,5,7,2,2,True,True,True
200,4,89,small_world,0.9,3788380619,3,5,17,22,5,5,True,True,True
200,4,89,small_world,0.9,3788380619,4,2,7,9,2,2,True,True,True
200,4,89,small_world,0.9,3788380619,5,2,5,7,2,2,True,True,True
200,4,89,scale_free,0.9,3788380619,0,12,33,45,12,12,True,True,False
200,4,89,scale_free,0.9,3788380619,1,2,3,5,2,2,True,True,True
200,4,90,er,0.3,3069061559,0,2,2,4,2,2,True,True,True
200,4,90,ring,0.3,3069061559,0,4,4,8,4,4,True,True,True
200,4,90,ring,0.3,3069061559,1,2,2,4,2,2,True,True,True
200,4,90,small_world,0.3,3069061559,0,4,4,8,4,4,True,True,True
200,4,90,ring,0.4,3069061559,0,5,5,10,5,5,True,True,True
200,4,90,ring,0.4,3069061559,1,4,4,8,4,4,True,True,True
200,4,90,ring,0.4,3069061559,2,2,2,4,2,2,True,True,True
200,4,90,small_world,0.4,3069061559,0,5,5,10,5,5,True,True,True
200,4,90,small_world,0.4,3069061559,1,4,4,8,4,4,True,True,True
200,4,90,er,0.5,3069061559,0,76,81,157,71,71,False,False,False
200,4,90,er,0.5,3069061559,1,2,3,5,2,2,True,True,True
200,4,90,ring,0.5,3069061559,0,13,13,26,11,11,False,False,False
200,4,90,ring,0.5,3069061559,1,6,6,12,5,5,False,False,True
200,4,90,ring,0.5,3069061559,2,5,5,10,5,5,True,True,True
200,4,90,ring,0.5,3069061559,3,5,6,11,5,5,True,True,True
200,4,90,ring,0.5,3069061559,4,2,2,4,2,2,True,True,True
200,4,90,ring,0.5,3069061559,5,3,4,7,3,3,True,True,True
200,4,90,ring,0.5,3069061559,6,2,2,4,2,2,True,True,True
200,4,90,ring,0.5,3069061559,7,5,5,10,4,4,False,False,True
200,4,90,ring,0.5,3069061559,8,2,2,4,2,2,True,True,True
200,4,90,ring,0.5,3069061559,9,19,21,40,17,17,False,False,False
200,4,90,small_world,0.5,3069061559,0,44,48,92,38,38,False,False,False
200,4,90,small_world,0.5,3069061559,1,30,30,60,27,27,False,False,False
200,4,90,small_world,0.5,3069061559,2,2,2,4,2,2,True,True,True
200,4,90,small_world,0.5,3069061559,3,5,5,10,5,5,True,True,True
200,4,90,small_world,0.5,3069061559,4,3,4,7,3,3,True,True,True
200,4,90,small_world,0.5,3069061559,5,5,5,10,4,4,False,False,True
200,4,90,scale_free,0.5,3069061559,0,73,81,154,59,59,False,False,False
200,4,90,er,0.6,3069061559,0,64,88,152,63,63,False,False,False
200,4,90,er,0.6,3069061559,1,2,4,6,2,2,True,True,True
200,4,90,er,0.6,3069061559,2,2,3,5,2,2,True,True,True
200,4,90,ring,0.6,3069061559,0,9,12,21,9,9,True,True,True
200,4,90,ring,0.6,3069061559,1,7,12,19,7,7,True,True,True
200,4,90,ring,0.6,3069061559,2,9,13,22,9,9,True,True,True
200,4,90,ring,0.6,3069061559,3,5,6,11,5,5,True,True,True
200,4,90,ring,0.6,3069061559,4,4,5,9,4,4,True,True,True
200,4,90,ring,0.6,3069061559,5,6,7,13,6,6,True,True,True
200,4,90,ring,0.6,3069061559,6,3,3,6,2,2,False,False,True
200,4,90,ring,0.6,3069061559,7,9,10,19,8,8,False,False,True
200,4,90,ring,0.6,3069061559,8,4,9,13,4,4,True,True,True
200,4,90,small_world,0.6,3069061559,0,25,30,55,24,24,False,False,False
200,4,90,small_world,0.6,3069061559,1,22,24,46,20,20,False,False,False
200,4,90,small_world,0.6,3069061559,2,5,13,18,5,5,True,True,True
200,4,90,small_world,0.6,3069061559,3,14,19,33,13,13,False,False,False
200,4,90,small_world,0.6,3069061559,4,5,7,12,5,5,True,True,True
200,4,90,small_world,0.6,3069061559,5,4,4,8,4,4,True,True,True
200,4,90,small_world,0.6,3069061559,6,3,5,8,3,3,True,True,True
200,4,90,scale_free,0.6,3069061559,0,66,89,155,59,59,False,False,False
200,4,90,scale_free,0.6,3069061559,1,2,3,5,2,2,True,True,True
200,4,90,er,0.7,3069061559,0,55,103,158,54,54,False,False,False
200,4,90,ring,0.7,3069061559,0,3,5,8,3,3,True,True,True
200,4,90,ring,0.7,3069061559,1,3,8,11,3,3,True,True,True
200,4,90,ring,0.7,3069061559,2,4,10,14,4,4,True,True,True
200,4,90,ring,0.7,3069061559,3,4,6,10,4,4,True,True,True
200,4,90,ring,0.7,3069061559,4,9,17,26,9,9,True,True,True
200,4,90,ring,0.7,3069061559,5,5,6,11,5,5,True,True,True
200,4,90,ring,0.7,3069061559,6,4,5,9,4,4,True,True,True
200,4,90,ring,0.7,3069061559,7,4,7,11,4,4,True,True,True
200,4,90,ring,0.7,3069061559,8,9,11,20,8,8,False,False,True
200,4,90,ring,0.7,3069061559,9,3,3,6,2,2,False,False,True
200,4,90,ring,0.7,3069061559,10,4,7,11,4,4,True,True,True
200,4,90,ring,0.7,3069061559,11,2,5,7,2,2,True,True,True
200,4,90,ring,0.7,3069061559,12,3,7,10,3,3,True,True,True
200,4,90,small_world,0.7,3069061559,0,16,27,43,16,16,True,True,False
200,4,90,small_world,0.7,3069061559,1,17,27,44,16,16,False,False,False
200,4,90,small_world,0.7,3069061559,2,4,8,12,4,4,True,True,True
200,4,90,small_world,0.7,3069061559,3,7,13,20,7,7,True,True,True
200,4,90,small_world,0.7,3069061559,4,3,8,11,3,3,True,True,True
200,4,90,small_world,0.7,3069061559,5,6,9,15,6,6,True,True,True
200,4,90,small_world,0.7,3069061559,6,2,3,5,2,2,True,True,True
200,4,90,small_world,0.7,3069061559,7,3,7,10,3,3,True,True,True
200,4,90,scale_free,0.7,3069061559,0,54,97,151,52,52,False,False,False
200,4,90,er,0.8,3069061559,0,36,90,126,35,35,False,False,False
200,4,90,er,0.8,3069061559,1,2,8,10,2,2,True,True,True
200,4,90,ring,0.8,3069061559,0,3,5,8,3,3,True,True,True
200,4,90,ring,0.8,3069061559,1,2,5,7,2,2,True,True,True
200,4,90,ring,0.8,3069061559,2,4,6,10,4,4,True,True,True
200,4,90,ring,0.8,3069061559,3,2,7,9,2,2,True,True,True
200,4,90,ring,0.8,3069061559,4,4,7,11,4,4,True,True,True
200,4,90,ring,0.8,3069061559,5,3,6,9,3,3,True,True,True
200,4,90,ring,0.8,3069061559,6,4,7,11,4,4,True,True,True
200,4,90,ring,0.8,3069061559,7,3,6,9,3,3,True,True,True
200,4,90,ring,0.8,3069061559,8,3,3,6,2,2,False,False,True
200,4,90,ring,0.8,3069061559,9,2,2,4,2,2,True,True,True
200,4,90,ring,0.8,3069061559,10,3,7,10,3,3,True,True,True
200,4,90,small_world,0.8,3069061559,0,12,19,31,12,12,True,True,False
200,4,90,small_world,0.8,3069061559,1,2,5,7,2,2,True,True,True
200,4,90,small_world,0.8,3069061559,2,4,8,12,4,4,True,True,True
200,4,90,small_world,0.8,3069061559,3,3,4,7,3,3,True,True,True
200,4,90,small_world,0.8,3069061559,4,2,6,8,2,2,True,True,True
200,4,90,small_world,0.8,3069061559,5,4,7,11,3,4,False,True,True
200,4,90,small_world,0.8,3069061559,6,3,6,9,3,3,True,True,True
200,4,90,small_world,0.8,3069061559,7,3,7,10,3,3,True,True,True
200,4,90,scale_free,0.8,3069061559,0,37,92,129,36,36,False,False,False
200,4,90,er,0.9,3069061559,0,14,50,64,14,14,True,True,False
200,4,90,ring,0.9,3069061559,0,2,4,6,2,2,True,True,True
200,4,90,ring,0.9,3069061559,1,3,8,11,3,3,True,True,True
200,4,90,ring,0.9,3069061559,2,2,7,9,2,2,True,True,True
200,4,90,ring,0.9,3069061559,3,3,6,9,3,3,True,True,True
200,4,90,ring,0.9,3069061559,4,3,5,8,3,3,True,True,True
200,4,90,small_world,0.9,3069061559,0,4,9,13,4,4,True,True,True
200,4,90,small_world,0.9,3069061559,1,6,13,19,6,6,True,True,True
200,4,90,small_world,0.9,3069061559,2,3,8,11,3,3,True,True,True
200,4,90,small_world,0.9,3069061559,3,2,7,9,2,2,True,True,True
200,4,90,scale_free,0.9,3069061559,0,15,68,83,15,15,True,True,False
200,4,90,scale_free,0.9,3069061559,1,2,3,5,2,2,True,True,True
200,4,91,ring,0.4,4159498730,0,6,7,13,6,6,True,True,True
200,4,91,ring,0.4,4159498730,1,2,2,4,2,2,True,True,True
200,4,91,ring,0.4,4159498730,2,9,11,20,8,8,False,False,True
200,4,91,ring,0.4,4159498730,3,2,2,4,2,2,True,True,True
200,4,91,ring,0.4,4159498730,4,7,7,14,6,6,False,False,True
200,4,91,small_world,0.4,4159498730,0,2,2,4,2,2,True,True,True
200,4,91,small_world,0.4,4159498730,1,9,10,19,8,8,False,False,True
200,4,91,small_world,0.4,4159498730,2,2,2,4,2,2,True,True,True
200,4,91,ring,0.5,4159498730,0,5,8,13,5,5,True,True,True
200,4,91,ring,0.5,4159498730,1,23,24,47,19,19,False,False,False
200,4,91,ring,0.5,4159498730,2,8,10,18,8,8,True,True,True
200,4,91,ring,0.5,4159498730,3,2,2,4,2,2,True,True,True
200,4,91,small_world,0.5,4159498730,0,3,4,7,2,2,False,False,True
200,4,91,small_world,0.5,4159498730,1,5,5,10,5,5,True,True,True
200,4,91,small_world,0.5,4159498730,2,2,2,4,2,2,True,True,True
200,4,91,scale_free,0.5,4159498730,0,78,84,162,66,66,False,False,False
200,4,91,er,0.6,4159498730,0,70,87,157,69,69,False,False,False
200,4,91,ring,0.6,4159498730,0,13,15,28,11,11,False,False,False
200,4,91,ring,0.6,4159498730,1,3,9,12,3,3,True,True,True
200,4,91,ring,0.6,4159498730,2,18,27,45,18,18,True,True,False
200,4,91,ring,0.6,4159498730,3,6,11,17,6,6,True,True,True
200,4,91,ring,0.6,4159498730,4,6,7,13,5,5,False,False,True
200,4,91,ring,0.6,4159498730,5,2,2,4,2,2,True,True,True
200,4,91,ring,0.6,4159498730,6,3,7,10,3,3,True,True,True
200,4,91,ring,0.6,4159498730,7,2,2,4,2,2,True,True,True
200,4,91,ring,0.6,4159498730,8,4,6,10,3,3,False,False,True
200,4,91,small_world,0.6,4159498730,0,61,74,135,51,51,False,False,False
200,4,91,small_world,0.6,4159498730,1,4,6,10,4,4,True,True,True
200,4,91,small_world,0.6,4159498730,2,2,5,7,2,2,True,True,True
200,4,91,small_world,0.6,4159498730,3,6,7,13,6,6,True,True,True
200,4,91,small_world,0.6,4159498730,4,3,6,9,3,3,True,True,True
200,4,91,small_world,0.6,4159498730,5,2,2,4,2,2,True,True,True
200,4,91,scale_free,0.6,4159498730,0,64,96,160,60,60,False,False,False
200,4,91,er,0.7,4159498730,0,56,90,146,55,55,False,False,False
200,4,91,ring,0.7,4159498730,0,12,17,29,12,12,True,True,False
200,4,91,ring,0.7,4159498730,1,2,5,7,2,2,True,True,True
200,4,91,ring,0.7,4159498730,2,2,4,6,2,2,True,True,True
200,4,91,ring,0.7,4159498730,3,3,7,10,3,3,True,True,True
200,4,91,ring,0.7,4159498730,4,7,11,18,7,7,True,True,True
200,4,91,ring,0.7,4159498730,5,5,12,17,5,5,True,True,True
200,4,91,ring,0.7,4159498730,6,8,10,18,8,8,True,True,True
200,4,91,ring,0.7,4159498730,7,2,4,6,2,2,True,True,True
200,4,91,ring,0.7,4159498730,8,14,19,33,13,13,False,False,False
200,4,91,ring,0.7,4159498730,9,2,4,6,2,2,True,True,True
200,4,91,small_world,0.7,4159498730,0,34,53,87,34,34,True,True,False
200,4,91,small_world,0.7,4159498730,1,10,14,24,10,10,True,True,True
200,4,91,small_world,0.7,4159498730,2,2,4,6,2,2,True,True,True
200,4,91,small_world,0.7,4159498730,3,3,7,10,3,3,True,True,True
200,4,91,small_world,0.7,4159498730,4,5,12,17,5,5,True,True,True
200,4,91,small_world,0.7,4159498730,5,2,4,6,2,2,True,True,True
200,4,91,small_world,0.7,4159498730,6,2,4,6,2,2,True,True,True
200,4,91,scale_free,0.7,4159498730,0,53,95,148,51,51,False,False,False
200,4,91,er,0.8,4159498730,0,32,64,96,32,32,True,True,False
200,4,91,er,0.8,4159498730,1,2,3,5,2,2,True,True,True
200,4,91,ring,0.8,4159498730,0,9,15,24,9,9,True,True,True
200,4,91,ring,0.8,4159498730,1,2,4,6,2,2,True,True,True
200,4,91,ring,0.8,4159498730,2,3,7,10,3,3,True,True,True
200,4,91,ring,0.8,4159498730,3,3,8,11,3,3,True,True,True
200,4,91,ring,0.8,4159498730,4,6,10,16,6,6,True,True,True
200,4,91,ring,0.8,4159498730,5,2,4,6,2,2,True,True,True
200,4,91,ring,0.8,4159498730,6,2,4,6,2,2,True,True,True
200,4,91,ring,0.8,4159498730,7,3,7,10,3,3,True,True,True
200,4,91,ring,0.8,4159498730,8,2,7,9,2,2,True,True,True
200,4,91,ring,0.8,4159498730,9,2,4,6,2,2,True,True,True
200,4,91,small_world,0.8,4159498730,0,12,20,32,12,12,True,True,False
200,4,91,small_world,0.8,4159498730,1,6,10,16,6,6,True,True,True
200,4,91,small_world,0.8,4159498730,2,2,4,6,2,2,True,True,True
200,4,91,small_world,0.8,4159498730,3,3,8,11,3,3,True,True,True
200,4,91,small_world,0.8,4159498730,4,3,8,11,3,3,True,True,True
200,4,91,small_world,0.8,4159498730,5,2,4,6,2,2,True,True,True
200,4,91,small_world,0.8,4159498730,6,2,4,6,2,2,True,True,True
200,4,91,small_world,0.8,4159498730,7,2,7,9,2,2,True,True,True
200,4,91,small_world,0.8,4159498730,8,2,4,6,2,2,True,True,True
200,4,91,scale_free,0.8,4159498730,0,33,66,99,33,33,True,True,False
200,4,91,scale_free,0.8,4159498730,1,2,3,5,2,2,True,True,True
200,4,91,er,0.9,4159498730,0,4,11,15,4,4,True,True,True
200,4,91,er,0.9,4159498730,1,8,22,30,8,8,True,True,True
200,4,91,ring,0.9,4159498730,0,4,9,13,4,4,True,True,True
200,4,91,ring,0.9,4159498730,1,2,7,9,2,2,True,True,True
200,4,91,ring,0.9,4159498730,2,2,5,7,2,2,True,True,True
200,4,91,small_world,0.9,4159498730,0,4,8,12,4,4,True,True,True
200,4,91,small_world,0.9,4159498730,1,2,7,9,2,2,True,True,True
200,4,91,small_world,0.9,4159498730,2,2,6,8,2,2,True,True,True
200,4,91,scale_free,0.9,4159498730,0,16,43,59,16,16,True,True,False
200,4,91,scale_free,0.9,4159498730,1,2,4,6,2,2,True,True,True
200,4,92,ring,0.4,878280869,0,13,15,28,12,12,False,False,False
200,4,92,er,0.5,878280869,0,77,80,157,68,68,False,False,False
200,4,92,er,0.5,878280869,1,2,2,4,2,2,True,True,True
200,4,92,er,0.5,878280869,2,2,3,5,2,2,True,True,True
200,4,92,ring,0.5,878280869,0,17,20,37,15,15,False,False,False
200,4,92,ring,0.5,878280869,1,4,6,10,4,4,True,True,True
200,4,92,ring,0.5,878280869,2,2,2,4,2,2,True,True,True
200,4,92,ring,0.5,878280869,3,15,15,30,13,13,False,False,False
200,4,92,ring,0.5,878280869,4,6,11,17,6,6,True,True,True
200,4,92,ring,0.5,878280869,5,4,5,9,4,4,True,True,True
200,4,92,ring,0.5,878280869,6,2,2,4,2,2,True,True,True
200,4,92,ring,0.5,878280869,7,6,6,12,5,5,False,False,True
200,4,92,small_world,0.5,878280869,0,69,76,145,62,62,False,False,False
200,4,92,small_world,0.5,878280869,1,4,6,10,4,4,True,True,True
200,4,92,small_world,0.5,878280869,2,2,2,4,2,2,True,True,True
200,4,92,scale_free,0.5,878280869,0,83,83,166,62,62,False,False,False
200,4,92,er,0.6,878280869,0,56,83,139,56,56,True,True,False
200,4,92,er,0.6,878280869,1,3,5,8,3,3,True,True,True
200,4,92,er,0.6,878280869,2,2,2,4,2,2,True,True,True
200,4,92,er,0.6,878280869,3,2,2,4,2,2,True,True,True
200,4,92,ring,0.6,878280869,0,5,8,13,4,4,False,False,True
200,4,92,ring,0.6,878280869,1,6,12,18,6,6,True,True,True
200,4,92,ring,0.6,878280869,2,3,7,10,3,3,True,True,True
200,4,92,ring,0.6,878280869,3,8,11,19,8,8,True,True,True
200,4,92,ring,0.6,878280869,4,9,10,19,8,8,False,False,True
200,4,92,ring,0.6,878280869,5,7,13,20,7,7,True,True,True
200,4,92,ring,0.6,878280869,6,2,4,6,2,2,True,True,True
200,4,92,ring,0.6,878280869,7,2,2,4,2,2,True,True,True
200,4,92,ring,0.6,878280869,8,2,2,4,2,2,True,True,True
200,4,92,ring,0.6,878280869,9,7,7,14,5,5,False,False,True
200,4,92,ring,0.6,878280869,10,6,6,12,5,5,False,False,True
200,4,92,ring,0.6,878280869,11,3,4,7,3,3,True,True,True
200,4,92,ring,0.6,878280869,12,3,4,7,3,3,True,True,True
200,4,92,ring,0.6,878280869,13,2,2,4,2,2,True,True,True
200,4,92,small_world,0.6,878280869,0,58,81,139,56,56,False,False,False
200,4,92,small_world,0.6,878280869,1,3,7,10,3,3,True,True,True
200,4,92,small_world,0.6,878280869,2,5,5,10,4,4,False,False,True
200,4,92,small_world,0.6,878280869,3,2,2,4,2,2,True,True,True
200,4,92,scale_free,0.6,878280869,0,72,89,161,64,64,False,False,False
200,4,92,er,0.7,878280869,0,44,83,127,44,44,True,True,False
200,4,92,er,0.7,878280869,1,6,10,16,6,6,True,True,True
200,4,92,ring,0.7,878280869,0,3,7,10,3,3,True,True,True
200,4,92,ring,0.7,878280869,1,3,8,11,3,3,True,True,True
200,4,92,ring,0.7,878280869,2,2,5,7,2,2,True,True,True
200,4,92,ring,0.7,878280869,3,3,7,10,3,3,True,True,True
200,4,92,ring,0.7,878280869,4,6,7,13,5,5,False,False,True
200,4,92,ring,0.7,878280869,5,4,10,14,4,4,True,True,True
200,4,92,ring,0.7,878280869,6,2,4,6,2,2,True,True,True
200,4,92,ring,0.7,878280869,7,2,2,4,2,2,True,True,True
200,4,92,ring,0.7,878280869,8,2,2,4,2,2,True,True,True
200,4,92,ring,0.7,878280869,9,10,16,26,10,10,True,True,True
200,4,92,ring,0.7,878280869,10,2,2,4,2,2,True,True,True
200,4,92,ring,0.7,878280869,11,11,12,23,10,10,False,False,False
200,4,92,ring,0.7,878280869,12,3,4,7,3,3,True,True,True
200,4,92,ring,0.7,878280869,13,2,2,4,2,2,True,True,True
200,4,92,small_world,0.7,878280869,0,17,25,42,17,17,True,True,False
200,4,92,small_world,0.7,878280869,1,14,30,44,14,14,True,True,False
200,4,92,small_world,0.7,878280869,2,2,5,7,2,2,True,True,True
200,4,92,small_world,0.7,878280869,3,22,35,57,21,21,False,False,False
200,4,92,small_world,0.7,878280869,4,2,3,5,2,2,True,True,True
200,4,92,scale_free,0.7,878280869,0,54,86,140,52,52,False,False,False
200,4,92,er,0.8,878280869,0,28,72,100,28,28,True,True,False
200,4,92,er,0.8,878280869,1,4,7,11,4,4,True,True,True
200,4,92,ring,0.8,878280869,0,3,7,10,3,3,True,True,True
200,4,92,ring,0.8,878280869,1,2,5,7,2,2,True,True,True
200,4,92,ring,0.8,878280869,2,3,7,10,3,3,True,True,True
200,4,92,ring,0.8,878280869,3,2,6,8,2,2,True,True,True
200,4,92,ring,0.8,878280869,4,3,7,10,3,3,True,True,True
200,4,92,ring,0.8,878280869,5,2,4,6,2,2,True,True,True
200,4,92,ring,0.8,878280869,6,2,4,6,2,2,True,True,True
200,4,92,ring,0.8,878280869,7,2,5,7,2,2,True,True,True
200,4,92,ring,0.8,878280869,8,2,4,6,2,2,True,True,True
200,4,92,ring,0.8,878280869,9,7,15,22,7,7,True,True,True
200,4,92,ring,0.8,878280869,10,2,2,4,2,2,True,True,True
200,4,92,ring,0.8,878280869,11,2,2,4,2,2,True,True,True
200,4,92,small_world,0.8,878280869,0,8,15,23,8,8,True,True,True
200,4,92,small_world,0.8,878280869,1,4,8,12,4,4,True,True,True
200,4,92,small_world,0.8,878280869,2,3,9,12,3,3,True,True,True
200,4,92,small_world,0.8,878280869,3,11,27,38,11,11,True,True,False
200,4,92,small_world,0.8,878280869,4,2,5,7,2,2,True,True,True
200,4,92,small_world,0.8,878280869,5,2,7,9,2,2,True,True,True
200,4,92,small_world,0.8,878280869,6,2,5,7,2,2,True,True,True
200,4,92,small_world,0.8,878280869,7,2,3,5,2,2,True,True,True
200,4,92,scale_free,0.8,878280869,0,33,81,114,32,32,False,False,False
200,4,92,er,0.9,878280869,0,8,32,40,8,8,True,True,True
200,4,92,er,0.9,878280869,1,2,2,4,2,2,True,True,True
200,4,92,er,0.9,878280869,2,2,3,5,2,2,True,True,True
200,4,92,ring,0.9,878280869,0,2,5,7,2,2,True,True,True
200,4,92,ring,0.9,878280869,1,2,4,6,2,2,True,True,True
200,4,92,ring,0.9,878280869,2,4,9,13,4,4,True,True,True
200,4,92,ring,0.9,878280869,3,2,2,4,2,2,True,True,True
200,4,92,ring,0.9,878280869,4,2,2,4,2,2,True,True,True
200,4,92,small_world,0.9,878280869,0,5,9,14,5,5,True,True,True
200,4,92,small_world,0.9,878280869,1,2,8,10,2,2,True,True,True
200,4,92,small_world,0.9,878280869,2,2,5,7,2,2,True,True,True
200,4,92,small_world,0.9,878280869,3,3,10,13,3,3,True,True,True
200,4,92,small_world,0.9,878280869,4,2,3,5,2,2,True,True,True
200,4,92,scale_free,0.9,878280869,0,11,32,43,11,11,True,True,False
200,4,92,scale_free,0.9,878280869,1,6,11,17,6,6,True,True,True
200,4,93,scale_free,0.2,1961414418,0,2,2,4,1,1,False,False,True
200,4,93,ring,0.3,1961414418,0,5,5,10,5,5,True,True,True
200,4,93,er,0.4,1961414418,0,2,2,4,2,2,True,True,True
200,4,93,ring,0.4,1961414418,0,4,4,8,4,4,True,True,True
200,4,93,ring,0.4,1961414418,1,8,10,18,7,7,False,False,True
200,4,93,ring,0.4,1961414418,2,3,3,6,2,2,False,False,True
200,4,93,ring,0.4,1961414418,3,15,17,32,14,14,False,False,False
200,4,93,small_world,0.4,1961414418,0,4,4,8,4,4,True,True,True
200,4,93,er,0.5,1961414418,0,85,86,171,77,77,False,False,False
200,4,93,ring,0.5,1961414418,0,4,4,8,4,4,True,True,True
200,4,93,ring,0.5,1961414418,1,6,12,18,6,6,True,True,True
200,4,93,ring,0.5,1961414418,2,3,3,6,2,2,False,False,True
200,4,93,ring,0.5,1961414418,3,5,8,13,4,4,False,False,True
200,4,93,ring,0.5,1961414418,4,25,33,58,23,23,False,False,False
200,4,93,small_world,0.5,1961414418,0,74,76,150,59,59,False,False,False
200,4,93,small_world,0.5,1961414418,1,4,4,8,4,4,True,True,True
200,4,93,small_world,0.5,1961414418,2,9,10,19,8,8,False,False,True
200,4,93,scale_free,0.5,1961414418,0,76,85,161,63,63,False,False,False
200,4,93,er,0.6,1961414418,0,66,88,154,66,66,True,True,False
200,4,93,er,0.6,1961414418,1,2,3,5,2,2,True,True,True
200,4,93,ring,0.6,1961414418,0,8,9,17,7,7,False,False,True
200,4,93,ring,0.6,1961414418,1,6,8,14,5,5,False,False,True
200,4,93,ring,0.6,1961414418,2,3,3,6,2,2,False,False,True
200,4,93,ring,0.6,1961414418,3,29,31,60,26,26,False,False,False
200,4,93,ring,0.6,1961414418,4,4,7,11,4,4,True,True,True
200,4,93,ring,0.6,1961414418,5,4,6,10,4,4,True,True,True
200,4,93,ring,0.6,1961414418,6,2,6,8,2,2,True,True,True
200,4,93,ring,0.6,1961414418,7,6,15,21,6,6,True,True,True
200,4,93,ring,0.6,1961414418,8,16,17,33,14,14,False,False,False
200,4,93,small_world,0.6,1961414418,0,68,90,158,61,61,False,False,False
200,4,93,small_world,0.6,1961414418,1,4,5,9,4,4,True,True,True
200,4,93,small_world,0.6,1961414418,2,5,5,10,4,4,False,False,True
200,4,93,small_world,0.6,1961414418,3,2,2,4,2,2,True,True,True
200,4,93,scale_free,0.6,1961414418,0,63,99,162,55,55,False,False,False
200,4,93,scale_free,0.6,1961414418,1,2,2,4,2,2,True,True,True
200,4,93,er,0.7,1961414418,0,46,85,131,46,46,True,True,False
200,4,93,er,0.7,1961414418,1,2,4,6,2,2,True,True,True
200,4,93,ring,0.7,1961414418,0,14,21,35,13,13,False,False,False
200,4,93,ring,0.7,1961414418,1,3,6,9,3,3,True,True,True
200,4,93,ring,0.7,1961414418,2,3,4,7,3,3,True,True,True
200,4,93,ring,0.7,1961414418,3,3,4,7,3,3,True,True,True
200,4,93,ring,0.7,1961414418,4,11,14,25,11,11,True,True,False
200,4,93,ring,0.7,1961414418,5,9,11,20,9,9,True,True,True
200,4,93,ring,0.7,1961414418,6,5,9,14,5,5,True,True,True
200,4,93,ring,0.7,1961414418,7,2,4,6,2,2,True,True,True
200,4,93,ring,0.7,1961414418,8,5,14,19,5,5,True,True,True
200,4,93,small_world,0.7,1961414418,0,49,81,130,49,49,True,True,False
200,4,93,small_world,0.7,1961414418,1,3,6,9,3,3,True,True,True
200,4,93,small_world,0.7,1961414418,2,3,3,6,3,3,True,True,True
200,4,93,small_world,0.7,1961414418,3,2,3,5,2,2,True,True,True
200,4,93,scale_free,0.7,1961414418,0,50,83,133,45,45,False,False,False
200,4,93,scale_free,0.7,1961414418,1,3,3,6,3,3,True,True,True
200,4,93,er,0.8,1961414418,0,24,60,84,24,24,True,True,False
200,4,93,er,0.8,1961414418,1,2,4,6,2,2,True,True,True
200,4,93,ring,0.8,1961414418,0,2,5,7,2,2,True,True,True
200,4,93,ring,0.8,1961414418,1,2,4,6,2,2,True,True,True
200,4,93,ring,0.8,1961414418,2,2,4,6,2,2,True,True,True
200,4,93,ring,0.8,1961414418,3,8,15,23,8,8,True,True,True
200,4,93,ring,0.8,1961414418,4,6,9,15,6,6,True,True,True
200,4,93,ring,0.8,1961414418,5,5,9,14,5,5,True,True,True
200,4,93,ring,0.8,1961414418,6,3,9,12,3,3,True,True,True
200,4,93,ring,0.8,1961414418,7,2,7,9,2,2,True,True,True
200,4,93,ring,0.8,1961414418,8,2,4,6,2,2,True,True,True
200,4,93,small_world,0.8,1961414418,0,32,69,101,32,32,True,True,False
200,4,93,small_world,0.8,1961414418,1,2,4,6,2,2,True,True,True
200,4,93,scale_free,0.8,1961414418,0,30,52,82,29,29,False,False,False
200,4,93,scale_free,0.8,1961414418,1,2,3,5,2,2,True,True,True
200,4,93,scale_free,0.8,1961414418,2,2,7,9,2,2,True,True,True
200,4,93,er,0.9,1961414418,0,3,11,14,3,3,True,True,True
200,4,93,er,0.9,1961414418,1,6,19,25,6,6,True,True,True
200,4,93,er,0.9,1961414418,2,2,6,8,2,2,True,True,True
200,4,93,er,0.9,1961414418,3,2,5,7,2,2,True,True,True
200,4,93,ring,0.9,1961414418,0,2,5,7,2,2,True,True,True
200,4,93,ring,0.9,1961414418,1,2,4,6,2,2,True,True,True
200,4,93,ring,0.9,1961414418,2,2,6,8,2,2,True,True,True
200,4,93,ring,0.9,1961414418,3,2,6,8,2,2,True,True,True
200,4,93,small_world,0.9,1961414418,0,2,9,11,2,2,True,True,True
200,4,93,small_world,0.9,1961414418,1,2,5,7,2,2,True,True,True
200,4,93,small_world,0.9,1961414418,2,2,4,6,2,2,True,True,True
200,4,93,small_world,0.9,1961414418,3,3,9,12,3,3,True,True,True
200,4,93,scale_free,0.9,1961414418,0,6,13,19,6,6,True,True,True
200,4,93,scale_free,0.9,1961414418,1,6,19,25,6,6,True,True,True
200,4,93,scale_free,0.9,1961414418,2,2,8,10,2,2,True,True,True
200,4,94,ring,0.3,821896215,0,2,2,4,2,2,True,True,True
200,4,94,ring,0.3,821896215,1,3,3,6,2,2,False,False,True
200,4,94,ring,0.3,821896215,2,2,2,4,2,2,True,True,True
200,4,94,er,0.4,821896215,0,2,2,4,2,2,True,True,True
200,4,94,ring,0.4,821896215,0,2,4,6,2,2,True,True,True
200,4,94,ring,0.4,821896215,1,2,2,4,2,2,True,True,True
200,4,94,ring,0.4,821896215,2,2,2,4,2,2,True,True,True
200,4,94,ring,0.4,821896215,3,3,3,6,2,2,False,False,True
200,4,94,ring,0.4,821896215,4,2,2,4,2,2,True,True,True
200,4,94,ring,0.4,821896215,5,6,7,13,5,5,False,False,True
200,4,94,ring,0.4,821896215,6,7,11,18,6,6,False,False,True
200,4,94,small_world,0.4,821896215,0,3,4,7,3,3,True,True,True
200,4,94,small_world,0.4,821896215,1,2,2,4,2,2,True,True,True
200,4,94,er,0.5,821896215,0,79,82,161,70,70,False,False,False
200,4,94,er,0.5,821896215,1,2,2,4,2,2,True,True,True
200,4,94,er,0.5,821896215,2,2,2,4,2,2,True,True,True
200,4,94,ring,0.5,821896215,0,9,13,22,9,9,True,True,True
200,4,94,ring,0.5,821896215,1,3,5,8,3,3,True,True,True
200,4,94,ring,0.5,821896215,2,2,2,4,2,2,True,True,True
200,4,94,ring,0.5,821896215,3,5,6,11,4,4,False,False,True
200,4,94,ring,0.5,821896215,4,6,6,12,5,5,False,False,True
200,4,94,ring,0.5,821896215,5,2,2,4,2,2,True,True,True
200,4,94,ring,0.5,821896215,6,3,3,6,2,2,False,False,True
200,4,94,ring,0.5,821896215,7,2,2,4,2,2,True,True,True
200,4,94,ring,0.5,821896215,8,3,5,8,3,3,True,True,True
200,4,94,ring,0.5,821896215,9,2,2,4,2,2,True,True,True
200,4,94,ring,0.5,821896215,10,3,5,8,3,3,True,True,True
200,4,94,ring,0.5,821896215,11,7,11,18,6,6,False,False,True
200,4,94,small_world,0.5,821896215,0,57,63,120,48,48,False,False,False
200,4,94,small_world,0.5,821896215,1,2,4,6,2,2,True,True,True
200,4,94,small_world,0.5,821896215,2,2,2,4,2,2,True,True,True
200,4,94,small_world,0.5,821896215,3,3,4,7,3,3,True,True,True
200,4,94,er,0.6,821896215,0,65,90,155,63,63,False,False,False
200,4,94,er,0.6,821896215,1,2,4,6,2,2,True,True,True
200,4,94,er,0.6,821896215,2,2,2,4,2,2,True,True,True
200,4,94,ring,0.6,821896215,0,9,13,22,9,9,True,True,True
200,4,94,ring,0.6,821896215,1,4,8,12,4,4,True,True,True
200,4,94,ring,0.6,821896215,2,5,6,11,4,4,False,False,True
200,4,94,ring,0.6,821896215,3,9,9,18,7,7,False,False,True
200,4,94,ring,0.6,821896215,4,2,2,4,2,2,True,True,True
200,4,94,ring,0.6,821896215,5,5,6,11,4,4,False,False,True
200,4,94,ring,0.6,821896215,6,2,2,4,2,2,True,True,True
200,4,94,ring,0.6,821896215,7,13,18,31,10,10,False,False,False
200,4,94,ring,0.6,821896215,8,7,7,14,6,6,False,False,True
200,4,94,ring,0.6,821896215,9,3,3,6,2,2,False,False,True
200,4,94,ring,0.6,821896215,10,5,8,13,5,5,True,True,True
200,4,94,ring,0.6,821896215,11,3,4,7,3,3,True,True,True
200,4,94,ring,0.6,821896215,12,5,13,18,5,5,True,True,True
200,4,94,small_world,0.6,821896215,0,46,67,113,42,42,False,False,False
200,4,94,small_world,0.6,821896215,1,7,7,14,5,5,False,False,True
200,4,94,small_world,0.6,821896215,2,2,2,4,2,2,True,True,True
200,4,94,small_world,0.6,821896215,3,13,15,28,11,11,False,False,False
200,4,94,scale_free,0.6,821896215,0,71,87,158,59,59,False,False,False
200,4,94,er,0.7,821896215,0,49,91,140,49,49,True,True,False
200,4,94,er,0.7,821896215,1,2,4,6,2,2,True,True,True
200,4,94,ring,0.7,821896215,0,3,6,9,3,3,True,True,True
200,4,94,ring,0.7,821896215,1,4,9,13,4,4,True,True,True
200,4,94,ring,0.7,821896215,2,3,8,11,3,3,True,True,True
200,4,94,ring,0.7,821896215,3,3,4,7,3,3,True,True,True
200,4,94,ring,0.7,821896215,4,9,11,20,8,8,False,False,True
200,4,94,ring,0.7,821896215,5,2,2,4,2,2,True,True,True
200,4,94,ring,0.7,821896215,6,3,3,6,2,2,False,False,True
200,4,94,ring,0.7,821896215,7,2,2,4,2,2,True,True,True
200,4,94,ring,0.7,821896215,8,6,10,16,6,6,True,True,True
200,4,94,ring,0.7,821896215,9,5,9,14,4,4,False,False,True
200,4,94,ring,0.7,821896215,10,3,5,8,3,3,True,True,True
200,4,94,ring,0.7,821896215,11,4,6,10,4,4,True,True,True
200,4,94,ring,0.7,821896215,12,5,8,13,5,5,True,True,True
200,4,94,ring,0.7,821896215,13,3,4,7,3,3,True,True,True
200,4,94,ring,0.7,821896215,14,2,6,8,2,2,True,True,True
200,4,94,small_world,0.7,821896215,0,10,21,31,10,10,True,True,True
200,4,94,small_world,0.7,821896215,1,29,38,67,27,27,False,False,False
200,4,94,small_world,0.7,821896215,2,8,18,26,8,8,True,True,True
200,4,94,small_world,0.7,821896215,3,2,2,4,2,2,True,True,True
200,4,94,small_world,0.7,821896215,4,3,3,6,2,2,False,False,True
200,4,94,small_world,0.7,821896215,5,2,4,6,2,2,True,True,True
200,4,94,scale_free,0.7,821896215,0,53,82,135,50,50,False,False,False
200,4,94,er,0.8,821896215,0,30,74,104,30,30,True,True,False
200,4,94,er,0.8,821896215,1,2,7,9,2,2,True,True,True
200,4,94,er,0.8,821896215,2,2,4,6,2,2,True,True,True
200,4,94,ring,0.8,821896215,0,3,6,9,3,3,True,True,True
200,4,94,ring,0.8,821896215,1,3,8,11,3,3,True,True,True
200,4,94,ring,0.8,821896215,2,2,4,6,2,2,True,True,True
200,4,94,ring,0.8,821896215,3,3,5,8,3,3,True,True,True
200,4,94,ring,0.8,821896215,4,3,3,6,2,2,False,False,True
200,4,94,ring,0.8,821896215,5,2,2,4,2,2,True,True,True
200,4,94,ring,0.8,821896215,6,2,5,7,2,2,True,True,True
200,4,94,ring,0.8,821896215,7,4,6,10,4,4,True,True,True
200,4,94,ring,0.8,821896215,8,4,8,12,4,4,True,True,True
200,4,94,ring,0.8,821896215,9,2,4,6,2,2,True,True,True
200,4,94,small_world,0.8,821896215,0,3,7,10,3,3,True,True,True
200,4,94,small_world,0.8,821896215,1,7,16,23,7,7,True,True,True
200,4,94,small_world,0.8,821896215,2,5,16,21,5,5,True,True,True
200,4,94,small_world,0.8,821896215,3,2,4,6,2,2,True,True,True
200,4,94,small_world,0.8,821896215,4,3,4,7,3,3,True,True,True
200,4,94,small_world,0.8,821896215,5,3,3,6,2,2,False,False,True
200,4,94,small_world,0.8,821896215,6,5,7,12,5,5,True,True,True
200,4,94,small_world,0.8,821896215,7,2,4,6,2,2,True,True,True
200,4,94,scale_free,0.8,821896215,0,33,73,106,32,32,False,False,False
200,4,94,er,0.9,821896215,0,11,34,45,11,11,True,True,False
200,4,94,er,0.9,821896215,1,3,12,15,3,3,True,True,True
200,4,94,ring,0.9,821896215,0,2,4,6,2,2,True,True,True
200,4,94,ring,0.9,821896215,1,3,7,10,3,3,True,True,True
200,4,94,ring,0.9,821896215,2,2,5,7,2,2,True,True,True
200,4,94,ring,0.9,821896215,3,2,4,6,2,2,True,True,True
200,4,94,small_world,0.9,821896215,0,2,5,7,2,2,True,True,True
200,4,94,small_world,0.9,821896215,1,2,6,8,2,2,True,True,True
200,4,94,small_world,0.9,821896215,2,3,7,10,3,3,True,True,True
200,4,94,small_world,0.9,821896215,3,2,5,7,2,2,True,True,True
200,4,94,small_world,0.9,821896215,4,2,4,6,2,2,True,True,True
200,4,94,scale_free,0.9,821896215,0,14,53,67,14,14,True,True,False
200,4,95,scale_free,0.1,1691919294,0,2,2,4,2,2,True,True,True
200,4,95,ring,0.2,1691919294,0,2,2,4,2,2,True,True,True
200,4,95,ring,0.2,1691919294,1,4,5,9,4,4,True,True,True
200,4,95,ring,0.3,1691919294,0,3,3,6,2,2,False,False,True
200,4,95,ring,0.3,1691919294,1,2,2,4,2,2,True,True,True
200,4,95,ring,0.3,1691919294,2,4,5,9,4,4,True,True,True
200,4,95,small_world,0.3,1691919294,0,3,3,6,2,2,False,False,True
200,4,95,ring,0.4,1691919294,0,2,2,4,2,2,True,True,True
200,4,95,ring,0.4,1691919294,1,7,9,16,7,7,True,True,True
200,4,95,ring,0.4,1691919294,2,3,3,6,2,2,False,False,True
200,4,95,ring,0.4,1691919294,3,2,2,4,2,2,True,True,True
200,4,95,ring,0.4,1691919294,4,4,5,9,4,4,True,True,True
200,4,95,small_world,0.4,1691919294,0,2,2,4,2,2,True,True,True
200,4,95,small_world,0.4,1691919294,1,3,3,6,2,2,False,False,True
200,4,95,er,0.5,1691919294,0,86,90,176,81,81,False,False,False
200,4,95,ring,0.5,1691919294,0,7,9,16,7,7,True,True,True
200,4,95,ring,0.5,1691919294,1,3,3,6,2,2,False,False,True
200,4,95,ring,0.5,1691919294,2,18,25,43,17,17,False,False,False
200,4,95,ring,0.5,1691919294,3,7,9,16,7,7,True,True,True
200,4,95,small_world,0.5,1691919294,0,77,82,159,69,69,False,False,False
200,4,95,small_world,0.5,1691919294,1,3,3,6,2,2,False,False,True
200,4,95,scale_free,0.5,1691919294,0,67,76,143,52,52,False,False,False
200,4,95,er,0.6,1691919294,0,74,102,176,71,71,False,False,False
200,4,95,ring,0.6,1691919294,0,2,2,4,2,2,True,True,True
200,4,95,ring,0.6,1691919294,1,4,8,12,4,4,True,True,True
200,4,95,ring,0.6,1691919294,2,2,2,4,2,2,True,True,True
200,4,95,ring,0.6,1691919294,3,24,27,51,22,22,False,False,False
200,4,95,ring,0.6,1691919294,4,2,7,9,2,2,True,True,True
200,4,95,ring,0.6,1691919294,5,13,20,33,12,12,False,False,False
200,4,95,ring,0.6,1691919294,6,6,10,16,6,6,True,True,True
200,4,95,ring,0.6,1691919294,7,11,17,28,10,10,False,False,False
200,4,95,ring,0.6,1691919294,8,6,10,16,6,6,True,True,True
200,4,95,small_world,0.6,1691919294,0,3,3,6,2,2,False,False,True
200,4,95,small_world,0.6,1691919294,1,55,77,132,52,52,False,False,False
200,4,95,small_world,0.6,1691919294,2,11,20,31,10,10,False,False,False
200,4,95,small_world,0.6,1691919294,3,5,6,11,5,5,True,True,True
200,4,95,scale_free,0.6,1691919294,0,57,88,145,52,52,False,False,False
200,4,95,er,0.7,1691919294,0,55,108,163,55,55,True,True,False
200,4,95,er,0.7,1691919294,1,2,2,4,2,2,True,True,True
200,4,95,er,0.7,1691919294,2,2,2,4,2,2,True,True,True
200,4,95,ring,0.7,1691919294,0,5,7,12,5,5,True,True,True
200,4,95,ring,0.7,1691919294,1,3,6,9,3,3,True,True,True
200,4,95,ring,0.7,1691919294,2,14,18,32,13,13,False,False,False
200,4,95,ring,0.7,1691919294,3,2,4,6,2,2,True,True,True
200,4,95,ring,0.7,1691919294,4,2,4,6,2,2,True,True,True
200,4,95,ring,0.7,1691919294,5,2,4,6,2,2,True,True,True
200,4,95,ring,0.7,1691919294,6,10,18,28,10,10,True,True,True
200,4,95,ring,0.7,1691919294,7,5,9,14,5,5,True,True,True
200,4,95,ring,0.7,1691919294,8,9,14,23,8,8,False,False,True
200,4,95,ring,0.7,1691919294,9,5,7,12,5,5,True,True,True
200,4,95,small_world,0.7,1691919294,0,39,64,103,39,39,True,True,False
200,4,95,small_world,0.7,1691919294,1,2,4,6,2,2,True,True,True
200,4,95,small_world,0.7,1691919294,2,9,14,23,8,8,False,False,True
200,4,95,small_world,0.7,1691919294,3,5,6,11,5,5,True,True,True
200,4,95,scale_free,0.7,1691919294,0,50,74,124,43,43,False,False,False
200,4,95,er,0.8,1691919294,0,25,74,99,25,25,True,True,False
200,4,95,er,0.8,1691919294,1,2,5,7,2,2,True,True,True
200,4,95,er,0.8,1691919294,2,3,7,10,3,3,True,True,True
200,4,95,er,0.8,1691919294,3,2,4,6,2,2,True,True,True
200,4,95,er,0.8,1691919294,4,2,2,4,2,2,True,True,True
200,4,95,ring,0.8,1691919294,0,3,4,7,3,3,True,True,True
200,4,95,ring,0.8,1691919294,1,3,6,9,3,3,True,True,True
200,4,95,ring,0.8,1691919294,2,2,5,7,2,2,True,True,True
200,4,95,ring,0.8,1691919294,3,4,12,16,4,4,True,True,True
200,4,95,ring,0.8,1691919294,4,2,4,6,2,2,True,True,True
200,4,95,ring,0.8,1691919294,5,4,10,14,4,4,True,True,True
200,4,95,ring,0.8,1691919294,6,3,5,8,3,3,True,True,True
200,4,95,ring,0.8,1691919294,7,4,10,14,4,4,True,True,True
200,4,95,ring,0.8,1691919294,8,6,16,22,6,6,True,True,True
200,4,95,ring,0.8,1691919294,9,4,7,11,4,4,True,True,True
200,4,95,small_world,0.8,1691919294,0,9,20,29,9,9,True,True,True
200,4,95,small_world,0.8,1691919294,1,10,21,31,10,10,True,True,True
200,4,95,small_world,0.8,1691919294,2,2,4,6,2,2,True,True,True
200,4,95,small_world,0.8,1691919294,3,4,9,13,4,4,True,True,True
200,4,95,small_world,0.8,1691919294,4,6,16,22,6,6,True,True,True
200,4,95,small_world,0.8,1691919294,5,4,7,11,4,4,True,True,True
200,4,95,scale_free,0.8,1691919294,0,36,66,102,33,33,False,False,False
200,4,95,er,0.9,1691919294,0,6,19,25,6,6,True,True,True
200,4,95,er,0.9,1691919294,1,3,13,16,3,3,True,True,True
200,4,95,er,0.9,1691919294,2,3,12,15,3,3,True,True,True
200,4,95,ring,0.9,1691919294,0,3,6,9,3,3,True,True,True
200,4,95,ring,0.9,1691919294,1,2,5,7,2,2,True,True,True
200,4,95,ring,0.9,1691919294,2,2,7,9,2,2,True,True,True
200,4,95,ring,0.9,1691919294,3,3,8,11,3,3,True,True,True
200,4,95,small_world,0.9,1691919294,0,2,6,8,2,2,True,True,True
200,4,95,small_world,0.9,1691919294,1,3,7,10,3,3,True,True,True
200,4,95,small_world,0.9,1691919294,2,2,6,8,2,2,True,True,True
200,4,95,small_world,0.9,1691919294,3,2,6,8,2,2,True,True,True
200,4,95,small_world,0.9,1691919294,4,3,8,11,3,3,True,True,True
200,4,95,scale_free,0.9,1691919294,0,16,33,49,16,16,True,True,False
200,4,96,ring,0.4,3350352918,0,2,2,4,2,2,True,True,True
200,4,96,small_world,0.4,3350352918,0,2,2,4,2,2,True,True,True
200,4,96,small_world,0.4,3350352918,1,4,4,8,4,4,True,True,True
200,4,96,scale_free,0.4,3350352918,0,2,5,7,2,2,True,True,True
200,4,96,er,0.5,3350352918,0,82,83,165,76,76,False,False,False
200,4,96,ring,0.5,3350352918,0,8,12,20,8,8,True,True,True
200,4,96,ring,0.5,3350352918,1,2,2,4,2,2,True,True,True
200,4,96,ring,0.5,3350352918,2,10,11,21,8,8,False,False,True
200,4,96,ring,0.5,3350352918,3,8,9,17,8,8,True,True,True
200,4,96,ring,0.5,3350352918,4,2,2,4,2,2,True,True,True
200,4,96,ring,0.5,3350352918,5,23,25,48,20,20,False,False,False
200,4,96,ring,0.5,3350352918,6,3,3,6,2,2,False,False,True
200,4,96,ring,0.5,3350352918,7,2,4,6,2,2,True,True,True
200,4,96,small_world,0.5,3350352918,0,2,2,4,2,2,True,True,True
200,4,96,small_world,0.5,3350352918,1,4,4,8,4,4,True,True,True
200,4,96,small_world,0.5,3350352918,2,2,4,6,2,2,True,True,True
200,4,96,er,0.6,3350352918,0,69,88,157,64,64,False,False,False
200,4,96,ring,0.6,3350352918,0,4,7,11,4,4,True,True,True
200,4,96,ring,0.6,3350352918,1,2,4,6,2,2,True,True,True
200,4,96,ring,0.6,3350352918,2,3,7,10,3,3,True,True,True
200,4,96,ring,0.6,3350352918,3,2,6,8,2,2,True,True,True
200,4,96,ring,0.6,3350352918,4,7,10,17,7,7,True,True,True
200,4,96,ring,0.6,3350352918,5,11,14,25,11,11,True,True,False
200,4,96,ring,0.6,3350352918,6,14,14,28,10,10,False,False,False
200,4,96,ring,0.6,3350352918,7,6,13,19,6,6,True,True,True
200,4,96,ring,0.6,3350352918,8,2,2,4,2,2,True,True,True
200,4,96,ring,0.6,3350352918,9,3,3,6,2,2,False,False,True
200,4,96,ring,0.6,3350352918,10,2,4,6,2,2,True,True,True
200,4,96,small_world,0.6,3350352918,0,68,93,161,65,65,False,False,False
200,4,96,small_world,0.6,3350352918,1,2,5,7,2,2,True,True,True
200,4,96,small_world,0.6,3350352918,2,4,4,8,4,4,True,True,True
200,4,96,small_world,0.6,3350352918,3,2,4,6,2,2,True,True,True
200,4,96,scale_free,0.6,3350352918,0,59,67,126,44,44,False,False,False
200,4,96,scale_free,0.6,3350352918,1,2,3,5,2,2,True,True,True
200,4,96,er,0.7,3350352918,0,50,85,135,49,49,False,False,False
200,4,96,ring,0.7,3350352918,0,4,7,11,4,4,True,True,True
200,4,96,ring,0.7,3350352918,1,2,4,6,2,2,True,True,True
200,4,96,ring,0.7,3350352918,2,2,7,9,2,2,True,True,True
200,4,96,ring,0.7,3350352918,3,2,6,8,2,2,True,True,True
200,4,96,ring,0.7,3350352918,4,5,12,17,5,5,True,True,True
200,4,96,ring,0.7,3350352918,5,6,8,14,6,6,True,True,True
200,4,96,ring,0.7,3350352918,6,2,2,4,2,2,True,True,True
200,4,96,ring,0.7,3350352918,7,5,5,10,4,4,False,False,True
200,4,96,ring,0.7,3350352918,8,2,4,6,2,2,True,True,True
200,4,96,ring,0.7,3350352918,9,4,10,14,4,4,True,True,True
200,4,96,ring,0.7,3350352918,10,10,12,22,10,10,True,True,True
200,4,96,ring,0.7,3350352918,11,2,2,4,2,2,True,True,True
200,4,96,ring,0.7,3350352918,12,11,14,25,11,11,True,True,False
200,4,96,small_world,0.7,3350352918,0,44,79,123,44,44,True,True,False
200,4,96,small_world,0.7,3350352918,1,4,6,10,4,4,True,True,True
200,4,96,small_world,0.7,3350352918,2,2,5,7,2,2,True,True,True
200,4,96,small_world,0.7,3350352918,3,2,2,4,2,2,True,True,True
200,4,96,small_world,0.7,3350352918,4,4,5,9,4,4,True,True,True
200,4,96,scale_free,0.7,3350352918,0,47,77,124,44,44,False,False,False
200,4,96,er,0.8,3350352918,0,19,49,68,19,19,True,True,False
200,4,96,er,0.8,3350352918,1,3,7,10,3,3,True,True,True
200,4,96,er,0.8,3350352918,2,3,7,10,3,3,True,True,True
200,4,96,er,0.8,3350352918,3,2,2,4,2,2,True,True,True
200,4,96,ring,0.8,3350352918,0,5,12,17,5,5,True,True,True
200,4,96,ring,0.8,3350352918,1,3,7,10,3,3,True,True,True
200,4,96,ring,0.8,3350352918,2,4,7,11,4,4,True,True,True
200,4,96,ring,0.8,3350352918,3,2,4,6,2,2,True,True,True
200,4,96,ring,0.8,3350352918,4,2,6,8,2,2,True,True,True
200,4,96,ring,0.8,3350352918,5,5,10,15,5,5,True,True,True
200,4,96,ring,0.8,3350352918,6,2,2,4,2,2,True,True,True
200,4,96,ring,0.8,3350352918,7,2,2,4,2,2,True,True,True
200,4,96,ring,0.8,3350352918,8,7,15,22,7,7,True,True,True
200,4,96,small_world,0.8,3350352918,0,7,16,23,7,7,True,True,True
200,4,96,small_world,0.8,3350352918,1,19,45,64,19,19,True,True,False
200,4,96,small_world,0.8,3350352918,2,4,10,14,4,4,True,True,True
200,4,96,small_world,0.8,3350352918,3,2,5,7,2,2,True,True,True
200,4,96,scale_free,0.8,3350352918,0,30,65,95,30,30,True,True,False
200,4,96,scale_free,0.8,3350352918,1,2,4,6,2,2,True,True,True
200,4,96,er,0.9,3350352918,0,4,15,19,4,4,True,True,True
200,4,96,er,0.9,3350352918,1,2,2,4,2,2,True,True,True
200,4,96,er,0.9,3350352918,2,5,16,21,5,5,True,True,True
200,4,96,ring,0.9,3350352918,0,2,6,8,2,2,True,True,True
200,4,96,ring,0.9,3350352918,1,2,4,6,2,2,True,True,True
200,4,96,ring,0.9,3350352918,2,2,4,6,2,2,True,True,True
200,4,96,ring,0.9,3350352918,3,2,6,8,2,2,True,True,True
200,4,96,small_world,0.9,3350352918,0,2,7,9,2,2,True,True,True
200,4,96,small_world,0.9,3350352918,1,5,14,19,5,5,True,True,True
200,4,96,small_world,0.9,3350352918,2,2,6,8,2,2,True,True,True
200,4,96,small_world,0.9,3350352918,3,2,8,10,2,2,True,True,True
200,4,96,small_world,0.9,3350352918,4,3,10,13,3,3,True,True,True
200,4,96,scale_free,0.9,3350352918,0,14,56,70,14,14,True,True,False
200,4,96,scale_free,0.9,3350352918,1,2,4,6,2,2,True,True,True
200,4,97,ring,0.1,202191363,0,2,2,4,2,2,True,True,True
200,4,97,ring,0.1,202191363,1,2,2,4,2,2,True,True,True
200,4,97,ring,0.2,202191363,0,2,2,4,2,2,True,True,True
200,4,97,ring,0.3,202191363,0,6,6,12,6,6,True,True,True
200,4,97,ring,0.3,202191363,1,2,2,4,2,2,True,True,True
200,4,97,ring,0.3,202191363,2,3,3,6,2,2,False,False,True
200,4,97,small_world,0.3,202191363,0,4,5,9,4,4,True,True,True
200,4,97,ring,0.4,202191363,0,12,16,28,12,12,True,True,False
200,4,97,ring,0.4,202191363,1,3,4,7,3,3,True,True,True
200,4,97,ring,0.4,202191363,2,3,3,6,2,2,False,False,True
200,4,97,er,0.5,202191363,0,84,88,172,77,77,False,False,False
200,4,97,ring,0.5,202191363,0,7,11,18,7,7,True,True,True
200,4,97,ring,0.5,202191363,1,4,6,10,4,4,True,True,True
200,4,97,ring,0.5,202191363,2,3,4,7,3,3,True,True,True
200,4,97,ring,0.5,202191363,3,2,2,4,2,2,True,True,True
200,4,97,ring,0.5,202191363,4,3,3,6,2,2,False,False,True
200,4,97,small_world,0.5,202191363,0,3,3,6,2,2,False,False,True
200,4,97,small_world,0.5,202191363,1,2,2,4,2,2,True,True,True
200,4,97,small_world,0.5,202191363,2,6,6,12,4,4,False,False,True
200,4,97,er,0.6,202191363,0,69,97,166,69,69,True,True,False
200,4,97,ring,0.6,202191363,0,18,22,40,16,16,False,False,False
200,4,97,ring,0.6,202191363,1,3,4,7,3,3,True,True,True
200,4,97,ring,0.6,202191363,2,3,8,11,3,3,True,True,True
200,4,97,ring,0.6,202191363,3,16,17,33,14,14,False,False,False
200,4,97,ring,0.6,202191363,4,2,4,6,2,2,True,True,True
200,4,97,ring,0.6,202191363,5,8,9,17,8,8,True,True,True
200,4,97,ring,0.6,202191363,6,3,3,6,2,2,False,False,True
200,4,97,ring,0.6,202191363,7,3,7,10,3,3,True,True,True
200,4,97,ring,0.6,202191363,8,2,2,4,2,2,True,True,True
200,4,97,small_world,0.6,202191363,0,57,68,125,52,52,False,False,False
200,4,97,small_world,0.6,202191363,1,3,3,6,2,2,False,False,True
200,4,97,small_world,0.6,202191363,2,2,2,4,2,2,True,True,True
200,4,97,small_world,0.6,202191363,3,3,4,7,3,3,True,True,True
200,4,97,small_world,0.6,202191363,4,2,6,8,2,2,True,True,True
200,4,97,small_world,0.6,202191363,5,3,3,6,3,3,True,True,True
200,4,97,small_world,0.6,202191363,6,3,6,9,3,3,True,True,True
200,4,97,scale_free,0.6,202191363,0,73,82,155,58,58,False,False,False
200,4,97,er,0.7,202191363,0,46,84,130,46,46,True,True,False
200,4,97,er,0.7,202191363,1,2,6,8,2,2,True,True,True
200,4,97,ring,0.7,202191363,0,2,5,7,2,2,True,True,True
200,4,97,ring,0.7,202191363,1,14,19,33,14,14,True,True,False
200,4,97,ring,0.7,202191363,2,3,8,11,3,3,True,True,True
200,4,97,ring,0.7,202191363,3,13,20,33,12,12,False,False,False
200,4,97,ring,0.7,202191363,4,6,11,17,6,6,True,True,True
200,4,97,ring,0.7,202191363,5,6,8,14,5,5,False,False,True
200,4,97,ring,0.7,202191363,6,3,7,10,3,3,True,True,True
200,4,97,ring,0.7,202191363,7,3,5,8,3,3,True,True,True
200,4,97,ring,0.7,202191363,8,5,7,12,5,5,True,True,True
200,4,97,ring,0.7,202191363,9,2,2,4,2,2,True,True,True
200,4,97,small_world,0.7,202191363,0,2,4,6,2,2,True,True,True
200,4,97,small_world,0.7,202191363,1,19,27,46,18,18,False,False,False
200,4,97,small_world,0.7,202191363,2,9,16,25,9,9,True,True,True
200,4,97,small_world,0.7,202191363,3,2,4,6,2,2,True,True,True
200,4,97,small_world,0.7,202191363,4,6,6,12,5,5,False,False,True
200,4,97,small_world,0.7,202191363,5,6,11,17,6,6,True,True,True
200,4,97,small_world,0.7,202191363,6,3,6,9,3,3,True,True,True
200,4,97,small_world,0.7,202191363,7,3,5,8,3,3,True,True,True
200,4,97,small_world,0.7,202191363,8,4,6,10,4,4,True,True,True
200,4,97,scale_free,0.7,202191363,0,50,73,123,44,44,False,False,False
200,4,97,er,0.8,202191363,0,26,66,92,26,26,True,True,False
200,4,97,er,0.8,202191363,1,3,5,8,3,3,True,True,True
200,4,97,er,0.8,202191363,2,2,2,4,2,2,True,True,True
200,4,97,ring,0.8,202191363,0,2,5,7,2,2,True,True,True
200,4,97,ring,0.8,202191363,1,11,19,30,11,11,True,True,False
200,4,97,ring,0.8,202191363,2,2,7,9,2,2,True,True,True
200,4,97,ring,0.8,202191363,3,2,5,7,2,2,True,True,True
200,4,97,ring,0.8,202191363,4,2,5,7,2,2,True,True,True
200,4,97,ring,0.8,202191363,5,6,11,17,6,6,True,True,True
200,4,97,ring,0.8,202191363,6,3,7,10,3,3,True,True,True
200,4,97,ring,0.8,202191363,7,2,4,6,2,2,True,True,True
200,4,97,ring,0.8,202191363,8,3,8,11,3,3,True,True,True
200,4,97,small_world,0.8,202191363,0,2,4,6,2,2,True,True,True
200,4,97,small_world,0.8,202191363,1,12,24,36,12,12,True,True,False
200,4,97,small_world,0.8,202191363,2,2,6,8,2,2,True,True,True
200,4,97,small_world,0.8,202191363,3,2,5,7,2,2,True,True,True
200,4,97,small_world,0.8,202191363,4,2,5,7,2,2,True,True,True
200,4,97,small_world,0.8,202191363,5,6,12,18,6,6,True,True,True
200,4,97,small_world,0.8,202191363,6,3,6,9,3,3,True,True,True
200,4,97,small_world,0.8,202191363,7,5,11,16,5,5,True,True,True
200,4,97,scale_free,0.8,202191363,0,33,73,106,32,32,False,False,False
200,4,97,scale_free,0.8,202191363,1,3,4,7,3,3,True,True,True
200,4,97,er,0.9,202191363,0,3,10,13,3,3,True,True,True
200,4,97,er,0.9,202191363,1,4,16,20,4,4,True,True,True
200,4,97,er,0.9,202191363,2,3,7,10,3,3,True,True,True
200,4,97,er,0.9,202191363,3,2,4,6,2,2,True,True,True
200,4,97,ring,0.9,202191363,0,2,5,7,2,2,True,True,True
200,4,97,ring,0.9,202191363,1,5,10,15,5,5,True,True,True
200,4,97,ring,0.9,202191363,2,2,5,7,2,2,True,True,True
200,4,97,small_world,0.9,202191363,0,2,4,6,2,2,True,True,True
200,4,97,small_world,0.9,202191363,1,5,12,17,5,5,True,True,True
200,4,97,small_world,0.9,202191363,2,2,5,7,2,2,True,True,True
200,4,97,scale_free,0.9,202191363,0,13,39,52,13,13,True,True,False
200,4,97,scale_free,0.9,202191363,1,2,3,5,2,2,True,True,True
200,4,98,ring,0.2,2607757333,0,4,4,8,3,3,False,False,True
200,4,98,scale_free,0.2,2607757333,0,2,2,4,2,2,True,True,True
200,4,98,ring,0.3,2607757333,0,3,4,7,3,3,True,True,True
200,4,98,ring,0.3,2607757333,1,3,5,8,3,3,True,True,True
200,4,98,small_world,0.3,2607757333,0,7,9,16,6,6,False,False,True
200,4,98,scale_free,0.3,2607757333,0,2,2,4,2,2,True,True,True
200,4,98,ring,0.4,2607757333,0,3,4,7,3,3,True,True,True
200,4,98,ring,0.4,2607757333,1,3,5,8,3,3,True,True,True
200,4,98,small_world,0.4,2607757333,0,7,9,16,6,6,False,False,True
200,4,98,er,0.5,2607757333,0,84,85,169,78,78,False,False,False
200,4,98,ring,0.5,2607757333,0,20,23,43,18,18,False,False,False
200,4,98,ring,0.5,2607757333,1,2,2,4,2,2,True,True,True
200,4,98,ring,0.5,2607757333,2,12,15,27,11,11,False,False,False
200,4,98,ring,0.5,2607757333,3,14,15,29,12,12,False,False,False
200,4,98,ring,0.5,2607757333,4,9,14,23,9,9,True,True,True
200,4,98,small_world,0.5,2607757333,0,83,86,169,68,68,False,False,False
200,4,98,scale_free,0.5,2607757333,0,73,74,147,58,58,False,False,False
200,4,98,scale_free,0.5,2607757333,1,2,3,5,2,2,True,True,True
200,4,98,er,0.6,2607757333,0,70,88,158,69,69,False,False,False
200,4,98,ring,0.6,2607757333,0,17,26,43,17,17,True,True,False
200,4,98,ring,0.6,2607757333,1,10,12,22,8,8,False,False,True
200,4,98,ring,0.6,2607757333,2,12,14,26,11,11,False,False,False
200,4,98,ring,0.6,2607757333,3,5,6,11,4,4,False,False,True
200,4,98,ring,0.6,2607757333,4,4,8,12,4,4,True,True,True
200,4,98,ring,0.6,2607757333,5,7,10,17,7,7,True,True,True
200,4,98,small_world,0.6,2607757333,0,76,96,172,68,68,False,False,False
200,4,98,small_world,0.6,2607757333,1,2,4,6,2,2,True,True,True
200,4,98,scale_free,0.6,2607757333,0,67,90,157,59,59,False,False,False
200,4,98,er,0.7,2607757333,0,54,96,150,54,54,True,True,False
200,4,98,ring,0.7,2607757333,0,14,23,37,14,14,True,True,False
200,4,98,ring,0.7,2607757333,1,5,8,13,5,5,True,True,True
200,4,98,ring,0.7,2607757333,2,2,7,9,2,2,True,True,True
200,4,98,ring,0.7,2607757333,3,10,13,23,10,10,True,True,True
200,4,98,ring,0.7,2607757333,4,15,26,41,15,15,True,True,False
200,4,98,ring,0.7,2607757333,5,4,7,11,4,4,True,True,True
200,4,98,ring,0.7,2607757333,6,3,8,11,3,3,True,True,True
200,4,98,ring,0.7,2607757333,7,2,6,8,2,2,True,True,True
200,4,98,ring,0.7,2607757333,8,2,4,6,2,2,True,True,True
200,4,98,small_world,0.7,2607757333,0,54,99,153,54,54,True,True,False
200,4,98,small_world,0.7,2607757333,1,2,7,9,2,2,True,True,True
200,4,98,small_world,0.7,2607757333,2,2,4,6,2,2,True,True,True
200,4,98,scale_free,0.7,2607757333,0,51,94,145,48,48,False,False,False
200,4,98,er,0.8,2607757333,0,36,82,118,36,36,True,True,False
200,4,98,ring,0.8,2607757333,0,3,8,11,3,3,True,True,True
200,4,98,ring,0.8,2607757333,1,3,7,10,3,3,True,True,True
200,4,98,ring,0.8,2607757333,2,9,14,23,9,9,True,True,True
200,4,98,ring,0.8,2607757333,3,2,7,9,2,2,True,True,True
200,4,98,ring,0.8,2607757333,4,4,8,12,4,4,True,True,True
200,4,98,ring,0.8,2607757333,5,2,4,6,2,2,True,True,True
200,4,98,ring,0.8,2607757333,6,2,6,8,2,2,True,True,True
200,4,98,ring,0.8,2607757333,7,2,4,6,2,2,True,True,True
200,4,98,ring,0.8,2607757333,8,5,11,16,5,5,True,True,True
200,4,98,small_world,0.8,2607757333,0,27,65,92,27,27,True,True,False
200,4,98,small_world,0.8,2607757333,1,2,8,10,2,2,True,True,True
200,4,98,small_world,0.8,2607757333,2,4,7,11,4,4,True,True,True
200,4,98,small_world,0.8,2607757333,3,2,6,8,2,2,True,True,True
200,4,98,scale_free,0.8,2607757333,0,35,77,112,33,33,False,False,False
200,4,98,scale_free,0.8,2607757333,1,2,2,4,2,2,True,True,True
200,4,98,er,0.9,2607757333,0,3,10,13,3,3,True,True,True
200,4,98,er,0.9,2607757333,1,9,27,36,9,9,True,True,True
200,4,98,er,0.9,2607757333,2,2,7,9,2,2,True,True,True
200,4,98,ring,0.9,2607757333,0,2,6,8,2,2,True,True,True
200,4,98,ring,0.9,2607757333,1,3,6,9,3,3,True,True,True
200,4,98,ring,0.9,2607757333,2,2,7,9,2,2,True,True,True
200,4,98,ring,0.9,2607757333,3,3,7,10,3,3,True,True,True
200,4,98,small_world,0.9,2607757333,0,3,10,13,3,3,True,True,True
200,4,98,small_world,0.9,2607757333,1,2,8,10,2,2,True,True,True
200,4,98,small_world,0.9,2607757333,2,2,6,8,2,2,True,True,True
200,4,98,small_world,0.9,2607757333,3,3,7,10,3,3,True,True,True
200,4,98,scale_free,0.9,2607757333,0,4,11,15,4,4,True,True,True
200,4,98,scale_free,0.9,2607757333,1,7,17,24,7,7,True,True,True
200,4,98,scale_free,0.9,2607757333,2,5,15,20,5,5,True,True,True
200,4,98,scale_free,0.9,2607757333,3,2,3,5,2,2,True,True,True
200,4,99,ring,0.3,4064135285,0,6,7,13,5,5,False,False,True
200,4,99,ring,0.3,4064135285,1,5,5,10,4,4,False,False,True
200,4,99,small_world,0.3,4064135285,0,6,7,13,5,5,False,False,True
200,4,99,ring,0.4,4064135285,0,3,5,8,3,3,True,True,True
200,4,99,ring,0.4,4064135285,1,2,2,4,2,2,True,True,True
200,4,99,ring,0.4,4064135285,2,4,4,8,4,4,True,True,True
200,4,99,ring,0.4,4064135285,3,3,3,6,2,2,False,False,True
200,4,99,small_world,0.4,4064135285,0,3,5,8,3,3,True,True,True
200,4,99,small_world,0.4,4064135285,1,2,2,4,2,2,True,True,True
200,4,99,small_world,0.4,4064135285,2,6,6,12,6,6,True,True,True
200,4,99,er,0.5,4064135285,0,80,83,163,73,73,False,False,False
200,4,99,ring,0.5,4064135285,0,2,4,6,2,2,True,True,True
200,4,99,ring,0.5,4064135285,1,3,5,8,3,3,True,True,True
200,4,99,ring,0.5,4064135285,2,4,4,8,4,4,True,True,True
200,4,99,ring,0.5,4064135285,3,20,22,42,19,19,False,False,False
200,4,99,ring,0.5,4064135285,4,2,2,4,2,2,True,True,True
200,4,99,ring,0.5,4064135285,5,2,2,4,2,2,True,True,True
200,4,99,ring,0.5,4064135285,6,2,2,4,2,2,True,True,True
200,4,99,small_world,0.5,4064135285,0,2,4,6,2,2,True,True,True
200,4,99,small_world,0.5,4064135285,1,2,2,4,2,2,True,True,True
200,4,99,small_world,0.5,4064135285,2,81,81,162,69,69,False,False,False
200,4,99,small_world,0.5,4064135285,3,2,2,4,2,2,True,True,True
200,4,99,er,0.6,4064135285,0,66,91,157,65,65,False,False,False
200,4,99,ring,0.6,4064135285,0,11,18,29,11,11,True,True,False
200,4,99,ring,0.6,4064135285,1,5,5,10,5,5,True,True,True
200,4,99,ring,0.6,4064135285,2,7,9,16,7,7,True,True,True
200,4,99,ring,0.6,4064135285,3,4,7,11,4,4,True,True,True
200,4,99,ring,0.6,4064135285,4,12,13,25,11,11,False,False,False
200,4,99,ring,0.6,4064135285,5,2,4,6,2,2,True,True,True
200,4,99,ring,0.6,4064135285,6,2,2,4,2,2,True,True,True
200,4,99,ring,0.6,4064135285,7,12,17,29,12,12,True,True,False
200,4,99,small_world,0.6,4064135285,0,2,2,4,2,2,True,True,True
200,4,99,small_world,0.6,4064135285,1,47,56,103,41,41,False,False,False
200,4,99,small_world,0.6,4064135285,2,26,34,60,24,24,False,False,False
200,4,99,scale_free,0.6,4064135285,0,71,85,156,55,55,False,False,False
200,4,99,er,0.7,4064135285,0,51,87,138,51,51,True,True,False
200,4,99,er,0.7,4064135285,1,4,8,12,4,4,True,True,True
200,4,99,ring,0.7,4064135285,0,9,19,28,9,9,True,True,True
200,4,99,ring,0.7,4064135285,1,3,7,10,3,3,True,True,True
200,4,99,ring,0.7,4064135285,2,8,8,16,6,6,False,False,True
200,4,99,ring,0.7,4064135285,3,7,9,16,7,7,True,True,True
200,4,99,ring,0.7,4064135285,4,9,13,22,9,9,True,True,True
200,4,99,ring,0.7,4064135285,5,2,4,6,2,2,True,True,True
200,4,99,ring,0.7,4064135285,6,2,2,4,2,2,True,True,True
200,4,99,ring,0.7,4064135285,7,3,3,6,2,2,False,False,True
200,4,99,ring,0.7,4064135285,8,3,6,9,3,3,True,True,True
200,4,99,ring,0.7,4064135285,9,6,11,17,6,6,True,True,True
200,4,99,ring,0.7,4064135285,10,5,7,12,5,5,True,True,True
200,4,99,small_world,0.7,4064135285,0,33,51,84,31,31,False,False,False
200,4,99,small_world,0.7,4064135285,1,9,14,23,9,9,True,True,True
200,4,99,small_world,0.7,4064135285,2,5,9,14,5,5,True,True,True
200,4,99,small_world,0.7,4064135285,3,6,11,17,6,6,True,True,True
200,4,99,scale_free,0.7,4064135285,0,54,90,144,52,52,False,False,False
200,4,99,er,0.8,4064135285,0,38,97,135,38,38,True,True,False
200,4,99,ring,0.8,4064135285,0,2,4,6,2,2,True,True,True
200,4,99,ring,0.8,4064135285,1,4,11,15,4,4,True,True,True
200,4,99,ring,0.8,4064135285,2,2,4,6,2,2,True,True,True
200,4,99,ring,0.8,4064135285,3,6,13,19,6,6,True,True,True
200,4,99,ring,0.8,4064135285,4,3,6,9,3,3,True,True,True
200,4,99,ring,0.8,4064135285,5,3,5,8,3,3,True,True,True
200,4,99,ring,0.8,4064135285,6,3,6,9,3,3,True,True,True
200,4,99,ring,0.8,4064135285,7,2,5,7,2,2,True,True,True
200,4,99,ring,0.8,4064135285,8,3,5,8,3,3,True,True,True
200,4,99,ring,0.8,4064135285,9,4,7,11,4,4,True,True,True
200,4,99,small_world,0.8,4064135285,0,20,40,60,20,20,True,True,False
200,4,99,small_world,0.8,4064135285,1,2,4,6,2,2,True,True,True
200,4,99,small_world,0.8,4064135285,2,3,8,11,3,3,True,True,True
200,4,99,small_world,0.8,4064135285,3,3,7,10,3,3,True,True,True
200,4,99,small_world,0.8,4064135285,4,2,5,7,2,2,True,True,True
200,4,99,small_world,0.8,4064135285,5,3,7,10,3,3,True,True,True
200,4,99,scale_free,0.8,4064135285,0,36,71,107,36,36,True,True,False
200,4,99,er,0.9,4064135285,0,17,58,75,17,17,True,True,False
200,4,99,ring,0.9,4064135285,0,3,9,12,3,3,True,True,True
200,4,99,ring,0.9,4064135285,1,2,4,6,2,2,True,True,True
200,4,99,ring,0.9,4064135285,2,2,6,8,2,2,True,True,True
200,4,99,ring,0.9,4064135285,3,3,8,11,3,3,True,True,True
200,4,99,small_world,0.9,4064135285,0,2,5,7,2,2,True,True,True
200,4,99,small_world,0.9,4064135285,1,7,21,28,7,7,True,True,True
200,4,99,scale_free,0.9,4064135285,0,13,35,48,13,13,True,True,False
200,4,99,scale_free,0.9,4064135285,1,2,4,6,2,2,True,True,True
200,4,99,scale_free,0.9,4064135285,2,3,7,10,3,3,True,True,True
