num_nodes,mean_degree,trial,topology,corrupt_ratio,partition_seed,n_honest,n_corrupt,direct_honest,eligible_honest,unrecoverable_honest,hssp_rank_feasible_honest,hlcp_rank_feasible_honest,eligible_core_count,max_core_honest_size,mean_core_honest_size,direct_recovery_rate,hssp_eligible_rate,structural_attackable_rate,hssp_rank_attackable_rate,hlcp_rank_attackable_rate,hssp_tractable_attackable_rate,hlcp_tractable_attackable_rate,max_core_fraction,hssp_feasible_core_probability,hlcp_feasible_core_probability
100,4,0,er,0.1,2893921585,90,10,0,0,90,0,0,0,0,0.0,0.0,0.0,0.0,0.0,0.0,0.0,0.0,0.0,0,0
100,4,0,ring,0.1,2893921585,90,10,0,0,90,0,0,0,0,0.0,0.0,0.0,0.0,0.0,0.0,0.0,0.0,0.0,0,0
100,4,0,small_world,0.1,2893921585,90,10,0,0,90,0,0,0,0,0.0,0.0,0.0,0.0,0.0,0.0,0.0,0.0,0.0,0,0
100,4,0,scale_free,0.1,2893921585,90,10,0,0,90,0,0,0,0,0.0,0.0,0.0,0.0,0.0,0.0,0.0,0.0,0.0,0,0
100,4,0,er,0.2,2893921585,80,20,0,0,80,0,0,0,0,0.0,0.0,0.0,0.0,0.0,0.0,0.0,0.0,0.0,0,0
100,4,0,ring,0.2,2893921585,80,20,0,0,80,0,0,0,0,0.0,0.0,0.0,0.0,0.0,0.0,0.0,0.0,0.0,0,0
100,4,0,small_world,0.2,2893921585,80,20,1,0,79,0,0,0,0,0.0,0.0125,0.0,0.0125,0.0125,0.0125,0.0125,0.0125,0.0,0,0
100,4,0,scale_free,0.2,2893921585,80,20,2,0,78,0,0,0,0,0.0,0.025,0.0,0.025,0.025,0.025,0.025,0.025,0.0,0,0
100,4,0,er,0.3,2893921585,70,30,0,0,70,0,0,0,0,0.0,0.0,0.0,0.0,0.0,0.0,0.0,0.0,0.0,0,0
100,4,0,ring,0.3,2893921585,70,30,0,0,70,0,0,0,0,0.0,0.0,0.0,0.0,0.0,0.0,0.0,0.0,0.0,0,0
100,4,0,small_world,0.3,2893921585,70,30,1,0,69,0,0,0,0,0.0,0.014285714285714285,0.0,0.014285714285714285,0.014285714285714285,0.014285714285714285,0.014285714285714285,0.014285714285714285,0.0,0,0
100,4,0,scale_free,0.3,2893921585,70,30,4,0,66,0,0,0,0,0.0,0.05714285714285714,0.0,0.05714285714285714,0.05714285714285714,0.05714285714285714,0.05714285714285714,0.05714285714285714,0.0,0,0
100,4,0,er,0.4,2893921585,60,40,2,0,58,0,0,0,0,0.0,0.03333333333333333,0.0,0.03333333333333333,0.03333333333333333,0.03333333333333333,0.03333333333333333,0.03333333333333333,0.0,0,0
100,4,0,ring,0.4,2893921585,60,40,0,8,52,4,4,3,4,2.6666666666666665,0.0,0.13333333333333333,0.13333333333333333,0.06666666666666667,0.06666666666666667,0.06666666666666667,0.06666666666666667,0.06666666666666667,1,1
100,4,0,small_world,0.4,2893921585,60,40,1,6,53,6,6,2,4,3.0,0.016666666666666666,0.1,0.11666666666666667,0.11666666666666667,0.11666666666666667,0.11666666666666667,0.11666666666666667,0.06666666666666667,1,1
100,4,0,scale_free,0.4,2893921585,60,40,3,0,57,0,0,0,0,0.0,0.05,0.0,0.05,0.05,0.05,0.05,0.05,0.0,0,0
100,4,0,er,0.5,2893921585,50,50,3,42,5,0,0,1,42,42.0,0.06,0.84,0.9,0.06,0.06,0.06,0.06,0.84,0,0
100,4,0,ring,0.5,2893921585,50,50,0,28,22,19,19,6,9,4.666666666666667,0.0,0.56,0.56,0.38,0.38,0.38,0.38,0.18,1,1
100,4,0,small_world,0.5,2893921585,50,50,2,41,7,7,7,2,34,20.5,0.04,0.82,0.86,0.18,0.18,0.18,0.18,0.68,1,1
100,4,0,scale_free,0.5,2893921585,50,50,6,0,44,0,0,0,0,0.0,0.12,0.0,0.12,0.12,0.12,0.12,0.12,0.0,0,0
100,4,0,er,0.6,2893921585,40,60,4,32,4,0,0,1,32,32.0,0.1,0.8,0.9,0.1,0.1,0.1,0.1,0.8,0,0
100,4,0,ring,0.6,2893921585,40,60,1,30,9,23,23,5,7,6.0,0.025,0.75,0.775,0.6,0.6,0.6,0.6,0.175,1,1
100,4,0,small_world,0.6,2893921585,40,60,1,38,1,9,9,4,29,9.5,0.025,0.95,0.975,0.25,0.25,0.25,0.25,0.725,1,1
100,4,0,scale_free,0.6,2893921585,40,60,4,32,4,0,0,1,32,32.0,0.1,0.8,0.9,0.1,0.1,0.1,0.1,0.8,0,0
100,4,0,er,0.7,2893921585,30,70,5,23,2,23,23,1,23,23.0,0.16666666666666666,0.7666666666666667,0.9333333333333333,0.9333333333333333,0.9333333333333333,0.16666666666666666,0.16666666666666666,0.7666666666666667,1,1
100,4,0,ring,0.7,2893921585,30,70,1,28,1,28,28,7,7,4.0,0.03333333333333333,0.9333333333333333,0.9666666666666667,0.9666666666666667,0.9666666666666667,0.9666666666666667,0.9666666666666667,0.23333333333333334,1,1
100,4,0,small_world,0.7,2893921585,30,70,2,28,0,28,28,3,23,9.333333333333334,0.06666666666666667,0.9333333333333333,1.0,1.0,1.0,0.23333333333333334,0.23333333333333334,0.7666666666666667,1,1
100,4,0,scale_free,0.7,2893921585,30,70,1,27,2,0,0,1,27,27.0,0.03333333333333333,0.9,0.9333333333333333,0.03333333333333333,0.03333333333333333,0.03333333333333333,0.03333333333333333,0.9,0,0
100,4,0,er,0.8,2893921585,20,80,9,11,0,11,11,2,9,5.5,0.45,0.55,1.0,1.0,1.0,1.0,1.0,0.45,1,1
100,4,0,ring,0.8,2893921585,20,80,6,14,0,14,14,4,5,3.5,0.3,0.7,1.0,1.0,1.0,1.0,1.0,0.25,1,1
100,4,0,small_world,0.8,2893921585,20,80,2,18,0,18,18,2,15,9.0,0.1,0.9,1.0,1.0,1.0,0.25,0.25,0.75,1,1
100,4,0,scale_free,0.8,2893921585,20,80,1,17,2,17,17,1,17,17.0,0.05,0.85,0.9,0.9,0.9,0.05,0.05,0.85,1,1
100,4,0,er,0.9,2893921585,10,90,2,8,0,8,8,1,8,8.0,0.2,0.8,1.0,1.0,1.0,1.0,1.0,0.8,1,1
100,4,0,ring,0.9,2893921585,10,90,3,7,0,7,7,3,3,2.3333333333333335,0.3,0.7,1.0,1.0,1.0,1.0,1.0,0.3,1,1
100,4,0,small_world,0.9,2893921585,10,90,1,9,0,9,9,4,3,2.25,0.1,0.9,1.0,1.0,1.0,1.0,1.0,0.3,1,1
100,4,0,scale_free,0.9,2893921585,10,90,2,8,0,8,8,1,8,8.0,0.2,0.8,1.0,1.0,1.0,1.0,1.0,0.8,1,1
100,4,1,er,0.1,2203331419,90,10,2,0,88,0,0,0,0,0.0,0.022222222222222223,0.0,0.022222222222222223,0.022222222222222223,0.022222222222222223,0.022222222222222223,0.022222222222222223,0.0,0,0
100,4,1,ring,0.1,2203331419,90,10,0,0,90,0,0,0,0,0.0,0.0,0.0,0.0,0.0,0.0,0.0,0.0,0.0,0,0
100,4,1,small_world,0.1,2203331419,90,10,0,0,90,0,0,0,0,0.0,0.0,0.0,0.0,0.0,0.0,0.0,0.0,0.0,0,0
100,4,1,scale_free,0.1,2203331419,90,10,0,0,90,0,0,0,0,0.0,0.0,0.0,0.0,0.0,0.0,0.0,0.0,0.0,0,0
100,4,1,er,0.2,2203331419,80,20,2,0,78,0,0,0,0,0.0,0.025,0.0,0.025,0.025,0.025,0.025,0.025,0.0,0,0
100,4,1,ring,0.2,2203331419,80,20,0,0,80,0,0,0,0,0.0,0.0,0.0,0.0,0.0,0.0,0.0,0.0,0.0,0,0
100,4,1,small_world,0.2,2203331419,80,20,0,0,80,0,0,0,0,0.0,0.0,0.0,0.0,0.0,0.0,0.0,0.0,0.0,0,0
100,4,1,scale_free,0.2,2203331419,80,20,1,0,79,0,0,0,0,0.0,0.0125,0.0,0.0125,0.0125,0.0125,0.0125,0.0125,0.0,0,0
100,4,1,er,0.3,2203331419,70,30,3,0,67,0,0,0,0,0.0,0.04285714285714286,0.0,0.04285714285714286,0.04285714285714286,0.04285714285714286,0.04285714285714286,0.04285714285714286,0.0,0,0
100,4,1,ring,0.3,2203331419,70,30,0,7,63,0,0,1,7,7.0,0.0,0.1,0.1,0.0,0.0,0.0,0.0,0.1,0,0
100,4,1,small_world,0.3,2203331419,70,30,0,0,70,0,0,0,0,0.0,0.0,0.0,0.0,0.0,0.0,0.0,0.0,0.0,0,0
100,4,1,scale_free,0.3,2203331419,70,30,2,0,68,0,0,0,0,0.0,0.02857142857142857,0.0,0.02857142857142857,0.02857142857142857,0.02857142857142857,0.02857142857142857,0.02857142857142857,0.0,0,0
100,4,1,er,0.4,2203331419,60,40,2,0,58,0,0,0,0,0.0,0.03333333333333333,0.0,0.03333333333333333,0.03333333333333333,0.03333333333333333,0.03333333333333333,0.03333333333333333,0.0,0,0
100,4,1,ring,0.4,2203331419,60,40,0,18,42,2,2,3,9,6.0,0.0,0.3,0.3,0.03333333333333333,0.03333333333333333,0.03333333333333333,0.03333333333333333,0.15,1,1
100,4,1,small_world,0.4,2203331419,60,40,3,0,57,0,0,0,0,0.0,0.05,0.0,0.05,0.05,0.05,0.05,0.05,0.0,0,0
100,4,1,scale_free,0.4,2203331419,60,40,2,0,58,0,0,0,0,0.0,0.03333333333333333,0.0,0.03333333333333333,0.03333333333333333,0.03333333333333333,0.03333333333333333,0.03333333333333333,0.0,0,0
100,4,1,er,0.5,2203331419,50,50,1,0,49,0,0,0,0,0.0,0.02,0.0,0.02,0.02,0.02,0.02,0.02,0.0,0,0
100,4,1,ring,0.5,2203331419,50,50,1,19,30,0,0,2,13,9.5,0.02,0.38,0.4,0.02,0.02,0.02,0.02,0.26,0,0
100,4,1,small_world,0.5,2203331419,50,50,1,37,12,0,0,2,31,18.5,0.02,0.74,0.76,0.02,0.02,0.02,0.02,0.62,0,0
100,4,1,scale_free,0.5,2203331419,50,50,0,0,50,0,0,0,0,0.0,0.0,0.0,0.0,0.0,0.0,0.0,0.0,0.0,0,0
100,4,1,er,0.6,2203331419,40,60,3,35,2,0,0,1,35,35.0,0.075,0.875,0.95,0.075,0.075,0.075,0.075,0.875,0,0
100,4,1,ring,0.6,2203331419,40,60,1,37,2,12,12,5,15,7.4,0.025,0.925,0.95,0.325,0.325,0.325,0.325,0.375,1,1
100,4,1,small_world,0.6,2203331419,40,60,2,37,1,0,0,3,22,12.333333333333334,0.05,0.925,0.975,0.05,0.05,0.05,0.05,0.55,0,0
100,4,1,scale_free,0.6,2203331419,40,60,3,0,37,0,0,0,0,0.0,0.075,0.0,0.075,0.075,0.075,0.075,0.075,0.0,0,0
100,4,1,er,0.7,2203331419,30,70,3,26,1,26,26,1,26,26.0,0.1,0.8666666666666667,0.9666666666666667,0.9666666666666667,0.9666666666666667,0.1,0.1,0.8666666666666667,1,1
100,4,1,ring,0.7,2203331419,30,70,4,21,5,17,17,4,8,5.25,0.13333333333333333,0.7,0.8333333333333334,0.7,0.7,0.7,0.7,0.26666666666666666,1,1
100,4,1,small_world,0.7,2203331419,30,70,3,27,0,2,2,2,25,13.5,0.1,0.9,1.0,0.16666666666666666,0.16666666666666666,0.16666666666666666,0.16666666666666666,0.8333333333333334,1,1
100,4,1,scale_free,0.7,2203331419,30,70,1,28,1,0,0,1,28,28.0,0.03333333333333333,0.9333333333333333,0.9666666666666667,0.03333333333333333,0.03333333333333333,0.03333333333333333,0.03333333333333333,0.9333333333333333,0,0
100,4,1,er,0.8,2203331419,20,80,5,15,0,15,15,2,13,7.5,0.25,0.75,1.0,1.0,1.0,0.35,0.35,0.65,1,1
100,4,1,ring,0.8,2203331419,20,80,4,16,0,16,16,5,5,3.2,0.2,0.8,1.0,1.0,1.0,1.0,1.0,0.25,1,1
100,4,1,small_world,0.8,2203331419,20,80,5,15,0,15,15,3,11,5.0,0.25,0.75,1.0,1.0,1.0,0.45,0.45,0.55,1,1
100,4,1,scale_free,0.8,2203331419,20,80,3,16,1,16,16,1,16,16.0,0.15,0.8,0.95,0.95,0.95,0.15,0.15,0.8,1,1
100,4,1,er,0.9,2203331419,10,90,4,6,0,6,6,1,6,6.0,0.4,0.6,1.0,1.0,1.0,1.0,1.0,0.6,1,1
100,4,1,ring,0.9,2203331419,10,90,6,4,0,4,4,1,4,4.0,0.6,0.4,1.0,1.0,1.0,1.0,1.0,0.4,1,1
100,4,1,small_world,0.9,2203331419,10,90,6,4,0,4,4,1,4,4.0,0.6,0.4,1.0,1.0,1.0,1.0,1.0,0.4,1,1
100,4,1,scale_free,0.9,2203331419,10,90,4,6,0,6,6,2,4,3.0,0.4,0.6,1.0,1.0,1.0,1.0,1.0,0.4,1,1
100,4,2,er,0.1,1531128707,90,10,0,0,90,0,0,0,0,0.0,0.0,0.0,0.0,0.0,0.0,0.0,0.0,0.0,0,0
100,4,2,ring,0.1,1531128707,90,10,0,0,90,0,0,0,0,0.0,0.0,0.0,0.0,0.0,0.0,0.0,0.0,0.0,0,0
100,4,2,small_world,0.1,1531128707,90,10,0,0,90,0,0,0,0,0.0,0.0,0.0,0.0,0.0,0.0,0.0,0.0,0.0,0,0
100,4,2,scale_free,0.1,1531128707,90,10,1,0,89,0,0,0,0,0.0,0.011111111111111112,0.0,0.011111111111111112,0.011111111111111112,0.011111111111111112,0.011111111111111112,0.011111111111111112,0.0,0,0
100,4,2,er,0.2,1531128707,80,20,0,0,80,0,0,0,0,0.0,0.0,0.0,0.0,0.0,0.0,0.0,0.0,0.0,0,0
100,4,2,ring,0.2,1531128707,80,20,0,0,80,0,0,0,0,0.0,0.0,0.0,0.0,0.0,0.0,0.0,0.0,0.0,0,0
100,4,2,small_world,0.2,1531128707,80,20,0,0,80,0,0,0,0,0.0,0.0,0.0,0.0,0.0,0.0,0.0,0.0,0.0,0,0
100,4,2,scale_free,0.2,1531128707,80,20,1,0,79,0,0,0,0,0.0,0.0125,0.0,0.0125,0.0125,0.0125,0.0125,0.0125,0.0,0,0
100,4,2,er,0.3,1531128707,70,30,0,0,70,0,0,0,0,0.0,0.0,0.0,0.0,0.0,0.0,0.0,0.0,0.0,0,0
100,4,2,ring,0.3,1531128707,70,30,0,0,70,0,0,0,0,0.0,0.0,0.0,0.0,0.0,0.0,0.0,0.0,0.0,0,0
100,4,2,small_world,0.3,1531128707,70,30,0,0,70,0,0,0,0,0.0,0.0,0.0,0.0,0.0,0.0,0.0,0.0,0.0,0,0
100,4,2,scale_free,0.3,1531128707,70,30,1,0,69,0,0,0,0,0.0,0.014285714285714285,0.0,0.014285714285714285,0.014285714285714285,0.014285714285714285,0.014285714285714285,0.014285714285714285,0.0,0,0
100,4,2,er,0.4,1531128707,60,40,0,0,60,0,0,0,0,0.0,0.0,0.0,0.0,0.0,0.0,0.0,0.0,0.0,0,0
100,4,2,ring,0.4,1531128707,60,40,0,0,60,0,0,0,0,0.0,0.0,0.0,0.0,0.0,0.0,0.0,0.0,0.0,0,0
100,4,2,small_world,0.4,1531128707,60,40,0,0,60,0,0,0,0,0.0,0.0,0.0,0.0,0.0,0.0,0.0,0.0,0.0,0,0
100,4,2,scale_free,0.4,1531128707,60,40,0,0,60,0,0,0,0,0.0,0.0,0.0,0.0,0.0,0.0,0.0,0.0,0.0,0,0
100,4,2,er,0.5,1531128707,50,50,4,40,6,0,0,1,40,40.0,0.08,0.8,0.88,0.08,0.08,0.08,0.08,0.8,0,0
100,4,2,ring,0.5,1531128707,50,50,0,22,28,22,22,3,8,7.333333333333333,0.0,0.44,0.44,0.44,0.44,0.44,0.44,0.16,1,1
100,4,2,small_world,0.5,1531128707,50,50,0,11,39,11,11,1,11,11.0,0.0,0.22,0.22,0.22,0.22,0.0,0.0,0.22,1,1
100,4,2,scale_free,0.5,1531128707,50,50,3,35,12,0,0,1,35,35.0,0.06,0.7,0.76,0.06,0.06,0.06,0.06,0.7,0,0
100,4,2,er,0.6,1531128707,40,60,2,32,6,32,32,1,32,32.0,0.05,0.8,0.85,0.85,0.85,0.05,0.05,0.8,1,1
100,4,2,ring,0.6,1531128707,40,60,1,39,0,30,30,5,13,7.8,0.025,0.975,1.0,0.775,0.775,0.45,0.45,0.325,1,1
100,4,2,small_world,0.6,1531128707,40,60,0,40,0,13,13,3,27,13.333333333333334,0.0,1.0,1.0,0.325,0.325,0.05,0.05,0.675,1,1
100,4,2,scale_free,0.6,1531128707,40,60,1,33,6,0,0,1,33,33.0,0.025,0.825,0.85,0.025,0.025,0.025,0.025,0.825,0,0
100,4,2,er,0.7,1531128707,30,70,2,28,0,28,28,1,28,28.0,0.06666666666666667,0.9333333333333333,1.0,1.0,1.0,0.06666666666666667,0.06666666666666667,0.9333333333333333,1,1
100,4,2,ring,0.7,1531128707,30,70,2,28,0,25,25,7,6,4.0,0.06666666666666667,0.9333333333333333,1.0,0.9,0.9,0.9,0.9,0.2,1,1
100,4,2,small_world,0.7,1531128707,30,70,1,29,0,15,15,4,14,7.25,0.03333333333333333,0.9666666666666667,1.0,0.5333333333333333,0.5333333333333333,0.5333333333333333,0.5333333333333333,0.4666666666666667,1,1
100,4,2,scale_free,0.7,1531128707,30,70,0,29,1,0,0,1,29,29.0,0.0,0.9666666666666667,0.9666666666666667,0.0,0.0,0.0,0.0,0.9666666666666667,0,0
100,4,2,er,0.8,1531128707,20,80,2,18,0,18,18,1,18,18.0,0.1,0.9,1.0,1.0,1.0,0.1,0.1,0.9,1,1
100,4,2,ring,0.8,1531128707,20,80,2,18,0,15,15,6,5,3.0,0.1,0.9,1.0,0.85,0.85,0.85,0.85,0.25,1,1
100,4,2,small_world,0.8,1531128707,20,80,0,20,0,15,15,7,5,2.857142857142857,0.0,1.0,1.0,0.75,0.75,0.75,0.75,0.25,1,1
100,4,2,scale_free,0.8,1531128707,20,80,1,19,0,0,0,1,19,19.0,0.05,0.95,1.0,0.05,0.05,0.05,0.05,0.95,0,0
100,4,2,er,0.9,1531128707,10,90,3,7,0,7,7,2,4,3.5,0.3,0.7,1.0,1.0,1.0,1.0,1.0,0.4,1,1
100,4,2,ring,0.9,1531128707,10,90,2,8,0,8,8,4,2,2.0,0.2,0.8,1.0,1.0,1.0,1.0,1.0,0.2,1,1
100,4,2,small_world,0.9,1531128707,10,90,2,8,0,8,8,4,2,2.0,0.2,0.8,1.0,1.0,1.0,1.0,1.0,0.2,1,1
100,4,2,scale_free,0.9,1531128707,10,90,3,7,0,7,7,2,5,3.5,0.3,0.7,1.0,1.0,1.0,1.0,1.0,0.5,1,1
100,4,3,er,0.1,3259956085,90,10,1,0,89,0,0,0,0,0.0,0.011111111111111112,0.0,0.011111111111111112,0.011111111111111112,0.011111111111111112,0.011111111111111112,0.011111111111111112,0.0,0,0
100,4,3,ring,0.1,3259956085,90,10,0,0,90,0,0,0,0,0.0,0.0,0.0,0.0,0.0,0.0,0.0,0.0,0.0,0,0
100,4,3,small_world,0.1,3259956085,90,10,0,0,90,0,0,0,0,0.0,0.0,0.0,0.0,0.0,0.0,0.0,0.0,0.0,0,0
100,4,3,scale_free,0.1,3259956085,90,10,1,0,89,0,0,0,0,0.0,0.011111111111111112,0.0,0.011111111111111112,0.011111111111111112,0.011111111111111112,0.011111111111111112,0.011111111111111112,0.0,0,0
100,4,3,er,0.2,3259956085,80,20,1,0,79,0,0,0,0,0.0,0.0125,0.0,0.0125,0.0125,0.0125,0.0125,0.0125,0.0,0,0
100,4,3,ring,0.2,3259956085,80,20,0,0,80,0,0,0,0,0.0,0.0,0.0,0.0,0.0,0.0,0.0,0.0,0.0,0,0
100,4,3,small_world,0.2,3259956085,80,20,0,0,80,0,0,0,0,0.0,0.0,0.0,0.0,0.0,0.0,0.0,0.0,0.0,0,0
100,4,3,scale_free,0.2,3259956085,80,20,3,0,77,0,0,0,0,0.0,0.0375,0.0,0.0375,0.0375,0.0375,0.0375,0.0375,0.0,0,0
100,4,3,er,0.3,3259956085,70,30,0,0,70,0,0,0,0,0.0,0.0,0.0,0.0,0.0,0.0,0.0,0.0,0.0,0,0
100,4,3,ring,0.3,3259956085,70,30,0,11,59,0,0,1,11,11.0,0.0,0.15714285714285714,0.15714285714285714,0.0,0.0,0.0,0.0,0.15714285714285714,0,0
100,4,3,small_world,0.3,3259956085,70,30,0,0,70,0,0,0,0,0.0,0.0,0.0,0.0,0.0,0.0,0.0,0.0,0.0,0,0
100,4,3,scale_free,0.3,3259956085,70,30,1,0,69,0,0,0,0,0.0,0.014285714285714285,0.0,0.014285714285714285,0.014285714285714285,0.014285714285714285,0.014285714285714285,0.014285714285714285,0.0,0,0
100,4,3,er,0.4,3259956085,60,40,2,0,58,0,0,0,0,0.0,0.03333333333333333,0.0,0.03333333333333333,0.03333333333333333,0.03333333333333333,0.03333333333333333,0.03333333333333333,0.0,0,0
100,4,3,ring,0.4,3259956085,60,40,0,0,60,0,0,0,0,0.0,0.0,0.0,0.0,0.0,0.0,0.0,0.0,0.0,0,0
100,4,3,small_world,0.4,3259956085,60,40,0,0,60,0,0,0,0,0.0,0.0,0.0,0.0,0.0,0.0,0.0,0.0,0.0,0,0
100,4,3,scale_free,0.4,3259956085,60,40,1,0,59,0,0,0,0,0.0,0.016666666666666666,0.0,0.016666666666666666,0.016666666666666666,0.016666666666666666,0.016666666666666666,0.016666666666666666,0.0,0,0
100,4,3,er,0.5,3259956085,50,50,1,39,10,2,2,2,37,19.5,0.02,0.78,0.8,0.06,0.06,0.06,0.06,0.74,1,1
100,4,3,ring,0.5,3259956085,50,50,0,32,18,17,17,5,15,6.4,0.0,0.64,0.64,0.34,0.34,0.34,0.34,0.3,1,1
100,4,3,small_world,0.5,3259956085,50,50,0,29,21,4,4,3,25,9.666666666666666,0.0,0.58,0.58,0.08,0.08,0.08,0.08,0.5,1,1
100,4,3,scale_free,0.5,3259956085,50,50,4,0,46,0,0,0,0,0.0,0.08,0.0,0.08,0.08,0.08,0.08,0.08,0.0,0,0
100,4,3,er,0.6,3259956085,40,60,3,34,3,2,2,2,32,17.0,0.075,0.85,0.925,0.125,0.125,0.125,0.125,0.8,1,1
100,4,3,ring,0.6,3259956085,40,60,0,29,11,15,15,4,14,7.25,0.0,0.725,0.725,0.375,0.375,0.375,0.375,0.35,1,1
100,4,3,small_world,0.6,3259956085,40,60,0,38,2,0,0,2,29,19.0,0.0,0.95,0.95,0.0,0.0,0.0,0.0,0.725,0,0
100,4,3,scale_free,0.6,3259956085,40,60,0,35,5,0,0,1,35,35.0,0.0,0.875,0.875,0.0,0.0,0.0,0.0,0.875,0,0
100,4,3,er,0.7,3259956085,30,70,3,26,1,26,26,1,26,26.0,0.1,0.8666666666666667,0.9666666666666667,0.9666666666666667,0.9666666666666667,0.1,0.1,0.8666666666666667,1,1
100,4,3,ring,0.7,3259956085,30,70,0,30,0,10,10,7,9,4.285714285714286,0.0,1.0,1.0,0.3333333333333333,0.3333333333333333,0.3333333333333333,0.3333333333333333,0.3,1,1
100,4,3,small_world,0.7,3259956085,30,70,0,30,0,8,8,5,18,6.0,0.0,1.0,1.0,0.26666666666666666,0.26666666666666666,0.26666666666666666,0.26666666666666666,0.6,1,1
100,4,3,scale_free,0.7,3259956085,30,70,2,25,3,0,0,1,25,25.0,0.06666666666666667,0.8333333333333334,0.9,0.06666666666666667,0.06666666666666667,0.06666666666666667,0.06666666666666667,0.8333333333333334,0,0
100,4,3,er,0.8,3259956085,20,80,3,17,0,17,17,2,15,8.5,0.15,0.85,1.0,1.0,1.0,0.25,0.25,0.75,1,1
100,4,3,ring,0.8,3259956085,20,80,3,17,0,8,8,3,9,5.666666666666667,0.15,0.85,1.0,0.55,0.55,0.55,0.55,0.45,1,1
100,4,3,small_world,0.8,3259956085,20,80,1,19,0,19,19,4,9,4.75,0.05,0.95,1.0,1.0,1.0,1.0,1.0,0.45,1,1
100,4,3,scale_free,0.8,3259956085,20,80,2,17,1,17,17,3,13,5.666666666666667,0.1,0.85,0.95,0.95,0.95,0.3,0.3,0.65,1,1
100,4,3,er,0.9,3259956085,10,90,3,7,0,7,7,2,5,3.5,0.3,0.7,1.0,1.0,1.0,1.0,1.0,0.5,1,1
100,4,3,ring,0.9,3259956085,10,90,2,8,0,8,8,2,6,4.0,0.2,0.8,1.0,1.0,1.0,1.0,1.0,0.6,1,1
100,4,3,small_world,0.9,3259956085,10,90,2,8,0,8,8,2,6,4.0,0.2,0.8,1.0,1.0,1.0,1.0,1.0,0.6,1,1
100,4,3,scale_free,0.9,3259956085,10,90,5,5,0,5,5,2,3,2.5,0.5,0.5,1.0,1.0,1.0,1.0,1.0,0.3,1,1
100,4,4,er,0.1,3856624232,90,10,0,0,90,0,0,0,0,0.0,0.0,0.0,0.0,0.0,0.0,0.0,0.0,0.0,0,0
100,4,4,ring,0.1,3856624232,90,10,0,0,90,0,0,0,0,0.0,0.0,0.0,0.0,0.0,0.0,0.0,0.0,0.0,0,0
100,4,4,small_world,0.1,3856624232,90,10,0,0,90,0,0,0,0,0.0,0.0,0.0,0.0,0.0,0.0,0.0,0.0,0.0,0,0
100,4,4,scale_free,0.1,3856624232,90,10,0,0,90,0,0,0,0,0.0,0.0,0.0,0.0,0.0,0.0,0.0,0.0,0.0,0,0
100,4,4,er,0.2,3856624232,80,20,1,2,77,2,2,1,2,2.0,0.0125,0.025,0.0375,0.0375,0.0375,0.0375,0.0375,0.025,1,1
100,4,4,ring,0.2,3856624232,80,20,0,0,80,0,0,0,0,0.0,0.0,0.0,0.0,0.0,0.0,0.0,0.0,0.0,0,0
100,4,4,small_world,0.2,3856624232,80,20,0,0,80,0,0,0,0,0.0,0.0,0.0,0.0,0.0,0.0,0.0,0.0,0.0,0,0
100,4,4,scale_free,0.2,3856624232,80,20,1,2,77,2,2,1,2,2.0,0.0125,0.025,0.0375,0.0375,0.0375,0.0375,0.0375,0.025,1,1
100,4,4,er,0.3,3856624232,70,30,2,0,68,0,0,0,0,0.0,0.02857142857142857,0.0,0.02857142857142857,0.02857142857142857,0.02857142857142857,0.02857142857142857,0.02857142857142857,0.0,0,0
100,4,4,ring,0.3,3856624232,70,30,0,0,70,0,0,0,0,0.0,0.0,0.0,0.0,0.0,0.0,0.0,0.0,0.0,0,0
100,4,4,small_world,0.3,3856624232,70,30,0,0,70,0,0,0,0,0.0,0.0,0.0,0.0,0.0,0.0,0.0,0.0,0.0,0,0
100,4,4,scale_free,0.3,3856624232,70,30,1,0,69,0,0,0,0,0.0,0.014285714285714285,0.0,0.014285714285714285,0.014285714285714285,0.014285714285714285,0.014285714285714285,0.014285714285714285,0.0,0,0
100,4,4,er,0.4,3856624232,60,40,2,0,58,0,0,0,0,0.0,0.03333333333333333,0.0,0.03333333333333333,0.03333333333333333,0.03333333333333333,0.03333333333333333,0.03333333333333333,0.0,0,0
100,4,4,ring,0.4,3856624232,60,40,0,24,36,2,2,3,13,8.0,0.0,0.4,0.4,0.03333333333333333,0.03333333333333333,0.03333333333333333,0.03333333333333333,0.21666666666666667,1,1
100,4,4,small_world,0.4,3856624232,60,40,1,0,59,0,0,0,0,0.0,0.016666666666666666,0.0,0.016666666666666666,0.016666666666666666,0.016666666666666666,0.016666666666666666,0.016666666666666666,0.0,0,0
100,4,4,scale_free,0.4,3856624232,60,40,1,0,59,0,0,0,0,0.0,0.016666666666666666,0.0,0.016666666666666666,0.016666666666666666,0.016666666666666666,0.016666666666666666,0.016666666666666666,0.0,0,0
100,4,4,er,0.5,3856624232,50,50,2,39,9,2,2,2,37,19.5,0.04,0.78,0.82,0.08,0.08,0.08,0.08,0.74,1,1
100,4,4,ring,0.5,3856624232,50,50,0,30,20,9,9,3,12,10.0,0.0,0.6,0.6,0.18,0.18,0.18,0.18,0.24,1,1
100,4,4,small_world,0.5,3856624232,50,50,2,42,6,0,0,1,42,42.0,0.04,0.84,0.88,0.04,0.04,0.04,0.04,0.84,0,0
100,4,4,scale_free,0.5,3856624232,50,50,2,0,48,0,0,0,0,0.0,0.04,0.0,0.04,0.04,0.04,0.04,0.04,0.0,0,0
100,4,4,er,0.6,3856624232,40,60,3,33,4,33,33,3,29,11.0,0.075,0.825,0.9,0.9,0.9,0.175,0.175,0.725,1,1
100,4,4,ring,0.6,3856624232,40,60,0,34,6,34,34,4,10,8.5,0.0,0.85,0.85,0.85,0.85,0.85,0.85,0.25,1,1
100,4,4,small_world,0.6,3856624232,40,60,0,34,6,28,28,3,22,11.333333333333334,0.0,0.85,0.85,0.7,0.7,0.15,0.15,0.55,1,1
100,4,4,scale_free,0.6,3856624232,40,60,2,34,4,0,0,1,34,34.0,0.05,0.85,0.9,0.05,0.05,0.05,0.05,0.85,0,0
100,4,4,er,0.7,3856624232,30,70,2,27,1,27,27,1,27,27.0,0.06666666666666667,0.9,0.9666666666666667,0.9666666666666667,0.9666666666666667,0.06666666666666667,0.06666666666666667,0.9,1,1
100,4,4,ring,0.7,3856624232,30,70,0,30,0,30,30,5,10,6.0,0.0,1.0,1.0,1.0,1.0,1.0,1.0,0.3333333333333333,1,1
100,4,4,small_world,0.7,3856624232,30,70,0,30,0,5,5,3,25,10.0,0.0,1.0,1.0,0.16666666666666666,0.16666666666666666,0.16666666666666666,0.16666666666666666,0.8333333333333334,1,1
100,4,4,scale_free,0.7,3856624232,30,70,3,27,0,0,0,1,27,27.0,0.1,0.9,1.0,0.1,0.1,0.1,0.1,0.9,0,0
100,4,4,er,0.8,3856624232,20,80,3,17,0,17,17,1,17,17.0,0.15,0.85,1.0,1.0,1.0,0.15,0.15,0.85,1,1
100,4,4,ring,0.8,3856624232,20,80,2,18,0,18,18,5,7,3.6,0.1,0.9,1.0,1.0,1.0,1.0,1.0,0.35,1,1
100,4,4,small_world,0.8,3856624232,20,80,2,18,0,18,18,1,18,18.0,0.1,0.9,1.0,1.0,1.0,0.1,0.1,0.9,1,1
100,4,4,scale_free,0.8,3856624232,20,80,2,18,0,0,0,1,18,18.0,0.1,0.9,1.0,0.1,0.1,0.1,0.1,0.9,0,0
100,4,4,er,0.9,3856624232,10,90,0,10,0,10,10,1,10,10.0,0.0,1.0,1.0,1.0,1.0,1.0,1.0,1.0,1,1
100,4,4,ring,0.9,3856624232,10,90,3,7,0,7,7,3,3,2.3333333333333335,0.3,0.7,1.0,1.0,1.0,1.0,1.0,0.3,1,1
100,4,4,small_world,0.9,3856624232,10,90,2,8,0,8,8,3,3,2.6666666666666665,0.2,0.8,1.0,1.0,1.0,1.0,1.0,0.3,1,1
100,4,4,scale_free,0.9,3856624232,10,90,0,10,0,10,10,1,10,10.0,0.0,1.0,1.0,1.0,1.0,1.0,1.0,1.0,1,1
100,4,5,er,0.1,1242737268,90,10,1,0,89,0,0,0,0,0.0,0.011111111111111112,0.0,0.011111111111111112,0.011111111111111112,0.011111111111111112,0.011111111111111112,0.011111111111111112,0.0,0,0
100,4,5,ring,0.1,1242737268,90,10,0,0,90,0,0,0,0,0.0,0.0,0.0,0.0,0.0,0.0,0.0,0.0,0.0,0,0
100,4,5,small_world,0.1,1242737268,90,10,0,0,90,0,0,0,0,0.0,0.0,0.0,0.0,0.0,0.0,0.0,0.0,0.0,0,0
100,4,5,scale_free,0.1,1242737268,90,10,1,0,89,0,0,0,0,0.0,0.011111111111111112,0.0,0.011111111111111112,0.011111111111111112,0.011111111111111112,0.011111111111111112,0.011111111111111112,0.0,0,0
100,4,5,er,0.2,1242737268,80,20,1,0,79,0,0,0,0,0.0,0.0125,0.0,0.0125,0.0125,0.0125,0.0125,0.0125,0.0,0,0
100,4,5,ring,0.2,1242737268,80,20,0,0,80,0,0,0,0,0.0,0.0,0.0,0.0,0.0,0.0,0.0,0.0,0.0,0,0
100,4,5,small_world,0.2,1242737268,80,20,0,0,80,0,0,0,0,0.0,0.0,0.0,0.0,0.0,0.0,0.0,0.0,0.0,0,0
100,4,5,scale_free,0.2,1242737268,80,20,0,0,80,0,0,0,0,0.0,0.0,0.0,0.0,0.0,0.0,0.0,0.0,0.0,0,0
100,4,5,er,0.3,1242737268,70,30,1,0,69,0,0,0,0,0.0,0.014285714285714285,0.0,0.014285714285714285,0.014285714285714285,0.014285714285714285,0.014285714285714285,0.014285714285714285,0.0,0,0
100,4,5,ring,0.3,1242737268,70,30,0,2,68,2,2,1,2,2.0,0.0,0.02857142857142857,0.02857142857142857,0.02857142857142857,0.02857142857142857,0.02857142857142857,0.02857142857142857,0.02857142857142857,1,1
100,4,5,small_world,0.3,1242737268,70,30,0,0,70,0,0,0,0,0.0,0.0,0.0,0.0,0.0,0.0,0.0,0.0,0.0,0,0
100,4,5,scale_free,0.3,1242737268,70,30,0,0,70,0,0,0,0,0.0,0.0,0.0,0.0,0.0,0.0,0.0,0.0,0.0,0,0
100,4,5,er,0.4,1242737268,60,40,0,0,60,0,0,0,0,0.0,0.0,0.0,0.0,0.0,0.0,0.0,0.0,0.0,0,0
100,4,5,ring,0.4,1242737268,60,40,0,14,46,4,4,4,5,3.5,0.0,0.23333333333333334,0.23333333333333334,0.06666666666666667,0.06666666666666667,0.06666666666666667,0.06666666666666667,0.08333333333333333,1,1
100,4,5,small_world,0.4,1242737268,60,40,2,12,46,0,0,1,12,12.0,0.03333333333333333,0.2,0.23333333333333334,0.03333333333333333,0.03333333333333333,0.03333333333333333,0.03333333333333333,0.2,0,0
100,4,5,scale_free,0.4,1242737268,60,40,3,0,57,0,0,0,0,0.0,0.05,0.0,0.05,0.05,0.05,0.05,0.05,0.0,0,0
100,4,5,er,0.5,1242737268,50,50,0,46,4,2,2,2,44,23.0,0.0,0.92,0.92,0.04,0.04,0.04,0.04,0.88,1,1
100,4,5,ring,0.5,1242737268,50,50,0,25,25,13,13,5,9,5.0,0.0,0.5,0.5,0.26,0.26,0.26,0.26,0.18,1,1
100,4,5,small_world,0.5,1242737268,50,50,0,35,15,35,35,3,19,11.666666666666666,0.0,0.7,0.7,0.7,0.7,0.06,0.06,0.38,1,1
100,4,5,scale_free,0.5,1242737268,50,50,4,0,46,0,0,0,0,0.0,0.08,0.0,0.08,0.08,0.08,0.08,0.08,0.0,0,0
100,4,5,er,0.6,1242737268,40,60,0,40,0,40,40,2,38,20.0,0.0,1.0,1.0,1.0,1.0,0.05,0.05,0.95,1,1
100,4,5,ring,0.6,1242737268,40,60,1,28,11,9,9,4,19,7.0,0.025,0.7,0.725,0.25,0.25,0.25,0.25,0.475,1,1
100,4,5,small_world,0.6,1242737268,40,60,0,36,4,36,36,5,18,7.2,0.0,0.9,0.9,0.9,0.9,0.45,0.45,0.45,1,1
100,4,5,scale_free,0.6,1242737268,40,60,3,35,2,2,2,2,33,17.5,0.075,0.875,0.95,0.125,0.125,0.125,0.125,0.825,1,1
100,4,5,er,0.7,1242737268,30,70,0,30,0,30,30,1,30,30.0,0.0,1.0,1.0,1.0,1.0,0.0,0.0,1.0,1,1
100,4,5,ring,0.7,1242737268,30,70,3,27,0,13,13,6,9,4.5,0.1,0.9,1.0,0.5333333333333333,0.5333333333333333,0.5333333333333333,0.5333333333333333,0.3,1,1
100,4,5,small_world,0.7,1242737268,30,70,1,25,4,25,25,4,13,6.25,0.03333333333333333,0.8333333333333334,0.8666666666666667,0.8666666666666667,0.8666666666666667,0.43333333333333335,0.43333333333333335,0.43333333333333335,1,1
100,4,5,scale_free,0.7,1242737268,30,70,1,28,1,2,2,2,26,14.0,0.03333333333333333,0.9333333333333333,0.9666666666666667,0.1,0.1,0.1,0.1,0.8666666666666667,1,1
100,4,5,er,0.8,1242737268,20,80,1,19,0,19,19,1,19,19.0,0.05,0.95,1.0,1.0,1.0,0.05,0.05,0.95,1,1
100,4,5,ring,0.8,1242737268,20,80,4,16,0,6,6,3,10,5.333333333333333,0.2,0.8,1.0,0.5,0.5,0.5,0.5,0.5,1,1
100,4,5,small_world,0.8,1242737268,20,80,4,13,3,13,13,4,4,3.25,0.2,0.65,0.85,0.85,0.85,0.85,0.85,0.2,1,1
100,4,5,scale_free,0.8,1242737268,20,80,1,19,0,3,3,2,16,9.5,0.05,0.95,1.0,0.2,0.2,0.2,0.2,0.8,1,1
100,4,5,er,0.9,1242737268,10,90,0,10,0,10,10,2,7,5.0,0.0,1.0,1.0,1.0,1.0,1.0,1.0,0.7,1,1
100,4,5,ring,0.9,1242737268,10,90,3,7,0,7,7,3,3,2.3333333333333335,0.3,0.7,1.0,1.0,1.0,1.0,1.0,0.3,1,1
100,4,5,small_world,0.9,1242737268,10,90,6,4,0,4,4,2,2,2.0,0.6,0.4,1.0,1.0,1.0,1.0,1.0,0.2,1,1
100,4,5,scale_free,0.9,1242737268,10,90,3,7,0,7,7,1,7,7.0,0.3,0.7,1.0,1.0,1.0,1.0,1.0,0.7,1,1
100,4,6,er,0.1,3830755539,90,10,1,0,89,0,0,0,0,0.0,0.011111111111111112,0.0,0.011111111111111112,0.011111111111111112,0.011111111111111112,0.011111111111111112,0.011111111111111112,0.0,0,0
100,4,6,ring,0.1,3830755539,90,10,0,0,90,0,0,0,0,0.0,0.0,0.0,0.0,0.0,0.0,0.0,0.0,0.0,0,0
100,4,6,small_world,0.1,3830755539,90,10,0,0,90,0,0,0,0,0.0,0.0,0.0,0.0,0.0,0.0,0.0,0.0,0.0,0,0
100,4,6,scale_free,0.1,3830755539,90,10,0,0,90,0,0,0,0,0.0,0.0,0.0,0.0,0.0,0.0,0.0,0.0,0.0,0,0
100,4,6,er,0.2,3830755539,80,20,0,0,80,0,0,0,0,0.0,0.0,0.0,0.0,0.0,0.0,0.0,0.0,0.0,0,0
100,4,6,ring,0.2,3830755539,80,20,0,0,80,0,0,0,0,0.0,0.0,0.0,0.0,0.0,0.0,0.0,0.0,0.0,0,0
100,4,6,small_world,0.2,3830755539,80,20,0,0,80,0,0,0,0,0.0,0.0,0.0,0.0,0.0,0.0,0.0,0.0,0.0,0,0
100,4,6,scale_free,0.2,3830755539,80,20,1,0,79,0,0,0,0,0.0,0.0125,0.0,0.0125,0.0125,0.0125,0.0125,0.0125,0.0,0,0
100,4,6,er,0.3,3830755539,70,30,1,0,69,0,0,0,0,0.0,0.014285714285714285,0.0,0.014285714285714285,0.014285714285714285,0.014285714285714285,0.014285714285714285,0.014285714285714285,0.0,0,0
100,4,6,ring,0.3,3830755539,70,30,0,0,70,0,0,0,0,0.0,0.0,0.0,0.0,0.0,0.0,0.0,0.0,0.0,0,0
100,4,6,small_world,0.3,3830755539,70,30,0,0,70,0,0,0,0,0.0,0.0,0.0,0.0,0.0,0.0,0.0,0.0,0.0,0,0
100,4,6,scale_free,0.3,3830755539,70,30,1,0,69,0,0,0,0,0.0,0.014285714285714285,0.0,0.014285714285714285,0.014285714285714285,0.014285714285714285,0.014285714285714285,0.014285714285714285,0.0,0,0
100,4,6,er,0.4,3830755539,60,40,1,0,59,0,0,0,0,0.0,0.016666666666666666,0.0,0.016666666666666666,0.016666666666666666,0.016666666666666666,0.016666666666666666,0.016666666666666666,0.0,0,0
100,4,6,ring,0.4,3830755539,60,40,0,0,60,0,0,0,0,0.0,0.0,0.0,0.0,0.0,0.0,0.0,0.0,0.0,0,0
100,4,6,small_world,0.4,3830755539,60,40,0,0,60,0,0,0,0,0.0,0.0,0.0,0.0,0.0,0.0,0.0,0.0,0.0,0,0
100,4,6,scale_free,0.4,3830755539,60,40,3,0,57,0,0,0,0,0.0,0.05,0.0,0.05,0.05,0.05,0.05,0.05,0.0,0,0
100,4,6,er,0.5,3830755539,50,50,1,43,6,0,0,1,43,43.0,0.02,0.86,0.88,0.02,0.02,0.02,0.02,0.86,0,0
100,4,6,ring,0.5,3830755539,50,50,0,12,38,0,0,1,12,12.0,0.0,0.24,0.24,0.0,0.0,0.0,0.0,0.24,0,0
100,4,6,small_world,0.5,3830755539,50,50,1,0,49,0,0,0,0,0.0,0.02,0.0,0.02,0.02,0.02,0.02,0.02,0.0,0,0
100,4,6,scale_free,0.5,3830755539,50,50,3,0,47,0,0,0,0,0.0,0.06,0.0,0.06,0.06,0.06,0.06,0.06,0.0,0,0
100,4,6,er,0.6,3830755539,40,60,3,31,6,31,31,1,31,31.0,0.075,0.775,0.85,0.85,0.85,0.075,0.075,0.775,1,1
100,4,6,ring,0.6,3830755539,40,60,1,39,0,16,16,5,23,7.8,0.025,0.975,1.0,0.425,0.425,0.425,0.425,0.575,1,1
100,4,6,small_world,0.6,3830755539,40,60,2,33,5,16,16,4,17,8.25,0.05,0.825,0.875,0.45,0.45,0.45,0.45,0.425,1,1
100,4,6,scale_free,0.6,3830755539,40,60,4,34,2,0,0,1,34,34.0,0.1,0.85,0.95,0.1,0.1,0.1,0.1,0.85,0,0
100,4,6,er,0.7,3830755539,30,70,1,26,3,26,26,1,26,26.0,0.03333333333333333,0.8666666666666667,0.9,0.9,0.9,0.03333333333333333,0.03333333333333333,0.8666666666666667,1,1
100,4,6,ring,0.7,3830755539,30,70,2,28,0,14,14,6,9,4.666666666666667,0.06666666666666667,0.9333333333333333,1.0,0.5333333333333333,0.5333333333333333,0.5333333333333333,0.5333333333333333,0.3,1,1
100,4,6,small_world,0.7,3830755539,30,70,0,30,0,18,18,6,8,5.0,0.0,1.0,1.0,0.6,0.6,0.6,0.6,0.26666666666666666,1,1
100,4,6,scale_free,0.7,3830755539,30,70,2,27,1,0,0,1,27,27.0,0.06666666666666667,0.9,0.9666666666666667,0.06666666666666667,0.06666666666666667,0.06666666666666667,0.06666666666666667,0.9,0,0
100,4,6,er,0.8,3830755539,20,80,1,16,3,16,16,1,16,16.0,0.05,0.8,0.85,0.85,0.85,0.05,0.05,0.8,1,1
100,4,6,ring,0.8,3830755539,20,80,3,17,0,13,13,5,5,3.4,0.15,0.85,1.0,0.8,0.8,0.8,0.8,0.25,1,1
100,4,6,small_world,0.8,3830755539,20,80,1,19,0,15,15,4,8,4.75,0.05,0.95,1.0,0.8,0.8,0.8,0.8,0.4,1,1
100,4,6,scale_free,0.8,3830755539,20,80,4,16,0,16,16,1,16,16.0,0.2,0.8,1.0,1.0,1.0,0.2,0.2,0.8,1,1
100,4,6,er,0.9,3830755539,10,90,3,6,1,6,6,2,4,3.0,0.3,0.6,0.9,0.9,0.9,0.9,0.9,0.4,1,1
100,4,6,ring,0.9,3830755539,10,90,5,5,0,5,5,2,3,2.5,0.5,0.5,1.0,1.0,1.0,1.0,1.0,0.3,1,1
100,4,6,small_world,0.9,3830755539,10,90,4,6,0,6,6,2,3,3.0,0.4,0.6,1.0,1.0,1.0,1.0,1.0,0.3,1,1
100,4,6,scale_free,0.9,3830755539,10,90,4,6,0,6,6,2,4,3.0,0.4,0.6,1.0,1.0,1.0,1.0,1.0,0.4,1,1
100,4,7,er,0.1,1268916448,90,10,2,0,88,0,0,0,0,0.0,0.022222222222222223,0.0,0.022222222222222223,0.022222222222222223,0.022222222222222223,0.022222222222222223,0.022222222222222223,0.0,0,0
100,4,7,ring,0.1,1268916448,90,10,0,0,90,0,0,0,0,0.0,0.0,0.0,0.0,0.0,0.0,0.0,0.0,0.0,0,0
100,4,7,small_world,0.1,1268916448,90,10,0,0,90,0,0,0,0,0.0,0.0,0.0,0.0,0.0,0.0,0.0,0.0,0.0,0,0
100,4,7,scale_free,0.1,1268916448,90,10,0,0,90,0,0,0,0,0.0,0.0,0.0,0.0,0.0,0.0,0.0,0.0,0.0,0,0
100,4,7,er,0.2,1268916448,80,20,2,0,78,0,0,0,0,0.0,0.025,0.0,0.025,0.025,0.025,0.025,0.025,0.0,0,0
100,4,7,ring,0.2,1268916448,80,20,0,0,80,0,0,0,0,0.0,0.0,0.0,0.0,0.0,0.0,0.0,0.0,0.0,0,0
100,4,7,small_world,0.2,1268916448,80,20,0,0,80,0,0,0,0,0.0,0.0,0.0,0.0,0.0,0.0,0.0,0.0,0.0,0,0
100,4,7,scale_free,0.2,1268916448,80,20,0,0,80,0,0,0,0,0.0,0.0,0.0,0.0,0.0,0.0,0.0,0.0,0.0,0,0
100,4,7,er,0.3,1268916448,70,30,1,2,67,2,2,1,2,2.0,0.014285714285714285,0.02857142857142857,0.04285714285714286,0.04285714285714286,0.04285714285714286,0.04285714285714286,0.04285714285714286,0.02857142857142857,1,1
100,4,7,ring,0.3,1268916448,70,30,0,0,70,0,0,0,0,0.0,0.0,0.0,0.0,0.0,0.0,0.0,0.0,0.0,0,0
100,4,7,small_world,0.3,1268916448,70,30,0,0,70,0,0,0,0,0.0,0.0,0.0,0.0,0.0,0.0,0.0,0.0,0.0,0,0
100,4,7,scale_free,0.3,1268916448,70,30,1,0,69,0,0,0,0,0.0,0.014285714285714285,0.0,0.014285714285714285,0.014285714285714285,0.014285714285714285,0.014285714285714285,0.014285714285714285,0.0,0,0
100,4,7,er,0.4,1268916448,60,40,1,0,59,0,0,0,0,0.0,0.016666666666666666,0.0,0.016666666666666666,0.016666666666666666,0.016666666666666666,0.016666666666666666,0.016666666666666666,0.0,0,0
100,4,7,ring,0.4,1268916448,60,40,0,20,40,4,4,3,16,6.666666666666667,0.0,0.3333333333333333,0.3333333333333333,0.06666666666666667,0.06666666666666667,0.06666666666666667,0.06666666666666667,0.26666666666666666,1,1
100,4,7,small_world,0.4,1268916448,60,40,2,2,56,2,2,1,2,2.0,0.03333333333333333,0.03333333333333333,0.06666666666666667,0.06666666666666667,0.06666666666666667,0.06666666666666667,0.06666666666666667,0.03333333333333333,1,1
100,4,7,scale_free,0.4,1268916448,60,40,0,0,60,0,0,0,0,0.0,0.0,0.0,0.0,0.0,0.0,0.0,0.0,0.0,0,0
100,4,7,er,0.5,1268916448,50,50,3,0,47,0,0,0,0,0.0,0.06,0.0,0.06,0.06,0.06,0.06,0.06,0.0,0,0
100,4,7,ring,0.5,1268916448,50,50,0,23,27,5,5,3,18,7.666666666666667,0.0,0.46,0.46,0.1,0.1,0.1,0.1,0.36,1,1
100,4,7,small_world,0.5,1268916448,50,50,1,6,43,6,6,2,4,3.0,0.02,0.12,0.14,0.14,0.14,0.14,0.14,0.08,1,1
100,4,7,scale_free,0.5,1268916448,50,50,1,0,49,0,0,0,0,0.0,0.02,0.0,0.02,0.02,0.02,0.02,0.02,0.0,0,0
100,4,7,er,0.6,1268916448,40,60,3,35,2,35,35,1,35,35.0,0.075,0.875,0.95,0.95,0.95,0.075,0.075,0.875,1,1
100,4,7,ring,0.6,1268916448,40,60,0,28,12,28,28,5,11,5.6,0.0,0.7,0.7,0.7,0.7,0.425,0.425,0.275,1,1
100,4,7,small_world,0.6,1268916448,40,60,1,39,0,39,39,4,32,9.75,0.025,0.975,1.0,1.0,1.0,0.2,0.2,0.8,1,1
100,4,7,scale_free,0.6,1268916448,40,60,1,37,2,0,0,1,37,37.0,0.025,0.925,0.95,0.025,0.025,0.025,0.025,0.925,0,0
100,4,7,er,0.7,1268916448,30,70,1,29,0,29,29,1,29,29.0,0.03333333333333333,0.9666666666666667,1.0,1.0,1.0,0.03333333333333333,0.03333333333333333,0.9666666666666667,1,1
100,4,7,ring,0.7,1268916448,30,70,1,29,0,29,29,6,9,4.833333333333333,0.03333333333333333,0.9666666666666667,1.0,1.0,1.0,1.0,1.0,0.3,1,1
100,4,7,small_world,0.7,1268916448,30,70,1,29,0,29,29,4,12,7.25,0.03333333333333333,0.9666666666666667,1.0,1.0,1.0,0.2,0.2,0.4,1,1
100,4,7,scale_free,0.7,1268916448,30,70,4,26,0,0,0,1,26,26.0,0.13333333333333333,0.8666666666666667,1.0,0.13333333333333333,0.13333333333333333,0.13333333333333333,0.13333333333333333,0.8666666666666667,0,0
100,4,7,er,0.8,1268916448,20,80,0,20,0,20,20,2,16,10.0,0.0,1.0,1.0,1.0,1.0,0.2,0.2,0.8,1,1
100,4,7,ring,0.8,1268916448,20,80,3,17,0,17,17,7,3,2.4285714285714284,0.15,0.85,1.0,1.0,1.0,1.0,1.0,0.15,1,1
100,4,7,small_world,0.8,1268916448,20,80,3,17,0,17,17,6,5,2.8333333333333335,0.15,0.85,1.0,1.0,1.0,1.0,1.0,0.25,1,1
100,4,7,scale_free,0.8,1268916448,20,80,2,18,0,18,18,1,18,18.0,0.1,0.9,1.0,1.0,1.0,0.1,0.1,0.9,1,1
100,4,7,er,0.9,1268916448,10,90,1,9,0,9,9,3,4,3.0,0.1,0.9,1.0,1.0,1.0,1.0,1.0,0.4,1,1
100,4,7,ring,0.9,1268916448,10,90,7,3,0,3,3,1,3,3.0,0.7,0.3,1.0,1.0,1.0,1.0,1.0,0.3,1,1
100,4,7,small_world,0.9,1268916448,10,90,6,4,0,4,4,1,4,4.0,0.6,0.4,1.0,1.0,1.0,1.0,1.0,0.4,1,1
100,4,7,scale_free,0.9,1268916448,10,90,2,8,0,8,8,1,8,8.0,0.2,0.8,1.0,1.0,1.0,1.0,1.0,0.8,1,1
100,4,8,er,0.1,490034145,90,10,0,0,90,0,0,0,0,0.0,0.0,0.0,0.0,0.0,0.0,0.0,0.0,0.0,0,0
100,4,8,ring,0.1,490034145,90,10,0,0,90,0,0,0,0,0.0,0.0,0.0,0.0,0.0,0.0,0.0,0.0,0.0,0,0
100,4,8,small_world,0.1,490034145,90,10,0,0,90,0,0,0,0,0.0,0.0,0.0,0.0,0.0,0.0,0.0,0.0,0.0,0,0
100,4,8,scale_free,0.1,490034145,90,10,0,0,90,0,0,0,0,0.0,0.0,0.0,0.0,0.0,0.0,0.0,0.0,0.0,0,0
100,4,8,er,0.2,490034145,80,20,0,0,80,0,0,0,0,0.0,0.0,0.0,0.0,0.0,0.0,0.0,0.0,0.0,0,0
100,4,8,ring,0.2,490034145,80,20,0,0,80,0,0,0,0,0.0,0.0,0.0,0.0,0.0,0.0,0.0,0.0,0.0,0,0
100,4,8,small_world,0.2,490034145,80,20,0,0,80,0,0,0,0,0.0,0.0,0.0,0.0,0.0,0.0,0.0,0.0,0.0,0,0
100,4,8,scale_free,0.2,490034145,80,20,1,0,79,0,0,0,0,0.0,0.0125,0.0,0.0125,0.0125,0.0125,0.0125,0.0125,0.0,0,0
100,4,8,er,0.3,490034145,70,30,1,0,69,0,0,0,0,0.0,0.014285714285714285,0.0,0.014285714285714285,0.014285714285714285,0.014285714285714285,0.014285714285714285,0.014285714285714285,0.0,0,0
100,4,8,ring,0.3,490034145,70,30,0,2,68,2,2,1,2,2.0,0.0,0.02857142857142857,0.02857142857142857,0.02857142857142857,0.02857142857142857,0.02857142857142857,0.02857142857142857,0.02857142857142857,1,1
100,4,8,small_world,0.3,490034145,70,30,0,0,70,0,0,0,0,0.0,0.0,0.0,0.0,0.0,0.0,0.0,0.0,0.0,0,0
100,4,8,scale_free,0.3,490034145,70,30,3,0,67,0,0,0,0,0.0,0.04285714285714286,0.0,0.04285714285714286,0.04285714285714286,0.04285714285714286,0.04285714285714286,0.04285714285714286,0.0,0,0
100,4,8,er,0.4,490034145,60,40,1,0,59,0,0,0,0,0.0,0.016666666666666666,0.0,0.016666666666666666,0.016666666666666666,0.016666666666666666,0.016666666666666666,0.016666666666666666,0.0,0,0
100,4,8,ring,0.4,490034145,60,40,0,14,46,6,6,3,8,4.666666666666667,0.0,0.23333333333333334,0.23333333333333334,0.1,0.1,0.1,0.1,0.13333333333333333,1,1
100,4,8,small_world,0.4,490034145,60,40,0,0,60,0,0,0,0,0.0,0.0,0.0,0.0,0.0,0.0,0.0,0.0,0.0,0,0
100,4,8,scale_free,0.4,490034145,60,40,1,0,59,0,0,0,0,0.0,0.016666666666666666,0.0,0.016666666666666666,0.016666666666666666,0.016666666666666666,0.016666666666666666,0.016666666666666666,0.0,0,0
100,4,8,er,0.5,490034145,50,50,2,43,5,0,0,1,43,43.0,0.04,0.86,0.9,0.04,0.04,0.04,0.04,0.86,0,0
100,4,8,ring,0.5,490034145,50,50,0,10,40,2,2,2,8,5.0,0.0,0.2,0.2,0.04,0.04,0.04,0.04,0.16,1,1
100,4,8,small_world,0.5,490034145,50,50,0,0,50,0,0,0,0,0.0,0.0,0.0,0.0,0.0,0.0,0.0,0.0,0.0,0,0
100,4,8,scale_free,0.5,490034145,50,50,1,0,49,0,0,0,0,0.0,0.02,0.0,0.02,0.02,0.02,0.02,0.02,0.0,0,0
100,4,8,er,0.6,490034145,40,60,3,34,3,0,0,1,34,34.0,0.075,0.85,0.925,0.075,0.075,0.075,0.075,0.85,0,0
100,4,8,ring,0.6,490034145,40,60,1,39,0,6,6,4,23,9.75,0.025,0.975,1.0,0.175,0.175,0.175,0.175,0.575,1,1
100,4,8,small_world,0.6,490034145,40,60,0,40,0,0,0,1,40,40.0,0.0,1.0,1.0,0.0,0.0,0.0,0.0,1.0,0,0
100,4,8,scale_free,0.6,490034145,40,60,1,36,3,0,0,1,36,36.0,0.025,0.9,0.925,0.025,0.025,0.025,0.025,0.9,0,0
100,4,8,er,0.7,490034145,30,70,1,28,1,28,28,1,28,28.0,0.03333333333333333,0.9333333333333333,0.9666666666666667,0.9666666666666667,0.9666666666666667,0.03333333333333333,0.03333333333333333,0.9333333333333333,1,1
100,4,8,ring,0.7,490034145,30,70,4,26,0,26,26,4,12,6.5,0.13333333333333333,0.8666666666666667,1.0,1.0,1.0,0.6,0.6,0.4,1,1
100,4,8,small_world,0.7,490034145,30,70,1,29,0,29,29,1,29,29.0,0.03333333333333333,0.9666666666666667,1.0,1.0,1.0,0.03333333333333333,0.03333333333333333,0.9666666666666667,1,1
100,4,8,scale_free,0.7,490034145,30,70,1,28,1,2,2,2,26,14.0,0.03333333333333333,0.9333333333333333,0.9666666666666667,0.1,0.1,0.1,0.1,0.8666666666666667,1,1
100,4,8,er,0.8,490034145,20,80,3,17,0,17,17,1,17,17.0,0.15,0.85,1.0,1.0,1.0,0.15,0.15,0.85,1,1
100,4,8,ring,0.8,490034145,20,80,8,12,0,12,12,3,5,4.0,0.4,0.6,1.0,1.0,1.0,1.0,1.0,0.25,1,1
100,4,8,small_world,0.8,490034145,20,80,4,16,0,16,16,4,8,4.0,0.2,0.8,1.0,1.0,1.0,1.0,1.0,0.4,1,1
100,4,8,scale_free,0.8,490034145,20,80,4,16,0,16,16,1,16,16.0,0.2,0.8,1.0,1.0,1.0,0.2,0.2,0.8,1,1
100,4,8,er,0.9,490034145,10,90,3,7,0,7,7,1,7,7.0,0.3,0.7,1.0,1.0,1.0,1.0,1.0,0.7,1,1
100,4,8,ring,0.9,490034145,10,90,4,6,0,6,6,3,2,2.0,0.4,0.6,1.0,1.0,1.0,1.0,1.0,0.2,1,1
100,4,8,small_world,0.9,490034145,10,90,2,8,0,8,8,3,4,2.6666666666666665,0.2,0.8,1.0,1.0,1.0,1.0,1.0,0.4,1,1
100,4,8,scale_free,0.9,490034145,10,90,0,10,0,10,10,3,4,3.3333333333333335,0.0,1.0,1.0,1.0,1.0,1.0,1.0,0.4,1,1
100,4,9,er,0.1,3963930310,90,10,0,0,90,0,0,0,0,0.0,0.0,0.0,0.0,0.0,0.0,0.0,0.0,0.0,0,0
100,4,9,ring,0.1,3963930310,90,10,0,0,90,0,0,0,0,0.0,0.0,0.0,0.0,0.0,0.0,0.0,0.0,0.0,0,0
100,4,9,small_world,0.1,3963930310,90,10,0,0,90,0,0,0,0,0.0,0.0,0.0,0.0,0.0,0.0,0.0,0.0,0.0,0,0
100,4,9,scale_free,0.1,3963930310,90,10,0,0,90,0,0,0,0,0.0,0.0,0.0,0.0,0.0,0.0,0.0,0.0,0.0,0,0
100,4,9,er,0.2,3963930310,80,20,1,0,79,0,0,0,0,0.0,0.0125,0.0,0.0125,0.0125,0.0125,0.0125,0.0125,0.0,0,0
100,4,9,ring,0.2,3963930310,80,20,0,0,80,0,0,0,0,0.0,0.0,0.0,0.0,0.0,0.0,0.0,0.0,0.0,0,0
100,4,9,small_world,0.2,3963930310,80,20,0,0,80,0,0,0,0,0.0,0.0,0.0,0.0,0.0,0.0,0.0,0.0,0.0,0,0
100,4,9,scale_free,0.2,3963930310,80,20,0,0,80,0,0,0,0,0.0,0.0,0.0,0.0,0.0,0.0,0.0,0.0,0.0,0,0
100,4,9,er,0.3,3963930310,70,30,1,0,69,0,0,0,0,0.0,0.014285714285714285,0.0,0.014285714285714285,0.014285714285714285,0.014285714285714285,0.014285714285714285,0.014285714285714285,0.0,0,0
100,4,9,ring,0.3,3963930310,70,30,0,0,70,0,0,0,0,0.0,0.0,0.0,0.0,0.0,0.0,0.0,0.0,0.0,0,0
100,4,9,small_world,0.3,3963930310,70,30,0,0,70,0,0,0,0,0.0,0.0,0.0,0.0,0.0,0.0,0.0,0.0,0.0,0,0
100,4,9,scale_free,0.3,3963930310,70,30,0,0,70,0,0,0,0,0.0,0.0,0.0,0.0,0.0,0.0,0.0,0.0,0.0,0,0
100,4,9,er,0.4,3963930310,60,40,3,0,57,0,0,0,0,0.0,0.05,0.0,0.05,0.05,0.05,0.05,0.05,0.0,0,0
100,4,9,ring,0.4,3963930310,60,40,0,7,53,0,0,1,7,7.0,0.0,0.11666666666666667,0.11666666666666667,0.0,0.0,0.0,0.0,0.11666666666666667,0,0
100,4,9,small_world,0.4,3963930310,60,40,1,6,53,0,0,1,6,6.0,0.016666666666666666,0.1,0.11666666666666667,0.016666666666666666,0.016666666666666666,0.016666666666666666,0.016666666666666666,0.1,0,0
100,4,9,scale_free,0.4,3963930310,60,40,1,0,59,0,0,0,0,0.0,0.016666666666666666,0.0,0.016666666666666666,0.016666666666666666,0.016666666666666666,0.016666666666666666,0.016666666666666666,0.0,0,0
100,4,9,er,0.5,3963930310,50,50,2,43,5,43,43,2,41,21.5,0.04,0.86,0.9,0.9,0.9,0.08,0.08,0.82,1,1
100,4,9,ring,0.5,3963930310,50,50,0,14,36,14,14,5,4,2.8,0.0,0.28,0.28,0.28,0.28,0.28,0.28,0.08,1,1
100,4,9,small_world,0.5,3963930310,50,50,1,5,44,5,5,2,3,2.5,0.02,0.1,0.12,0.12,0.12,0.12,0.12,0.06,1,1
100,4,9,scale_free,0.5,3963930310,50,50,1,32,17,0,0,1,32,32.0,0.02,0.64,0.66,0.02,0.02,0.02,0.02,0.64,0,0
100,4,9,er,0.6,3963930310,40,60,1,36,3,36,36,1,36,36.0,0.025,0.9,0.925,0.925,0.925,0.025,0.025,0.9,1,1
100,4,9,ring,0.6,3963930310,40,60,0,40,0,19,19,5,21,8.0,0.0,1.0,1.0,0.475,0.475,0.475,0.475,0.525,1,1
100,4,9,small_world,0.6,3963930310,40,60,0,40,0,40,40,2,37,20.0,0.0,1.0,1.0,1.0,1.0,0.075,0.075,0.925,1,1
100,4,9,scale_free,0.6,3963930310,40,60,1,31,8,0,0,1,31,31.0,0.025,0.775,0.8,0.025,0.025,0.025,0.025,0.775,0,0
100,4,9,er,0.7,3963930310,30,70,4,25,1,25,25,1,25,25.0,0.13333333333333333,0.8333333333333334,0.9666666666666667,0.9666666666666667,0.9666666666666667,0.13333333333333333,0.13333333333333333,0.8333333333333334,1,1
100,4,9,ring,0.7,3963930310,30,70,0,30,0,30,30,7,9,4.285714285714286,0.0,1.0,1.0,1.0,1.0,1.0,1.0,0.3,1,1
100,4,9,small_world,0.7,3963930310,30,70,1,29,0,29,29,3,18,9.666666666666666,0.03333333333333333,0.9666666666666667,1.0,1.0,1.0,0.4,0.4,0.6,1,1
100,4,9,scale_free,0.7,3963930310,30,70,4,21,5,21,21,1,21,21.0,0.13333333333333333,0.7,0.8333333333333334,0.8333333333333334,0.8333333333333334,0.13333333333333333,0.13333333333333333,0.7,1,1
100,4,9,er,0.8,3963930310,20,80,5,15,0,15,15,2,11,7.5,0.25,0.75,1.0,1.0,1.0,0.45,0.45,0.55,1,1
100,4,9,ring,0.8,3963930310,20,80,2,18,0,18,18,8,3,2.25,0.1,0.9,1.0,1.0,1.0,1.0,1.0,0.15,1,1
100,4,9,small_world,0.8,3963930310,20,80,1,19,0,19,19,5,8,3.8,0.05,0.95,1.0,1.0,1.0,1.0,1.0,0.4,1,1
100,4,9,scale_free,0.8,3963930310,20,80,3,17,0,17,17,1,17,17.0,0.15,0.85,1.0,1.0,1.0,0.15,0.15,0.85,1,1
100,4,9,er,0.9,3963930310,10,90,3,7,0,7,7,2,5,3.5,0.3,0.7,1.0,1.0,1.0,1.0,1.0,0.5,1,1
100,4,9,ring,0.9,3963930310,10,90,4,6,0,6,6,3,2,2.0,0.4,0.6,1.0,1.0,1.0,1.0,1.0,0.2,1,1
100,4,9,small_world,0.9,3963930310,10,90,3,7,0,7,7,3,3,2.3333333333333335,0.3,0.7,1.0,1.0,1.0,1.0,1.0,0.3,1,1
100,4,9,scale_free,0.9,3963930310,10,90,8,2,0,2,2,1,2,2.0,0.8,0.2,1.0,1.0,1.0,1.0,1.0,0.2,1,1
100,4,10,er,0.1,228102392,90,10,0,0,90,0,0,0,0,0.0,0.0,0.0,0.0,0.0,0.0,0.0,0.0,0.0,0,0
100,4,10,ring,0.1,228102392,90,10,0,0,90,0,0,0,0,0.0,0.0,0.0,0.0,0.0,0.0,0.0,0.0,0.0,0,0
100,4,10,small_world,0.1,228102392,90,10,0,0,90,0,0,0,0,0.0,0.0,0.0,0.0,0.0,0.0,0.0,0.0,0.0,0,0
100,4,10,scale_free,0.1,228102392,90,10,1,0,89,0,0,0,0,0.0,0.011111111111111112,0.0,0.011111111111111112,0.011111111111111112,0.011111111111111112,0.011111111111111112,0.011111111111111112,0.0,0,0
100,4,10,er,0.2,228102392,80,20,1,0,79,0,0,0,0,0.0,0.0125,0.0,0.0125,0.0125,0.0125,0.0125,0.0125,0.0,0,0
100,4,10,ring,0.2,228102392,80,20,0,0,80,0,0,0,0,0.0,0.0,0.0,0.0,0.0,0.0,0.0,0.0,0.0,0,0
100,4,10,small_world,0.2,228102392,80,20,0,0,80,0,0,0,0,0.0,0.0,0.0,0.0,0.0,0.0,0.0,0.0,0.0,0,0
100,4,10,scale_free,0.2,228102392,80,20,2,0,78,0,0,0,0,0.0,0.025,0.0,0.025,0.025,0.025,0.025,0.025,0.0,0,0
100,4,10,er,0.3,228102392,70,30,3,0,67,0,0,0,0,0.0,0.04285714285714286,0.0,0.04285714285714286,0.04285714285714286,0.04285714285714286,0.04285714285714286,0.04285714285714286,0.0,0,0
100,4,10,ring,0.3,228102392,70,30,0,4,66,4,4,2,2,2.0,0.0,0.05714285714285714,0.05714285714285714,0.05714285714285714,0.05714285714285714,0.05714285714285714,0.05714285714285714,0.02857142857142857,1,1
100,4,10,small_world,0.3,228102392,70,30,0,4,66,4,4,2,2,2.0,0.0,0.05714285714285714,0.05714285714285714,0.05714285714285714,0.05714285714285714,0.05714285714285714,0.05714285714285714,0.02857142857142857,1,1
100,4,10,scale_free,0.3,228102392,70,30,1,2,67,2,2,1,2,2.0,0.014285714285714285,0.02857142857142857,0.04285714285714286,0.04285714285714286,0.04285714285714286,0.04285714285714286,0.04285714285714286,0.02857142857142857,1,1
100,4,10,er,0.4,228102392,60,40,3,0,57,0,0,0,0,0.0,0.05,0.0,0.05,0.05,0.05,0.05,0.05,0.0,0,0
100,4,10,ring,0.4,228102392,60,40,0,5,55,0,0,1,5,5.0,0.0,0.08333333333333333,0.08333333333333333,0.0,0.0,0.0,0.0,0.08333333333333333,0,0
100,4,10,small_world,0.4,228102392,60,40,0,5,55,0,0,1,5,5.0,0.0,0.08333333333333333,0.08333333333333333,0.0,0.0,0.0,0.0,0.08333333333333333,0,0
100,4,10,scale_free,0.4,228102392,60,40,1,4,55,4,4,2,2,2.0,0.016666666666666666,0.06666666666666667,0.08333333333333333,0.08333333333333333,0.08333333333333333,0.08333333333333333,0.08333333333333333,0.03333333333333333,1,1
100,4,10,er,0.5,228102392,50,50,3,0,47,0,0,0,0,0.0,0.06,0.0,0.06,0.06,0.06,0.06,0.06,0.0,0,0
100,4,10,ring,0.5,228102392,50,50,0,36,14,6,6,5,10,7.2,0.0,0.72,0.72,0.12,0.12,0.12,0.12,0.2,1,1
100,4,10,small_world,0.5,228102392,50,50,1,10,39,4,4,2,6,5.0,0.02,0.2,0.22,0.1,0.1,0.1,0.1,0.12,1,1
100,4,10,scale_free,0.5,228102392,50,50,1,0,49,0,0,0,0,0.0,0.02,0.0,0.02,0.02,0.02,0.02,0.02,0.0,0,0
100,4,10,er,0.6,228102392,40,60,2,37,1,0,0,1,37,37.0,0.05,0.925,0.975,0.05,0.05,0.05,0.05,0.925,0,0
100,4,10,ring,0.6,228102392,40,60,0,40,0,16,16,6,15,6.666666666666667,0.0,1.0,1.0,0.4,0.4,0.4,0.4,0.375,1,1
100,4,10,small_world,0.6,228102392,40,60,2,36,2,5,5,3,31,12.0,0.05,0.9,0.95,0.175,0.175,0.175,0.175,0.775,1,1
100,4,10,scale_free,0.6,228102392,40,60,1,33,6,0,0,1,33,33.0,0.025,0.825,0.85,0.025,0.025,0.025,0.025,0.825,0,0
100,4,10,er,0.7,228102392,30,70,0,30,0,0,0,1,30,30.0,0.0,1.0,1.0,0.0,0.0,0.0,0.0,1.0,0,0
100,4,10,ring,0.7,228102392,30,70,1,29,0,15,15,5,14,5.8,0.03333333333333333,0.9666666666666667,1.0,0.5333333333333333,0.5333333333333333,0.5333333333333333,0.5333333333333333,0.4666666666666667,1,1
100,4,10,small_world,0.7,228102392,30,70,3,27,0,27,27,3,21,9.0,0.1,0.9,1.0,1.0,1.0,0.3,0.3,0.7,1,1
100,4,10,scale_free,0.7,228102392,30,70,4,24,2,0,0,1,24,24.0,0.13333333333333333,0.8,0.9333333333333333,0.13333333333333333,0.13333333333333333,0.13333333333333333,0.13333333333333333,0.8,0,0
100,4,10,er,0.8,228102392,20,80,1,19,0,19,19,1,19,19.0,0.05,0.95,1.0,1.0,1.0,0.05,0.05,0.95,1,1
100,4,10,ring,0.8,228102392,20,80,2,18,0,18,18,4,10,4.5,0.1,0.9,1.0,1.0,1.0,1.0,1.0,0.5,1,1
100,4,10,small_world,0.8,228102392,20,80,4,16,0,16,16,3,10,5.333333333333333,0.2,0.8,1.0,1.0,1.0,1.0,1.0,0.5,1,1
100,4,10,scale_free,0.8,228102392,20,80,1,18,1,0,0,1,18,18.0,0.05,0.9,0.95,0.05,0.05,0.05,0.05,0.9,0,0
100,4,10,er,0.9,228102392,10,90,2,8,0,8,8,1,8,8.0,0.2,0.8,1.0,1.0,1.0,1.0,1.0,0.8,1,1
100,4,10,ring,0.9,228102392,10,90,6,4,0,4,4,2,2,2.0,0.6,0.4,1.0,1.0,1.0,1.0,1.0,0.2,1,1
100,4,10,small_world,0.9,228102392,10,90,6,4,0,4,4,2,2,2.0,0.6,0.4,1.0,1.0,1.0,1.0,1.0,0.2,1,1
100,4,10,scale_free,0.9,228102392,10,90,1,9,0,9,9,3,5,3.0,0.1,0.9,1.0,1.0,1.0,1.0,1.0,0.5,1,1
100,4,11,er,0.1,1020645175,90,10,1,0,89,0,0,0,0,0.0,0.011111111111111112,0.0,0.011111111111111112,0.011111111111111112,0.011111111111111112,0.011111111111111112,0.011111111111111112,0.0,0,0
100,4,11,ring,0.1,1020645175,90,10,0,0,90,0,0,0,0,0.0,0.0,0.0,0.0,0.0,0.0,0.0,0.0,0.0,0,0
100,4,11,small_world,0.1,1020645175,90,10,0,0,90,0,0,0,0,0.0,0.0,0.0,0.0,0.0,0.0,0.0,0.0,0.0,0,0
100,4,11,scale_free,0.1,1020645175,90,10,2,0,88,0,0,0,0,0.0,0.022222222222222223,0.0,0.022222222222222223,0.022222222222222223,0.022222222222222223,0.022222222222222223,0.022222222222222223,0.0,0,0
100,4,11,er,0.2,1020645175,80,20,0,2,78,2,2,1,2,2.0,0.0,0.025,0.025,0.025,0.025,0.025,0.025,0.025,1,1
100,4,11,ring,0.2,1020645175,80,20,0,0,80,0,0,0,0,0.0,0.0,0.0,0.0,0.0,0.0,0.0,0.0,0.0,0,0
100,4,11,small_world,0.2,1020645175,80,20,0,0,80,0,0,0,0,0.0,0.0,0.0,0.0,0.0,0.0,0.0,0.0,0.0,0,0
100,4,11,scale_free,0.2,1020645175,80,20,2,0,78,0,0,0,0,0.0,0.025,0.0,0.025,0.025,0.025,0.025,0.025,0.0,0,0
100,4,11,er,0.3,1020645175,70,30,0,0,70,0,0,0,0,0.0,0.0,0.0,0.0,0.0,0.0,0.0,0.0,0.0,0,0
100,4,11,ring,0.3,1020645175,70,30,0,8,62,2,2,2,6,4.0,0.0,0.11428571428571428,0.11428571428571428,0.02857142857142857,0.02857142857142857,0.02857142857142857,0.02857142857142857,0.08571428571428572,1,1
100,4,11,small_world,0.3,1020645175,70,30,1,0,69,0,0,0,0,0.0,0.014285714285714285,0.0,0.014285714285714285,0.014285714285714285,0.014285714285714285,0.014285714285714285,0.014285714285714285,0.0,0,0
100,4,11,scale_free,0.3,1020645175,70,30,2,0,68,0,0,0,0,0.0,0.02857142857142857,0.0,0.02857142857142857,0.02857142857142857,0.02857142857142857,0.02857142857142857,0.02857142857142857,0.0,0,0
100,4,11,er,0.4,1020645175,60,40,0,0,60,0,0,0,0,0.0,0.0,0.0,0.0,0.0,0.0,0.0,0.0,0.0,0,0
100,4,11,ring,0.4,1020645175,60,40,0,6,54,6,6,2,4,3.0,0.0,0.1,0.1,0.1,0.1,0.1,0.1,0.06666666666666667,1,1
100,4,11,small_world,0.4,1020645175,60,40,2,0,58,0,0,0,0,0.0,0.03333333333333333,0.0,0.03333333333333333,0.03333333333333333,0.03333333333333333,0.03333333333333333,0.03333333333333333,0.0,0,0
100,4,11,scale_free,0.4,1020645175,60,40,2,0,58,0,0,0,0,0.0,0.03333333333333333,0.0,0.03333333333333333,0.03333333333333333,0.03333333333333333,0.03333333333333333,0.03333333333333333,0.0,0,0
100,4,11,er,0.5,1020645175,50,50,3,36,11,0,0,1,36,36.0,0.06,0.72,0.78,0.06,0.06,0.06,0.06,0.72,0,0
100,4,11,ring,0.5,1020645175,50,50,0,31,19,6,6,3,25,10.333333333333334,0.0,0.62,0.62,0.12,0.12,0.12,0.12,0.5,1,1
100,4,11,small_world,0.5,1020645175,50,50,2,40,8,5,5,3,28,13.333333333333334,0.04,0.8,0.84,0.14,0.14,0.14,0.14,0.56,1,1
100,4,11,scale_free,0.5,1020645175,50,50,1,40,9,0,0,1,40,40.0,0.02,0.8,0.82,0.02,0.02,0.02,0.02,0.8,0,0
100,4,11,er,0.6,1020645175,40,60,2,30,8,2,2,2,28,15.0,0.05,0.75,0.8,0.1,0.1,0.1,0.1,0.7,1,1
100,4,11,ring,0.6,1020645175,40,60,0,33,7,9,9,5,17,6.6,0.0,0.825,0.825,0.225,0.225,0.225,0.225,0.425,1,1
100,4,11,small_world,0.6,1020645175,40,60,0,40,0,8,8,3,25,13.333333333333334,0.0,1.0,1.0,0.2,0.2,0.2,0.2,0.625,1,1
100,4,11,scale_free,0.6,1020645175,40,60,1,37,2,0,0,1,37,37.0,0.025,0.925,0.95,0.025,0.025,0.025,0.025,0.925,0,0
100,4,11,er,0.7,1020645175,30,70,4,24,2,0,0,1,24,24.0,0.13333333333333333,0.8,0.9333333333333333,0.13333333333333333,0.13333333333333333,0.13333333333333333,0.13333333333333333,0.8,0,0
100,4,11,ring,0.7,1020645175,30,70,1,22,7,13,13,7,6,3.142857142857143,0.03333333333333333,0.7333333333333333,0.7666666666666667,0.4666666666666667,0.4666666666666667,0.4666666666666667,0.4666666666666667,0.2,1,1
100,4,11,small_world,0.7,1020645175,30,70,0,30,0,8,8,4,8,7.5,0.0,1.0,1.0,0.26666666666666666,0.26666666666666666,0.26666666666666666,0.26666666666666666,0.26666666666666666,1,1
100,4,11,scale_free,0.7,1020645175,30,70,0,30,0,30,30,1,30,30.0,0.0,1.0,1.0,1.0,1.0,0.0,0.0,1.0,1,1
100,4,11,er,0.8,1020645175,20,80,4,15,1,15,15,3,10,5.0,0.2,0.75,0.95,0.95,0.95,0.95,0.95,0.5,1,1
100,4,11,ring,0.8,1020645175,20,80,1,19,0,6,6,5,8,3.8,0.05,0.95,1.0,0.35,0.35,0.35,0.35,0.4,1,1
100,4,11,small_world,0.8,1020645175,20,80,0,20,0,15,15,3,11,6.666666666666667,0.0,1.0,1.0,0.75,0.75,0.2,0.2,0.55,1,1
100,4,11,scale_free,0.8,1020645175,20,80,1,19,0,19,19,1,19,19.0,0.05,0.95,1.0,1.0,1.0,0.05,0.05,0.95,1,1
100,4,11,er,0.9,1020645175,10,90,2,8,0,8,8,2,4,4.0,0.2,0.8,1.0,1.0,1.0,1.0,1.0,0.4,1,1
100,4,11,ring,0.9,1020645175,10,90,5,5,0,5,5,2,3,2.5,0.5,0.5,1.0,1.0,1.0,1.0,1.0,0.3,1,1
100,4,11,small_world,0.9,1020645175,10,90,3,7,0,7,7,1,7,7.0,0.3,0.7,1.0,1.0,1.0,1.0,1.0,0.7,1,1
100,4,11,scale_free,0.9,1020645175,10,90,2,8,0,8,8,1,8,8.0,0.2,0.8,1.0,1.0,1.0,1.0,1.0,0.8,1,1
100,4,12,er,0.1,3455592538,90,10,1,0,89,0,0,0,0,0.0,0.011111111111111112,0.0,0.011111111111111112,0.011111111111111112,0.011111111111111112,0.011111111111111112,0.011111111111111112,0.0,0,0
100,4,12,ring,0.1,3455592538,90,10,0,0,90,0,0,0,0,0.0,0.0,0.0,0.0,0.0,0.0,0.0,0.0,0.0,0,0
100,4,12,small_world,0.1,3455592538,90,10,0,0,90,0,0,0,0,0.0,0.0,0.0,0.0,0.0,0.0,0.0,0.0,0.0,0,0
100,4,12,scale_free,0.1,3455592538,90,10,0,0,90,0,0,0,0,0.0,0.0,0.0,0.0,0.0,0.0,0.0,0.0,0.0,0,0
100,4,12,er,0.2,3455592538,80,20,1,0,79,0,0,0,0,0.0,0.0125,0.0,0.0125,0.0125,0.0125,0.0125,0.0125,0.0,0,0
100,4,12,ring,0.2,3455592538,80,20,0,0,80,0,0,0,0,0.0,0.0,0.0,0.0,0.0,0.0,0.0,0.0,0.0,0,0
100,4,12,small_world,0.2,3455592538,80,20,0,0,80,0,0,0,0,0.0,0.0,0.0,0.0,0.0,0.0,0.0,0.0,0.0,0,0
100,4,12,scale_free,0.2,3455592538,80,20,0,0,80,0,0,0,0,0.0,0.0,0.0,0.0,0.0,0.0,0.0,0.0,0.0,0,0
100,4,12,er,0.3,3455592538,70,30,3,0,67,0,0,0,0,0.0,0.04285714285714286,0.0,0.04285714285714286,0.04285714285714286,0.04285714285714286,0.04285714285714286,0.04285714285714286,0.0,0,0
100,4,12,ring,0.3,3455592538,70,30,0,0,70,0,0,0,0,0.0,0.0,0.0,0.0,0.0,0.0,0.0,0.0,0.0,0,0
100,4,12,small_world,0.3,3455592538,70,30,0,4,66,0,0,1,4,4.0,0.0,0.05714285714285714,0.05714285714285714,0.0,0.0,0.0,0.0,0.05714285714285714,0,0
100,4,12,scale_free,0.3,3455592538,70,30,1,0,69,0,0,0,0,0.0,0.014285714285714285,0.0,0.014285714285714285,0.014285714285714285,0.014285714285714285,0.014285714285714285,0.014285714285714285,0.0,0,0
100,4,12,er,0.4,3455592538,60,40,3,0,57,0,0,0,0,0.0,0.05,0.0,0.05,0.05,0.05,0.05,0.05,0.0,0,0
100,4,12,ring,0.4,3455592538,60,40,0,11,49,0,0,1,11,11.0,0.0,0.18333333333333332,0.18333333333333332,0.0,0.0,0.0,0.0,0.18333333333333332,0,0
100,4,12,small_world,0.4,3455592538,60,40,0,4,56,0,0,1,4,4.0,0.0,0.06666666666666667,0.06666666666666667,0.0,0.0,0.0,0.0,0.06666666666666667,0,0
100,4,12,scale_free,0.4,3455592538,60,40,2,0,58,0,0,0,0,0.0,0.03333333333333333,0.0,0.03333333333333333,0.03333333333333333,0.03333333333333333,0.03333333333333333,0.03333333333333333,0.0,0,0
100,4,12,er,0.5,3455592538,50,50,2,42,6,0,0,1,42,42.0,0.04,0.84,0.88,0.04,0.04,0.04,0.04,0.84,0,0
100,4,12,ring,0.5,3455592538,50,50,0,42,8,6,6,5,18,8.4,0.0,0.84,0.84,0.12,0.12,0.12,0.12,0.36,1,1
100,4,12,small_world,0.5,3455592538,50,50,1,10,39,6,6,3,4,3.3333333333333335,0.02,0.2,0.22,0.14,0.14,0.14,0.14,0.08,1,1
100,4,12,scale_free,0.5,3455592538,50,50,1,0,49,0,0,0,0,0.0,0.02,0.0,0.02,0.02,0.02,0.02,0.02,0.0,0,0
100,4,12,er,0.6,3455592538,40,60,2,35,3,35,35,2,33,17.5,0.05,0.875,0.925,0.925,0.925,0.1,0.1,0.825,1,1
100,4,12,ring,0.6,3455592538,40,60,1,32,7,17,17,5,11,6.4,0.025,0.8,0.825,0.45,0.45,0.175,0.175,0.275,1,1
100,4,12,small_world,0.6,3455592538,40,60,2,38,0,5,5,5,14,7.6,0.05,0.95,1.0,0.175,0.175,0.175,0.175,0.35,1,1
100,4,12,scale_free,0.6,3455592538,40,60,1,35,4,0,0,1,35,35.0,0.025,0.875,0.9,0.025,0.025,0.025,0.025,0.875,0,0
100,4,12,er,0.7,3455592538,30,70,2,26,2,26,26,4,19,6.5,0.06666666666666667,0.8666666666666667,0.9333333333333333,0.9333333333333333,0.9333333333333333,0.3,0.3,0.6333333333333333,1,1
100,4,12,ring,0.7,3455592538,30,70,1,21,8,21,21,5,8,4.2,0.03333333333333333,0.7,0.7333333333333333,0.7333333333333333,0.7333333333333333,0.7333333333333333,0.7333333333333333,0.26666666666666666,1,1
100,4,12,small_world,0.7,3455592538,30,70,2,28,0,17,17,5,11,5.6,0.06666666666666667,0.9333333333333333,1.0,0.6333333333333333,0.6333333333333333,0.6333333333333333,0.6333333333333333,0.36666666666666664,1,1
100,4,12,scale_free,0.7,3455592538,30,70,0,28,2,0,0,1,28,28.0,0.0,0.9333333333333333,0.9333333333333333,0.0,0.0,0.0,0.0,0.9333333333333333,0,0
100,4,12,er,0.8,3455592538,20,80,5,14,1,14,14,2,11,7.0,0.25,0.7,0.95,0.95,0.95,0.4,0.4,0.55,1,1
100,4,12,ring,0.8,3455592538,20,80,3,17,0,17,17,4,6,4.25,0.15,0.85,1.0,1.0,1.0,1.0,1.0,0.3,1,1
100,4,12,small_world,0.8,3455592538,20,80,2,18,0,18,18,3,10,6.0,0.1,0.9,1.0,1.0,1.0,1.0,1.0,0.5,1,1
100,4,12,scale_free,0.8,3455592538,20,80,1,19,0,0,0,1,19,19.0,0.05,0.95,1.0,0.05,0.05,0.05,0.05,0.95,0,0
100,4,12,er,0.9,3455592538,10,90,3,7,0,7,7,2,5,3.5,0.3,0.7,1.0,1.0,1.0,1.0,1.0,0.5,1,1
100,4,12,ring,0.9,3455592538,10,90,4,6,0,6,6,3,2,2.0,0.4,0.6,1.0,1.0,1.0,1.0,1.0,0.2,1,1
100,4,12,small_world,0.9,3455592538,10,90,5,5,0,5,5,2,3,2.5,0.5,0.5,1.0,1.0,1.0,1.0,1.0,0.3,1,1
100,4,12,scale_free,0.9,3455592538,10,90,0,10,0,10,10,1,10,10.0,0.0,1.0,1.0,1.0,1.0,1.0,1.0,1.0,1,1
100,4,13,er,0.1,2883253956,90,10,2,0,88,0,0,0,0,0.0,0.022222222222222223,0.0,0.022222222222222223,0.022222222222222223,0.022222222222222223,0.022222222222222223,0.022222222222222223,0.0,0,0
100,4,13,ring,0.1,2883253956,90,10,0,0,90,0,0,0,0,0.0,0.0,0.0,0.0,0.0,0.0,0.0,0.0,0.0,0,0
100,4,13,small_world,0.1,2883253956,90,10,0,0,90,0,0,0,0,0.0,0.0,0.0,0.0,0.0,0.0,0.0,0.0,0.0,0,0
100,4,13,scale_free,0.1,2883253956,90,10,0,0,90,0,0,0,0,0.0,0.0,0.0,0.0,0.0,0.0,0.0,0.0,0.0,0,0
100,4,13,er,0.2,2883253956,80,20,2,0,78,0,0,0,0,0.0,0.025,0.0,0.025,0.025,0.025,0.025,0.025,0.0,0,0
100,4,13,ring,0.2,2883253956,80,20,0,0,80,0,0,0,0,0.0,0.0,0.0,0.0,0.0,0.0,0.0,0.0,0.0,0,0
100,4,13,small_world,0.2,2883253956,80,20,0,0,80,0,0,0,0,0.0,0.0,0.0,0.0,0.0,0.0,0.0,0.0,0.0,0,0
100,4,13,scale_free,0.2,2883253956,80,20,2,0,78,0,0,0,0,0.0,0.025,0.0,0.025,0.025,0.025,0.025,0.025,0.0,0,0
100,4,13,er,0.3,2883253956,70,30,1,2,67,2,2,1,2,2.0,0.014285714285714285,0.02857142857142857,0.04285714285714286,0.04285714285714286,0.04285714285714286,0.04285714285714286,0.04285714285714286,0.02857142857142857,1,1
100,4,13,ring,0.3,2883253956,70,30,0,0,70,0,0,0,0,0.0,0.0,0.0,0.0,0.0,0.0,0.0,0.0,0.0,0,0
100,4,13,small_world,0.3,2883253956,70,30,0,0,70,0,0,0,0,0.0,0.0,0.0,0.0,0.0,0.0,0.0,0.0,0.0,0,0
100,4,13,scale_free,0.3,2883253956,70,30,3,0,67,0,0,0,0,0.0,0.04285714285714286,0.0,0.04285714285714286,0.04285714285714286,0.04285714285714286,0.04285714285714286,0.04285714285714286,0.0,0,0
100,4,13,er,0.4,2883253956,60,40,2,0,58,0,0,0,0,0.0,0.03333333333333333,0.0,0.03333333333333333,0.03333333333333333,0.03333333333333333,0.03333333333333333,0.03333333333333333,0.0,0,0
100,4,13,ring,0.4,2883253956,60,40,0,14,46,2,2,2,12,7.0,0.0,0.23333333333333334,0.23333333333333334,0.03333333333333333,0.03333333333333333,0.03333333333333333,0.03333333333333333,0.2,1,1
100,4,13,small_world,0.4,2883253956,60,40,1,2,57,2,2,1,2,2.0,0.016666666666666666,0.03333333333333333,0.05,0.05,0.05,0.05,0.05,0.03333333333333333,1,1
100,4,13,scale_free,0.4,2883253956,60,40,2,0,58,0,0,0,0,0.0,0.03333333333333333,0.0,0.03333333333333333,0.03333333333333333,0.03333333333333333,0.03333333333333333,0.03333333333333333,0.0,0,0
100,4,13,er,0.5,2883253956,50,50,1,44,5,0,0,1,44,44.0,0.02,0.88,0.9,0.02,0.02,0.02,0.02,0.88,0,0
100,4,13,ring,0.5,2883253956,50,50,0,30,20,2,2,4,15,7.5,0.0,0.6,0.6,0.04,0.04,0.04,0.04,0.3,1,1
100,4,13,small_world,0.5,2883253956,50,50,1,38,11,6,6,2,32,19.0,0.02,0.76,0.78,0.14,0.14,0.14,0.14,0.64,1,1
100,4,13,scale_free,0.5,2883253956,50,50,2,35,13,0,0,1,35,35.0,0.04,0.7,0.74,0.04,0.04,0.04,0.04,0.7,0,0
100,4,13,er,0.6,2883253956,40,60,0,38,2,38,38,1,38,38.0,0.0,0.95,0.95,0.95,0.95,0.0,0.0,0.95,1,1
100,4,13,ring,0.6,2883253956,40,60,0,35,5,15,15,6,10,5.833333333333333,0.0,0.875,0.875,0.375,0.375,0.375,0.375,0.25,1,1
100,4,13,small_world,0.6,2883253956,40,60,2,30,8,11,11,4,19,7.5,0.05,0.75,0.8,0.325,0.325,0.325,0.325,0.475,1,1
100,4,13,scale_free,0.6,2883253956,40,60,3,29,8,0,0,1,29,29.0,0.075,0.725,0.8,0.075,0.075,0.075,0.075,0.725,0,0
100,4,13,er,0.7,2883253956,30,70,0,30,0,30,30,1,30,30.0,0.0,1.0,1.0,1.0,1.0,0.0,0.0,1.0,1,1
100,4,13,ring,0.7,2883253956,30,70,1,24,5,8,8,4,9,6.0,0.03333333333333333,0.8,0.8333333333333334,0.3,0.3,0.3,0.3,0.3,1,1
100,4,13,small_world,0.7,2883253956,30,70,0,22,8,6,6,4,9,5.5,0.0,0.7333333333333333,0.7333333333333333,0.2,0.2,0.2,0.2,0.3,1,1
100,4,13,scale_free,0.7,2883253956,30,70,3,22,5,2,2,2,20,11.0,0.1,0.7333333333333333,0.8333333333333334,0.16666666666666666,0.16666666666666666,0.16666666666666666,0.16666666666666666,0.6666666666666666,1,1
100,4,13,er,0.8,2883253956,20,80,0,20,0,20,20,1,20,20.0,0.0,1.0,1.0,1.0,1.0,0.0,0.0,1.0,1,1
100,4,13,ring,0.8,2883253956,20,80,1,19,0,19,19,6,4,3.1666666666666665,0.05,0.95,1.0,1.0,1.0,1.0,1.0,0.2,1,1
100,4,13,small_world,0.8,2883253956,20,80,1,19,0,19,19,6,5,3.1666666666666665,0.05,0.95,1.0,1.0,1.0,1.0,1.0,0.25,1,1
100,4,13,scale_free,0.8,2883253956,20,80,5,12,3,2,2,2,10,6.0,0.25,0.6,0.85,0.35,0.35,0.35,0.35,0.5,1,1
100,4,13,er,0.9,2883253956,10,90,2,8,0,8,8,2,6,4.0,0.2,0.8,1.0,1.0,1.0,1.0,1.0,0.6,1,1
100,4,13,ring,0.9,2883253956,10,90,2,8,0,8,8,3,3,2.6666666666666665,0.2,0.8,1.0,1.0,1.0,1.0,1.0,0.3,1,1
100,4,13,small_world,0.9,2883253956,10,90,2,8,0,8,8,3,3,2.6666666666666665,0.2,0.8,1.0,1.0,1.0,1.0,1.0,0.3,1,1
100,4,13,scale_free,0.9,2883253956,10,90,2,8,0,8,8,2,6,4.0,0.2,0.8,1.0,1.0,1.0,1.0,1.0,0.6,1,1
100,4,14,er,0.1,1384741552,90,10,0,0,90,0,0,0,0,0.0,0.0,0.0,0.0,0.0,0.0,0.0,0.0,0.0,0,0
100,4,14,ring,0.1,1384741552,90,10,0,0,90,0,0,0,0,0.0,0.0,0.0,0.0,0.0,0.0,0.0,0.0,0.0,0,0
100,4,14,small_world,0.1,1384741552,90,10,0,0,90,0,0,0,0,0.0,0.0,0.0,0.0,0.0,0.0,0.0,0.0,0.0,0,0
100,4,14,scale_free,0.1,1384741552,90,10,2,0,88,0,0,0,0,0.0,0.022222222222222223,0.0,0.022222222222222223,0.022222222222222223,0.022222222222222223,0.022222222222222223,0.022222222222222223,0.0,0,0
100,4,14,er,0.2,1384741552,80,20,1,0,79,0,0,0,0,0.0,0.0125,0.0,0.0125,0.0125,0.0125,0.0125,0.0125,0.0,0,0
100,4,14,ring,0.2,1384741552,80,20,0,5,75,5,5,2,3,2.5,0.0,0.0625,0.0625,0.0625,0.0625,0.0625,0.0625,0.0375,1,1
100,4,14,small_world,0.2,1384741552,80,20,0,6,74,6,6,2,4,3.0,0.0,0.075,0.075,0.075,0.075,0.075,0.075,0.05,1,1
100,4,14,scale_free,0.2,1384741552,80,20,0,0,80,0,0,0,0,0.0,0.0,0.0,0.0,0.0,0.0,0.0,0.0,0.0,0,0
100,4,14,er,0.3,1384741552,70,30,3,0,67,0,0,0,0,0.0,0.04285714285714286,0.0,0.04285714285714286,0.04285714285714286,0.04285714285714286,0.04285714285714286,0.04285714285714286,0.0,0,0
100,4,14,ring,0.3,1384741552,70,30,0,5,65,5,5,2,3,2.5,0.0,0.07142857142857142,0.07142857142857142,0.07142857142857142,0.07142857142857142,0.07142857142857142,0.07142857142857142,0.04285714285714286,1,1
100,4,14,small_world,0.3,1384741552,70,30,1,2,67,2,2,1,2,2.0,0.014285714285714285,0.02857142857142857,0.04285714285714286,0.04285714285714286,0.04285714285714286,0.04285714285714286,0.04285714285714286,0.02857142857142857,1,1
100,4,14,scale_free,0.3,1384741552,70,30,2,0,68,0,0,0,0,0.0,0.02857142857142857,0.0,0.02857142857142857,0.02857142857142857,0.02857142857142857,0.02857142857142857,0.02857142857142857,0.0,0,0
100,4,14,er,0.4,1384741552,60,40,0,0,60,0,0,0,0,0.0,0.0,0.0,0.0,0.0,0.0,0.0,0.0,0.0,0,0
100,4,14,ring,0.4,1384741552,60,40,0,16,44,3,3,4,7,4.0,0.0,0.26666666666666666,0.26666666666666666,0.05,0.05,0.05,0.05,0.11666666666666667,1,1
100,4,14,small_world,0.4,1384741552,60,40,1,0,59,0,0,0,0,0.0,0.016666666666666666,0.0,0.016666666666666666,0.016666666666666666,0.016666666666666666,0.016666666666666666,0.016666666666666666,0.0,0,0
100,4,14,scale_free,0.4,1384741552,60,40,2,0,58,0,0,0,0,0.0,0.03333333333333333,0.0,0.03333333333333333,0.03333333333333333,0.03333333333333333,0.03333333333333333,0.03333333333333333,0.0,0,0
100,4,14,er,0.5,1384741552,50,50,2,39,9,0,0,1,39,39.0,0.04,0.78,0.82,0.04,0.04,0.04,0.04,0.78,0,0
100,4,14,ring,0.5,1384741552,50,50,0,25,25,16,16,7,6,3.5714285714285716,0.0,0.5,0.5,0.32,0.32,0.32,0.32,0.12,1,1
100,4,14,small_world,0.5,1384741552,50,50,2,15,33,15,15,3,6,5.0,0.04,0.3,0.34,0.34,0.34,0.34,0.34,0.12,1,1
100,4,14,scale_free,0.5,1384741552,50,50,4,0,46,0,0,0,0,0.0,0.08,0.0,0.08,0.08,0.08,0.08,0.08,0.0,0,0
100,4,14,er,0.6,1384741552,40,60,1,36,3,2,2,2,34,18.0,0.025,0.9,0.925,0.075,0.075,0.075,0.075,0.85,1,1
100,4,14,ring,0.6,1384741552,40,60,0,38,2,27,27,7,11,5.428571428571429,0.0,0.95,0.95,0.675,0.675,0.675,0.675,0.275,1,1
100,4,14,small_world,0.6,1384741552,40,60,0,37,3,4,4,3,29,12.333333333333334,0.0,0.925,0.925,0.1,0.1,0.1,0.1,0.725,1,1
100,4,14,scale_free,0.6,1384741552,40,60,4,35,1,0,0,1,35,35.0,0.1,0.875,0.975,0.1,0.1,0.1,0.1,0.875,0,0
100,4,14,er,0.7,1384741552,30,70,3,26,1,26,26,2,24,13.0,0.1,0.8666666666666667,0.9666666666666667,0.9666666666666667,0.9666666666666667,0.16666666666666666,0.16666666666666666,0.8,1,1
100,4,14,ring,0.7,1384741552,30,70,3,27,0,18,18,7,9,3.857142857142857,0.1,0.9,1.0,0.7,0.7,0.7,0.7,0.3,1,1
100,4,14,small_world,0.7,1384741552,30,70,3,26,1,9,9,4,17,6.5,0.1,0.8666666666666667,0.9666666666666667,0.4,0.4,0.4,0.4,0.5666666666666667,1,1
100,4,14,scale_free,0.7,1384741552,30,70,4,25,1,0,0,1,25,25.0,0.13333333333333333,0.8333333333333334,0.9666666666666667,0.13333333333333333,0.13333333333333333,0.13333333333333333,0.13333333333333333,0.8333333333333334,0,0
100,4,14,er,0.8,1384741552,20,80,1,19,0,19,19,1,19,19.0,0.05,0.95,1.0,1.0,1.0,0.05,0.05,0.95,1,1
100,4,14,ring,0.8,1384741552,20,80,5,15,0,15,15,6,3,2.5,0.25,0.75,1.0,1.0,1.0,1.0,1.0,0.15,1,1
100,4,14,small_world,0.8,1384741552,20,80,5,14,1,14,14,3,8,4.666666666666667,0.25,0.7,0.95,0.95,0.95,0.95,0.95,0.4,1,1
100,4,14,scale_free,0.8,1384741552,20,80,2,18,0,18,18,1,18,18.0,0.1,0.9,1.0,1.0,1.0,0.1,0.1,0.9,1,1
100,4,14,er,0.9,1384741552,10,90,2,8,0,8,8,4,2,2.0,0.2,0.8,1.0,1.0,1.0,1.0,1.0,0.2,1,1
100,4,14,ring,0.9,1384741552,10,90,4,6,0,6,6,3,2,2.0,0.4,0.6,1.0,1.0,1.0,1.0,1.0,0.2,1,1
100,4,14,small_world,0.9,1384741552,10,90,2,8,0,8,8,3,3,2.6666666666666665,0.2,0.8,1.0,1.0,1.0,1.0,1.0,0.3,1,1
100,4,14,scale_free,0.9,1384741552,10,90,5,5,0,5,5,2,3,2.5,0.5,0.5,1.0,1.0,1.0,1.0,1.0,0.3,1,1
100,4,15,er,0.1,647781327,90,10,0,0,90,0,0,0,0,0.0,0.0,0.0,0.0,0.0,0.0,0.0,0.0,0.0,0,0
100,4,15,ring,0.1,647781327,90,10,0,0,90,0,0,0,0,0.0,0.0,0.0,0.0,0.0,0.0,0.0,0.0,0.0,0,0
100,4,15,small_world,0.1,647781327,90,10,0,0,90,0,0,0,0,0.0,0.0,0.0,0.0,0.0,0.0,0.0,0.0,0.0,0,0
100,4,15,scale_free,0.1,647781327,90,10,0,0,90,0,0,0,0,0.0,0.0,0.0,0.0,0.0,0.0,0.0,0.0,0.0,0,0
100,4,15,er,0.2,647781327,80,20,0,0,80,0,0,0,0,0.0,0.0,0.0,0.0,0.0,0.0,0.0,0.0,0.0,0,0
100,4,15,ring,0.2,647781327,80,20,0,0,80,0,0,0,0,0.0,0.0,0.0,0.0,0.0,0.0,0.0,0.0,0.0,0,0
100,4,15,small_world,0.2,647781327,80,20,0,0,80,0,0,0,0,0.0,0.0,0.0,0.0,0.0,0.0,0.0,0.0,0.0,0,0
100,4,15,scale_free,0.2,647781327,80,20,2,0,78,0,0,0,0,0.0,0.025,0.0,0.025,0.025,0.025,0.025,0.025,0.0,0,0
100,4,15,er,0.3,647781327,70,30,1,0,69,0,0,0,0,0.0,0.014285714285714285,0.0,0.014285714285714285,0.014285714285714285,0.014285714285714285,0.014285714285714285,0.014285714285714285,0.0,0,0
100,4,15,ring,0.3,647781327,70,30,0,8,62,8,8,2,5,4.0,0.0,0.11428571428571428,0.11428571428571428,0.11428571428571428,0.11428571428571428,0.11428571428571428,0.11428571428571428,0.07142857142857142,1,1
100,4,15,small_world,0.3,647781327,70,30,1,0,69,0,0,0,0,0.0,0.014285714285714285,0.0,0.014285714285714285,0.014285714285714285,0.014285714285714285,0.014285714285714285,0.014285714285714285,0.0,0,0
100,4,15,scale_free,0.3,647781327,70,30,2,0,68,0,0,0,0,0.0,0.02857142857142857,0.0,0.02857142857142857,0.02857142857142857,0.02857142857142857,0.02857142857142857,0.02857142857142857,0.0,0,0
100,4,15,er,0.4,647781327,60,40,2,0,58,0,0,0,0,0.0,0.03333333333333333,0.0,0.03333333333333333,0.03333333333333333,0.03333333333333333,0.03333333333333333,0.03333333333333333,0.0,0,0
100,4,15,ring,0.4,647781327,60,40,1,12,47,12,12,3,5,4.0,0.016666666666666666,0.2,0.21666666666666667,0.21666666666666667,0.21666666666666667,0.21666666666666667,0.21666666666666667,0.08333333333333333,1,1
100,4,15,small_world,0.4,647781327,60,40,1,0,59,0,0,0,0,0.0,0.016666666666666666,0.0,0.016666666666666666,0.016666666666666666,0.016666666666666666,0.016666666666666666,0.016666666666666666,0.0,0,0
100,4,15,scale_free,0.4,647781327,60,40,1,0,59,0,0,0,0,0.0,0.016666666666666666,0.0,0.016666666666666666,0.016666666666666666,0.016666666666666666,0.016666666666666666,0.016666666666666666,0.0,0,0
100,4,15,er,0.5,647781327,50,50,4,0,46,0,0,0,0,0.0,0.08,0.0,0.08,0.08,0.08,0.08,0.08,0.0,0,0
100,4,15,ring,0.5,647781327,50,50,1,15,34,11,11,5,4,3.0,0.02,0.3,0.32,0.24,0.24,0.24,0.24,0.08,1,1
100,4,15,small_world,0.5,647781327,50,50,2,7,41,7,7,3,3,2.3333333333333335,0.04,0.14,0.18,0.18,0.18,0.18,0.18,0.06,1,1
100,4,15,scale_free,0.5,647781327,50,50,0,0,50,0,0,0,0,0.0,0.0,0.0,0.0,0.0,0.0,0.0,0.0,0.0,0,0
100,4,15,er,0.6,647781327,40,60,4,32,4,2,2,2,30,16.0,0.1,0.8,0.9,0.15,0.15,0.15,0.15,0.75,1,1
100,4,15,ring,0.6,647781327,40,60,0,39,1,27,27,7,9,5.571428571428571,0.0,0.975,0.975,0.675,0.675,0.675,0.675,0.225,1,1
100,4,15,small_world,0.6,647781327,40,60,2,37,1,4,4,3,33,12.333333333333334,0.05,0.925,0.975,0.15,0.15,0.15,0.15,0.825,1,1
100,4,15,scale_free,0.6,647781327,40,60,0,38,2,0,0,1,38,38.0,0.0,0.95,0.95,0.0,0.0,0.0,0.0,0.95,0,0
100,4,15,er,0.7,647781327,30,70,6,22,2,22,22,1,22,22.0,0.2,0.7333333333333333,0.9333333333333333,0.9333333333333333,0.9333333333333333,0.2,0.2,0.7333333333333333,1,1
100,4,15,ring,0.7,647781327,30,70,3,27,0,27,27,5,9,5.4,0.1,0.9,1.0,1.0,1.0,1.0,1.0,0.3,1,1
100,4,15,small_world,0.7,647781327,30,70,4,26,0,26,26,5,11,5.2,0.13333333333333333,0.8666666666666667,1.0,1.0,1.0,0.6333333333333333,0.6333333333333333,0.36666666666666664,1,1
100,4,15,scale_free,0.7,647781327,30,70,0,29,1,0,0,1,29,29.0,0.0,0.9666666666666667,0.9666666666666667,0.0,0.0,0.0,0.0,0.9666666666666667,0,0
100,4,15,er,0.8,647781327,20,80,3,17,0,17,17,2,14,8.5,0.15,0.85,1.0,1.0,1.0,0.3,0.3,0.7,1,1
100,4,15,ring,0.8,647781327,20,80,1,19,0,19,19,5,7,3.8,0.05,0.95,1.0,1.0,1.0,1.0,1.0,0.35,1,1
100,4,15,small_world,0.8,647781327,20,80,4,16,0,16,16,3,8,5.333333333333333,0.2,0.8,1.0,1.0,1.0,1.0,1.0,0.4,1,1
100,4,15,scale_free,0.8,647781327,20,80,0,20,0,20,20,1,20,20.0,0.0,1.0,1.0,1.0,1.0,0.0,0.0,1.0,1,1
100,4,15,er,0.9,647781327,10,90,5,5,0,5,5,2,3,2.5,0.5,0.5,1.0,1.0,1.0,1.0,1.0,0.3,1,1
100,4,15,ring,0.9,647781327,10,90,2,8,0,8,8,4,2,2.0,0.2,0.8,1.0,1.0,1.0,1.0,1.0,0.2,1,1
100,4,15,small_world,0.9,647781327,10,90,3,7,0,7,7,3,3,2.3333333333333335,0.3,0.7,1.0,1.0,1.0,1.0,1.0,0.3,1,1
100,4,15,scale_free,0.9,647781327,10,90,1,9,0,9,9,1,9,9.0,0.1,0.9,1.0,1.0,1.0,1.0,1.0,0.9,1,1
100,4,16,er,0.1,2850349702,90,10,0,0,90,0,0,0,0,0.0,0.0,0.0,0.0,0.0,0.0,0.0,0.0,0.0,0,0
100,4,16,ring,0.1,2850349702,90,10,0,0,90,0,0,0,0,0.0,0.0,0.0,0.0,0.0,0.0,0.0,0.0,0.0,0,0
100,4,16,small_world,0.1,2850349702,90,10,0,0,90,0,0,0,0,0.0,0.0,0.0,0.0,0.0,0.0,0.0,0.0,0.0,0,0
100,4,16,scale_free,0.1,2850349702,90,10,1,0,89,0,0,0,0,0.0,0.011111111111111112,0.0,0.011111111111111112,0.011111111111111112,0.011111111111111112,0.011111111111111112,0.011111111111111112,0.0,0,0
100,4,16,er,0.2,2850349702,80,20,1,0,79,0,0,0,0,0.0,0.0125,0.0,0.0125,0.0125,0.0125,0.0125,0.0125,0.0,0,0
100,4,16,ring,0.2,2850349702,80,20,0,0,80,0,0,0,0,0.0,0.0,0.0,0.0,0.0,0.0,0.0,0.0,0.0,0,0
100,4,16,small_world,0.2,2850349702,80,20,0,0,80,0,0,0,0,0.0,0.0,0.0,0.0,0.0,0.0,0.0,0.0,0.0,0,0
100,4,16,scale_free,0.2,2850349702,80,20,2,0,78,0,0,0,0,0.0,0.025,0.0,0.025,0.025,0.025,0.025,0.025,0.0,0,0
100,4,16,er,0.3,2850349702,70,30,3,0,67,0,0,0,0,0.0,0.04285714285714286,0.0,0.04285714285714286,0.04285714285714286,0.04285714285714286,0.04285714285714286,0.04285714285714286,0.0,0,0
100,4,16,ring,0.3,2850349702,70,30,0,0,70,0,0,0,0,0.0,0.0,0.0,0.0,0.0,0.0,0.0,0.0,0.0,0,0
100,4,16,small_world,0.3,2850349702,70,30,0,0,70,0,0,0,0,0.0,0.0,0.0,0.0,0.0,0.0,0.0,0.0,0.0,0,0
100,4,16,scale_free,0.3,2850349702,70,30,3,0,67,0,0,0,0,0.0,0.04285714285714286,0.0,0.04285714285714286,0.04285714285714286,0.04285714285714286,0.04285714285714286,0.04285714285714286,0.0,0,0
100,4,16,er,0.4,2850349702,60,40,0,0,60,0,0,0,0,0.0,0.0,0.0,0.0,0.0,0.0,0.0,0.0,0.0,0,0
100,4,16,ring,0.4,2850349702,60,40,0,0,60,0,0,0,0,0.0,0.0,0.0,0.0,0.0,0.0,0.0,0.0,0.0,0,0
100,4,16,small_world,0.4,2850349702,60,40,0,0,60,0,0,0,0,0.0,0.0,0.0,0.0,0.0,0.0,0.0,0.0,0.0,0,0
100,4,16,scale_free,0.4,2850349702,60,40,2,0,58,0,0,0,0,0.0,0.03333333333333333,0.0,0.03333333333333333,0.03333333333333333,0.03333333333333333,0.03333333333333333,0.03333333333333333,0.0,0,0
100,4,16,er,0.5,2850349702,50,50,2,0,48,0,0,0,0,0.0,0.04,0.0,0.04,0.04,0.04,0.04,0.04,0.0,0,0
100,4,16,ring,0.5,2850349702,50,50,0,28,22,13,13,5,12,5.6,0.0,0.56,0.56,0.26,0.26,0.26,0.26,0.24,1,1
100,4,16,small_world,0.5,2850349702,50,50,2,23,25,3,3,2,20,11.5,0.04,0.46,0.5,0.1,0.1,0.1,0.1,0.4,1,1
100,4,16,scale_free,0.5,2850349702,50,50,1,40,9,0,0,1,40,40.0,0.02,0.8,0.82,0.02,0.02,0.02,0.02,0.8,0,0
100,4,16,er,0.6,2850349702,40,60,2,37,1,37,37,1,37,37.0,0.05,0.925,0.975,0.975,0.975,0.05,0.05,0.925,1,1
100,4,16,ring,0.6,2850349702,40,60,1,27,12,17,17,6,8,4.5,0.025,0.675,0.7,0.45,0.45,0.45,0.45,0.2,1,1
100,4,16,small_world,0.6,2850349702,40,60,2,30,8,30,30,4,12,7.5,0.05,0.75,0.8,0.8,0.8,0.5,0.5,0.3,1,1
100,4,16,scale_free,0.6,2850349702,40,60,3,29,8,0,0,1,29,29.0,0.075,0.725,0.8,0.075,0.075,0.075,0.075,0.725,0,0
100,4,16,er,0.7,2850349702,30,70,2,27,1,27,27,1,27,27.0,0.06666666666666667,0.9,0.9666666666666667,0.9666666666666667,0.9666666666666667,0.06666666666666667,0.06666666666666667,0.9,1,1
100,4,16,ring,0.7,2850349702,30,70,2,27,1,27,27,5,7,5.4,0.06666666666666667,0.9,0.9666666666666667,0.9666666666666667,0.9666666666666667,0.9666666666666667,0.9666666666666667,0.23333333333333334,1,1
100,4,16,small_world,0.7,2850349702,30,70,4,24,2,24,24,2,13,12.0,0.13333333333333333,0.8,0.9333333333333333,0.9333333333333333,0.9333333333333333,0.13333333333333333,0.13333333333333333,0.43333333333333335,1,1
100,4,16,scale_free,0.7,2850349702,30,70,2,27,1,27,27,1,27,27.0,0.06666666666666667,0.9,0.9666666666666667,0.9666666666666667,0.9666666666666667,0.06666666666666667,0.06666666666666667,0.9,1,1
100,4,16,er,0.8,2850349702,20,80,2,18,0,18,18,1,18,18.0,0.1,0.9,1.0,1.0,1.0,0.1,0.1,0.9,1,1
100,4,16,ring,0.8,2850349702,20,80,2,18,0,18,18,5,7,3.6,0.1,0.9,1.0,1.0,1.0,1.0,1.0,0.35,1,1
100,4,16,small_world,0.8,2850349702,20,80,5,15,0,15,15,2,13,7.5,0.25,0.75,1.0,1.0,1.0,0.35,0.35,0.65,1,1
100,4,16,scale_free,0.8,2850349702,20,80,2,18,0,18,18,2,16,9.0,0.1,0.9,1.0,1.0,1.0,0.2,0.2,0.8,1,1
100,4,16,er,0.9,2850349702,10,90,1,9,0,9,9,1,9,9.0,0.1,0.9,1.0,1.0,1.0,1.0,1.0,0.9,1,1
100,4,16,ring,0.9,2850349702,10,90,3,7,0,7,7,3,3,2.3333333333333335,0.3,0.7,1.0,1.0,1.0,1.0,1.0,0.3,1,1
100,4,16,small_world,0.9,2850349702,10,90,4,6,0,6,6,3,2,2.0,0.4,0.6,1.0,1.0,1.0,1.0,1.0,0.2,1,1
100,4,16,scale_free,0.9,2850349702,10,90,1,9,0,9,9,1,9,9.0,0.1,0.9,1.0,1.0,1.0,1.0,1.0,0.9,1,1
100,4,17,er,0.1,416974849,90,10,0,0,90,0,0,0,0,0.0,0.0,0.0,0.0,0.0,0.0,0.0,0.0,0.0,0,0
100,4,17,ring,0.1,416974849,90,10,0,0,90,0,0,0,0,0.0,0.0,0.0,0.0,0.0,0.0,0.0,0.0,0.0,0,0
100,4,17,small_world,0.1,416974849,90,10,0,0,90,0,0,0,0,0.0,0.0,0.0,0.0,0.0,0.0,0.0,0.0,0.0,0,0
100,4,17,scale_free,0.1,416974849,90,10,1,0,89,0,0,0,0,0.0,0.011111111111111112,0.0,0.011111111111111112,0.011111111111111112,0.011111111111111112,0.011111111111111112,0.011111111111111112,0.0,0,0
100,4,17,er,0.2,416974849,80,20,1,0,79,0,0,0,0,0.0,0.0125,0.0,0.0125,0.0125,0.0125,0.0125,0.0125,0.0,0,0
100,4,17,ring,0.2,416974849,80,20,0,0,80,0,0,0,0,0.0,0.0,0.0,0.0,0.0,0.0,0.0,0.0,0.0,0,0
100,4,17,small_world,0.2,416974849,80,20,0,0,80,0,0,0,0,0.0,0.0,0.0,0.0,0.0,0.0,0.0,0.0,0.0,0,0
100,4,17,scale_free,0.2,416974849,80,20,2,0,78,0,0,0,0,0.0,0.025,0.0,0.025,0.025,0.025,0.025,0.025,0.0,0,0
100,4,17,er,0.3,416974849,70,30,1,0,69,0,0,0,0,0.0,0.014285714285714285,0.0,0.014285714285714285,0.014285714285714285,0.014285714285714285,0.014285714285714285,0.014285714285714285,0.0,0,0
100,4,17,ring,0.3,416974849,70,30,0,5,65,5,5,2,3,2.5,0.0,0.07142857142857142,0.07142857142857142,0.07142857142857142,0.07142857142857142,0.07142857142857142,0.07142857142857142,0.04285714285714286,1,1
100,4,17,small_world,0.3,416974849,70,30,2,2,66,2,2,1,2,2.0,0.02857142857142857,0.02857142857142857,0.05714285714285714,0.05714285714285714,0.05714285714285714,0.05714285714285714,0.05714285714285714,0.02857142857142857,1,1
100,4,17,scale_free,0.3,416974849,70,30,3,0,67,0,0,0,0,0.0,0.04285714285714286,0.0,0.04285714285714286,0.04285714285714286,0.04285714285714286,0.04285714285714286,0.04285714285714286,0.0,0,0
100,4,17,er,0.4,416974849,60,40,1,0,59,0,0,0,0,0.0,0.016666666666666666,0.0,0.016666666666666666,0.016666666666666666,0.016666666666666666,0.016666666666666666,0.016666666666666666,0.0,0,0
100,4,17,ring,0.4,416974849,60,40,0,3,57,3,3,1,3,3.0,0.0,0.05,0.05,0.05,0.05,0.05,0.05,0.05,1,1
100,4,17,small_world,0.4,416974849,60,40,1,0,59,0,0,0,0,0.0,0.016666666666666666,0.0,0.016666666666666666,0.016666666666666666,0.016666666666666666,0.016666666666666666,0.016666666666666666,0.0,0,0
100,4,17,scale_free,0.4,416974849,60,40,3,0,57,0,0,0,0,0.0,0.05,0.0,0.05,0.05,0.05,0.05,0.05,0.0,0,0
100,4,17,er,0.5,416974849,50,50,0,41,9,0,0,1,41,41.0,0.0,0.82,0.82,0.0,0.0,0.0,0.0,0.82,0,0
100,4,17,ring,0.5,416974849,50,50,0,44,6,5,5,6,15,7.333333333333333,0.0,0.88,0.88,0.1,0.1,0.1,0.1,0.3,1,1
100,4,17,small_world,0.5,416974849,50,50,1,46,3,0,0,1,46,46.0,0.02,0.92,0.94,0.02,0.02,0.02,0.02,0.92,0,0
100,4,17,scale_free,0.5,416974849,50,50,4,37,9,0,0,1,37,37.0,0.08,0.74,0.82,0.08,0.08,0.08,0.08,0.74,0,0
100,4,17,er,0.6,416974849,40,60,0,36,4,36,36,1,36,36.0,0.0,0.9,0.9,0.9,0.9,0.0,0.0,0.9,1,1
100,4,17,ring,0.6,416974849,40,60,0,40,0,22,22,6,11,6.666666666666667,0.0,1.0,1.0,0.55,0.55,0.55,0.55,0.275,1,1
100,4,17,small_world,0.6,416974849,40,60,1,39,0,6,6,3,33,13.0,0.025,0.975,1.0,0.175,0.175,0.175,0.175,0.825,1,1
100,4,17,scale_free,0.6,416974849,40,60,1,35,4,0,0,1,35,35.0,0.025,0.875,0.9,0.025,0.025,0.025,0.025,0.875,0,0
100,4,17,er,0.7,416974849,30,70,0,27,3,27,27,1,27,27.0,0.0,0.9,0.9,0.9,0.9,0.0,0.0,0.9,1,1
100,4,17,ring,0.7,416974849,30,70,1,29,0,23,23,7,6,4.142857142857143,0.03333333333333333,0.9666666666666667,1.0,0.8,0.8,0.8,0.8,0.2,1,1
100,4,17,small_world,0.7,416974849,30,70,1,29,0,29,29,5,11,5.8,0.03333333333333333,0.9666666666666667,1.0,1.0,1.0,0.6333333333333333,0.6333333333333333,0.36666666666666664,1,1
100,4,17,scale_free,0.7,416974849,30,70,0,29,1,29,29,2,27,14.5,0.0,0.9666666666666667,0.9666666666666667,0.9666666666666667,0.9666666666666667,0.06666666666666667,0.06666666666666667,0.9,1,1
100,4,17,er,0.8,416974849,20,80,2,16,2,16,16,2,14,8.0,0.1,0.8,0.9,0.9,0.9,0.2,0.2,0.7,1,1
100,4,17,ring,0.8,416974849,20,80,4,16,0,16,16,5,4,3.2,0.2,0.8,1.0,1.0,1.0,1.0,1.0,0.2,1,1
100,4,17,small_world,0.8,416974849,20,80,4,16,0,16,16,4,6,4.0,0.2,0.8,1.0,1.0,1.0,1.0,1.0,0.3,1,1
100,4,17,scale_free,0.8,416974849,20,80,2,18,0,18,18,3,14,6.0,0.1,0.9,1.0,1.0,1.0,0.3,0.3,0.7,1,1
100,4,17,er,0.9,416974849,10,90,7,3,0,3,3,1,3,3.0,0.7,0.3,1.0,1.0,1.0,1.0,1.0,0.3,1,1
100,4,17,ring,0.9,416974849,10,90,6,4,0,4,4,2,2,2.0,0.6,0.4,1.0,1.0,1.0,1.0,1.0,0.2,1,1
100,4,17,small_world,0.9,416974849,10,90,6,4,0,4,4,2,2,2.0,0.6,0.4,1.0,1.0,1.0,1.0,1.0,0.2,1,1
100,4,17,scale_free,0.9,416974849,10,90,2,8,0,8,8,2,6,4.0,0.2,0.8,1.0,1.0,1.0,1.0,1.0,0.6,1,1
100,4,18,er,0.1,3660623323,90,10,2,0,88,0,0,0,0,0.0,0.022222222222222223,0.0,0.022222222222222223,0.022222222222222223,0.022222222222222223,0.022222222222222223,0.022222222222222223,0.0,0,0
100,4,18,ring,0.1,3660623323,90,10,0,0,90,0,0,0,0,0.0,0.0,0.0,0.0,0.0,0.0,0.0,0.0,0.0,0,0
100,4,18,small_world,0.1,3660623323,90,10,0,0,90,0,0,0,0,0.0,0.0,0.0,0.0,0.0,0.0,0.0,0.0,0.0,0,0
100,4,18,scale_free,0.1,3660623323,90,10,0,0,90,0,0,0,0,0.0,0.0,0.0,0.0,0.0,0.0,0.0,0.0,0.0,0,0
100,4,18,er,0.2,3660623323,80,20,2,0,78,0,0,0,0,0.0,0.025,0.0,0.025,0.025,0.025,0.025,0.025,0.0,0,0
100,4,18,ring,0.2,3660623323,80,20,0,0,80,0,0,0,0,0.0,0.0,0.0,0.0,0.0,0.0,0.0,0.0,0.0,0,0
100,4,18,small_world,0.2,3660623323,80,20,0,0,80,0,0,0,0,0.0,0.0,0.0,0.0,0.0,0.0,0.0,0.0,0.0,0,0
100,4,18,scale_free,0.2,3660623323,80,20,1,0,79,0,0,0,0,0.0,0.0125,0.0,0.0125,0.0125,0.0125,0.0125,0.0125,0.0,0,0
100,4,18,er,0.3,3660623323,70,30,2,0,68,0,0,0,0,0.0,0.02857142857142857,0.0,0.02857142857142857,0.02857142857142857,0.02857142857142857,0.02857142857142857,0.02857142857142857,0.0,0,0
100,4,18,ring,0.3,3660623323,70,30,0,0,70,0,0,0,0,0.0,0.0,0.0,0.0,0.0,0.0,0.0,0.0,0.0,0,0
100,4,18,small_world,0.3,3660623323,70,30,0,0,70,0,0,0,0,0.0,0.0,0.0,0.0,0.0,0.0,0.0,0.0,0.0,0,0
100,4,18,scale_free,0.3,3660623323,70,30,2,2,66,2,2,1,2,2.0,0.02857142857142857,0.02857142857142857,0.05714285714285714,0.05714285714285714,0.05714285714285714,0.05714285714285714,0.05714285714285714,0.02857142857142857,1,1
100,4,18,er,0.4,3660623323,60,40,3,2,55,2,2,1,2,2.0,0.05,0.03333333333333333,0.08333333333333333,0.08333333333333333,0.08333333333333333,0.08333333333333333,0.08333333333333333,0.03333333333333333,1,1
100,4,18,ring,0.4,3660623323,60,40,0,4,56,4,4,2,2,2.0,0.0,0.06666666666666667,0.06666666666666667,0.06666666666666667,0.06666666666666667,0.06666666666666667,0.06666666666666667,0.03333333333333333,1,1
100,4,18,small_world,0.4,3660623323,60,40,1,2,57,2,2,1,2,2.0,0.016666666666666666,0.03333333333333333,0.05,0.05,0.05,0.05,0.05,0.03333333333333333,1,1
100,4,18,scale_free,0.4,3660623323,60,40,3,0,57,0,0,0,0,0.0,0.05,0.0,0.05,0.05,0.05,0.05,0.05,0.0,0,0
100,4,18,er,0.5,3660623323,50,50,2,43,5,0,0,1,43,43.0,0.04,0.86,0.9,0.04,0.04,0.04,0.04,0.86,0,0
100,4,18,ring,0.5,3660623323,50,50,0,34,16,3,3,5,13,6.8,0.0,0.68,0.68,0.06,0.06,0.06,0.06,0.26,1,1
100,4,18,small_world,0.5,3660623323,50,50,0,44,6,0,0,1,44,44.0,0.0,0.88,0.88,0.0,0.0,0.0,0.0,0.88,0,0
100,4,18,scale_free,0.5,3660623323,50,50,5,35,10,0,0,1,35,35.0,0.1,0.7,0.8,0.1,0.1,0.1,0.1,0.7,0,0
100,4,18,er,0.6,3660623323,40,60,1,37,2,37,37,1,37,37.0,0.025,0.925,0.95,0.95,0.95,0.025,0.025,0.925,1,1
100,4,18,ring,0.6,3660623323,40,60,0,40,0,19,19,4,21,10.0,0.0,1.0,1.0,0.475,0.475,0.475,0.475,0.525,1,1
100,4,18,small_world,0.6,3660623323,40,60,0,40,0,3,3,2,37,20.0,0.0,1.0,1.0,0.075,0.075,0.075,0.075,0.925,1,1
100,4,18,scale_free,0.6,3660623323,40,60,5,32,3,0,0,1,32,32.0,0.125,0.8,0.925,0.125,0.125,0.125,0.125,0.8,0,0
100,4,18,er,0.7,3660623323,30,70,3,27,0,27,27,1,27,27.0,0.1,0.9,1.0,1.0,1.0,0.1,0.1,0.9,1,1
100,4,18,ring,0.7,3660623323,30,70,1,29,0,29,29,5,8,5.8,0.03333333333333333,0.9666666666666667,1.0,1.0,1.0,1.0,1.0,0.26666666666666666,1,1
100,4,18,small_world,0.7,3660623323,30,70,0,30,0,30,30,3,22,10.0,0.0,1.0,1.0,1.0,1.0,0.26666666666666666,0.26666666666666666,0.7333333333333333,1,1
100,4,18,scale_free,0.7,3660623323,30,70,5,24,1,0,0,1,24,24.0,0.16666666666666666,0.8,0.9666666666666667,0.16666666666666666,0.16666666666666666,0.16666666666666666,0.16666666666666666,0.8,0,0
100,4,18,er,0.8,3660623323,20,80,3,17,0,17,17,2,15,8.5,0.15,0.85,1.0,1.0,1.0,0.25,0.25,0.75,1,1
100,4,18,ring,0.8,3660623323,20,80,3,17,0,17,17,5,6,3.4,0.15,0.85,1.0,1.0,1.0,1.0,1.0,0.3,1,1
100,4,18,small_world,0.8,3660623323,20,80,3,17,0,17,17,3,12,5.666666666666667,0.15,0.85,1.0,1.0,1.0,0.4,0.4,0.6,1,1
100,4,18,scale_free,0.8,3660623323,20,80,1,18,1,0,0,1,18,18.0,0.05,0.9,0.95,0.05,0.05,0.05,0.05,0.9,0,0
100,4,18,er,0.9,3660623323,10,90,2,8,0,8,8,3,4,2.6666666666666665,0.2,0.8,1.0,1.0,1.0,1.0,1.0,0.4,1,1
100,4,18,ring,0.9,3660623323,10,90,4,6,0,6,6,3,2,2.0,0.4,0.6,1.0,1.0,1.0,1.0,1.0,0.2,1,1
100,4,18,small_world,0.9,3660623323,10,90,2,8,0,8,8,3,4,2.6666666666666665,0.2,0.8,1.0,1.0,1.0,1.0,1.0,0.4,1,1
100,4,18,scale_free,0.9,3660623323,10,90,2,8,0,8,8,1,8,8.0,0.2,0.8,1.0,1.0,1.0,1.0,1.0,0.8,1,1
100,4,19,er,0.1,891591446,90,10,0,0,90,0,0,0,0,0.0,0.0,0.0,0.0,0.0,0.0,0.0,0.0,0.0,0,0
100,4,19,ring,0.1,891591446,90,10,0,0,90,0,0,0,0,0.0,0.0,0.0,0.0,0.0,0.0,0.0,0.0,0.0,0,0
100,4,19,small_world,0.1,891591446,90,10,0,0,90,0,0,0,0,0.0,0.0,0.0,0.0,0.0,0.0,0.0,0.0,0.0,0,0
100,4,19,scale_free,0.1,891591446,90,10,0,0,90,0,0,0,0,0.0,0.0,0.0,0.0,0.0,0.0,0.0,0.0,0.0,0,0
100,4,19,er,0.2,891591446,80,20,0,0,80,0,0,0,0,0.0,0.0,0.0,0.0,0.0,0.0,0.0,0.0,0.0,0,0
100,4,19,ring,0.2,891591446,80,20,0,0,80,0,0,0,0,0.0,0.0,0.0,0.0,0.0,0.0,0.0,0.0,0.0,0,0
100,4,19,small_world,0.2,891591446,80,20,0,0,80,0,0,0,0,0.0,0.0,0.0,0.0,0.0,0.0,0.0,0.0,0.0,0,0
100,4,19,scale_free,0.2,891591446,80,20,2,0,78,0,0,0,0,0.0,0.025,0.0,0.025,0.025,0.025,0.025,0.025,0.0,0,0
100,4,19,er,0.3,891591446,70,30,2,0,68,0,0,0,0,0.0,0.02857142857142857,0.0,0.02857142857142857,0.02857142857142857,0.02857142857142857,0.02857142857142857,0.02857142857142857,0.0,0,0
100,4,19,ring,0.3,891591446,70,30,0,7,63,2,2,2,5,3.5,0.0,0.1,0.1,0.02857142857142857,0.02857142857142857,0.02857142857142857,0.02857142857142857,0.07142857142857142,1,1
100,4,19,small_world,0.3,891591446,70,30,0,0,70,0,0,0,0,0.0,0.0,0.0,0.0,0.0,0.0,0.0,0.0,0.0,0,0
100,4,19,scale_free,0.3,891591446,70,30,1,0,69,0,0,0,0,0.0,0.014285714285714285,0.0,0.014285714285714285,0.014285714285714285,0.014285714285714285,0.014285714285714285,0.014285714285714285,0.0,0,0
100,4,19,er,0.4,891591446,60,40,3,0,57,0,0,0,0,0.0,0.05,0.0,0.05,0.05,0.05,0.05,0.05,0.0,0,0
100,4,19,ring,0.4,891591446,60,40,0,18,42,6,6,3,12,6.0,0.0,0.3,0.3,0.1,0.1,0.1,0.1,0.2,1,1
100,4,19,small_world,0.4,891591446,60,40,0,3,57,3,3,1,3,3.0,0.0,0.05,0.05,0.05,0.05,0.05,0.05,0.05,1,1
100,4,19,scale_free,0.4,891591446,60,40,0,2,58,2,2,1,2,2.0,0.0,0.03333333333333333,0.03333333333333333,0.03333333333333333,0.03333333333333333,0.03333333333333333,0.03333333333333333,0.03333333333333333,1,1
100,4,19,er,0.5,891591446,50,50,2,39,9,0,0,2,35,19.5,0.04,0.78,0.82,0.04,0.04,0.04,0.04,0.7,0,0
100,4,19,ring,0.5,891591446,50,50,1,24,25,24,24,3,18,8.0,0.02,0.48,0.5,0.5,0.5,0.14,0.14,0.36,1,1
100,4,19,small_world,0.5,891591446,50,50,1,27,22,0,0,1,27,27.0,0.02,0.54,0.56,0.02,0.02,0.02,0.02,0.54,0,0
100,4,19,scale_free,0.5,891591446,50,50,1,40,9,0,0,1,40,40.0,0.02,0.8,0.82,0.02,0.02,0.02,0.02,0.8,0,0
100,4,19,er,0.6,891591446,40,60,2,29,9,29,29,2,27,14.5,0.05,0.725,0.775,0.775,0.775,0.1,0.1,0.675,1,1
100,4,19,ring,0.6,891591446,40,60,1,33,6,8,8,5,21,6.6,0.025,0.825,0.85,0.225,0.225,0.225,0.225,0.525,1,1
100,4,19,small_world,0.6,891591446,40,60,1,39,0,8,8,2,31,19.5,0.025,0.975,1.0,0.225,0.225,0.225,0.225,0.775,1,1
100,4,19,scale_free,0.6,891591446,40,60,3,35,2,0,0,1,35,35.0,0.075,0.875,0.95,0.075,0.075,0.075,0.075,0.875,0,0
100,4,19,er,0.7,891591446,30,70,3,26,1,3,3,2,23,13.0,0.1,0.8666666666666667,0.9666666666666667,0.2,0.2,0.2,0.2,0.7666666666666667,1,1
100,4,19,ring,0.7,891591446,30,70,0,30,0,30,30,5,11,6.0,0.0,1.0,1.0,1.0,1.0,0.6333333333333333,0.6333333333333333,0.36666666666666664,1,1
100,4,19,small_world,0.7,891591446,30,70,0,30,0,2,2,2,28,15.0,0.0,1.0,1.0,0.06666666666666667,0.06666666666666667,0.06666666666666667,0.06666666666666667,0.9333333333333333,1,1
100,4,19,scale_free,0.7,891591446,30,70,2,27,1,0,0,1,27,27.0,0.06666666666666667,0.9,0.9666666666666667,0.06666666666666667,0.06666666666666667,0.06666666666666667,0.06666666666666667,0.9,0,0
100,4,19,er,0.8,891591446,20,80,5,12,3,12,12,2,9,6.0,0.25,0.6,0.85,0.85,0.85,0.85,0.85,0.45,1,1
100,4,19,ring,0.8,891591446,20,80,1,19,0,19,19,7,5,2.7142857142857144,0.05,0.95,1.0,1.0,1.0,1.0,1.0,0.25,1,1
100,4,19,small_world,0.8,891591446,20,80,1,19,0,19,19,6,6,3.1666666666666665,0.05,0.95,1.0,1.0,1.0,1.0,1.0,0.3,1,1
100,4,19,scale_free,0.8,891591446,20,80,4,16,0,16,16,3,12,5.333333333333333,0.2,0.8,1.0,1.0,1.0,0.4,0.4,0.6,1,1
100,4,19,er,0.9,891591446,10,90,3,7,0,7,7,2,5,3.5,0.3,0.7,1.0,1.0,1.0,1.0,1.0,0.5,1,1
100,4,19,ring,0.9,891591446,10,90,4,6,0,6,6,3,2,2.0,0.4,0.6,1.0,1.0,1.0,1.0,1.0,0.2,1,1
100,4,19,small_world,0.9,891591446,10,90,2,8,0,8,8,4,2,2.0,0.2,0.8,1.0,1.0,1.0,1.0,1.0,0.2,1,1
100,4,19,scale_free,0.9,891591446,10,90,2,8,0,8,8,1,8,8.0,0.2,0.8,1.0,1.0,1.0,1.0,1.0,0.8,1,1
100,4,20,er,0.1,1846435527,90,10,0,0,90,0,0,0,0,0.0,0.0,0.0,0.0,0.0,0.0,0.0,0.0,0.0,0,0
100,4,20,ring,0.1,1846435527,90,10,0,0,90,0,0,0,0,0.0,0.0,0.0,0.0,0.0,0.0,0.0,0.0,0.0,0,0
100,4,20,small_world,0.1,1846435527,90,10,0,0,90,0,0,0,0,0.0,0.0,0.0,0.0,0.0,0.0,0.0,0.0,0.0,0,0
100,4,20,scale_free,0.1,1846435527,90,10,0,0,90,0,0,0,0,0.0,0.0,0.0,0.0,0.0,0.0,0.0,0.0,0.0,0,0
100,4,20,er,0.2,1846435527,80,20,1,0,79,0,0,0,0,0.0,0.0125,0.0,0.0125,0.0125,0.0125,0.0125,0.0125,0.0,0,0
100,4,20,ring,0.2,1846435527,80,20,0,0,80,0,0,0,0,0.0,0.0,0.0,0.0,0.0,0.0,0.0,0.0,0.0,0,0
100,4,20,small_world,0.2,1846435527,80,20,0,0,80,0,0,0,0,0.0,0.0,0.0,0.0,0.0,0.0,0.0,0.0,0.0,0,0
100,4,20,scale_free,0.2,1846435527,80,20,0,0,80,0,0,0,0,0.0,0.0,0.0,0.0,0.0,0.0,0.0,0.0,0.0,0,0
100,4,20,er,0.3,1846435527,70,30,2,4,64,4,4,1,4,4.0,0.02857142857142857,0.05714285714285714,0.08571428571428572,0.08571428571428572,0.08571428571428572,0.08571428571428572,0.08571428571428572,0.05714285714285714,1,1
100,4,20,ring,0.3,1846435527,70,30,0,0,70,0,0,0,0,0.0,0.0,0.0,0.0,0.0,0.0,0.0,0.0,0.0,0,0
100,4,20,small_world,0.3,1846435527,70,30,0,0,70,0,0,0,0,0.0,0.0,0.0,0.0,0.0,0.0,0.0,0.0,0.0,0,0
100,4,20,scale_free,0.3,1846435527,70,30,1,0,69,0,0,0,0,0.0,0.014285714285714285,0.0,0.014285714285714285,0.014285714285714285,0.014285714285714285,0.014285714285714285,0.014285714285714285,0.0,0,0
100,4,20,er,0.4,1846435527,60,40,2,0,58,0,0,0,0,0.0,0.03333333333333333,0.0,0.03333333333333333,0.03333333333333333,0.03333333333333333,0.03333333333333333,0.03333333333333333,0.0,0,0
100,4,20,ring,0.4,1846435527,60,40,0,0,60,0,0,0,0,0.0,0.0,0.0,0.0,0.0,0.0,0.0,0.0,0.0,0,0
100,4,20,small_world,0.4,1846435527,60,40,0,0,60,0,0,0,0,0.0,0.0,0.0,0.0,0.0,0.0,0.0,0.0,0.0,0,0
100,4,20,scale_free,0.4,1846435527,60,40,3,0,57,0,0,0,0,0.0,0.05,0.0,0.05,0.05,0.05,0.05,0.05,0.0,0,0
100,4,20,er,0.5,1846435527,50,50,3,40,7,0,0,1,40,40.0,0.06,0.8,0.86,0.06,0.06,0.06,0.06,0.8,0,0
100,4,20,ring,0.5,1846435527,50,50,0,31,19,6,6,7,9,4.428571428571429,0.0,0.62,0.62,0.12,0.12,0.12,0.12,0.18,1,1
100,4,20,small_world,0.5,1846435527,50,50,2,24,24,10,10,3,14,8.0,0.04,0.48,0.52,0.24,0.24,0.24,0.24,0.28,1,1
100,4,20,scale_free,0.5,1846435527,50,50,3,0,47,0,0,0,0,0.0,0.06,0.0,0.06,0.06,0.06,0.06,0.06,0.0,0,0
100,4,20,er,0.6,1846435527,40,60,2,34,4,34,34,1,34,34.0,0.05,0.85,0.9,0.9,0.9,0.05,0.05,0.85,1,1
100,4,20,ring,0.6,1846435527,40,60,1,36,3,13,13,8,11,4.5,0.025,0.9,0.925,0.35,0.35,0.35,0.35,0.275,1,1
100,4,20,small_world,0.6,1846435527,40,60,2,36,2,2,2,2,34,18.0,0.05,0.9,0.95,0.1,0.1,0.1,0.1,0.85,1,1
100,4,20,scale_free,0.6,1846435527,40,60,3,33,4,0,0,1,33,33.0,0.075,0.825,0.9,0.075,0.075,0.075,0.075,0.825,0,0
100,4,20,er,0.7,1846435527,30,70,3,25,2,25,25,1,25,25.0,0.1,0.8333333333333334,0.9333333333333333,0.9333333333333333,0.9333333333333333,0.1,0.1,0.8333333333333334,1,1
100,4,20,ring,0.7,1846435527,30,70,1,28,1,20,20,8,6,3.5,0.03333333333333333,0.9333333333333333,0.9666666666666667,0.7,0.7,0.7,0.7,0.2,1,1
100,4,20,small_world,0.7,1846435527,30,70,3,26,1,3,3,3,17,8.666666666666666,0.1,0.8666666666666667,0.9666666666666667,0.2,0.2,0.2,0.2,0.5666666666666667,1,1
100,4,20,scale_free,0.7,1846435527,30,70,2,26,2,0,0,1,26,26.0,0.06666666666666667,0.8666666666666667,0.9333333333333333,0.06666666666666667,0.06666666666666667,0.06666666666666667,0.06666666666666667,0.8666666666666667,0,0
100,4,20,er,0.8,1846435527,20,80,4,15,1,15,15,1,15,15.0,0.2,0.75,0.95,0.95,0.95,0.2,0.2,0.75,1,1
100,4,20,ring,0.8,1846435527,20,80,2,18,0,18,18,5,5,3.6,0.1,0.9,1.0,1.0,1.0,1.0,1.0,0.25,1,1
100,4,20,small_world,0.8,1846435527,20,80,4,16,0,16,16,3,7,5.333333333333333,0.2,0.8,1.0,1.0,1.0,1.0,1.0,0.35,1,1
100,4,20,scale_free,0.8,1846435527,20,80,2,17,1,17,17,1,17,17.0,0.1,0.85,0.95,0.95,0.95,0.1,0.1,0.85,1,1
100,4,20,er,0.9,1846435527,10,90,1,8,1,8,8,1,8,8.0,0.1,0.8,0.9,0.9,0.9,0.9,0.9,0.8,1,1
100,4,20,ring,0.9,1846435527,10,90,2,8,0,8,8,4,2,2.0,0.2,0.8,1.0,1.0,1.0,1.0,1.0,0.2,1,1
100,4,20,small_world,0.9,1846435527,10,90,2,8,0,8,8,2,6,4.0,0.2,0.8,1.0,1.0,1.0,1.0,1.0,0.6,1,1
100,4,20,scale_free,0.9,1846435527,10,90,1,9,0,9,9,2,7,4.5,0.1,0.9,1.0,1.0,1.0,1.0,1.0,0.7,1,1
100,4,21,er,0.1,769442947,90,10,2,0,88,0,0,0,0,0.0,0.022222222222222223,0.0,0.022222222222222223,0.022222222222222223,0.022222222222222223,0.022222222222222223,0.022222222222222223,0.0,0,0
100,4,21,ring,0.1,769442947,90,10,0,0,90,0,0,0,0,0.0,0.0,0.0,0.0,0.0,0.0,0.0,0.0,0.0,0,0
100,4,21,small_world,0.1,769442947,90,10,0,0,90,0,0,0,0,0.0,0.0,0.0,0.0,0.0,0.0,0.0,0.0,0.0,0,0
100,4,21,scale_free,0.1,769442947,90,10,0,0,90,0,0,0,0,0.0,0.0,0.0,0.0,0.0,0.0,0.0,0.0,0.0,0,0
100,4,21,er,0.2,769442947,80,20,1,0,79,0,0,0,0,0.0,0.0125,0.0,0.0125,0.0125,0.0125,0.0125,0.0125,0.0,0,0
100,4,21,ring,0.2,769442947,80,20,0,0,80,0,0,0,0,0.0,0.0,0.0,0.0,0.0,0.0,0.0,0.0,0.0,0,0
100,4,21,small_world,0.2,769442947,80,20,0,0,80,0,0,0,0,0.0,0.0,0.0,0.0,0.0,0.0,0.0,0.0,0.0,0,0
100,4,21,scale_free,0.2,769442947,80,20,0,0,80,0,0,0,0,0.0,0.0,0.0,0.0,0.0,0.0,0.0,0.0,0.0,0,0
100,4,21,er,0.3,769442947,70,30,2,0,68,0,0,0,0,0.0,0.02857142857142857,0.0,0.02857142857142857,0.02857142857142857,0.02857142857142857,0.02857142857142857,0.02857142857142857,0.0,0,0
100,4,21,ring,0.3,769442947,70,30,0,0,70,0,0,0,0,0.0,0.0,0.0,0.0,0.0,0.0,0.0,0.0,0.0,0,0
100,4,21,small_world,0.3,769442947,70,30,0,0,70,0,0,0,0,0.0,0.0,0.0,0.0,0.0,0.0,0.0,0.0,0.0,0,0
100,4,21,scale_free,0.3,769442947,70,30,0,0,70,0,0,0,0,0.0,0.0,0.0,0.0,0.0,0.0,0.0,0.0,0.0,0,0
100,4,21,er,0.4,769442947,60,40,4,0,56,0,0,0,0,0.0,0.06666666666666667,0.0,0.06666666666666667,0.06666666666666667,0.06666666666666667,0.06666666666666667,0.06666666666666667,0.0,0,0
100,4,21,ring,0.4,769442947,60,40,0,11,49,11,11,2,9,5.5,0.0,0.18333333333333332,0.18333333333333332,0.18333333333333332,0.18333333333333332,0.18333333333333332,0.18333333333333332,0.15,1,1
100,4,21,small_world,0.4,769442947,60,40,1,0,59,0,0,0,0,0.0,0.016666666666666666,0.0,0.016666666666666666,0.016666666666666666,0.016666666666666666,0.016666666666666666,0.016666666666666666,0.0,0,0
100,4,21,scale_free,0.4,769442947,60,40,0,0,60,0,0,0,0,0.0,0.0,0.0,0.0,0.0,0.0,0.0,0.0,0.0,0,0
100,4,21,er,0.5,769442947,50,50,2,43,5,0,0,1,43,43.0,0.04,0.86,0.9,0.04,0.04,0.04,0.04,0.86,0,0
100,4,21,ring,0.5,769442947,50,50,0,35,15,2,2,3,21,11.666666666666666,0.0,0.7,0.7,0.04,0.04,0.04,0.04,0.42,1,1
100,4,21,small_world,0.5,769442947,50,50,0,39,11,2,2,2,37,19.5,0.0,0.78,0.78,0.04,0.04,0.04,0.04,0.74,1,1
100,4,21,scale_free,0.5,769442947,50,50,1,43,6,0,0,1,43,43.0,0.02,0.86,0.88,0.02,0.02,0.02,0.02,0.86,0,0
100,4,21,er,0.6,769442947,40,60,2,34,4,0,0,1,34,34.0,0.05,0.85,0.9,0.05,0.05,0.05,0.05,0.85,0,0
100,4,21,ring,0.6,769442947,40,60,1,38,1,38,38,4,21,9.5,0.025,0.95,0.975,0.975,0.975,0.15,0.15,0.525,1,1
100,4,21,small_world,0.6,769442947,40,60,0,39,1,2,2,2,37,19.5,0.0,0.975,0.975,0.05,0.05,0.05,0.05,0.925,1,1
100,4,21,scale_free,0.6,769442947,40,60,3,35,2,0,0,1,35,35.0,0.075,0.875,0.95,0.075,0.075,0.075,0.075,0.875,0,0
100,4,21,er,0.7,769442947,30,70,1,28,1,28,28,1,28,28.0,0.03333333333333333,0.9333333333333333,0.9666666666666667,0.9666666666666667,0.9666666666666667,0.03333333333333333,0.03333333333333333,0.9333333333333333,1,1
100,4,21,ring,0.7,769442947,30,70,1,29,0,29,29,6,13,4.833333333333333,0.03333333333333333,0.9666666666666667,1.0,1.0,1.0,0.5666666666666667,0.5666666666666667,0.43333333333333335,1,1
100,4,21,small_world,0.7,769442947,30,70,0,30,0,30,30,3,25,10.0,0.0,1.0,1.0,1.0,1.0,0.16666666666666666,0.16666666666666666,0.8333333333333334,1,1
100,4,21,scale_free,0.7,769442947,30,70,2,27,1,0,0,1,27,27.0,0.06666666666666667,0.9,0.9666666666666667,0.06666666666666667,0.06666666666666667,0.06666666666666667,0.06666666666666667,0.9,0,0
100,4,21,er,0.8,769442947,20,80,1,18,1,18,18,3,12,6.0,0.05,0.9,0.95,0.95,0.95,0.35,0.35,0.6,1,1
100,4,21,ring,0.8,769442947,20,80,6,14,0,14,14,4,8,3.5,0.3,0.7,1.0,1.0,1.0,1.0,1.0,0.4,1,1
100,4,21,small_world,0.8,769442947,20,80,3,17,0,17,17,4,9,4.25,0.15,0.85,1.0,1.0,1.0,1.0,1.0,0.45,1,1
100,4,21,scale_free,0.8,769442947,20,80,4,16,0,16,16,1,16,16.0,0.2,0.8,1.0,1.0,1.0,0.2,0.2,0.8,1,1
100,4,21,er,0.9,769442947,10,90,4,5,1,5,5,1,5,5.0,0.4,0.5,0.9,0.9,0.9,0.9,0.9,0.5,1,1
100,4,21,ring,0.9,769442947,10,90,5,5,0,5,5,2,3,2.5,0.5,0.5,1.0,1.0,1.0,1.0,1.0,0.3,1,1
100,4,21,small_world,0.9,769442947,10,90,2,8,0,8,8,3,3,2.6666666666666665,0.2,0.8,1.0,1.0,1.0,1.0,1.0,0.3,1,1
100,4,21,scale_free,0.9,769442947,10,90,3,7,0,7,7,2,5,3.5,0.3,0.7,1.0,1.0,1.0,1.0,1.0,0.5,1,1
100,4,22,er,0.1,1476266278,90,10,0,0,90,0,0,0,0,0.0,0.0,0.0,0.0,0.0,0.0,0.0,0.0,0.0,0,0
100,4,22,ring,0.1,1476266278,90,10,0,0,90,0,0,0,0,0.0,0.0,0.0,0.0,0.0,0.0,0.0,0.0,0.0,0,0
100,4,22,small_world,0.1,1476266278,90,10,0,0,90,0,0,0,0,0.0,0.0,0.0,0.0,0.0,0.0,0.0,0.0,0.0,0,0
100,4,22,scale_free,0.1,1476266278,90,10,1,0,89,0,0,0,0,0.0,0.011111111111111112,0.0,0.011111111111111112,0.011111111111111112,0.011111111111111112,0.011111111111111112,0.011111111111111112,0.0,0,0
100,4,22,er,0.2,1476266278,80,20,1,0,79,0,0,0,0,0.0,0.0125,0.0,0.0125,0.0125,0.0125,0.0125,0.0125,0.0,0,0
100,4,22,ring,0.2,1476266278,80,20,0,5,75,5,5,1,5,5.0,0.0,0.0625,0.0625,0.0625,0.0625,0.0625,0.0625,0.0625,1,1
100,4,22,small_world,0.2,1476266278,80,20,1,0,79,0,0,0,0,0.0,0.0125,0.0,0.0125,0.0125,0.0125,0.0125,0.0125,0.0,0,0
100,4,22,scale_free,0.2,1476266278,80,20,1,0,79,0,0,0,0,0.0,0.0125,0.0,0.0125,0.0125,0.0125,0.0125,0.0125,0.0,0,0
100,4,22,er,0.3,1476266278,70,30,3,2,65,2,2,1,2,2.0,0.04285714285714286,0.02857142857142857,0.07142857142857142,0.07142857142857142,0.07142857142857142,0.07142857142857142,0.07142857142857142,0.02857142857142857,1,1
100,4,22,ring,0.3,1476266278,70,30,0,5,65,5,5,1,5,5.0,0.0,0.07142857142857142,0.07142857142857142,0.07142857142857142,0.07142857142857142,0.07142857142857142,0.07142857142857142,0.07142857142857142,1,1
100,4,22,small_world,0.3,1476266278,70,30,1,4,65,0,0,1,4,4.0,0.014285714285714285,0.05714285714285714,0.07142857142857142,0.014285714285714285,0.014285714285714285,0.014285714285714285,0.014285714285714285,0.05714285714285714,0,0
100,4,22,scale_free,0.3,1476266278,70,30,3,0,67,0,0,0,0,0.0,0.04285714285714286,0.0,0.04285714285714286,0.04285714285714286,0.04285714285714286,0.04285714285714286,0.04285714285714286,0.0,0,0
100,4,22,er,0.4,1476266278,60,40,3,2,55,2,2,1,2,2.0,0.05,0.03333333333333333,0.08333333333333333,0.08333333333333333,0.08333333333333333,0.08333333333333333,0.08333333333333333,0.03333333333333333,1,1
100,4,22,ring,0.4,1476266278,60,40,0,19,41,3,3,4,8,4.75,0.0,0.31666666666666665,0.31666666666666665,0.05,0.05,0.05,0.05,0.13333333333333333,1,1
100,4,22,small_world,0.4,1476266278,60,40,1,8,51,8,8,3,3,2.6666666666666665,0.016666666666666666,0.13333333333333333,0.15,0.15,0.15,0.15,0.15,0.05,1,1
100,4,22,scale_free,0.4,1476266278,60,40,5,0,55,0,0,0,0,0.0,0.08333333333333333,0.0,0.08333333333333333,0.08333333333333333,0.08333333333333333,0.08333333333333333,0.08333333333333333,0.0,0,0
100,4,22,er,0.5,1476266278,50,50,4,2,44,2,2,1,2,2.0,0.08,0.04,0.12,0.12,0.12,0.12,0.12,0.04,1,1
100,4,22,ring,0.5,1476266278,50,50,1,32,17,5,5,5,13,6.4,0.02,0.64,0.66,0.12,0.12,0.12,0.12,0.26,1,1
100,4,22,small_world,0.5,1476266278,50,50,1,26,23,3,3,4,11,6.5,0.02,0.52,0.54,0.08,0.08,0.08,0.08,0.22,1,1
100,4,22,scale_free,0.5,1476266278,50,50,4,0,46,0,0,0,0,0.0,0.08,0.0,0.08,0.08,0.08,0.08,0.08,0.0,0,0
100,4,22,er,0.6,1476266278,40,60,3,33,4,0,0,1,33,33.0,0.075,0.825,0.9,0.075,0.075,0.075,0.075,0.825,0,0
100,4,22,ring,0.6,1476266278,40,60,1,16,23,16,16,6,4,2.6666666666666665,0.025,0.4,0.425,0.425,0.425,0.425,0.425,0.1,1,1
100,4,22,small_world,0.6,1476266278,40,60,0,25,15,19,19,7,6,3.5714285714285716,0.0,0.625,0.625,0.475,0.475,0.475,0.475,0.15,1,1
100,4,22,scale_free,0.6,1476266278,40,60,4,34,2,0,0,1,34,34.0,0.1,0.85,0.95,0.1,0.1,0.1,0.1,0.85,0,0
100,4,22,er,0.7,1476266278,30,70,3,25,2,25,25,1,25,25.0,0.1,0.8333333333333334,0.9333333333333333,0.9333333333333333,0.9333333333333333,0.1,0.1,0.8333333333333334,1,1
100,4,22,ring,0.7,1476266278,30,70,1,18,11,7,7,4,11,4.5,0.03333333333333333,0.6,0.6333333333333333,0.26666666666666666,0.26666666666666666,0.26666666666666666,0.26666666666666666,0.36666666666666664,1,1
100,4,22,small_world,0.7,1476266278,30,70,0,30,0,30,30,6,15,5.0,0.0,1.0,1.0,1.0,1.0,0.5,0.5,0.5,1,1
100,4,22,scale_free,0.7,1476266278,30,70,4,25,1,4,4,2,21,12.5,0.13333333333333333,0.8333333333333334,0.9666666666666667,0.26666666666666666,0.26666666666666666,0.26666666666666666,0.26666666666666666,0.7,1,1
100,4,22,er,0.8,1476266278,20,80,2,17,1,17,17,1,17,17.0,0.1,0.85,0.95,0.95,0.95,0.1,0.1,0.85,1,1
100,4,22,ring,0.8,1476266278,20,80,3,17,0,17,17,4,8,4.25,0.15,0.85,1.0,1.0,1.0,1.0,1.0,0.4,1,1
100,4,22,small_world,0.8,1476266278,20,80,3,17,0,17,17,4,7,4.25,0.15,0.85,1.0,1.0,1.0,1.0,1.0,0.35,1,1
100,4,22,scale_free,0.8,1476266278,20,80,2,18,0,18,18,1,18,18.0,0.1,0.9,1.0,1.0,1.0,0.1,0.1,0.9,1,1
100,4,22,er,0.9,1476266278,10,90,3,6,1,6,6,1,6,6.0,0.3,0.6,0.9,0.9,0.9,0.9,0.9,0.6,1,1
100,4,22,ring,0.9,1476266278,10,90,4,6,0,6,6,3,2,2.0,0.4,0.6,1.0,1.0,1.0,1.0,1.0,0.2,1,1
100,4,22,small_world,0.9,1476266278,10,90,3,7,0,7,7,3,3,2.3333333333333335,0.3,0.7,1.0,1.0,1.0,1.0,1.0,0.3,1,1
100,4,22,scale_free,0.9,1476266278,10,90,3,7,0,7,7,2,4,3.5,0.3,0.7,1.0,1.0,1.0,1.0,1.0,0.4,1,1
100,4,23,er,0.1,3083163447,90,10,0,0,90,0,0,0,0,0.0,0.0,0.0,0.0,0.0,0.0,0.0,0.0,0.0,0,0
100,4,23,ring,0.1,3083163447,90,10,0,0,90,0,0,0,0,0.0,0.0,0.0,0.0,0.0,0.0,0.0,0.0,0.0,0,0
100,4,23,small_world,0.1,3083163447,90,10,0,0,90,0,0,0,0,0.0,0.0,0.0,0.0,0.0,0.0,0.0,0.0,0.0,0,0
100,4,23,scale_free,0.1,3083163447,90,10,1,0,89,0,0,0,0,0.0,0.011111111111111112,0.0,0.011111111111111112,0.011111111111111112,0.011111111111111112,0.011111111111111112,0.011111111111111112,0.0,0,0
100,4,23,er,0.2,3083163447,80,20,1,0,79,0,0,0,0,0.0,0.0125,0.0,0.0125,0.0125,0.0125,0.0125,0.0125,0.0,0,0
100,4,23,ring,0.2,3083163447,80,20,0,0,80,0,0,0,0,0.0,0.0,0.0,0.0,0.0,0.0,0.0,0.0,0.0,0,0
100,4,23,small_world,0.2,3083163447,80,20,0,0,80,0,0,0,0,0.0,0.0,0.0,0.0,0.0,0.0,0.0,0.0,0.0,0,0
100,4,23,scale_free,0.2,3083163447,80,20,1,2,77,2,2,1,2,2.0,0.0125,0.025,0.0375,0.0375,0.0375,0.0375,0.0375,0.025,1,1
100,4,23,er,0.3,3083163447,70,30,1,0,69,0,0,0,0,0.0,0.014285714285714285,0.0,0.014285714285714285,0.014285714285714285,0.014285714285714285,0.014285714285714285,0.014285714285714285,0.0,0,0
100,4,23,ring,0.3,3083163447,70,30,0,0,70,0,0,0,0,0.0,0.0,0.0,0.0,0.0,0.0,0.0,0.0,0.0,0,0
100,4,23,small_world,0.3,3083163447,70,30,0,0,70,0,0,0,0,0.0,0.0,0.0,0.0,0.0,0.0,0.0,0.0,0.0,0,0
100,4,23,scale_free,0.3,3083163447,70,30,1,0,69,0,0,0,0,0.0,0.014285714285714285,0.0,0.014285714285714285,0.014285714285714285,0.014285714285714285,0.014285714285714285,0.014285714285714285,0.0,0,0
100,4,23,er,0.4,3083163447,60,40,1,0,59,0,0,0,0,0.0,0.016666666666666666,0.0,0.016666666666666666,0.016666666666666666,0.016666666666666666,0.016666666666666666,0.016666666666666666,0.0,0,0
100,4,23,ring,0.4,3083163447,60,40,0,0,60,0,0,0,0,0.0,0.0,0.0,0.0,0.0,0.0,0.0,0.0,0.0,0,0
100,4,23,small_world,0.4,3083163447,60,40,0,0,60,0,0,0,0,0.0,0.0,0.0,0.0,0.0,0.0,0.0,0.0,0.0,0,0
100,4,23,scale_free,0.4,3083163447,60,40,0,0,60,0,0,0,0,0.0,0.0,0.0,0.0,0.0,0.0,0.0,0.0,0.0,0,0
100,4,23,er,0.5,3083163447,50,50,0,41,9,0,0,1,41,41.0,0.0,0.82,0.82,0.0,0.0,0.0,0.0,0.82,0,0
100,4,23,ring,0.5,3083163447,50,50,0,19,31,8,8,3,11,6.333333333333333,0.0,0.38,0.38,0.16,0.16,0.16,0.16,0.22,1,1
100,4,23,small_world,0.5,3083163447,50,50,1,44,5,0,0,1,44,44.0,0.02,0.88,0.9,0.02,0.02,0.02,0.02,0.88,0,0
100,4,23,scale_free,0.5,3083163447,50,50,1,45,4,0,0,1,45,45.0,0.02,0.9,0.92,0.02,0.02,0.02,0.02,0.9,0,0
100,4,23,er,0.6,3083163447,40,60,1,35,4,0,0,1,35,35.0,0.025,0.875,0.9,0.025,0.025,0.025,0.025,0.875,0,0
100,4,23,ring,0.6,3083163447,40,60,0,39,1,8,8,4,20,9.75,0.0,0.975,0.975,0.2,0.2,0.2,0.2,0.5,1,1
100,4,23,small_world,0.6,3083163447,40,60,0,39,1,39,39,1,39,39.0,0.0,0.975,0.975,0.975,0.975,0.0,0.0,0.975,1,1
100,4,23,scale_free,0.6,3083163447,40,60,0,38,2,0,0,1,38,38.0,0.0,0.95,0.95,0.0,0.0,0.0,0.0,0.95,0,0
100,4,23,er,0.7,3083163447,30,70,1,27,2,27,27,1,27,27.0,0.03333333333333333,0.9,0.9333333333333333,0.9333333333333333,0.9333333333333333,0.03333333333333333,0.03333333333333333,0.9,1,1
100,4,23,ring,0.7,3083163447,30,70,1,29,0,25,25,7,10,4.142857142857143,0.03333333333333333,0.9666666666666667,1.0,0.8666666666666667,0.8666666666666667,0.8666666666666667,0.8666666666666667,0.3333333333333333,1,1
100,4,23,small_world,0.7,3083163447,30,70,1,28,1,28,28,5,9,5.6,0.03333333333333333,0.9333333333333333,0.9666666666666667,0.9666666666666667,0.9666666666666667,0.9666666666666667,0.9666666666666667,0.3,1,1
100,4,23,scale_free,0.7,3083163447,30,70,1,28,1,0,0,1,28,28.0,0.03333333333333333,0.9333333333333333,0.9666666666666667,0.03333333333333333,0.03333333333333333,0.03333333333333333,0.03333333333333333,0.9333333333333333,0,0
100,4,23,er,0.8,3083163447,20,80,2,17,1,17,17,2,15,8.5,0.1,0.85,0.95,0.95,0.95,0.2,0.2,0.75,1,1
100,4,23,ring,0.8,3083163447,20,80,1,19,0,19,19,6,7,3.1666666666666665,0.05,0.95,1.0,1.0,1.0,1.0,1.0,0.35,1,1
100,4,23,small_world,0.8,3083163447,20,80,1,19,0,19,19,4,7,4.75,0.05,0.95,1.0,1.0,1.0,1.0,1.0,0.35,1,1
100,4,23,scale_free,0.8,3083163447,20,80,0,20,0,0,0,1,20,20.0,0.0,1.0,1.0,0.0,0.0,0.0,0.0,1.0,0,0
100,4,23,er,0.9,3083163447,10,90,6,4,0,4,4,2,2,2.0,0.6,0.4,1.0,1.0,1.0,1.0,1.0,0.2,1,1
100,4,23,ring,0.9,3083163447,10,90,4,6,0,6,6,3,2,2.0,0.4,0.6,1.0,1.0,1.0,1.0,1.0,0.2,1,1
100,4,23,small_world,0.9,3083163447,10,90,4,6,0,6,6,3,2,2.0,0.4,0.6,1.0,1.0,1.0,1.0,1.0,0.2,1,1
100,4,23,scale_free,0.9,3083163447,10,90,0,10,0,10,10,2,6,5.0,0.0,1.0,1.0,1.0,1.0,1.0,1.0,0.6,1,1
100,4,24,er,0.1,1957700911,90,10,0,0,90,0,0,0,0,0.0,0.0,0.0,0.0,0.0,0.0,0.0,0.0,0.0,0,0
100,4,24,ring,0.1,1957700911,90,10,0,0,90,0,0,0,0,0.0,0.0,0.0,0.0,0.0,0.0,0.0,0.0,0.0,0,0
100,4,24,small_world,0.1,1957700911,90,10,0,0,90,0,0,0,0,0.0,0.0,0.0,0.0,0.0,0.0,0.0,0.0,0.0,0,0
100,4,24,scale_free,0.1,1957700911,90,10,0,0,90,0,0,0,0,0.0,0.0,0.0,0.0,0.0,0.0,0.0,0.0,0.0,0,0
100,4,24,er,0.2,1957700911,80,20,1,0,79,0,0,0,0,0.0,0.0125,0.0,0.0125,0.0125,0.0125,0.0125,0.0125,0.0,0,0
100,4,24,ring,0.2,1957700911,80,20,0,0,80,0,0,0,0,0.0,0.0,0.0,0.0,0.0,0.0,0.0,0.0,0.0,0,0
100,4,24,small_world,0.2,1957700911,80,20,0,0,80,0,0,0,0,0.0,0.0,0.0,0.0,0.0,0.0,0.0,0.0,0.0,0,0
100,4,24,scale_free,0.2,1957700911,80,20,0,0,80,0,0,0,0,0.0,0.0,0.0,0.0,0.0,0.0,0.0,0.0,0.0,0,0
100,4,24,er,0.3,1957700911,70,30,1,0,69,0,0,0,0,0.0,0.014285714285714285,0.0,0.014285714285714285,0.014285714285714285,0.014285714285714285,0.014285714285714285,0.014285714285714285,0.0,0,0
100,4,24,ring,0.3,1957700911,70,30,0,10,60,10,10,5,2,2.0,0.0,0.14285714285714285,0.14285714285714285,0.14285714285714285,0.14285714285714285,0.14285714285714285,0.14285714285714285,0.02857142857142857,1,1
100,4,24,small_world,0.3,1957700911,70,30,4,2,64,2,2,1,2,2.0,0.05714285714285714,0.02857142857142857,0.08571428571428572,0.08571428571428572,0.08571428571428572,0.08571428571428572,0.08571428571428572,0.02857142857142857,1,1
100,4,24,scale_free,0.3,1957700911,70,30,1,0,69,0,0,0,0,0.0,0.014285714285714285,0.0,0.014285714285714285,0.014285714285714285,0.014285714285714285,0.014285714285714285,0.014285714285714285,0.0,0,0
100,4,24,er,0.4,1957700911,60,40,3,0,57,0,0,0,0,0.0,0.05,0.0,0.05,0.05,0.05,0.05,0.05,0.0,0,0
100,4,24,ring,0.4,1957700911,60,40,0,11,49,8,8,5,3,2.2,0.0,0.18333333333333332,0.18333333333333332,0.13333333333333333,0.13333333333333333,0.13333333333333333,0.13333333333333333,0.05,1,1
100,4,24,small_world,0.4,1957700911,60,40,5,4,51,4,4,2,2,2.0,0.08333333333333333,0.06666666666666667,0.15,0.15,0.15,0.15,0.15,0.03333333333333333,1,1
100,4,24,scale_free,0.4,1957700911,60,40,0,0,60,0,0,0,0,0.0,0.0,0.0,0.0,0.0,0.0,0.0,0.0,0.0,0,0
100,4,24,er,0.5,1957700911,50,50,2,46,2,0,0,1,46,46.0,0.04,0.92,0.96,0.04,0.04,0.04,0.04,0.92,0,0
100,4,24,ring,0.5,1957700911,50,50,0,35,15,16,16,8,16,4.375,0.0,0.7,0.7,0.32,0.32,0.32,0.32,0.32,1,1
100,4,24,small_world,0.5,1957700911,50,50,4,32,14,4,4,3,28,10.666666666666666,0.08,0.64,0.72,0.16,0.16,0.16,0.16,0.56,1,1
100,4,24,scale_free,0.5,1957700911,50,50,0,42,8,0,0,1,42,42.0,0.0,0.84,0.84,0.0,0.0,0.0,0.0,0.84,0,0
100,4,24,er,0.6,1957700911,40,60,3,37,0,0,0,1,37,37.0,0.075,0.925,1.0,0.075,0.075,0.075,0.075,0.925,0,0
100,4,24,ring,0.6,1957700911,40,60,1,31,8,28,28,11,6,2.8181818181818183,0.025,0.775,0.8,0.725,0.725,0.725,0.725,0.15,1,1
100,4,24,small_world,0.6,1957700911,40,60,3,29,8,17,17,8,12,3.625,0.075,0.725,0.8,0.5,0.5,0.5,0.5,0.3,1,1
100,4,24,scale_free,0.6,1957700911,40,60,1,32,7,0,0,1,32,32.0,0.025,0.8,0.825,0.025,0.025,0.025,0.025,0.8,0,0
100,4,24,er,0.7,1957700911,30,70,3,27,0,27,27,1,27,27.0,0.1,0.9,1.0,1.0,1.0,0.1,0.1,0.9,1,1
100,4,24,ring,0.7,1957700911,30,70,2,27,1,27,27,9,5,3.0,0.06666666666666667,0.9,0.9666666666666667,0.9666666666666667,0.9666666666666667,0.9666666666666667,0.9666666666666667,0.16666666666666666,1,1
100,4,24,small_world,0.7,1957700911,30,70,2,27,1,27,27,9,5,3.0,0.06666666666666667,0.9,0.9666666666666667,0.9666666666666667,0.9666666666666667,0.9666666666666667,0.9666666666666667,0.16666666666666666,1,1
100,4,24,scale_free,0.7,1957700911,30,70,0,28,2,28,28,2,26,14.0,0.0,0.9333333333333333,0.9333333333333333,0.9333333333333333,0.9333333333333333,0.06666666666666667,0.06666666666666667,0.8666666666666667,1,1
100,4,24,er,0.8,1957700911,20,80,2,18,0,18,18,1,18,18.0,0.1,0.9,1.0,1.0,1.0,0.1,0.1,0.9,1,1
100,4,24,ring,0.8,1957700911,20,80,3,17,0,17,17,5,5,3.4,0.15,0.85,1.0,1.0,1.0,1.0,1.0,0.25,1,1
100,4,24,small_world,0.8,1957700911,20,80,4,16,0,16,16,6,5,2.6666666666666665,0.2,0.8,1.0,1.0,1.0,1.0,1.0,0.25,1,1
100,4,24,scale_free,0.8,1957700911,20,80,0,20,0,20,20,1,20,20.0,0.0,1.0,1.0,1.0,1.0,0.0,0.0,1.0,1,1
100,4,24,er,0.9,1957700911,10,90,4,6,0,6,6,3,2,2.0,0.4,0.6,1.0,1.0,1.0,1.0,1.0,0.2,1,1
100,4,24,ring,0.9,1957700911,10,90,3,7,0,7,7,3,3,2.3333333333333335,0.3,0.7,1.0,1.0,1.0,1.0,1.0,0.3,1,1
100,4,24,small_world,0.9,1957700911,10,90,3,7,0,7,7,3,3,2.3333333333333335,0.3,0.7,1.0,1.0,1.0,1.0,1.0,0.3,1,1
100,4,24,scale_free,0.9,1957700911,10,90,1,9,0,9,9,3,4,3.0,0.1,0.9,1.0,1.0,1.0,1.0,1.0,0.4,1,1
100,4,25,er,0.1,1851078722,90,10,1,0,89,0,0,0,0,0.0,0.011111111111111112,0.0,0.011111111111111112,0.011111111111111112,0.011111111111111112,0.011111111111111112,0.011111111111111112,0.0,0,0
100,4,25,ring,0.1,1851078722,90,10,0,0,90,0,0,0,0,0.0,0.0,0.0,0.0,0.0,0.0,0.0,0.0,0.0,0,0
100,4,25,small_world,0.1,1851078722,90,10,0,0,90,0,0,0,0,0.0,0.0,0.0,0.0,0.0,0.0,0.0,0.0,0.0,0,0
100,4,25,scale_free,0.1,1851078722,90,10,1,0,89,0,0,0,0,0.0,0.011111111111111112,0.0,0.011111111111111112,0.011111111111111112,0.011111111111111112,0.011111111111111112,0.011111111111111112,0.0,0,0
100,4,25,er,0.2,1851078722,80,20,1,0,79,0,0,0,0,0.0,0.0125,0.0,0.0125,0.0125,0.0125,0.0125,0.0125,0.0,0,0
100,4,25,ring,0.2,1851078722,80,20,0,2,78,2,2,1,2,2.0,0.0,0.025,0.025,0.025,0.025,0.025,0.025,0.025,1,1
100,4,25,small_world,0.2,1851078722,80,20,2,0,78,0,0,0,0,0.0,0.025,0.0,0.025,0.025,0.025,0.025,0.025,0.0,0,0
100,4,25,scale_free,0.2,1851078722,80,20,1,0,79,0,0,0,0,0.0,0.0125,0.0,0.0125,0.0125,0.0125,0.0125,0.0125,0.0,0,0
100,4,25,er,0.3,1851078722,70,30,2,0,68,0,0,0,0,0.0,0.02857142857142857,0.0,0.02857142857142857,0.02857142857142857,0.02857142857142857,0.02857142857142857,0.02857142857142857,0.0,0,0
100,4,25,ring,0.3,1851078722,70,30,0,14,56,4,4,2,10,7.0,0.0,0.2,0.2,0.05714285714285714,0.05714285714285714,0.05714285714285714,0.05714285714285714,0.14285714285714285,1,1
100,4,25,small_world,0.3,1851078722,70,30,1,0,69,0,0,0,0,0.0,0.014285714285714285,0.0,0.014285714285714285,0.014285714285714285,0.014285714285714285,0.014285714285714285,0.014285714285714285,0.0,0,0
100,4,25,scale_free,0.3,1851078722,70,30,1,0,69,0,0,0,0,0.0,0.014285714285714285,0.0,0.014285714285714285,0.014285714285714285,0.014285714285714285,0.014285714285714285,0.014285714285714285,0.0,0,0
100,4,25,er,0.4,1851078722,60,40,1,0,59,0,0,0,0,0.0,0.016666666666666666,0.0,0.016666666666666666,0.016666666666666666,0.016666666666666666,0.016666666666666666,0.016666666666666666,0.0,0,0
100,4,25,ring,0.4,1851078722,60,40,0,17,43,7,7,2,10,8.5,0.0,0.2833333333333333,0.2833333333333333,0.11666666666666667,0.11666666666666667,0.11666666666666667,0.11666666666666667,0.16666666666666666,1,1
100,4,25,small_world,0.4,1851078722,60,40,1,0,59,0,0,0,0,0.0,0.016666666666666666,0.0,0.016666666666666666,0.016666666666666666,0.016666666666666666,0.016666666666666666,0.016666666666666666,0.0,0,0
100,4,25,scale_free,0.4,1851078722,60,40,2,0,58,0,0,0,0,0.0,0.03333333333333333,0.0,0.03333333333333333,0.03333333333333333,0.03333333333333333,0.03333333333333333,0.03333333333333333,0.0,0,0
100,4,25,er,0.5,1851078722,50,50,1,7,42,7,7,2,4,3.5,0.02,0.14,0.16,0.16,0.16,0.16,0.16,0.08,1,1
100,4,25,ring,0.5,1851078722,50,50,0,19,31,4,4,4,10,4.75,0.0,0.38,0.38,0.08,0.08,0.08,0.08,0.2,1,1
100,4,25,small_world,0.5,1851078722,50,50,1,46,3,0,0,1,46,46.0,0.02,0.92,0.94,0.02,0.02,0.02,0.02,0.92,0,0
100,4,25,scale_free,0.5,1851078722,50,50,4,36,10,0,0,1,36,36.0,0.08,0.72,0.8,0.08,0.08,0.08,0.08,0.72,0,0
100,4,25,er,0.6,1851078722,40,60,4,35,1,35,35,3,30,11.666666666666666,0.1,0.875,0.975,0.975,0.975,0.225,0.225,0.75,1,1
100,4,25,ring,0.6,1851078722,40,60,0,40,0,19,19,4,21,10.0,0.0,1.0,1.0,0.475,0.475,0.175,0.175,0.525,1,1
100,4,25,small_world,0.6,1851078722,40,60,0,39,1,0,0,1,39,39.0,0.0,0.975,0.975,0.0,0.0,0.0,0.0,0.975,0,0
100,4,25,scale_free,0.6,1851078722,40,60,3,30,7,0,0,1,30,30.0,0.075,0.75,0.825,0.075,0.075,0.075,0.075,0.75,0,0
100,4,25,er,0.7,1851078722,30,70,5,25,0,25,25,2,23,12.5,0.16666666666666666,0.8333333333333334,1.0,1.0,1.0,0.23333333333333334,0.23333333333333334,0.7666666666666667,1,1
100,4,25,ring,0.7,1851078722,30,70,1,29,0,19,19,6,10,4.833333333333333,0.03333333333333333,0.9666666666666667,1.0,0.6666666666666666,0.6666666666666666,0.6666666666666666,0.6666666666666666,0.3333333333333333,1,1
100,4,25,small_world,0.7,1851078722,30,70,1,29,0,29,29,3,23,9.666666666666666,0.03333333333333333,0.9666666666666667,1.0,1.0,1.0,0.23333333333333334,0.23333333333333334,0.7666666666666667,1,1
100,4,25,scale_free,0.7,1851078722,30,70,4,24,2,24,24,1,24,24.0,0.13333333333333333,0.8,0.9333333333333333,0.9333333333333333,0.9333333333333333,0.13333333333333333,0.13333333333333333,0.8,1,1
100,4,25,er,0.8,1851078722,20,80,5,15,0,15,15,1,15,15.0,0.25,0.75,1.0,1.0,1.0,0.25,0.25,0.75,1,1
100,4,25,ring,0.8,1851078722,20,80,5,15,0,15,15,4,8,3.75,0.25,0.75,1.0,1.0,1.0,1.0,1.0,0.4,1,1
100,4,25,small_world,0.8,1851078722,20,80,2,18,0,18,18,4,8,4.5,0.1,0.9,1.0,1.0,1.0,1.0,1.0,0.4,1,1
100,4,25,scale_free,0.8,1851078722,20,80,2,18,0,18,18,1,18,18.0,0.1,0.9,1.0,1.0,1.0,0.1,0.1,0.9,1,1
100,4,25,er,0.9,1851078722,10,90,4,6,0,6,6,3,2,2.0,0.4,0.6,1.0,1.0,1.0,1.0,1.0,0.2,1,1
100,4,25,ring,0.9,1851078722,10,90,1,9,0,9,9,3,5,3.0,0.1,0.9,1.0,1.0,1.0,1.0,1.0,0.5,1,1
100,4,25,small_world,0.9,1851078722,10,90,1,9,0,9,9,3,4,3.0,0.1,0.9,1.0,1.0,1.0,1.0,1.0,0.4,1,1
100,4,25,scale_free,0.9,1851078722,10,90,4,6,0,6,6,3,2,2.0,0.4,0.6,1.0,1.0,1.0,1.0,1.0,0.2,1,1
100,4,26,er,0.1,1223840001,90,10,0,0,90,0,0,0,0,0.0,0.0,0.0,0.0,0.0,0.0,0.0,0.0,0.0,0,0
100,4,26,ring,0.1,1223840001,90,10,0,0,90,0,0,0,0,0.0,0.0,0.0,0.0,0.0,0.0,0.0,0.0,0.0,0,0
100,4,26,small_world,0.1,1223840001,90,10,0,0,90,0,0,0,0,0.0,0.0,0.0,0.0,0.0,0.0,0.0,0.0,0.0,0,0
100,4,26,scale_free,0.1,1223840001,90,10,2,0,88,0,0,0,0,0.0,0.022222222222222223,0.0,0.022222222222222223,0.022222222222222223,0.022222222222222223,0.022222222222222223,0.022222222222222223,0.0,0,0
100,4,26,er,0.2,1223840001,80,20,1,0,79,0,0,0,0,0.0,0.0125,0.0,0.0125,0.0125,0.0125,0.0125,0.0125,0.0,0,0
100,4,26,ring,0.2,1223840001,80,20,0,0,80,0,0,0,0,0.0,0.0,0.0,0.0,0.0,0.0,0.0,0.0,0.0,0,0
100,4,26,small_world,0.2,1223840001,80,20,0,0,80,0,0,0,0,0.0,0.0,0.0,0.0,0.0,0.0,0.0,0.0,0.0,0,0
100,4,26,scale_free,0.2,1223840001,80,20,2,2,76,2,2,1,2,2.0,0.025,0.025,0.05,0.05,0.05,0.05,0.05,0.025,1,1
100,4,26,er,0.3,1223840001,70,30,1,0,69,0,0,0,0,0.0,0.014285714285714285,0.0,0.014285714285714285,0.014285714285714285,0.014285714285714285,0.014285714285714285,0.014285714285714285,0.0,0,0
100,4,26,ring,0.3,1223840001,70,30,0,0,70,0,0,0,0,0.0,0.0,0.0,0.0,0.0,0.0,0.0,0.0,0.0,0,0
100,4,26,small_world,0.3,1223840001,70,30,0,0,70,0,0,0,0,0.0,0.0,0.0,0.0,0.0,0.0,0.0,0.0,0.0,0,0
100,4,26,scale_free,0.3,1223840001,70,30,3,5,62,5,5,2,3,2.5,0.04285714285714286,0.07142857142857142,0.11428571428571428,0.11428571428571428,0.11428571428571428,0.11428571428571428,0.11428571428571428,0.04285714285714286,1,1
100,4,26,er,0.4,1223840001,60,40,1,0,59,0,0,0,0,0.0,0.016666666666666666,0.0,0.016666666666666666,0.016666666666666666,0.016666666666666666,0.016666666666666666,0.016666666666666666,0.0,0,0
100,4,26,ring,0.4,1223840001,60,40,0,6,54,0,0,1,6,6.0,0.0,0.1,0.1,0.0,0.0,0.0,0.0,0.1,0,0
100,4,26,small_world,0.4,1223840001,60,40,1,0,59,0,0,0,0,0.0,0.016666666666666666,0.0,0.016666666666666666,0.016666666666666666,0.016666666666666666,0.016666666666666666,0.016666666666666666,0.0,0,0
100,4,26,scale_free,0.4,1223840001,60,40,2,2,56,2,2,1,2,2.0,0.03333333333333333,0.03333333333333333,0.06666666666666667,0.06666666666666667,0.06666666666666667,0.06666666666666667,0.06666666666666667,0.03333333333333333,1,1
100,4,26,er,0.5,1223840001,50,50,1,44,5,0,0,1,44,44.0,0.02,0.88,0.9,0.02,0.02,0.02,0.02,0.88,0,0
100,4,26,ring,0.5,1223840001,50,50,0,15,35,5,5,3,10,5.0,0.0,0.3,0.3,0.1,0.1,0.1,0.1,0.2,1,1
100,4,26,small_world,0.5,1223840001,50,50,2,2,46,2,2,1,2,2.0,0.04,0.04,0.08,0.08,0.08,0.08,0.08,0.04,1,1
100,4,26,scale_free,0.5,1223840001,50,50,1,33,16,2,2,2,31,16.5,0.02,0.66,0.68,0.06,0.06,0.06,0.06,0.62,1,1
100,4,26,er,0.6,1223840001,40,60,0,39,1,0,39,1,39,39.0,0.0,0.975,0.975,0.0,0.975,0.0,0.0,0.975,0,1
100,4,26,ring,0.6,1223840001,40,60,1,38,1,21,21,4,17,9.5,0.025,0.95,0.975,0.55,0.55,0.275,0.275,0.425,1,1
100,4,26,small_world,0.6,1223840001,40,60,2,37,1,2,2,2,35,18.5,0.05,0.925,0.975,0.1,0.1,0.1,0.1,0.875,1,1
100,4,26,scale_free,0.6,1223840001,40,60,2,28,10,2,2,2,26,14.0,0.05,0.7,0.75,0.1,0.1,0.1,0.1,0.65,1,1
100,4,26,er,0.7,1223840001,30,70,1,28,1,28,28,1,28,28.0,0.03333333333333333,0.9333333333333333,0.9666666666666667,0.9666666666666667,0.9666666666666667,0.03333333333333333,0.03333333333333333,0.9333333333333333,1,1
100,4,26,ring,0.7,1223840001,30,70,1,29,0,29,29,6,11,4.833333333333333,0.03333333333333333,0.9666666666666667,1.0,1.0,1.0,0.6333333333333333,0.6333333333333333,0.36666666666666664,1,1
100,4,26,small_world,0.7,1223840001,30,70,0,30,0,30,30,4,13,7.5,0.0,1.0,1.0,1.0,1.0,0.13333333333333333,0.13333333333333333,0.43333333333333335,1,1
100,4,26,scale_free,0.7,1223840001,30,70,2,25,3,0,0,1,25,25.0,0.06666666666666667,0.8333333333333334,0.9,0.06666666666666667,0.06666666666666667,0.06666666666666667,0.06666666666666667,0.8333333333333334,0,0
100,4,26,er,0.8,1223840001,20,80,1,19,0,19,19,1,19,19.0,0.05,0.95,1.0,1.0,1.0,0.05,0.05,0.95,1,1
100,4,26,ring,0.8,1223840001,20,80,3,17,0,17,17,2,10,8.5,0.15,0.85,1.0,1.0,1.0,1.0,1.0,0.5,1,1
100,4,26,small_world,0.8,1223840001,20,80,2,18,0,18,18,3,11,6.0,0.1,0.9,1.0,1.0,1.0,0.45,0.45,0.55,1,1
100,4,26,scale_free,0.8,1223840001,20,80,2,16,2,0,0,1,16,16.0,0.1,0.8,0.9,0.1,0.1,0.1,0.1,0.8,0,0
100,4,26,er,0.9,1223840001,10,90,2,8,0,8,8,1,8,8.0,0.2,0.8,1.0,1.0,1.0,1.0,1.0,0.8,1,1
100,4,26,ring,0.9,1223840001,10,90,4,6,0,6,6,2,3,3.0,0.4,0.6,1.0,1.0,1.0,1.0,1.0,0.3,1,1
100,4,26,small_world,0.9,1223840001,10,90,4,6,0,6,6,2,3,3.0,0.4,0.6,1.0,1.0,1.0,1.0,1.0,0.3,1,1
100,4,26,scale_free,0.9,1223840001,10,90,1,9,0,9,9,1,9,9.0,0.1,0.9,1.0,1.0,1.0,1.0,1.0,0.9,1,1
100,4,27,er,0.1,1576810028,90,10,1,0,89,0,0,0,0,0.0,0.011111111111111112,0.0,0.011111111111111112,0.011111111111111112,0.011111111111111112,0.011111111111111112,0.011111111111111112,0.0,0,0
100,4,27,ring,0.1,1576810028,90,10,0,0,90,0,0,0,0,0.0,0.0,0.0,0.0,0.0,0.0,0.0,0.0,0.0,0,0
100,4,27,small_world,0.1,1576810028,90,10,0,0,90,0,0,0,0,0.0,0.0,0.0,0.0,0.0,0.0,0.0,0.0,0.0,0,0
100,4,27,scale_free,0.1,1576810028,90,10,0,0,90,0,0,0,0,0.0,0.0,0.0,0.0,0.0,0.0,0.0,0.0,0.0,0,0
100,4,27,er,0.2,1576810028,80,20,3,0,77,0,0,0,0,0.0,0.0375,0.0,0.0375,0.0375,0.0375,0.0375,0.0375,0.0,0,0
100,4,27,ring,0.2,1576810028,80,20,0,0,80,0,0,0,0,0.0,0.0,0.0,0.0,0.0,0.0,0.0,0.0,0.0,0,0
100,4,27,small_world,0.2,1576810028,80,20,0,0,80,0,0,0,0,0.0,0.0,0.0,0.0,0.0,0.0,0.0,0.0,0.0,0,0
100,4,27,scale_free,0.2,1576810028,80,20,0,0,80,0,0,0,0,0.0,0.0,0.0,0.0,0.0,0.0,0.0,0.0,0.0,0,0
100,4,27,er,0.3,1576810028,70,30,1,0,69,0,0,0,0,0.0,0.014285714285714285,0.0,0.014285714285714285,0.014285714285714285,0.014285714285714285,0.014285714285714285,0.014285714285714285,0.0,0,0
100,4,27,ring,0.3,1576810028,70,30,0,0,70,0,0,0,0,0.0,0.0,0.0,0.0,0.0,0.0,0.0,0.0,0.0,0,0
100,4,27,small_world,0.3,1576810028,70,30,0,0,70,0,0,0,0,0.0,0.0,0.0,0.0,0.0,0.0,0.0,0.0,0.0,0,0
100,4,27,scale_free,0.3,1576810028,70,30,0,0,70,0,0,0,0,0.0,0.0,0.0,0.0,0.0,0.0,0.0,0.0,0.0,0,0
100,4,27,er,0.4,1576810028,60,40,1,0,59,0,0,0,0,0.0,0.016666666666666666,0.0,0.016666666666666666,0.016666666666666666,0.016666666666666666,0.016666666666666666,0.016666666666666666,0.0,0,0
100,4,27,ring,0.4,1576810028,60,40,0,9,51,0,0,1,9,9.0,0.0,0.15,0.15,0.0,0.0,0.0,0.0,0.15,0,0
100,4,27,small_world,0.4,1576810028,60,40,0,0,60,0,0,0,0,0.0,0.0,0.0,0.0,0.0,0.0,0.0,0.0,0.0,0,0
100,4,27,scale_free,0.4,1576810028,60,40,0,0,60,0,0,0,0,0.0,0.0,0.0,0.0,0.0,0.0,0.0,0.0,0.0,0,0
100,4,27,er,0.5,1576810028,50,50,2,0,48,0,0,0,0,0.0,0.04,0.0,0.04,0.04,0.04,0.04,0.04,0.0,0,0
100,4,27,ring,0.5,1576810028,50,50,0,31,19,4,4,2,27,15.5,0.0,0.62,0.62,0.08,0.08,0.08,0.08,0.54,1,1
100,4,27,small_world,0.5,1576810028,50,50,0,8,42,4,8,2,4,4.0,0.0,0.16,0.16,0.08,0.16,0.08,0.16,0.08,1,1
100,4,27,scale_free,0.5,1576810028,50,50,4,34,12,0,0,1,34,34.0,0.08,0.68,0.76,0.08,0.08,0.08,0.08,0.68,0,0
100,4,27,er,0.6,1576810028,40,60,3,36,1,0,0,1,36,36.0,0.075,0.9,0.975,0.075,0.075,0.075,0.075,0.9,0,0
100,4,27,ring,0.6,1576810028,40,60,0,40,0,32,32,2,32,20.0,0.0,1.0,1.0,0.8,0.8,0.0,0.0,0.8,1,1
100,4,27,small_world,0.6,1576810028,40,60,0,40,0,7,7,3,33,13.333333333333334,0.0,1.0,1.0,0.175,0.175,0.175,0.175,0.825,1,1
100,4,27,scale_free,0.6,1576810028,40,60,1,36,3,0,0,1,36,36.0,0.025,0.9,0.925,0.025,0.025,0.025,0.025,0.9,0,0
100,4,27,er,0.7,1576810028,30,70,5,24,1,24,24,3,19,8.0,0.16666666666666666,0.8,0.9666666666666667,0.9666666666666667,0.9666666666666667,0.3333333333333333,0.3333333333333333,0.6333333333333333,1,1
100,4,27,ring,0.7,1576810028,30,70,1,29,0,24,24,6,8,4.833333333333333,0.03333333333333333,0.9666666666666667,1.0,0.8333333333333334,0.8333333333333334,0.8333333333333334,0.8333333333333334,0.26666666666666666,1,1
100,4,27,small_world,0.7,1576810028,30,70,0,30,0,30,30,5,20,6.0,0.0,1.0,1.0,1.0,1.0,0.3333333333333333,0.3333333333333333,0.6666666666666666,1,1
100,4,27,scale_free,0.7,1576810028,30,70,2,28,0,28,28,1,28,28.0,0.06666666666666667,0.9333333333333333,1.0,1.0,1.0,0.06666666666666667,0.06666666666666667,0.9333333333333333,1,1
100,4,27,er,0.8,1576810028,20,80,3,17,0,17,17,2,15,8.5,0.15,0.85,1.0,1.0,1.0,0.25,0.25,0.75,1,1
100,4,27,ring,0.8,1576810028,20,80,3,17,0,13,13,5,6,3.4,0.15,0.85,1.0,0.8,0.8,0.8,0.8,0.3,1,1
100,4,27,small_world,0.8,1576810028,20,80,1,19,0,19,19,5,6,3.8,0.05,0.95,1.0,1.0,1.0,1.0,1.0,0.3,1,1
100,4,27,scale_free,0.8,1576810028,20,80,3,17,0,17,17,1,17,17.0,0.15,0.85,1.0,1.0,1.0,0.15,0.15,0.85,1,1
100,4,27,er,0.9,1576810028,10,90,4,6,0,6,6,2,4,3.0,0.4,0.6,1.0,1.0,1.0,1.0,1.0,0.4,1,1
100,4,27,ring,0.9,1576810028,10,90,8,2,0,2,2,1,2,2.0,0.8,0.2,1.0,1.0,1.0,1.0,1.0,0.2,1,1
100,4,27,small_world,0.9,1576810028,10,90,4,6,0,6,6,2,3,3.0,0.4,0.6,1.0,1.0,1.0,1.0,1.0,0.3,1,1
100,4,27,scale_free,0.9,1576810028,10,90,4,6,0,6,6,2,4,3.0,0.4,0.6,1.0,1.0,1.0,1.0,1.0,0.4,1,1
100,4,28,er,0.1,1342851008,90,10,0,0,90,0,0,0,0,0.0,0.0,0.0,0.0,0.0,0.0,0.0,0.0,0.0,0,0
100,4,28,ring,0.1,1342851008,90,10,0,0,90,0,0,0,0,0.0,0.0,0.0,0.0,0.0,0.0,0.0,0.0,0.0,0,0
100,4,28,small_world,0.1,1342851008,90,10,0,0,90,0,0,0,0,0.0,0.0,0.0,0.0,0.0,0.0,0.0,0.0,0.0,0,0
100,4,28,scale_free,0.1,1342851008,90,10,1,0,89,0,0,0,0,0.0,0.011111111111111112,0.0,0.011111111111111112,0.011111111111111112,0.011111111111111112,0.011111111111111112,0.011111111111111112,0.0,0,0
100,4,28,er,0.2,1342851008,80,20,1,0,79,0,0,0,0,0.0,0.0125,0.0,0.0125,0.0125,0.0125,0.0125,0.0125,0.0,0,0
100,4,28,ring,0.2,1342851008,80,20,0,0,80,0,0,0,0,0.0,0.0,0.0,0.0,0.0,0.0,0.0,0.0,0.0,0,0
100,4,28,small_world,0.2,1342851008,80,20,0,0,80,0,0,0,0,0.0,0.0,0.0,0.0,0.0,0.0,0.0,0.0,0.0,0,0
100,4,28,scale_free,0.2,1342851008,80,20,1,0,79,0,0,0,0,0.0,0.0125,0.0,0.0125,0.0125,0.0125,0.0125,0.0125,0.0,0,0
100,4,28,er,0.3,1342851008,70,30,2,0,68,0,0,0,0,0.0,0.02857142857142857,0.0,0.02857142857142857,0.02857142857142857,0.02857142857142857,0.02857142857142857,0.02857142857142857,0.0,0,0
100,4,28,ring,0.3,1342851008,70,30,0,0,70,0,0,0,0,0.0,0.0,0.0,0.0,0.0,0.0,0.0,0.0,0.0,0,0
100,4,28,small_world,0.3,1342851008,70,30,1,0,69,0,0,0,0,0.0,0.014285714285714285,0.0,0.014285714285714285,0.014285714285714285,0.014285714285714285,0.014285714285714285,0.014285714285714285,0.0,0,0
100,4,28,scale_free,0.3,1342851008,70,30,2,0,68,0,0,0,0,0.0,0.02857142857142857,0.0,0.02857142857142857,0.02857142857142857,0.02857142857142857,0.02857142857142857,0.02857142857142857,0.0,0,0
100,4,28,er,0.4,1342851008,60,40,3,0,57,0,0,0,0,0.0,0.05,0.0,0.05,0.05,0.05,0.05,0.05,0.0,0,0
100,4,28,ring,0.4,1342851008,60,40,0,21,39,2,2,2,19,10.5,0.0,0.35,0.35,0.03333333333333333,0.03333333333333333,0.03333333333333333,0.03333333333333333,0.31666666666666665,1,1
100,4,28,small_world,0.4,1342851008,60,40,0,0,60,0,0,0,0,0.0,0.0,0.0,0.0,0.0,0.0,0.0,0.0,0.0,0,0
100,4,28,scale_free,0.4,1342851008,60,40,3,0,57,0,0,0,0,0.0,0.05,0.0,0.05,0.05,0.05,0.05,0.05,0.0,0,0
100,4,28,er,0.5,1342851008,50,50,3,40,7,0,0,1,40,40.0,0.06,0.8,0.86,0.06,0.06,0.06,0.06,0.8,0,0
100,4,28,ring,0.5,1342851008,50,50,0,28,22,19,19,6,9,4.666666666666667,0.0,0.56,0.56,0.38,0.38,0.38,0.38,0.18,1,1
100,4,28,small_world,0.5,1342851008,50,50,1,45,4,2,2,2,43,22.5,0.02,0.9,0.92,0.06,0.06,0.06,0.06,0.86,1,1
100,4,28,scale_free,0.5,1342851008,50,50,2,0,48,0,0,0,0,0.0,0.04,0.0,0.04,0.04,0.04,0.04,0.04,0.0,0,0
100,4,28,er,0.6,1342851008,40,60,2,34,4,0,0,1,34,34.0,0.05,0.85,0.9,0.05,0.05,0.05,0.05,0.85,0,0
100,4,28,ring,0.6,1342851008,40,60,1,20,19,20,20,6,6,3.3333333333333335,0.025,0.5,0.525,0.525,0.525,0.525,0.525,0.15,1,1
100,4,28,small_world,0.6,1342851008,40,60,3,35,2,0,0,1,35,35.0,0.075,0.875,0.95,0.075,0.075,0.075,0.075,0.875,0,0
100,4,28,scale_free,0.6,1342851008,40,60,4,32,4,0,0,1,32,32.0,0.1,0.8,0.9,0.1,0.1,0.1,0.1,0.8,0,0
100,4,28,er,0.7,1342851008,30,70,2,27,1,27,27,2,25,13.5,0.06666666666666667,0.9,0.9666666666666667,0.9666666666666667,0.9666666666666667,0.13333333333333333,0.13333333333333333,0.8333333333333334,1,1
100,4,28,ring,0.7,1342851008,30,70,4,25,1,9,9,4,16,6.25,0.13333333333333333,0.8333333333333334,0.9666666666666667,0.43333333333333335,0.43333333333333335,0.43333333333333335,0.43333333333333335,0.5333333333333333,1,1
100,4,28,small_world,0.7,1342851008,30,70,2,27,1,10,10,2,17,13.5,0.06666666666666667,0.9,0.9666666666666667,0.4,0.4,0.4,0.4,0.5666666666666667,1,1
100,4,28,scale_free,0.7,1342851008,30,70,7,21,2,0,21,1,21,21.0,0.23333333333333334,0.7,0.9333333333333333,0.23333333333333334,0.9333333333333333,0.23333333333333334,0.23333333333333334,0.7,0,1
100,4,28,er,0.8,1342851008,20,80,1,18,1,18,18,1,18,18.0,0.05,0.9,0.95,0.95,0.95,0.05,0.05,0.9,1,1
100,4,28,ring,0.8,1342851008,20,80,4,16,0,16,16,3,12,5.333333333333333,0.2,0.8,1.0,1.0,1.0,0.4,0.4,0.6,1,1
100,4,28,small_world,0.8,1342851008,20,80,1,19,0,19,19,2,17,9.5,0.05,0.95,1.0,1.0,1.0,0.15,0.15,0.85,1,1
100,4,28,scale_free,0.8,1342851008,20,80,5,15,0,15,15,2,13,7.5,0.25,0.75,1.0,1.0,1.0,0.35,0.35,0.65,1,1
100,4,28,er,0.9,1342851008,10,90,5,4,1,4,4,2,2,2.0,0.5,0.4,0.9,0.9,0.9,0.9,0.9,0.2,1,1
100,4,28,ring,0.9,1342851008,10,90,10,0,0,0,0,0,0,0.0,1.0,0.0,1.0,1.0,1.0,1.0,1.0,0.0,0,0
100,4,28,small_world,0.9,1342851008,10,90,4,6,0,6,6,2,4,3.0,0.4,0.6,1.0,1.0,1.0,1.0,1.0,0.4,1,1
100,4,28,scale_free,0.9,1342851008,10,90,5,5,0,5,5,2,3,2.5,0.5,0.5,1.0,1.0,1.0,1.0,1.0,0.3,1,1
100,4,29,er,0.1,2379286274,90,10,0,0,90,0,0,0,0,0.0,0.0,0.0,0.0,0.0,0.0,0.0,0.0,0.0,0,0
100,4,29,ring,0.1,2379286274,90,10,0,0,90,0,0,0,0,0.0,0.0,0.0,0.0,0.0,0.0,0.0,0.0,0.0,0,0
100,4,29,small_world,0.1,2379286274,90,10,0,0,90,0,0,0,0,0.0,0.0,0.0,0.0,0.0,0.0,0.0,0.0,0.0,0,0
100,4,29,scale_free,0.1,2379286274,90,10,0,0,90,0,0,0,0,0.0,0.0,0.0,0.0,0.0,0.0,0.0,0.0,0.0,0,0
100,4,29,er,0.2,2379286274,80,20,1,0,79,0,0,0,0,0.0,0.0125,0.0,0.0125,0.0125,0.0125,0.0125,0.0125,0.0,0,0
100,4,29,ring,0.2,2379286274,80,20,0,0,80,0,0,0,0,0.0,0.0,0.0,0.0,0.0,0.0,0.0,0.0,0.0,0,0
100,4,29,small_world,0.2,2379286274,80,20,0,0,80,0,0,0,0,0.0,0.0,0.0,0.0,0.0,0.0,0.0,0.0,0.0,0,0
100,4,29,scale_free,0.2,2379286274,80,20,1,0,79,0,0,0,0,0.0,0.0125,0.0,0.0125,0.0125,0.0125,0.0125,0.0125,0.0,0,0
100,4,29,er,0.3,2379286274,70,30,0,0,70,0,0,0,0,0.0,0.0,0.0,0.0,0.0,0.0,0.0,0.0,0.0,0,0
100,4,29,ring,0.3,2379286274,70,30,0,0,70,0,0,0,0,0.0,0.0,0.0,0.0,0.0,0.0,0.0,0.0,0.0,0,0
100,4,29,small_world,0.3,2379286274,70,30,0,0,70,0,0,0,0,0.0,0.0,0.0,0.0,0.0,0.0,0.0,0.0,0.0,0,0
100,4,29,scale_free,0.3,2379286274,70,30,1,0,69,0,0,0,0,0.0,0.014285714285714285,0.0,0.014285714285714285,0.014285714285714285,0.014285714285714285,0.014285714285714285,0.014285714285714285,0.0,0,0
100,4,29,er,0.4,2379286274,60,40,2,2,56,2,2,1,2,2.0,0.03333333333333333,0.03333333333333333,0.06666666666666667,0.06666666666666667,0.06666666666666667,0.06666666666666667,0.06666666666666667,0.03333333333333333,1,1
100,4,29,ring,0.4,2379286274,60,40,0,2,58,2,2,1,2,2.0,0.0,0.03333333333333333,0.03333333333333333,0.03333333333333333,0.03333333333333333,0.03333333333333333,0.03333333333333333,0.03333333333333333,1,1
100,4,29,small_world,0.4,2379286274,60,40,0,0,60,0,0,0,0,0.0,0.0,0.0,0.0,0.0,0.0,0.0,0.0,0.0,0,0
100,4,29,scale_free,0.4,2379286274,60,40,2,0,58,0,0,0,0,0.0,0.03333333333333333,0.0,0.03333333333333333,0.03333333333333333,0.03333333333333333,0.03333333333333333,0.03333333333333333,0.0,0,0
100,4,29,er,0.5,2379286274,50,50,2,43,5,2,2,2,41,21.5,0.04,0.86,0.9,0.08,0.08,0.08,0.08,0.82,1,1
100,4,29,ring,0.5,2379286274,50,50,0,23,27,3,3,3,16,7.666666666666667,0.0,0.46,0.46,0.06,0.06,0.06,0.06,0.32,1,1
100,4,29,small_world,0.5,2379286274,50,50,2,0,48,0,0,0,0,0.0,0.04,0.0,0.04,0.04,0.04,0.04,0.04,0.0,0,0
100,4,29,scale_free,0.5,2379286274,50,50,4,0,46,0,0,0,0,0.0,0.08,0.0,0.08,0.08,0.08,0.08,0.08,0.0,0,0
100,4,29,er,0.6,2379286274,40,60,3,31,6,31,31,1,31,31.0,0.075,0.775,0.85,0.85,0.85,0.075,0.075,0.775,1,1
100,4,29,ring,0.6,2379286274,40,60,0,37,3,9,9,5,14,7.4,0.0,0.925,0.925,0.225,0.225,0.225,0.225,0.35,1,1
100,4,29,small_world,0.6,2379286274,40,60,2,36,2,6,6,2,30,18.0,0.05,0.9,0.95,0.2,0.2,0.2,0.2,0.75,1,1
100,4,29,scale_free,0.6,2379286274,40,60,3,31,6,0,0,1,31,31.0,0.075,0.775,0.85,0.075,0.075,0.075,0.075,0.775,0,0
100,4,29,er,0.7,2379286274,30,70,6,20,4,20,20,1,20,20.0,0.2,0.6666666666666666,0.8666666666666667,0.8666666666666667,0.8666666666666667,0.2,0.2,0.6666666666666666,1,1
100,4,29,ring,0.7,2379286274,30,70,0,30,0,30,30,5,15,6.0,0.0,1.0,1.0,1.0,1.0,0.5,0.5,0.5,1,1
100,4,29,small_world,0.7,2379286274,30,70,0,30,0,30,30,2,27,15.0,0.0,1.0,1.0,1.0,1.0,0.1,0.1,0.9,1,1
100,4,29,scale_free,0.7,2379286274,30,70,3,22,5,0,0,1,22,22.0,0.1,0.7333333333333333,0.8333333333333334,0.1,0.1,0.1,0.1,0.7333333333333333,0,0
100,4,29,er,0.8,2379286274,20,80,4,15,1,15,15,1,15,15.0,0.2,0.75,0.95,0.95,0.95,0.2,0.2,0.75,1,1
100,4,29,ring,0.8,2379286274,20,80,4,16,0,16,16,5,6,3.2,0.2,0.8,1.0,1.0,1.0,1.0,1.0,0.3,1,1
100,4,29,small_world,0.8,2379286274,20,80,1,19,0,19,19,3,13,6.333333333333333,0.05,0.95,1.0,1.0,1.0,0.35,0.35,0.65,1,1
100,4,29,scale_free,0.8,2379286274,20,80,2,17,1,17,17,3,13,5.666666666666667,0.1,0.85,0.95,0.95,0.95,0.3,0.3,0.65,1,1
100,4,29,er,0.9,2379286274,10,90,2,8,0,8,8,2,6,4.0,0.2,0.8,1.0,1.0,1.0,1.0,1.0,0.6,1,1
100,4,29,ring,0.9,2379286274,10,90,4,6,0,6,6,2,4,3.0,0.4,0.6,1.0,1.0,1.0,1.0,1.0,0.4,1,1
100,4,29,small_world,0.9,2379286274,10,90,4,6,0,6,6,2,4,3.0,0.4,0.6,1.0,1.0,1.0,1.0,1.0,0.4,1,1
100,4,29,scale_free,0.9,2379286274,10,90,2,8,0,8,8,3,4,2.6666666666666665,0.2,0.8,1.0,1.0,1.0,1.0,1.0,0.4,1,1
100,4,30,er,0.1,2496848106,90,10,0,0,90,0,0,0,0,0.0,0.0,0.0,0.0,0.0,0.0,0.0,0.0,0.0,0,0
100,4,30,ring,0.1,2496848106,90,10,0,0,90,0,0,0,0,0.0,0.0,0.0,0.0,0.0,0.0,0.0,0.0,0.0,0,0
100,4,30,small_world,0.1,2496848106,90,10,0,0,90,0,0,0,0,0.0,0.0,0.0,0.0,0.0,0.0,0.0,0.0,0.0,0,0
100,4,30,scale_free,0.1,2496848106,90,10,0,0,90,0,0,0,0,0.0,0.0,0.0,0.0,0.0,0.0,0.0,0.0,0.0,0,0
100,4,30,er,0.2,2496848106,80,20,1,0,79,0,0,0,0,0.0,0.0125,0.0,0.0125,0.0125,0.0125,0.0125,0.0125,0.0,0,0
100,4,30,ring,0.2,2496848106,80,20,0,4,76,4,4,2,2,2.0,0.0,0.05,0.05,0.05,0.05,0.05,0.05,0.025,1,1
100,4,30,small_world,0.2,2496848106,80,20,1,2,77,2,2,1,2,2.0,0.0125,0.025,0.0375,0.0375,0.0375,0.0375,0.0375,0.025,1,1
100,4,30,scale_free,0.2,2496848106,80,20,1,0,79,0,0,0,0,0.0,0.0125,0.0,0.0125,0.0125,0.0125,0.0125,0.0125,0.0,0,0
100,4,30,er,0.3,2496848106,70,30,2,0,68,0,0,0,0,0.0,0.02857142857142857,0.0,0.02857142857142857,0.02857142857142857,0.02857142857142857,0.02857142857142857,0.02857142857142857,0.0,0,0
100,4,30,ring,0.3,2496848106,70,30,0,4,66,4,4,2,2,2.0,0.0,0.05714285714285714,0.05714285714285714,0.05714285714285714,0.05714285714285714,0.05714285714285714,0.05714285714285714,0.02857142857142857,1,1
100,4,30,small_world,0.3,2496848106,70,30,1,0,69,0,0,0,0,0.0,0.014285714285714285,0.0,0.014285714285714285,0.014285714285714285,0.014285714285714285,0.014285714285714285,0.014285714285714285,0.0,0,0
100,4,30,scale_free,0.3,2496848106,70,30,2,0,68,0,0,0,0,0.0,0.02857142857142857,0.0,0.02857142857142857,0.02857142857142857,0.02857142857142857,0.02857142857142857,0.02857142857142857,0.0,0,0
100,4,30,er,0.4,2496848106,60,40,1,0,59,0,0,0,0,0.0,0.016666666666666666,0.0,0.016666666666666666,0.016666666666666666,0.016666666666666666,0.016666666666666666,0.016666666666666666,0.0,0,0
100,4,30,ring,0.4,2496848106,60,40,0,2,58,2,2,1,2,2.0,0.0,0.03333333333333333,0.03333333333333333,0.03333333333333333,0.03333333333333333,0.03333333333333333,0.03333333333333333,0.03333333333333333,1,1
100,4,30,small_world,0.4,2496848106,60,40,1,0,59,0,0,0,0,0.0,0.016666666666666666,0.0,0.016666666666666666,0.016666666666666666,0.016666666666666666,0.016666666666666666,0.016666666666666666,0.0,0,0
100,4,30,scale_free,0.4,2496848106,60,40,2,0,58,0,0,0,0,0.0,0.03333333333333333,0.0,0.03333333333333333,0.03333333333333333,0.03333333333333333,0.03333333333333333,0.03333333333333333,0.0,0,0
100,4,30,er,0.5,2496848106,50,50,1,42,7,0,0,1,42,42.0,0.02,0.84,0.86,0.02,0.02,0.02,0.02,0.84,0,0
100,4,30,ring,0.5,2496848106,50,50,0,30,20,21,21,7,13,4.285714285714286,0.0,0.6,0.6,0.42,0.42,0.16,0.16,0.26,1,1
100,4,30,small_world,0.5,2496848106,50,50,1,32,17,11,11,3,21,10.666666666666666,0.02,0.64,0.66,0.24,0.24,0.24,0.24,0.42,1,1
100,4,30,scale_free,0.5,2496848106,50,50,1,38,11,0,0,1,38,38.0,0.02,0.76,0.78,0.02,0.02,0.02,0.02,0.76,0,0
100,4,30,er,0.6,2496848106,40,60,0,37,3,0,0,1,37,37.0,0.0,0.925,0.925,0.0,0.0,0.0,0.0,0.925,0,0
100,4,30,ring,0.6,2496848106,40,60,0,39,1,23,23,9,13,4.333333333333333,0.0,0.975,0.975,0.575,0.575,0.575,0.575,0.325,1,1
100,4,30,small_world,0.6,2496848106,40,60,1,38,1,0,38,1,38,38.0,0.025,0.95,0.975,0.025,0.975,0.025,0.025,0.95,0,1
100,4,30,scale_free,0.6,2496848106,40,60,0,36,4,0,0,1,36,36.0,0.0,0.9,0.9,0.0,0.0,0.0,0.0,0.9,0,0
100,4,30,er,0.7,2496848106,30,70,1,27,2,0,0,1,27,27.0,0.03333333333333333,0.9,0.9333333333333333,0.03333333333333333,0.03333333333333333,0.03333333333333333,0.03333333333333333,0.9,0,0
100,4,30,ring,0.7,2496848106,30,70,0,29,1,26,26,8,8,3.625,0.0,0.9666666666666667,0.9666666666666667,0.8666666666666667,0.8666666666666667,0.8666666666666667,0.8666666666666667,0.26666666666666666,1,1
100,4,30,small_world,0.7,2496848106,30,70,1,28,1,28,28,3,21,9.333333333333334,0.03333333333333333,0.9333333333333333,0.9666666666666667,0.9666666666666667,0.9666666666666667,0.26666666666666666,0.26666666666666666,0.7,1,1
100,4,30,scale_free,0.7,2496848106,30,70,0,29,1,0,0,1,29,29.0,0.0,0.9666666666666667,0.9666666666666667,0.0,0.0,0.0,0.0,0.9666666666666667,0,0
100,4,30,er,0.8,2496848106,20,80,4,15,1,15,15,1,15,15.0,0.2,0.75,0.95,0.95,0.95,0.2,0.2,0.75,1,1
100,4,30,ring,0.8,2496848106,20,80,3,17,0,17,17,6,5,2.8333333333333335,0.15,0.85,1.0,1.0,1.0,1.0,1.0,0.25,1,1
100,4,30,small_world,0.8,2496848106,20,80,5,15,0,15,15,4,5,3.75,0.25,0.75,1.0,1.0,1.0,1.0,1.0,0.25,1,1
100,4,30,scale_free,0.8,2496848106,20,80,1,18,1,0,0,1,18,18.0,0.05,0.9,0.95,0.05,0.05,0.05,0.05,0.9,0,0
100,4,30,er,0.9,2496848106,10,90,7,2,1,2,2,1,2,2.0,0.7,0.2,0.9,0.9,0.9,0.9,0.9,0.2,1,1
100,4,30,ring,0.9,2496848106,10,90,4,6,0,6,6,3,2,2.0,0.4,0.6,1.0,1.0,1.0,1.0,1.0,0.2,1,1
100,4,30,small_world,0.9,2496848106,10,90,3,7,0,7,7,3,3,2.3333333333333335,0.3,0.7,1.0,1.0,1.0,1.0,1.0,0.3,1,1
100,4,30,scale_free,0.9,2496848106,10,90,0,10,0,10,10,1,10,10.0,0.0,1.0,1.0,1.0,1.0,1.0,1.0,1.0,1,1
100,4,31,er,0.1,2805182450,90,10,0,0,90,0,0,0,0,0.0,0.0,0.0,0.0,0.0,0.0,0.0,0.0,0.0,0,0
100,4,31,ring,0.1,2805182450,90,10,0,0,90,0,0,0,0,0.0,0.0,0.0,0.0,0.0,0.0,0.0,0.0,0.0,0,0
100,4,31,small_world,0.1,2805182450,90,10,0,0,90,0,0,0,0,0.0,0.0,0.0,0.0,0.0,0.0,0.0,0.0,0.0,0,0
100,4,31,scale_free,0.1,2805182450,90,10,1,0,89,0,0,0,0,0.0,0.011111111111111112,0.0,0.011111111111111112,0.011111111111111112,0.011111111111111112,0.011111111111111112,0.011111111111111112,0.0,0,0
100,4,31,er,0.2,2805182450,80,20,1,0,79,0,0,0,0,0.0,0.0125,0.0,0.0125,0.0125,0.0125,0.0125,0.0125,0.0,0,0
100,4,31,ring,0.2,2805182450,80,20,0,0,80,0,0,0,0,0.0,0.0,0.0,0.0,0.0,0.0,0.0,0.0,0.0,0,0
100,4,31,small_world,0.2,2805182450,80,20,0,0,80,0,0,0,0,0.0,0.0,0.0,0.0,0.0,0.0,0.0,0.0,0.0,0,0
100,4,31,scale_free,0.2,2805182450,80,20,2,0,78,0,0,0,0,0.0,0.025,0.0,0.025,0.025,0.025,0.025,0.025,0.0,0,0
100,4,31,er,0.3,2805182450,70,30,1,0,69,0,0,0,0,0.0,0.014285714285714285,0.0,0.014285714285714285,0.014285714285714285,0.014285714285714285,0.014285714285714285,0.014285714285714285,0.0,0,0
100,4,31,ring,0.3,2805182450,70,30,0,6,64,6,6,3,2,2.0,0.0,0.08571428571428572,0.08571428571428572,0.08571428571428572,0.08571428571428572,0.08571428571428572,0.08571428571428572,0.02857142857142857,1,1
100,4,31,small_world,0.3,2805182450,70,30,0,2,68,2,2,1,2,2.0,0.0,0.02857142857142857,0.02857142857142857,0.02857142857142857,0.02857142857142857,0.02857142857142857,0.02857142857142857,0.02857142857142857,1,1
100,4,31,scale_free,0.3,2805182450,70,30,2,0,68,0,0,0,0,0.0,0.02857142857142857,0.0,0.02857142857142857,0.02857142857142857,0.02857142857142857,0.02857142857142857,0.02857142857142857,0.0,0,0
100,4,31,er,0.4,2805182450,60,40,1,0,59,0,0,0,0,0.0,0.016666666666666666,0.0,0.016666666666666666,0.016666666666666666,0.016666666666666666,0.016666666666666666,0.016666666666666666,0.0,0,0
100,4,31,ring,0.4,2805182450,60,40,0,12,48,12,12,4,6,3.0,0.0,0.2,0.2,0.2,0.2,0.2,0.2,0.1,1,1
100,4,31,small_world,0.4,2805182450,60,40,2,4,54,4,4,2,2,2.0,0.03333333333333333,0.06666666666666667,0.1,0.1,0.1,0.1,0.1,0.03333333333333333,1,1
100,4,31,scale_free,0.4,2805182450,60,40,2,0,58,0,0,0,0,0.0,0.03333333333333333,0.0,0.03333333333333333,0.03333333333333333,0.03333333333333333,0.03333333333333333,0.03333333333333333,0.0,0,0
100,4,31,er,0.5,2805182450,50,50,3,39,8,0,0,1,39,39.0,0.06,0.78,0.84,0.06,0.06,0.06,0.06,0.78,0,0
100,4,31,ring,0.5,2805182450,50,50,0,13,37,10,10,5,4,2.6,0.0,0.26,0.26,0.2,0.2,0.2,0.2,0.08,1,1
100,4,31,small_world,0.5,2805182450,50,50,1,42,7,5,5,2,37,21.0,0.02,0.84,0.86,0.12,0.12,0.12,0.12,0.74,1,1
100,4,31,scale_free,0.5,2805182450,50,50,2,39,9,0,0,1,39,39.0,0.04,0.78,0.82,0.04,0.04,0.04,0.04,0.78,0,0
100,4,31,er,0.6,2805182450,40,60,2,36,2,0,0,1,36,36.0,0.05,0.9,0.95,0.05,0.05,0.05,0.05,0.9,0,0
100,4,31,ring,0.6,2805182450,40,60,1,28,11,10,10,4,18,7.0,0.025,0.7,0.725,0.275,0.275,0.275,0.275,0.45,1,1
100,4,31,small_world,0.6,2805182450,40,60,1,38,1,13,13,3,25,12.666666666666666,0.025,0.95,0.975,0.35,0.35,0.35,0.35,0.625,1,1
100,4,31,scale_free,0.6,2805182450,40,60,0,36,4,0,0,1,36,36.0,0.0,0.9,0.9,0.0,0.0,0.0,0.0,0.9,0,0
100,4,31,er,0.7,2805182450,30,70,2,28,0,4,4,3,24,9.333333333333334,0.06666666666666667,0.9333333333333333,1.0,0.2,0.2,0.2,0.2,0.8,1,1
100,4,31,ring,0.7,2805182450,30,70,2,28,0,18,18,6,10,4.666666666666667,0.06666666666666667,0.9333333333333333,1.0,0.6666666666666666,0.6666666666666666,0.6666666666666666,0.6666666666666666,0.3333333333333333,1,1
100,4,31,small_world,0.7,2805182450,30,70,2,27,1,5,5,2,22,13.5,0.06666666666666667,0.9,0.9666666666666667,0.23333333333333334,0.23333333333333334,0.23333333333333334,0.23333333333333334,0.7333333333333333,1,1
100,4,31,scale_free,0.7,2805182450,30,70,1,27,2,27,27,1,27,27.0,0.03333333333333333,0.9,0.9333333333333333,0.9333333333333333,0.9333333333333333,0.03333333333333333,0.03333333333333333,0.9,1,1
100,4,31,er,0.8,2805182450,20,80,0,20,0,20,20,1,20,20.0,0.0,1.0,1.0,1.0,1.0,0.0,0.0,1.0,1,1
100,4,31,ring,0.8,2805182450,20,80,4,16,0,16,16,5,7,3.2,0.2,0.8,1.0,1.0,1.0,1.0,1.0,0.35,1,1
100,4,31,small_world,0.8,2805182450,20,80,3,17,0,17,17,3,13,5.666666666666667,0.15,0.85,1.0,1.0,1.0,0.35,0.35,0.65,1,1
100,4,31,scale_free,0.8,2805182450,20,80,2,17,1,17,17,1,17,17.0,0.1,0.85,0.95,0.95,0.95,0.1,0.1,0.85,1,1
100,4,31,er,0.9,2805182450,10,90,1,9,0,9,9,2,6,4.5,0.1,0.9,1.0,1.0,1.0,1.0,1.0,0.6,1,1
100,4,31,ring,0.9,2805182450,10,90,3,7,0,7,7,2,5,3.5,0.3,0.7,1.0,1.0,1.0,1.0,1.0,0.5,1,1
100,4,31,small_world,0.9,2805182450,10,90,3,7,0,7,7,3,3,2.3333333333333335,0.3,0.7,1.0,1.0,1.0,1.0,1.0,0.3,1,1
100,4,31,scale_free,0.9,2805182450,10,90,3,7,0,7,7,2,5,3.5,0.3,0.7,1.0,1.0,1.0,1.0,1.0,0.5,1,1
100,4,32,er,0.1,268953627,90,10,0,0,90,0,0,0,0,0.0,0.0,0.0,0.0,0.0,0.0,0.0,0.0,0.0,0,0
100,4,32,ring,0.1,268953627,90,10,0,0,90,0,0,0,0,0.0,0.0,0.0,0.0,0.0,0.0,0.0,0.0,0.0,0,0
100,4,32,small_world,0.1,268953627,90,10,0,0,90,0,0,0,0,0.0,0.0,0.0,0.0,0.0,0.0,0.0,0.0,0.0,0,0
100,4,32,scale_free,0.1,268953627,90,10,0,0,90,0,0,0,0,0.0,0.0,0.0,0.0,0.0,0.0,0.0,0.0,0.0,0,0
100,4,32,er,0.2,268953627,80,20,1,0,79,0,0,0,0,0.0,0.0125,0.0,0.0125,0.0125,0.0125,0.0125,0.0125,0.0,0,0
100,4,32,ring,0.2,268953627,80,20,0,0,80,0,0,0,0,0.0,0.0,0.0,0.0,0.0,0.0,0.0,0.0,0.0,0,0
100,4,32,small_world,0.2,268953627,80,20,0,0,80,0,0,0,0,0.0,0.0,0.0,0.0,0.0,0.0,0.0,0.0,0.0,0,0
100,4,32,scale_free,0.2,268953627,80,20,0,2,78,2,2,1,2,2.0,0.0,0.025,0.025,0.025,0.025,0.025,0.025,0.025,1,1
100,4,32,er,0.3,268953627,70,30,3,2,65,2,2,1,2,2.0,0.04285714285714286,0.02857142857142857,0.07142857142857142,0.07142857142857142,0.07142857142857142,0.07142857142857142,0.07142857142857142,0.02857142857142857,1,1
100,4,32,ring,0.3,268953627,70,30,0,7,63,0,0,1,7,7.0,0.0,0.1,0.1,0.0,0.0,0.0,0.0,0.1,0,0
100,4,32,small_world,0.3,268953627,70,30,0,0,70,0,0,0,0,0.0,0.0,0.0,0.0,0.0,0.0,0.0,0.0,0.0,0,0
100,4,32,scale_free,0.3,268953627,70,30,1,3,66,3,3,1,3,3.0,0.014285714285714285,0.04285714285714286,0.05714285714285714,0.05714285714285714,0.05714285714285714,0.05714285714285714,0.05714285714285714,0.04285714285714286,1,1
100,4,32,er,0.4,268953627,60,40,2,2,56,2,2,1,2,2.0,0.03333333333333333,0.03333333333333333,0.06666666666666667,0.06666666666666667,0.06666666666666667,0.06666666666666667,0.06666666666666667,0.03333333333333333,1,1
100,4,32,ring,0.4,268953627,60,40,0,18,42,7,7,4,8,4.5,0.0,0.3,0.3,0.11666666666666667,0.11666666666666667,0.11666666666666667,0.11666666666666667,0.13333333333333333,1,1
100,4,32,small_world,0.4,268953627,60,40,0,4,56,4,4,1,4,4.0,0.0,0.06666666666666667,0.06666666666666667,0.06666666666666667,0.06666666666666667,0.06666666666666667,0.06666666666666667,0.06666666666666667,1,1
100,4,32,scale_free,0.4,268953627,60,40,1,37,22,4,4,3,33,12.333333333333334,0.016666666666666666,0.6166666666666667,0.6333333333333333,0.08333333333333333,0.08333333333333333,0.08333333333333333,0.08333333333333333,0.55,1,1
100,4,32,er,0.5,268953627,50,50,2,0,48,0,0,0,0,0.0,0.04,0.0,0.04,0.04,0.04,0.04,0.04,0.0,0,0
100,4,32,ring,0.5,268953627,50,50,0,16,34,13,13,5,4,3.2,0.0,0.32,0.32,0.26,0.26,0.26,0.26,0.08,1,1
100,4,32,small_world,0.5,268953627,50,50,0,34,16,4,4,2,30,17.0,0.0,0.68,0.68,0.08,0.08,0.08,0.08,0.6,1,1
100,4,32,scale_free,0.5,268953627,50,50,1,40,9,2,2,2,38,20.0,0.02,0.8,0.82,0.06,0.06,0.06,0.06,0.76,1,1
100,4,32,er,0.6,268953627,40,60,1,36,3,36,36,1,36,36.0,0.025,0.9,0.925,0.925,0.925,0.025,0.025,0.9,1,1
100,4,32,ring,0.6,268953627,40,60,0,36,4,6,6,4,22,9.0,0.0,0.9,0.9,0.15,0.15,0.15,0.15,0.55,1,1
100,4,32,small_world,0.6,268953627,40,60,0,35,5,2,2,3,29,11.666666666666666,0.0,0.875,0.875,0.05,0.05,0.05,0.05,0.725,1,1
100,4,32,scale_free,0.6,268953627,40,60,1,37,2,3,3,2,34,18.5,0.025,0.925,0.95,0.1,0.1,0.1,0.1,0.85,1,1
100,4,32,er,0.7,268953627,30,70,2,25,3,25,25,1,25,25.0,0.06666666666666667,0.8333333333333334,0.9,0.9,0.9,0.06666666666666667,0.06666666666666667,0.8333333333333334,1,1
100,4,32,ring,0.7,268953627,30,70,1,29,0,26,26,7,12,4.142857142857143,0.03333333333333333,0.9666666666666667,1.0,0.9,0.9,0.5,0.5,0.4,1,1
100,4,32,small_world,0.7,268953627,30,70,2,27,1,21,21,4,19,6.75,0.06666666666666667,0.9,0.9666666666666667,0.7666666666666667,0.7666666666666667,0.13333333333333333,0.13333333333333333,0.6333333333333333,1,1
100,4,32,scale_free,0.7,268953627,30,70,1,28,1,4,4,3,24,9.333333333333334,0.03333333333333333,0.9333333333333333,0.9666666666666667,0.16666666666666666,0.16666666666666666,0.16666666666666666,0.16666666666666666,0.8,1,1
100,4,32,er,0.8,268953627,20,80,2,17,1,17,17,2,15,8.5,0.1,0.85,0.95,0.95,0.95,0.2,0.2,0.75,1,1
100,4,32,ring,0.8,268953627,20,80,2,18,0,18,18,5,8,3.6,0.1,0.9,1.0,1.0,1.0,1.0,1.0,0.4,1,1
100,4,32,small_world,0.8,268953627,20,80,2,18,0,15,15,4,9,4.5,0.1,0.9,1.0,0.85,0.85,0.85,0.85,0.45,1,1
100,4,32,scale_free,0.8,268953627,20,80,4,16,0,0,0,1,16,16.0,0.2,0.8,1.0,0.2,0.2,0.2,0.2,0.8,0,0
100,4,32,er,0.9,268953627,10,90,3,7,0,7,7,3,3,2.3333333333333335,0.3,0.7,1.0,1.0,1.0,1.0,1.0,0.3,1,1
100,4,32,ring,0.9,268953627,10,90,2,8,0,8,8,3,4,2.6666666666666665,0.2,0.8,1.0,1.0,1.0,1.0,1.0,0.4,1,1
100,4,32,small_world,0.9,268953627,10,90,1,9,0,9,9,4,3,2.25,0.1,0.9,1.0,1.0,1.0,1.0,1.0,0.3,1,1
100,4,32,scale_free,0.9,268953627,10,90,3,7,0,7,7,1,7,7.0,0.3,0.7,1.0,1.0,1.0,1.0,1.0,0.7,1,1
100,4,33,er,0.1,1706017257,90,10,0,0,90,0,0,0,0,0.0,0.0,0.0,0.0,0.0,0.0,0.0,0.0,0.0,0,0
100,4,33,ring,0.1,1706017257,90,10,0,0,90,0,0,0,0,0.0,0.0,0.0,0.0,0.0,0.0,0.0,0.0,0.0,0,0
100,4,33,small_world,0.1,1706017257,90,10,0,0,90,0,0,0,0,0.0,0.0,0.0,0.0,0.0,0.0,0.0,0.0,0.0,0,0
100,4,33,scale_free,0.1,1706017257,90,10,0,0,90,0,0,0,0,0.0,0.0,0.0,0.0,0.0,0.0,0.0,0.0,0.0,0,0
100,4,33,er,0.2,1706017257,80,20,2,0,78,0,0,0,0,0.0,0.025,0.0,0.025,0.025,0.025,0.025,0.025,0.0,0,0
100,4,33,ring,0.2,1706017257,80,20,0,0,80,0,0,0,0,0.0,0.0,0.0,0.0,0.0,0.0,0.0,0.0,0.0,0,0
100,4,33,small_world,0.2,1706017257,80,20,0,0,80,0,0,0,0,0.0,0.0,0.0,0.0,0.0,0.0,0.0,0.0,0.0,0,0
100,4,33,scale_free,0.2,1706017257,80,20,2,0,78,0,0,0,0,0.0,0.025,0.0,0.025,0.025,0.025,0.025,0.025,0.0,0,0
100,4,33,er,0.3,1706017257,70,30,2,0,68,0,0,0,0,0.0,0.02857142857142857,0.0,0.02857142857142857,0.02857142857142857,0.02857142857142857,0.02857142857142857,0.02857142857142857,0.0,0,0
100,4,33,ring,0.3,1706017257,70,30,0,0,70,0,0,0,0,0.0,0.0,0.0,0.0,0.0,0.0,0.0,0.0,0.0,0,0
100,4,33,small_world,0.3,1706017257,70,30,0,0,70,0,0,0,0,0.0,0.0,0.0,0.0,0.0,0.0,0.0,0.0,0.0,0,0
100,4,33,scale_free,0.3,1706017257,70,30,2,0,68,0,0,0,0,0.0,0.02857142857142857,0.0,0.02857142857142857,0.02857142857142857,0.02857142857142857,0.02857142857142857,0.02857142857142857,0.0,0,0
100,4,33,er,0.4,1706017257,60,40,3,0,57,0,0,0,0,0.0,0.05,0.0,0.05,0.05,0.05,0.05,0.05,0.0,0,0
100,4,33,ring,0.4,1706017257,60,40,0,5,55,5,5,2,3,2.5,0.0,0.08333333333333333,0.08333333333333333,0.08333333333333333,0.08333333333333333,0.08333333333333333,0.08333333333333333,0.05,1,1
100,4,33,small_world,0.4,1706017257,60,40,0,5,55,5,5,2,3,2.5,0.0,0.08333333333333333,0.08333333333333333,0.08333333333333333,0.08333333333333333,0.08333333333333333,0.08333333333333333,0.05,1,1
100,4,33,scale_free,0.4,1706017257,60,40,0,2,58,2,2,1,2,2.0,0.0,0.03333333333333333,0.03333333333333333,0.03333333333333333,0.03333333333333333,0.03333333333333333,0.03333333333333333,0.03333333333333333,1,1
100,4,33,er,0.5,1706017257,50,50,5,41,4,0,0,1,41,41.0,0.1,0.82,0.92,0.1,0.1,0.1,0.1,0.82,0,0
100,4,33,ring,0.5,1706017257,50,50,0,6,44,6,6,2,4,3.0,0.0,0.12,0.12,0.12,0.12,0.12,0.12,0.08,1,1
100,4,33,small_world,0.5,1706017257,50,50,0,11,39,11,11,2,9,5.5,0.0,0.22,0.22,0.22,0.22,0.22,0.22,0.18,1,1
100,4,33,scale_free,0.5,1706017257,50,50,0,0,50,0,0,0,0,0.0,0.0,0.0,0.0,0.0,0.0,0.0,0.0,0.0,0,0
100,4,33,er,0.6,1706017257,40,60,7,32,1,0,0,1,32,32.0,0.175,0.8,0.975,0.175,0.175,0.175,0.175,0.8,0,0
100,4,33,ring,0.6,1706017257,40,60,0,40,0,15,15,4,16,10.0,0.0,1.0,1.0,0.375,0.375,0.075,0.075,0.4,1,1
100,4,33,small_world,0.6,1706017257,40,60,0,39,1,3,3,2,36,19.5,0.0,0.975,0.975,0.075,0.075,0.075,0.075,0.9,1,1
100,4,33,scale_free,0.6,1706017257,40,60,1,35,4,0,0,1,35,35.0,0.025,0.875,0.9,0.025,0.025,0.025,0.025,0.875,0,0
100,4,33,er,0.7,1706017257,30,70,5,24,1,0,0,1,24,24.0,0.16666666666666666,0.8,0.9666666666666667,0.16666666666666666,0.16666666666666666,0.16666666666666666,0.16666666666666666,0.8,0,0
100,4,33,ring,0.7,1706017257,30,70,1,29,0,29,29,5,9,5.8,0.03333333333333333,0.9666666666666667,1.0,1.0,1.0,1.0,1.0,0.3,1,1
100,4,33,small_world,0.7,1706017257,30,70,0,29,1,29,29,3,20,9.666666666666666,0.0,0.9666666666666667,0.9666666666666667,0.9666666666666667,0.9666666666666667,0.3,0.3,0.6666666666666666,1,1
100,4,33,scale_free,0.7,1706017257,30,70,1,29,0,0,0,1,29,29.0,0.03333333333333333,0.9666666666666667,1.0,0.03333333333333333,0.03333333333333333,0.03333333333333333,0.03333333333333333,0.9666666666666667,0,0
100,4,33,er,0.8,1706017257,20,80,2,18,0,18,18,2,16,9.0,0.1,0.9,1.0,1.0,1.0,0.2,0.2,0.8,1,1
100,4,33,ring,0.8,1706017257,20,80,4,16,0,16,16,5,5,3.2,0.2,0.8,1.0,1.0,1.0,1.0,1.0,0.25,1,1
100,4,33,small_world,0.8,1706017257,20,80,3,16,1,16,16,3,10,5.333333333333333,0.15,0.8,0.95,0.95,0.95,0.95,0.95,0.5,1,1
100,4,33,scale_free,0.8,1706017257,20,80,2,18,0,0,0,1,18,18.0,0.1,0.9,1.0,0.1,0.1,0.1,0.1,0.9,0,0
100,4,33,er,0.9,1706017257,10,90,3,7,0,7,7,2,4,3.5,0.3,0.7,1.0,1.0,1.0,1.0,1.0,0.4,1,1
100,4,33,ring,0.9,1706017257,10,90,4,6,0,6,6,2,4,3.0,0.4,0.6,1.0,1.0,1.0,1.0,1.0,0.4,1,1
100,4,33,small_world,0.9,1706017257,10,90,2,7,1,7,7,3,3,2.3333333333333335,0.2,0.7,0.9,0.9,0.9,0.9,0.9,0.3,1,1
100,4,33,scale_free,0.9,1706017257,10,90,4,6,0,6,6,3,2,2.0,0.4,0.6,1.0,1.0,1.0,1.0,1.0,0.2,1,1
100,4,34,er,0.1,1480504214,90,10,0,0,90,0,0,0,0,0.0,0.0,0.0,0.0,0.0,0.0,0.0,0.0,0.0,0,0
100,4,34,ring,0.1,1480504214,90,10,0,0,90,0,0,0,0,0.0,0.0,0.0,0.0,0.0,0.0,0.0,0.0,0.0,0,0
100,4,34,small_world,0.1,1480504214,90,10,0,0,90,0,0,0,0,0.0,0.0,0.0,0.0,0.0,0.0,0.0,0.0,0.0,0,0
100,4,34,scale_free,0.1,1480504214,90,10,1,0,89,0,0,0,0,0.0,0.011111111111111112,0.0,0.011111111111111112,0.011111111111111112,0.011111111111111112,0.011111111111111112,0.011111111111111112,0.0,0,0
100,4,34,er,0.2,1480504214,80,20,1,0,79,0,0,0,0,0.0,0.0125,0.0,0.0125,0.0125,0.0125,0.0125,0.0125,0.0,0,0
100,4,34,ring,0.2,1480504214,80,20,0,0,80,0,0,0,0,0.0,0.0,0.0,0.0,0.0,0.0,0.0,0.0,0.0,0,0
100,4,34,small_world,0.2,1480504214,80,20,0,0,80,0,0,0,0,0.0,0.0,0.0,0.0,0.0,0.0,0.0,0.0,0.0,0,0
100,4,34,scale_free,0.2,1480504214,80,20,2,2,76,2,2,1,2,2.0,0.025,0.025,0.05,0.05,0.05,0.05,0.05,0.025,1,1
100,4,34,er,0.3,1480504214,70,30,0,0,70,0,0,0,0,0.0,0.0,0.0,0.0,0.0,0.0,0.0,0.0,0.0,0,0
100,4,34,ring,0.3,1480504214,70,30,0,2,68,2,2,1,2,2.0,0.0,0.02857142857142857,0.02857142857142857,0.02857142857142857,0.02857142857142857,0.02857142857142857,0.02857142857142857,0.02857142857142857,1,1
100,4,34,small_world,0.3,1480504214,70,30,0,6,64,6,6,1,6,6.0,0.0,0.08571428571428572,0.08571428571428572,0.08571428571428572,0.08571428571428572,0.08571428571428572,0.08571428571428572,0.08571428571428572,1,1
100,4,34,scale_free,0.3,1480504214,70,30,1,2,67,2,2,1,2,2.0,0.014285714285714285,0.02857142857142857,0.04285714285714286,0.04285714285714286,0.04285714285714286,0.04285714285714286,0.04285714285714286,0.02857142857142857,1,1
100,4,34,er,0.4,1480504214,60,40,2,0,58,0,0,0,0,0.0,0.03333333333333333,0.0,0.03333333333333333,0.03333333333333333,0.03333333333333333,0.03333333333333333,0.03333333333333333,0.0,0,0
100,4,34,ring,0.4,1480504214,60,40,0,2,58,2,2,1,2,2.0,0.0,0.03333333333333333,0.03333333333333333,0.03333333333333333,0.03333333333333333,0.03333333333333333,0.03333333333333333,0.03333333333333333,1,1
100,4,34,small_world,0.4,1480504214,60,40,0,0,60,0,0,0,0,0.0,0.0,0.0,0.0,0.0,0.0,0.0,0.0,0.0,0,0
100,4,34,scale_free,0.4,1480504214,60,40,1,2,57,2,2,1,2,2.0,0.016666666666666666,0.03333333333333333,0.05,0.05,0.05,0.05,0.05,0.03333333333333333,1,1
100,4,34,er,0.5,1480504214,50,50,1,3,46,3,3,1,3,3.0,0.02,0.06,0.08,0.08,0.08,0.08,0.08,0.06,1,1
100,4,34,ring,0.5,1480504214,50,50,1,15,34,0,0,1,15,15.0,0.02,0.3,0.32,0.02,0.02,0.02,0.02,0.3,0,0
100,4,34,small_world,0.5,1480504214,50,50,2,0,48,0,0,0,0,0.0,0.04,0.0,0.04,0.04,0.04,0.04,0.04,0.0,0,0
100,4,34,scale_free,0.5,1480504214,50,50,2,36,12,0,0,1,36,36.0,0.04,0.72,0.76,0.04,0.04,0.04,0.04,0.72,0,0
100,4,34,er,0.6,1480504214,40,60,3,31,6,31,31,2,29,15.5,0.075,0.775,0.85,0.85,0.85,0.125,0.125,0.725,1,1
100,4,34,ring,0.6,1480504214,40,60,0,24,16,24,24,5,8,4.8,0.0,0.6,0.6,0.6,0.6,0.6,0.6,0.2,1,1
100,4,34,small_world,0.6,1480504214,40,60,0,40,0,40,40,2,35,20.0,0.0,1.0,1.0,1.0,1.0,0.125,0.125,0.875,1,1
100,4,34,scale_free,0.6,1480504214,40,60,2,35,3,0,0,1,35,35.0,0.05,0.875,0.925,0.05,0.05,0.05,0.05,0.875,0,0
100,4,34,er,0.7,1480504214,30,70,4,26,0,0,0,1,26,26.0,0.13333333333333333,0.8666666666666667,1.0,0.13333333333333333,0.13333333333333333,0.13333333333333333,0.13333333333333333,0.8666666666666667,0,0
100,4,34,ring,0.7,1480504214,30,70,0,30,0,30,30,6,12,5.0,0.0,1.0,1.0,1.0,1.0,0.6,0.6,0.4,1,1
100,4,34,small_world,0.7,1480504214,30,70,0,30,0,30,30,3,24,10.0,0.0,1.0,1.0,1.0,1.0,0.2,0.2,0.8,1,1
100,4,34,scale_free,0.7,1480504214,30,70,2,28,0,0,0,1,28,28.0,0.06666666666666667,0.9333333333333333,1.0,0.06666666666666667,0.06666666666666667,0.06666666666666667,0.06666666666666667,0.9333333333333333,0,0
100,4,34,er,0.8,1480504214,20,80,2,18,0,18,18,1,18,18.0,0.1,0.9,1.0,1.0,1.0,0.1,0.1,0.9,1,1
100,4,34,ring,0.8,1480504214,20,80,2,18,0,18,18,7,5,2.5714285714285716,0.1,0.9,1.0,1.0,1.0,1.0,1.0,0.25,1,1
100,4,34,small_world,0.8,1480504214,20,80,2,18,0,18,18,3,14,6.0,0.1,0.9,1.0,1.0,1.0,0.3,0.3,0.7,1,1
100,4,34,scale_free,0.8,1480504214,20,80,1,19,0,19,19,2,17,9.5,0.05,0.95,1.0,1.0,1.0,0.15,0.15,0.85,1,1
100,4,34,er,0.9,1480504214,10,90,4,6,0,6,6,2,4,3.0,0.4,0.6,1.0,1.0,1.0,1.0,1.0,0.4,1,1
100,4,34,ring,0.9,1480504214,10,90,4,6,0,6,6,3,2,2.0,0.4,0.6,1.0,1.0,1.0,1.0,1.0,0.2,1,1
100,4,34,small_world,0.9,1480504214,10,90,4,6,0,6,6,3,2,2.0,0.4,0.6,1.0,1.0,1.0,1.0,1.0,0.2,1,1
100,4,34,scale_free,0.9,1480504214,10,90,0,10,0,10,10,1,10,10.0,0.0,1.0,1.0,1.0,1.0,1.0,1.0,1.0,1,1
100,4,35,er,0.1,3936675368,90,10,1,0,89,0,0,0,0,0.0,0.011111111111111112,0.0,0.011111111111111112,0.011111111111111112,0.011111111111111112,0.011111111111111112,0.011111111111111112,0.0,0,0
100,4,35,ring,0.1,3936675368,90,10,0,0,90,0,0,0,0,0.0,0.0,0.0,0.0,0.0,0.0,0.0,0.0,0.0,0,0
100,4,35,small_world,0.1,3936675368,90,10,0,0,90,0,0,0,0,0.0,0.0,0.0,0.0,0.0,0.0,0.0,0.0,0.0,0,0
100,4,35,scale_free,0.1,3936675368,90,10,1,0,89,0,0,0,0,0.0,0.011111111111111112,0.0,0.011111111111111112,0.011111111111111112,0.011111111111111112,0.011111111111111112,0.011111111111111112,0.0,0,0
100,4,35,er,0.2,3936675368,80,20,1,0,79,0,0,0,0,0.0,0.0125,0.0,0.0125,0.0125,0.0125,0.0125,0.0125,0.0,0,0
100,4,35,ring,0.2,3936675368,80,20,0,0,80,0,0,0,0,0.0,0.0,0.0,0.0,0.0,0.0,0.0,0.0,0.0,0,0
100,4,35,small_world,0.2,3936675368,80,20,0,0,80,0,0,0,0,0.0,0.0,0.0,0.0,0.0,0.0,0.0,0.0,0.0,0,0
100,4,35,scale_free,0.2,3936675368,80,20,3,0,77,0,0,0,0,0.0,0.0375,0.0,0.0375,0.0375,0.0375,0.0375,0.0375,0.0,0,0
100,4,35,er,0.3,3936675368,70,30,0,0,70,0,0,0,0,0.0,0.0,0.0,0.0,0.0,0.0,0.0,0.0,0.0,0,0
100,4,35,ring,0.3,3936675368,70,30,0,2,68,2,2,1,2,2.0,0.0,0.02857142857142857,0.02857142857142857,0.02857142857142857,0.02857142857142857,0.02857142857142857,0.02857142857142857,0.02857142857142857,1,1
100,4,35,small_world,0.3,3936675368,70,30,1,0,69,0,0,0,0,0.0,0.014285714285714285,0.0,0.014285714285714285,0.014285714285714285,0.014285714285714285,0.014285714285714285,0.014285714285714285,0.0,0,0
100,4,35,scale_free,0.3,3936675368,70,30,5,0,65,0,0,0,0,0.0,0.07142857142857142,0.0,0.07142857142857142,0.07142857142857142,0.07142857142857142,0.07142857142857142,0.07142857142857142,0.0,0,0
100,4,35,er,0.4,3936675368,60,40,3,0,57,0,0,0,0,0.0,0.05,0.0,0.05,0.05,0.05,0.05,0.05,0.0,0,0
100,4,35,ring,0.4,3936675368,60,40,0,11,49,4,4,2,7,5.5,0.0,0.18333333333333332,0.18333333333333332,0.06666666666666667,0.06666666666666667,0.06666666666666667,0.06666666666666667,0.11666666666666667,1,1
100,4,35,small_world,0.4,3936675368,60,40,1,0,59,0,0,0,0,0.0,0.016666666666666666,0.0,0.016666666666666666,0.016666666666666666,0.016666666666666666,0.016666666666666666,0.016666666666666666,0.0,0,0
100,4,35,scale_free,0.4,3936675368,60,40,2,0,58,0,0,0,0,0.0,0.03333333333333333,0.0,0.03333333333333333,0.03333333333333333,0.03333333333333333,0.03333333333333333,0.03333333333333333,0.0,0,0
100,4,35,er,0.5,3936675368,50,50,2,40,8,2,2,2,38,20.0,0.04,0.8,0.84,0.08,0.08,0.08,0.08,0.76,1,1
100,4,35,ring,0.5,3936675368,50,50,0,38,12,15,15,5,17,7.6,0.0,0.76,0.76,0.3,0.3,0.3,0.3,0.34,1,1
100,4,35,small_world,0.5,3936675368,50,50,1,42,7,0,0,1,42,42.0,0.02,0.84,0.86,0.02,0.02,0.02,0.02,0.84,0,0
100,4,35,scale_free,0.5,3936675368,50,50,2,38,10,0,0,2,34,19.0,0.04,0.76,0.8,0.04,0.04,0.04,0.04,0.68,0,0
100,4,35,er,0.6,3936675368,40,60,2,30,8,30,30,2,28,15.0,0.05,0.75,0.8,0.8,0.8,0.1,0.1,0.7,1,1
100,4,35,ring,0.6,3936675368,40,60,0,33,7,20,20,6,8,5.5,0.0,0.825,0.825,0.5,0.5,0.5,0.5,0.2,1,1
100,4,35,small_world,0.6,3936675368,40,60,1,35,4,0,0,1,35,35.0,0.025,0.875,0.9,0.025,0.025,0.025,0.025,0.875,0,0
100,4,35,scale_free,0.6,3936675368,40,60,2,36,2,2,2,2,34,18.0,0.05,0.9,0.95,0.1,0.1,0.1,0.1,0.85,1,1
100,4,35,er,0.7,3936675368,30,70,3,25,2,25,25,1,25,25.0,0.1,0.8333333333333334,0.9333333333333333,0.9333333333333333,0.9333333333333333,0.1,0.1,0.8333333333333334,1,1
100,4,35,ring,0.7,3936675368,30,70,0,30,0,30,30,7,8,4.285714285714286,0.0,1.0,1.0,1.0,1.0,1.0,1.0,0.26666666666666666,1,1
100,4,35,small_world,0.7,3936675368,30,70,0,30,0,30,30,2,28,15.0,0.0,1.0,1.0,1.0,1.0,0.06666666666666667,0.06666666666666667,0.9333333333333333,1,1
100,4,35,scale_free,0.7,3936675368,30,70,0,29,1,2,2,2,27,14.5,0.0,0.9666666666666667,0.9666666666666667,0.06666666666666667,0.06666666666666667,0.06666666666666667,0.06666666666666667,0.9,1,1
100,4,35,er,0.8,3936675368,20,80,3,15,2,15,15,1,15,15.0,0.15,0.75,0.9,0.9,0.9,0.15,0.15,0.75,1,1
100,4,35,ring,0.8,3936675368,20,80,1,19,0,19,19,6,6,3.1666666666666665,0.05,0.95,1.0,1.0,1.0,1.0,1.0,0.3,1,1
100,4,35,small_world,0.8,3936675368,20,80,1,19,0,19,19,3,15,6.333333333333333,0.05,0.95,1.0,1.0,1.0,0.25,0.25,0.75,1,1
100,4,35,scale_free,0.8,3936675368,20,80,1,19,0,19,19,2,17,9.5,0.05,0.95,1.0,1.0,1.0,0.15,0.15,0.85,1,1
100,4,35,er,0.9,3936675368,10,90,3,7,0,7,7,2,5,3.5,0.3,0.7,1.0,1.0,1.0,1.0,1.0,0.5,1,1
100,4,35,ring,0.9,3936675368,10,90,3,7,0,7,7,3,3,2.3333333333333335,0.3,0.7,1.0,1.0,1.0,1.0,1.0,0.3,1,1
100,4,35,small_world,0.9,3936675368,10,90,1,9,0,9,9,2,7,4.5,0.1,0.9,1.0,1.0,1.0,1.0,1.0,0.7,1,1
100,4,35,scale_free,0.9,3936675368,10,90,2,8,0,8,8,2,6,4.0,0.2,0.8,1.0,1.0,1.0,1.0,1.0,0.6,1,1
100,4,36,er,0.1,3401659325,90,10,0,0,90,0,0,0,0,0.0,0.0,0.0,0.0,0.0,0.0,0.0,0.0,0.0,0,0
100,4,36,ring,0.1,3401659325,90,10,0,0,90,0,0,0,0,0.0,0.0,0.0,0.0,0.0,0.0,0.0,0.0,0.0,0,0
100,4,36,small_world,0.1,3401659325,90,10,0,0,90,0,0,0,0,0.0,0.0,0.0,0.0,0.0,0.0,0.0,0.0,0.0,0,0
100,4,36,scale_free,0.1,3401659325,90,10,0,0,90,0,0,0,0,0.0,0.0,0.0,0.0,0.0,0.0,0.0,0.0,0.0,0,0
100,4,36,er,0.2,3401659325,80,20,0,0,80,0,0,0,0,0.0,0.0,0.0,0.0,0.0,0.0,0.0,0.0,0.0,0,0
100,4,36,ring,0.2,3401659325,80,20,0,0,80,0,0,0,0,0.0,0.0,0.0,0.0,0.0,0.0,0.0,0.0,0.0,0,0
100,4,36,small_world,0.2,3401659325,80,20,0,0,80,0,0,0,0,0.0,0.0,0.0,0.0,0.0,0.0,0.0,0.0,0.0,0,0
100,4,36,scale_free,0.2,3401659325,80,20,1,0,79,0,0,0,0,0.0,0.0125,0.0,0.0125,0.0125,0.0125,0.0125,0.0125,0.0,0,0
100,4,36,er,0.3,3401659325,70,30,2,0,68,0,0,0,0,0.0,0.02857142857142857,0.0,0.02857142857142857,0.02857142857142857,0.02857142857142857,0.02857142857142857,0.02857142857142857,0.0,0,0
100,4,36,ring,0.3,3401659325,70,30,0,0,70,0,0,0,0,0.0,0.0,0.0,0.0,0.0,0.0,0.0,0.0,0.0,0,0
100,4,36,small_world,0.3,3401659325,70,30,0,0,70,0,0,0,0,0.0,0.0,0.0,0.0,0.0,0.0,0.0,0.0,0.0,0,0
100,4,36,scale_free,0.3,3401659325,70,30,2,0,68,0,0,0,0,0.0,0.02857142857142857,0.0,0.02857142857142857,0.02857142857142857,0.02857142857142857,0.02857142857142857,0.02857142857142857,0.0,0,0
100,4,36,er,0.4,3401659325,60,40,0,0,60,0,0,0,0,0.0,0.0,0.0,0.0,0.0,0.0,0.0,0.0,0.0,0,0
100,4,36,ring,0.4,3401659325,60,40,0,11,49,0,0,1,11,11.0,0.0,0.18333333333333332,0.18333333333333332,0.0,0.0,0.0,0.0,0.18333333333333332,0,0
100,4,36,small_world,0.4,3401659325,60,40,0,0,60,0,0,0,0,0.0,0.0,0.0,0.0,0.0,0.0,0.0,0.0,0.0,0,0
100,4,36,scale_free,0.4,3401659325,60,40,1,0,59,0,0,0,0,0.0,0.016666666666666666,0.0,0.016666666666666666,0.016666666666666666,0.016666666666666666,0.016666666666666666,0.016666666666666666,0.0,0,0
100,4,36,er,0.5,3401659325,50,50,2,0,48,0,0,0,0,0.0,0.04,0.0,0.04,0.04,0.04,0.04,0.04,0.0,0,0
100,4,36,ring,0.5,3401659325,50,50,0,31,19,0,0,3,18,10.333333333333334,0.0,0.62,0.62,0.0,0.0,0.0,0.0,0.36,0,0
100,4,36,small_world,0.5,3401659325,50,50,0,44,6,0,0,1,44,44.0,0.0,0.88,0.88,0.0,0.0,0.0,0.0,0.88,0,0
100,4,36,scale_free,0.5,3401659325,50,50,3,31,16,0,0,1,31,31.0,0.06,0.62,0.68,0.06,0.06,0.06,0.06,0.62,0,0
100,4,36,er,0.6,3401659325,40,60,2,37,1,0,0,1,37,37.0,0.05,0.925,0.975,0.05,0.05,0.05,0.05,0.925,0,0
100,4,36,ring,0.6,3401659325,40,60,0,20,20,20,20,6,7,3.3333333333333335,0.0,0.5,0.5,0.5,0.5,0.5,0.5,0.175,1,1
100,4,36,small_world,0.6,3401659325,40,60,0,40,0,8,8,4,32,10.0,0.0,1.0,1.0,0.2,0.2,0.2,0.2,0.8,1,1
100,4,36,scale_free,0.6,3401659325,40,60,2,32,6,0,0,1,32,32.0,0.05,0.8,0.85,0.05,0.05,0.05,0.05,0.8,0,0
100,4,36,er,0.7,3401659325,30,70,2,27,1,27,27,1,27,27.0,0.06666666666666667,0.9,0.9666666666666667,0.9666666666666667,0.9666666666666667,0.06666666666666667,0.06666666666666667,0.9,1,1
100,4,36,ring,0.7,3401659325,30,70,0,30,0,30,30,8,6,3.75,0.0,1.0,1.0,1.0,1.0,1.0,1.0,0.2,1,1
100,4,36,small_world,0.7,3401659325,30,70,0,30,0,30,30,7,9,4.285714285714286,0.0,1.0,1.0,1.0,1.0,1.0,1.0,0.3,1,1
100,4,36,scale_free,0.7,3401659325,30,70,0,30,0,0,0,1,30,30.0,0.0,1.0,1.0,0.0,0.0,0.0,0.0,1.0,0,0
100,4,36,er,0.8,3401659325,20,80,0,20,0,20,20,1,20,20.0,0.0,1.0,1.0,1.0,1.0,0.0,0.0,1.0,1,1
100,4,36,ring,0.8,3401659325,20,80,3,17,0,17,17,6,4,2.8333333333333335,0.15,0.85,1.0,1.0,1.0,1.0,1.0,0.2,1,1
100,4,36,small_world,0.8,3401659325,20,80,4,16,0,16,16,4,6,4.0,0.2,0.8,1.0,1.0,1.0,1.0,1.0,0.3,1,1
100,4,36,scale_free,0.8,3401659325,20,80,1,19,0,19,19,1,19,19.0,0.05,0.95,1.0,1.0,1.0,0.05,0.05,0.95,1,1
100,4,36,er,0.9,3401659325,10,90,1,9,0,9,9,1,9,9.0,0.1,0.9,1.0,1.0,1.0,1.0,1.0,0.9,1,1
100,4,36,ring,0.9,3401659325,10,90,6,4,0,4,4,2,2,2.0,0.6,0.4,1.0,1.0,1.0,1.0,1.0,0.2,1,1
100,4,36,small_world,0.9,3401659325,10,90,5,5,0,5,5,2,3,2.5,0.5,0.5,1.0,1.0,1.0,1.0,1.0,0.3,1,1
100,4,36,scale_free,0.9,3401659325,10,90,5,5,0,5,5,1,5,5.0,0.5,0.5,1.0,1.0,1.0,1.0,1.0,0.5,1,1
100,4,37,er,0.1,2054438802,90,10,3,0,87,0,0,0,0,0.0,0.03333333333333333,0.0,0.03333333333333333,0.03333333333333333,0.03333333333333333,0.03333333333333333,0.03333333333333333,0.0,0,0
100,4,37,ring,0.1,2054438802,90,10,0,0,90,0,0,0,0,0.0,0.0,0.0,0.0,0.0,0.0,0.0,0.0,0.0,0,0
100,4,37,small_world,0.1,2054438802,90,10,0,0,90,0,0,0,0,0.0,0.0,0.0,0.0,0.0,0.0,0.0,0.0,0.0,0,0
100,4,37,scale_free,0.1,2054438802,90,10,0,3,87,3,3,1,3,3.0,0.0,0.03333333333333333,0.03333333333333333,0.03333333333333333,0.03333333333333333,0.03333333333333333,0.03333333333333333,0.03333333333333333,1,1
100,4,37,er,0.2,2054438802,80,20,2,0,78,0,0,0,0,0.0,0.025,0.0,0.025,0.025,0.025,0.025,0.025,0.0,0,0
100,4,37,ring,0.2,2054438802,80,20,0,0,80,0,0,0,0,0.0,0.0,0.0,0.0,0.0,0.0,0.0,0.0,0.0,0,0
100,4,37,small_world,0.2,2054438802,80,20,0,0,80,0,0,0,0,0.0,0.0,0.0,0.0,0.0,0.0,0.0,0.0,0.0,0,0
100,4,37,scale_free,0.2,2054438802,80,20,1,0,79,0,0,0,0,0.0,0.0125,0.0,0.0125,0.0125,0.0125,0.0125,0.0125,0.0,0,0
100,4,37,er,0.3,2054438802,70,30,2,0,68,0,0,0,0,0.0,0.02857142857142857,0.0,0.02857142857142857,0.02857142857142857,0.02857142857142857,0.02857142857142857,0.02857142857142857,0.0,0,0
100,4,37,ring,0.3,2054438802,70,30,0,2,68,2,2,1,2,2.0,0.0,0.02857142857142857,0.02857142857142857,0.02857142857142857,0.02857142857142857,0.02857142857142857,0.02857142857142857,0.02857142857142857,1,1
100,4,37,small_world,0.3,2054438802,70,30,0,4,66,4,4,2,2,2.0,0.0,0.05714285714285714,0.05714285714285714,0.05714285714285714,0.05714285714285714,0.05714285714285714,0.05714285714285714,0.02857142857142857,1,1
100,4,37,scale_free,0.3,2054438802,70,30,0,0,70,0,0,0,0,0.0,0.0,0.0,0.0,0.0,0.0,0.0,0.0,0.0,0,0
100,4,37,er,0.4,2054438802,60,40,3,0,57,0,0,0,0,0.0,0.05,0.0,0.05,0.05,0.05,0.05,0.05,0.0,0,0
100,4,37,ring,0.4,2054438802,60,40,1,3,56,0,0,1,3,3.0,0.016666666666666666,0.05,0.06666666666666667,0.016666666666666666,0.016666666666666666,0.016666666666666666,0.016666666666666666,0.05,0,0
100,4,37,small_world,0.4,2054438802,60,40,0,4,56,4,4,1,4,4.0,0.0,0.06666666666666667,0.06666666666666667,0.06666666666666667,0.06666666666666667,0.06666666666666667,0.06666666666666667,0.06666666666666667,1,1
100,4,37,scale_free,0.4,2054438802,60,40,1,0,59,0,0,0,0,0.0,0.016666666666666666,0.0,0.016666666666666666,0.016666666666666666,0.016666666666666666,0.016666666666666666,0.016666666666666666,0.0,0,0
100,4,37,er,0.5,2054438802,50,50,3,0,47,0,0,0,0,0.0,0.06,0.0,0.06,0.06,0.06,0.06,0.06,0.0,0,0
100,4,37,ring,0.5,2054438802,50,50,1,29,20,18,18,5,10,5.8,0.02,0.58,0.6,0.38,0.38,0.38,0.38,0.2,1,1
100,4,37,small_world,0.5,2054438802,50,50,0,15,35,9,9,3,6,5.0,0.0,0.3,0.3,0.18,0.18,0.18,0.18,0.12,1,1
100,4,37,scale_free,0.5,2054438802,50,50,5,39,6,0,0,1,39,39.0,0.1,0.78,0.88,0.1,0.1,0.1,0.1,0.78,0,0
100,4,37,er,0.6,2054438802,40,60,2,37,1,37,37,1,37,37.0,0.05,0.925,0.975,0.975,0.975,0.05,0.05,0.925,1,1
100,4,37,ring,0.6,2054438802,40,60,0,27,13,4,4,3,18,9.0,0.0,0.675,0.675,0.1,0.1,0.1,0.1,0.45,1,1
100,4,37,small_world,0.6,2054438802,40,60,0,38,2,6,6,3,32,12.666666666666666,0.0,0.95,0.95,0.15,0.15,0.15,0.15,0.8,1,1
100,4,37,scale_free,0.6,2054438802,40,60,4,36,0,0,0,1,36,36.0,0.1,0.9,1.0,0.1,0.1,0.1,0.1,0.9,0,0
100,4,37,er,0.7,2054438802,30,70,0,30,0,30,30,1,30,30.0,0.0,1.0,1.0,1.0,1.0,0.0,0.0,1.0,1,1
100,4,37,ring,0.7,2054438802,30,70,0,30,0,19,19,5,11,6.0,0.0,1.0,1.0,0.6333333333333333,0.6333333333333333,0.6333333333333333,0.6333333333333333,0.36666666666666664,1,1
100,4,37,small_world,0.7,2054438802,30,70,0,28,2,8,28,4,20,7.0,0.0,0.9333333333333333,0.9333333333333333,0.26666666666666666,0.9333333333333333,0.26666666666666666,0.26666666666666666,0.6666666666666666,1,1
100,4,37,scale_free,0.7,2054438802,30,70,4,26,0,26,26,1,26,26.0,0.13333333333333333,0.8666666666666667,1.0,1.0,1.0,0.13333333333333333,0.13333333333333333,0.8666666666666667,1,1
100,4,37,er,0.8,2054438802,20,80,1,19,0,19,19,2,17,9.5,0.05,0.95,1.0,1.0,1.0,0.15,0.15,0.85,1,1
100,4,37,ring,0.8,2054438802,20,80,3,17,0,17,17,4,8,4.25,0.15,0.85,1.0,1.0,1.0,1.0,1.0,0.4,1,1
100,4,37,small_world,0.8,2054438802,20,80,2,16,2,16,16,3,11,5.333333333333333,0.1,0.8,0.9,0.9,0.9,0.35,0.35,0.55,1,1
100,4,37,scale_free,0.8,2054438802,20,80,2,18,0,18,18,1,18,18.0,0.1,0.9,1.0,1.0,1.0,0.1,0.1,0.9,1,1
100,4,37,er,0.9,2054438802,10,90,4,6,0,6,6,1,6,6.0,0.4,0.6,1.0,1.0,1.0,1.0,1.0,0.6,1,1
100,4,37,ring,0.9,2054438802,10,90,4,6,0,6,6,2,3,3.0,0.4,0.6,1.0,1.0,1.0,1.0,1.0,0.3,1,1
100,4,37,small_world,0.9,2054438802,10,90,2,8,0,8,8,3,3,2.6666666666666665,0.2,0.8,1.0,1.0,1.0,1.0,1.0,0.3,1,1
100,4,37,scale_free,0.9,2054438802,10,90,3,7,0,7,7,1,7,7.0,0.3,0.7,1.0,1.0,1.0,1.0,1.0,0.7,1,1
100,4,38,er,0.1,2046561135,90,10,0,0,90,0,0,0,0,0.0,0.0,0.0,0.0,0.0,0.0,0.0,0.0,0.0,0,0
100,4,38,ring,0.1,2046561135,90,10,0,0,90,0,0,0,0,0.0,0.0,0.0,0.0,0.0,0.0,0.0,0.0,0.0,0,0
100,4,38,small_world,0.1,2046561135,90,10,0,0,90,0,0,0,0,0.0,0.0,0.0,0.0,0.0,0.0,0.0,0.0,0.0,0,0
100,4,38,scale_free,0.1,2046561135,90,10,1,0,89,0,0,0,0,0.0,0.011111111111111112,0.0,0.011111111111111112,0.011111111111111112,0.011111111111111112,0.011111111111111112,0.011111111111111112,0.0,0,0
100,4,38,er,0.2,2046561135,80,20,0,0,80,0,0,0,0,0.0,0.0,0.0,0.0,0.0,0.0,0.0,0.0,0.0,0,0
100,4,38,ring,0.2,2046561135,80,20,0,0,80,0,0,0,0,0.0,0.0,0.0,0.0,0.0,0.0,0.0,0.0,0.0,0,0
100,4,38,small_world,0.2,2046561135,80,20,0,0,80,0,0,0,0,0.0,0.0,0.0,0.0,0.0,0.0,0.0,0.0,0.0,0,0
100,4,38,scale_free,0.2,2046561135,80,20,2,0,78,0,0,0,0,0.0,0.025,0.0,0.025,0.025,0.025,0.025,0.025,0.0,0,0
100,4,38,er,0.3,2046561135,70,30,0,0,70,0,0,0,0,0.0,0.0,0.0,0.0,0.0,0.0,0.0,0.0,0.0,0,0
100,4,38,ring,0.3,2046561135,70,30,0,0,70,0,0,0,0,0.0,0.0,0.0,0.0,0.0,0.0,0.0,0.0,0.0,0,0
100,4,38,small_world,0.3,2046561135,70,30,0,0,70,0,0,0,0,0.0,0.0,0.0,0.0,0.0,0.0,0.0,0.0,0.0,0,0
100,4,38,scale_free,0.3,2046561135,70,30,2,0,68,0,0,0,0,0.0,0.02857142857142857,0.0,0.02857142857142857,0.02857142857142857,0.02857142857142857,0.02857142857142857,0.02857142857142857,0.0,0,0
100,4,38,er,0.4,2046561135,60,40,1,0,59,0,0,0,0,0.0,0.016666666666666666,0.0,0.016666666666666666,0.016666666666666666,0.016666666666666666,0.016666666666666666,0.016666666666666666,0.0,0,0
100,4,38,ring,0.4,2046561135,60,40,0,13,47,0,0,1,13,13.0,0.0,0.21666666666666667,0.21666666666666667,0.0,0.0,0.0,0.0,0.21666666666666667,0,0
100,4,38,small_world,0.4,2046561135,60,40,0,2,58,2,2,1,2,2.0,0.0,0.03333333333333333,0.03333333333333333,0.03333333333333333,0.03333333333333333,0.03333333333333333,0.03333333333333333,0.03333333333333333,1,1
100,4,38,scale_free,0.4,2046561135,60,40,2,0,58,0,0,0,0,0.0,0.03333333333333333,0.0,0.03333333333333333,0.03333333333333333,0.03333333333333333,0.03333333333333333,0.03333333333333333,0.0,0,0
100,4,38,er,0.5,2046561135,50,50,2,40,8,0,0,1,40,40.0,0.04,0.8,0.84,0.04,0.04,0.04,0.04,0.8,0,0
100,4,38,ring,0.5,2046561135,50,50,0,3,47,3,3,1,3,3.0,0.0,0.06,0.06,0.06,0.06,0.06,0.06,0.06,1,1
100,4,38,small_world,0.5,2046561135,50,50,0,20,30,2,2,2,18,10.0,0.0,0.4,0.4,0.04,0.04,0.04,0.04,0.36,1,1
100,4,38,scale_free,0.5,2046561135,50,50,3,39,8,0,0,1,39,39.0,0.06,0.78,0.84,0.06,0.06,0.06,0.06,0.78,0,0
100,4,38,er,0.6,2046561135,40,60,3,33,4,33,33,1,33,33.0,0.075,0.825,0.9,0.9,0.9,0.075,0.075,0.825,1,1
100,4,38,ring,0.6,2046561135,40,60,0,40,0,18,18,4,14,10.0,0.0,1.0,1.0,0.45,0.45,0.1,0.1,0.35,1,1
100,4,38,small_world,0.6,2046561135,40,60,0,40,0,34,34,4,26,10.0,0.0,1.0,1.0,0.85,0.85,0.2,0.2,0.65,1,1
100,4,38,scale_free,0.6,2046561135,40,60,1,34,5,0,0,1,34,34.0,0.025,0.85,0.875,0.025,0.025,0.025,0.025,0.85,0,0
100,4,38,er,0.7,2046561135,30,70,1,26,3,26,26,1,26,26.0,0.03333333333333333,0.8666666666666667,0.9,0.9,0.9,0.03333333333333333,0.03333333333333333,0.8666666666666667,1,1
100,4,38,ring,0.7,2046561135,30,70,0,30,0,30,30,7,8,4.285714285714286,0.0,1.0,1.0,1.0,1.0,1.0,1.0,0.26666666666666666,1,1
100,4,38,small_world,0.7,2046561135,30,70,0,30,0,30,30,7,10,4.285714285714286,0.0,1.0,1.0,1.0,1.0,1.0,1.0,0.3333333333333333,1,1
100,4,38,scale_free,0.7,2046561135,30,70,2,25,3,0,0,1,25,25.0,0.06666666666666667,0.8333333333333334,0.9,0.06666666666666667,0.06666666666666667,0.06666666666666667,0.06666666666666667,0.8333333333333334,0,0
100,4,38,er,0.8,2046561135,20,80,1,19,0,19,19,1,19,19.0,0.05,0.95,1.0,1.0,1.0,0.05,0.05,0.95,1,1
100,4,38,ring,0.8,2046561135,20,80,3,17,0,17,17,6,4,2.8333333333333335,0.15,0.85,1.0,1.0,1.0,1.0,1.0,0.2,1,1
100,4,38,small_world,0.8,2046561135,20,80,2,18,0,18,18,5,9,3.6,0.1,0.9,1.0,1.0,1.0,1.0,1.0,0.45,1,1
100,4,38,scale_free,0.8,2046561135,20,80,1,19,0,19,19,2,17,9.5,0.05,0.95,1.0,1.0,1.0,0.15,0.15,0.85,1,1
100,4,38,er,0.9,2046561135,10,90,1,9,0,9,9,1,9,9.0,0.1,0.9,1.0,1.0,1.0,1.0,1.0,0.9,1,1
100,4,38,ring,0.9,2046561135,10,90,6,4,0,4,4,2,2,2.0,0.6,0.4,1.0,1.0,1.0,1.0,1.0,0.2,1,1
100,4,38,small_world,0.9,2046561135,10,90,6,4,0,4,4,2,2,2.0,0.6,0.4,1.0,1.0,1.0,1.0,1.0,0.2,1,1
100,4,38,scale_free,0.9,2046561135,10,90,0,10,0,10,10,2,8,5.0,0.0,1.0,1.0,1.0,1.0,1.0,1.0,0.8,1,1
100,4,39,er,0.1,1214891787,90,10,0,0,90,0,0,0,0,0.0,0.0,0.0,0.0,0.0,0.0,0.0,0.0,0.0,0,0
100,4,39,ring,0.1,1214891787,90,10,0,0,90,0,0,0,0,0.0,0.0,0.0,0.0,0.0,0.0,0.0,0.0,0.0,0,0
100,4,39,small_world,0.1,1214891787,90,10,0,0,90,0,0,0,0,0.0,0.0,0.0,0.0,0.0,0.0,0.0,0.0,0.0,0,0
100,4,39,scale_free,0.1,1214891787,90,10,0,0,90,0,0,0,0,0.0,0.0,0.0,0.0,0.0,0.0,0.0,0.0,0.0,0,0
100,4,39,er,0.2,1214891787,80,20,1,0,79,0,0,0,0,0.0,0.0125,0.0,0.0125,0.0125,0.0125,0.0125,0.0125,0.0,0,0
100,4,39,ring,0.2,1214891787,80,20,0,0,80,0,0,0,0,0.0,0.0,0.0,0.0,0.0,0.0,0.0,0.0,0.0,0,0
100,4,39,small_world,0.2,1214891787,80,20,0,0,80,0,0,0,0,0.0,0.0,0.0,0.0,0.0,0.0,0.0,0.0,0.0,0,0
100,4,39,scale_free,0.2,1214891787,80,20,0,0,80,0,0,0,0,0.0,0.0,0.0,0.0,0.0,0.0,0.0,0.0,0.0,0,0
100,4,39,er,0.3,1214891787,70,30,2,0,68,0,0,0,0,0.0,0.02857142857142857,0.0,0.02857142857142857,0.02857142857142857,0.02857142857142857,0.02857142857142857,0.02857142857142857,0.0,0,0
100,4,39,ring,0.3,1214891787,70,30,0,0,70,0,0,0,0,0.0,0.0,0.0,0.0,0.0,0.0,0.0,0.0,0.0,0,0
100,4,39,small_world,0.3,1214891787,70,30,0,0,70,0,0,0,0,0.0,0.0,0.0,0.0,0.0,0.0,0.0,0.0,0.0,0,0
100,4,39,scale_free,0.3,1214891787,70,30,0,0,70,0,0,0,0,0.0,0.0,0.0,0.0,0.0,0.0,0.0,0.0,0.0,0,0
100,4,39,er,0.4,1214891787,60,40,1,0,59,0,0,0,0,0.0,0.016666666666666666,0.0,0.016666666666666666,0.016666666666666666,0.016666666666666666,0.016666666666666666,0.016666666666666666,0.0,0,0
100,4,39,ring,0.4,1214891787,60,40,0,17,43,0,0,2,11,8.5,0.0,0.2833333333333333,0.2833333333333333,0.0,0.0,0.0,0.0,0.18333333333333332,0,0
100,4,39,small_world,0.4,1214891787,60,40,1,0,59,0,0,0,0,0.0,0.016666666666666666,0.0,0.016666666666666666,0.016666666666666666,0.016666666666666666,0.016666666666666666,0.016666666666666666,0.0,0,0
100,4,39,scale_free,0.4,1214891787,60,40,1,0,59,0,0,0,0,0.0,0.016666666666666666,0.0,0.016666666666666666,0.016666666666666666,0.016666666666666666,0.016666666666666666,0.016666666666666666,0.0,0,0
100,4,39,er,0.5,1214891787,50,50,5,35,10,0,0,1,35,35.0,0.1,0.7,0.8,0.1,0.1,0.1,0.1,0.7,0,0
100,4,39,ring,0.5,1214891787,50,50,0,37,13,0,0,3,22,12.333333333333334,0.0,0.74,0.74,0.0,0.0,0.0,0.0,0.44,0,0
100,4,39,small_world,0.5,1214891787,50,50,2,46,2,0,0,1,46,46.0,0.04,0.92,0.96,0.04,0.04,0.04,0.04,0.92,0,0
100,4,39,scale_free,0.5,1214891787,50,50,1,41,8,0,0,1,41,41.0,0.02,0.82,0.84,0.02,0.02,0.02,0.02,0.82,0,0
100,4,39,er,0.6,1214891787,40,60,5,31,4,31,31,1,31,31.0,0.125,0.775,0.9,0.9,0.9,0.125,0.125,0.775,1,1
100,4,39,ring,0.6,1214891787,40,60,0,40,0,16,16,4,14,10.0,0.0,1.0,1.0,0.4,0.4,0.4,0.4,0.35,1,1
100,4,39,small_world,0.6,1214891787,40,60,0,39,1,4,4,2,35,19.5,0.0,0.975,0.975,0.1,0.1,0.1,0.1,0.875,1,1
100,4,39,scale_free,0.6,1214891787,40,60,1,32,7,0,0,1,32,32.0,0.025,0.8,0.825,0.025,0.025,0.025,0.025,0.8,0,0
100,4,39,er,0.7,1214891787,30,70,3,25,2,25,25,1,25,25.0,0.1,0.8333333333333334,0.9333333333333333,0.9333333333333333,0.9333333333333333,0.1,0.1,0.8333333333333334,1,1
100,4,39,ring,0.7,1214891787,30,70,0,30,0,30,30,6,13,5.0,0.0,1.0,1.0,1.0,1.0,0.5666666666666667,0.5666666666666667,0.43333333333333335,1,1
100,4,39,small_world,0.7,1214891787,30,70,4,26,0,26,26,3,20,8.666666666666666,0.13333333333333333,0.8666666666666667,1.0,1.0,1.0,0.3333333333333333,0.3333333333333333,0.6666666666666666,1,1
100,4,39,scale_free,0.7,1214891787,30,70,2,27,1,0,0,1,27,27.0,0.06666666666666667,0.9,0.9666666666666667,0.06666666666666667,0.06666666666666667,0.06666666666666667,0.06666666666666667,0.9,0,0
100,4,39,er,0.8,1214891787,20,80,2,16,2,16,16,1,16,16.0,0.1,0.8,0.9,0.9,0.9,0.1,0.1,0.8,1,1
100,4,39,ring,0.8,1214891787,20,80,4,16,0,16,16,3,8,5.333333333333333,0.2,0.8,1.0,1.0,1.0,1.0,1.0,0.4,1,1
100,4,39,small_world,0.8,1214891787,20,80,3,17,0,17,17,2,14,8.5,0.15,0.85,1.0,1.0,1.0,0.3,0.3,0.7,1,1
100,4,39,scale_free,0.8,1214891787,20,80,0,20,0,20,20,1,20,20.0,0.0,1.0,1.0,1.0,1.0,0.0,0.0,1.0,1,1
100,4,39,er,0.9,1214891787,10,90,6,4,0,4,4,1,4,4.0,0.6,0.4,1.0,1.0,1.0,1.0,1.0,0.4,1,1
100,4,39,ring,0.9,1214891787,10,90,3,7,0,7,7,3,3,2.3333333333333335,0.3,0.7,1.0,1.0,1.0,1.0,1.0,0.3,1,1
100,4,39,small_world,0.9,1214891787,10,90,3,7,0,7,7,2,5,3.5,0.3,0.7,1.0,1.0,1.0,1.0,1.0,0.5,1,1
100,4,39,scale_free,0.9,1214891787,10,90,0,10,0,10,10,1,10,10.0,0.0,1.0,1.0,1.0,1.0,1.0,1.0,1.0,1,1
100,4,40,er,0.1,1730507882,90,10,1,0,89,0,0,0,0,0.0,0.011111111111111112,0.0,0.011111111111111112,0.011111111111111112,0.011111111111111112,0.011111111111111112,0.011111111111111112,0.0,0,0
100,4,40,ring,0.1,1730507882,90,10,0,0,90,0,0,0,0,0.0,0.0,0.0,0.0,0.0,0.0,0.0,0.0,0.0,0,0
100,4,40,small_world,0.1,1730507882,90,10,0,0,90,0,0,0,0,0.0,0.0,0.0,0.0,0.0,0.0,0.0,0.0,0.0,0,0
100,4,40,scale_free,0.1,1730507882,90,10,1,0,89,0,0,0,0,0.0,0.011111111111111112,0.0,0.011111111111111112,0.011111111111111112,0.011111111111111112,0.011111111111111112,0.011111111111111112,0.0,0,0
100,4,40,er,0.2,1730507882,80,20,0,0,80,0,0,0,0,0.0,0.0,0.0,0.0,0.0,0.0,0.0,0.0,0.0,0,0
100,4,40,ring,0.2,1730507882,80,20,0,0,80,0,0,0,0,0.0,0.0,0.0,0.0,0.0,0.0,0.0,0.0,0.0,0,0
100,4,40,small_world,0.2,1730507882,80,20,0,0,80,0,0,0,0,0.0,0.0,0.0,0.0,0.0,0.0,0.0,0.0,0.0,0,0
100,4,40,scale_free,0.2,1730507882,80,20,1,0,79,0,0,0,0,0.0,0.0125,0.0,0.0125,0.0125,0.0125,0.0125,0.0125,0.0,0,0
100,4,40,er,0.3,1730507882,70,30,0,0,70,0,0,0,0,0.0,0.0,0.0,0.0,0.0,0.0,0.0,0.0,0.0,0,0
100,4,40,ring,0.3,1730507882,70,30,0,2,68,2,2,1,2,2.0,0.0,0.02857142857142857,0.02857142857142857,0.02857142857142857,0.02857142857142857,0.02857142857142857,0.02857142857142857,0.02857142857142857,1,1
100,4,40,small_world,0.3,1730507882,70,30,0,4,66,4,4,2,2,2.0,0.0,0.05714285714285714,0.05714285714285714,0.05714285714285714,0.05714285714285714,0.05714285714285714,0.05714285714285714,0.02857142857142857,1,1
100,4,40,scale_free,0.3,1730507882,70,30,1,0,69,0,0,0,0,0.0,0.014285714285714285,0.0,0.014285714285714285,0.014285714285714285,0.014285714285714285,0.014285714285714285,0.014285714285714285,0.0,0,0
100,4,40,er,0.4,1730507882,60,40,0,0,60,0,0,0,0,0.0,0.0,0.0,0.0,0.0,0.0,0.0,0.0,0.0,0,0
100,4,40,ring,0.4,1730507882,60,40,0,21,39,2,2,2,19,10.5,0.0,0.35,0.35,0.03333333333333333,0.03333333333333333,0.03333333333333333,0.03333333333333333,0.31666666666666665,1,1
100,4,40,small_world,0.4,1730507882,60,40,0,9,51,9,9,2,7,4.5,0.0,0.15,0.15,0.15,0.15,0.15,0.15,0.11666666666666667,1,1
100,4,40,scale_free,0.4,1730507882,60,40,1,0,59,0,0,0,0,0.0,0.016666666666666666,0.0,0.016666666666666666,0.016666666666666666,0.016666666666666666,0.016666666666666666,0.016666666666666666,0.0,0,0
100,4,40,er,0.5,1730507882,50,50,0,0,50,0,0,0,0,0.0,0.0,0.0,0.0,0.0,0.0,0.0,0.0,0.0,0,0
100,4,40,ring,0.5,1730507882,50,50,0,26,24,10,10,5,16,5.2,0.0,0.52,0.52,0.2,0.2,0.2,0.2,0.32,1,1
100,4,40,small_world,0.5,1730507882,50,50,0,12,38,9,9,3,7,4.0,0.0,0.24,0.24,0.18,0.18,0.18,0.18,0.14,1,1
100,4,40,scale_free,0.5,1730507882,50,50,0,43,7,0,0,1,43,43.0,0.0,0.86,0.86,0.0,0.0,0.0,0.0,0.86,0,0
100,4,40,er,0.6,1730507882,40,60,0,38,2,38,38,1,38,38.0,0.0,0.95,0.95,0.95,0.95,0.0,0.0,0.95,1,1
100,4,40,ring,0.6,1730507882,40,60,2,20,18,15,15,6,5,3.3333333333333335,0.05,0.5,0.55,0.425,0.425,0.425,0.425,0.125,1,1
100,4,40,small_world,0.6,1730507882,40,60,2,37,1,6,6,4,28,9.25,0.05,0.925,0.975,0.2,0.2,0.2,0.2,0.7,1,1
100,4,40,scale_free,0.6,1730507882,40,60,1,36,3,0,0,1,36,36.0,0.025,0.9,0.925,0.025,0.025,0.025,0.025,0.9,0,0
100,4,40,er,0.7,1730507882,30,70,0,29,1,29,29,1,29,29.0,0.0,0.9666666666666667,0.9666666666666667,0.9666666666666667,0.9666666666666667,0.0,0.0,0.9666666666666667,1,1
100,4,40,ring,0.7,1730507882,30,70,3,22,5,22,22,6,7,3.6666666666666665,0.1,0.7333333333333333,0.8333333333333334,0.8333333333333334,0.8333333333333334,0.8333333333333334,0.8333333333333334,0.23333333333333334,1,1
100,4,40,small_world,0.7,1730507882,30,70,2,28,0,28,28,8,7,3.5,0.06666666666666667,0.9333333333333333,1.0,1.0,1.0,1.0,1.0,0.23333333333333334,1,1
100,4,40,scale_free,0.7,1730507882,30,70,1,28,1,28,28,1,28,28.0,0.03333333333333333,0.9333333333333333,0.9666666666666667,0.9666666666666667,0.9666666666666667,0.03333333333333333,0.03333333333333333,0.9333333333333333,1,1
100,4,40,er,0.8,1730507882,20,80,0,19,1,19,19,1,19,19.0,0.0,0.95,0.95,0.95,0.95,0.0,0.0,0.95,1,1
100,4,40,ring,0.8,1730507882,20,80,5,15,0,15,15,4,6,3.75,0.25,0.75,1.0,1.0,1.0,1.0,1.0,0.3,1,1
100,4,40,small_world,0.8,1730507882,20,80,6,14,0,14,14,4,4,3.5,0.3,0.7,1.0,1.0,1.0,1.0,1.0,0.2,1,1
100,4,40,scale_free,0.8,1730507882,20,80,1,18,1,18,18,2,14,9.0,0.05,0.9,0.95,0.95,0.95,0.25,0.25,0.7,1,1
100,4,40,er,0.9,1730507882,10,90,3,7,0,7,7,1,7,7.0,0.3,0.7,1.0,1.0,1.0,1.0,1.0,0.7,1,1
100,4,40,ring,0.9,1730507882,10,90,4,6,0,6,6,2,4,3.0,0.4,0.6,1.0,1.0,1.0,1.0,1.0,0.4,1,1
100,4,40,small_world,0.9,1730507882,10,90,4,6,0,6,6,2,4,3.0,0.4,0.6,1.0,1.0,1.0,1.0,1.0,0.4,1,1
100,4,40,scale_free,0.9,1730507882,10,90,2,8,0,8,8,2,5,4.0,0.2,0.8,1.0,1.0,1.0,1.0,1.0,0.5,1,1
100,4,41,er,0.1,863016966,90,10,0,0,90,0,0,0,0,0.0,0.0,0.0,0.0,0.0,0.0,0.0,0.0,0.0,0,0
100,4,41,ring,0.1,863016966,90,10,0,0,90,0,0,0,0,0.0,0.0,0.0,0.0,0.0,0.0,0.0,0.0,0.0,0,0
100,4,41,small_world,0.1,863016966,90,10,0,0,90,0,0,0,0,0.0,0.0,0.0,0.0,0.0,0.0,0.0,0.0,0.0,0,0
100,4,41,scale_free,0.1,863016966,90,10,1,2,87,2,2,1,2,2.0,0.011111111111111112,0.022222222222222223,0.03333333333333333,0.03333333333333333,0.03333333333333333,0.03333333333333333,0.03333333333333333,0.022222222222222223,1,1
100,4,41,er,0.2,863016966,80,20,1,0,79,0,0,0,0,0.0,0.0125,0.0,0.0125,0.0125,0.0125,0.0125,0.0125,0.0,0,0
100,4,41,ring,0.2,863016966,80,20,0,0,80,0,0,0,0,0.0,0.0,0.0,0.0,0.0,0.0,0.0,0.0,0.0,0,0
100,4,41,small_world,0.2,863016966,80,20,0,0,80,0,0,0,0,0.0,0.0,0.0,0.0,0.0,0.0,0.0,0.0,0.0,0,0
100,4,41,scale_free,0.2,863016966,80,20,0,0,80,0,0,0,0,0.0,0.0,0.0,0.0,0.0,0.0,0.0,0.0,0.0,0,0
100,4,41,er,0.3,863016966,70,30,2,0,68,0,0,0,0,0.0,0.02857142857142857,0.0,0.02857142857142857,0.02857142857142857,0.02857142857142857,0.02857142857142857,0.02857142857142857,0.0,0,0
100,4,41,ring,0.3,863016966,70,30,0,0,70,0,0,0,0,0.0,0.0,0.0,0.0,0.0,0.0,0.0,0.0,0.0,0,0
100,4,41,small_world,0.3,863016966,70,30,0,0,70,0,0,0,0,0.0,0.0,0.0,0.0,0.0,0.0,0.0,0.0,0.0,0,0
100,4,41,scale_free,0.3,863016966,70,30,1,0,69,0,0,0,0,0.0,0.014285714285714285,0.0,0.014285714285714285,0.014285714285714285,0.014285714285714285,0.014285714285714285,0.014285714285714285,0.0,0,0
100,4,41,er,0.4,863016966,60,40,2,0,58,0,0,0,0,0.0,0.03333333333333333,0.0,0.03333333333333333,0.03333333333333333,0.03333333333333333,0.03333333333333333,0.03333333333333333,0.0,0,0
100,4,41,ring,0.4,863016966,60,40,0,0,60,0,0,0,0,0.0,0.0,0.0,0.0,0.0,0.0,0.0,0.0,0.0,0,0
100,4,41,small_world,0.4,863016966,60,40,0,0,60,0,0,0,0,0.0,0.0,0.0,0.0,0.0,0.0,0.0,0.0,0.0,0,0
100,4,41,scale_free,0.4,863016966,60,40,2,0,58,0,0,0,0,0.0,0.03333333333333333,0.0,0.03333333333333333,0.03333333333333333,0.03333333333333333,0.03333333333333333,0.03333333333333333,0.0,0,0
100,4,41,er,0.5,863016966,50,50,3,41,6,0,0,1,41,41.0,0.06,0.82,0.88,0.06,0.06,0.06,0.06,0.82,0,0
100,4,41,ring,0.5,863016966,50,50,0,24,26,0,0,2,14,12.0,0.0,0.48,0.48,0.0,0.0,0.0,0.0,0.28,0,0
100,4,41,small_world,0.5,863016966,50,50,0,42,8,0,0,2,36,21.0,0.0,0.84,0.84,0.0,0.0,0.0,0.0,0.72,0,0
100,4,41,scale_free,0.5,863016966,50,50,3,0,47,0,0,0,0,0.0,0.06,0.0,0.06,0.06,0.06,0.06,0.06,0.0,0,0
100,4,41,er,0.6,863016966,40,60,4,32,4,0,0,1,32,32.0,0.1,0.8,0.9,0.1,0.1,0.1,0.1,0.8,0,0
100,4,41,ring,0.6,863016966,40,60,0,39,1,18,18,5,17,7.8,0.0,0.975,0.975,0.45,0.45,0.175,0.175,0.425,1,1
100,4,41,small_world,0.6,863016966,40,60,0,35,5,2,2,2,33,17.5,0.0,0.875,0.875,0.05,0.05,0.05,0.05,0.825,1,1
100,4,41,scale_free,0.6,863016966,40,60,4,33,3,0,0,1,33,33.0,0.1,0.825,0.925,0.1,0.1,0.1,0.1,0.825,0,0
100,4,41,er,0.7,863016966,30,70,4,22,4,22,22,1,22,22.0,0.13333333333333333,0.7333333333333333,0.8666666666666667,0.8666666666666667,0.8666666666666667,0.13333333333333333,0.13333333333333333,0.7333333333333333,1,1
100,4,41,ring,0.7,863016966,30,70,1,29,0,29,29,4,20,7.25,0.03333333333333333,0.9666666666666667,1.0,1.0,1.0,0.3333333333333333,0.3333333333333333,0.6666666666666666,1,1
100,4,41,small_world,0.7,863016966,30,70,0,30,0,4,4,3,26,10.0,0.0,1.0,1.0,0.13333333333333333,0.13333333333333333,0.13333333333333333,0.13333333333333333,0.8666666666666667,1,1
100,4,41,scale_free,0.7,863016966,30,70,4,24,2,0,0,1,24,24.0,0.13333333333333333,0.8,0.9333333333333333,0.13333333333333333,0.13333333333333333,0.13333333333333333,0.13333333333333333,0.8,0,0
100,4,41,er,0.8,863016966,20,80,2,17,1,17,17,1,17,17.0,0.1,0.85,0.95,0.95,0.95,0.1,0.1,0.85,1,1
100,4,41,ring,0.8,863016966,20,80,1,19,0,19,19,5,7,3.8,0.05,0.95,1.0,1.0,1.0,1.0,1.0,0.35,1,1
100,4,41,small_world,0.8,863016966,20,80,0,20,0,20,20,5,7,4.0,0.0,1.0,1.0,1.0,1.0,1.0,1.0,0.35,1,1
100,4,41,scale_free,0.8,863016966,20,80,2,18,0,18,18,1,18,18.0,0.1,0.9,1.0,1.0,1.0,0.1,0.1,0.9,1,1
100,4,41,er,0.9,863016966,10,90,3,7,0,7,7,1,7,7.0,0.3,0.7,1.0,1.0,1.0,1.0,1.0,0.7,1,1
100,4,41,ring,0.9,863016966,10,90,3,7,0,7,7,3,3,2.3333333333333335,0.3,0.7,1.0,1.0,1.0,1.0,1.0,0.3,1,1
100,4,41,small_world,0.9,863016966,10,90,3,7,0,7,7,3,3,2.3333333333333335,0.3,0.7,1.0,1.0,1.0,1.0,1.0,0.3,1,1
100,4,41,scale_free,0.9,863016966,10,90,1,9,0,9,9,2,7,4.5,0.1,0.9,1.0,1.0,1.0,1.0,1.0,0.7,1,1
100,4,42,er,0.1,706689272,90,10,2,0,88,0,0,0,0,0.0,0.022222222222222223,0.0,0.022222222222222223,0.022222222222222223,0.022222222222222223,0.022222222222222223,0.022222222222222223,0.0,0,0
100,4,42,ring,0.1,706689272,90,10,0,0,90,0,0,0,0,0.0,0.0,0.0,0.0,0.0,0.0,0.0,0.0,0.0,0,0
100,4,42,small_world,0.1,706689272,90,10,0,0,90,0,0,0,0,0.0,0.0,0.0,0.0,0.0,0.0,0.0,0.0,0.0,0,0
100,4,42,scale_free,0.1,706689272,90,10,0,0,90,0,0,0,0,0.0,0.0,0.0,0.0,0.0,0.0,0.0,0.0,0.0,0,0
100,4,42,er,0.2,706689272,80,20,3,0,77,0,0,0,0,0.0,0.0375,0.0,0.0375,0.0375,0.0375,0.0375,0.0375,0.0,0,0
100,4,42,ring,0.2,706689272,80,20,0,0,80,0,0,0,0,0.0,0.0,0.0,0.0,0.0,0.0,0.0,0.0,0.0,0,0
100,4,42,small_world,0.2,706689272,80,20,0,0,80,0,0,0,0,0.0,0.0,0.0,0.0,0.0,0.0,0.0,0.0,0.0,0,0
100,4,42,scale_free,0.2,706689272,80,20,1,0,79,0,0,0,0,0.0,0.0125,0.0,0.0125,0.0125,0.0125,0.0125,0.0125,0.0,0,0
100,4,42,er,0.3,706689272,70,30,1,2,67,2,2,1,2,2.0,0.014285714285714285,0.02857142857142857,0.04285714285714286,0.04285714285714286,0.04285714285714286,0.04285714285714286,0.04285714285714286,0.02857142857142857,1,1
100,4,42,ring,0.3,706689272,70,30,0,6,64,2,2,2,4,3.0,0.0,0.08571428571428572,0.08571428571428572,0.02857142857142857,0.02857142857142857,0.02857142857142857,0.02857142857142857,0.05714285714285714,1,1
100,4,42,small_world,0.3,706689272,70,30,1,0,69,0,0,0,0,0.0,0.014285714285714285,0.0,0.014285714285714285,0.014285714285714285,0.014285714285714285,0.014285714285714285,0.014285714285714285,0.0,0,0
100,4,42,scale_free,0.3,706689272,70,30,0,0,70,0,0,0,0,0.0,0.0,0.0,0.0,0.0,0.0,0.0,0.0,0.0,0,0
100,4,42,er,0.4,706689272,60,40,2,0,58,0,0,0,0,0.0,0.03333333333333333,0.0,0.03333333333333333,0.03333333333333333,0.03333333333333333,0.03333333333333333,0.03333333333333333,0.0,0,0
100,4,42,ring,0.4,706689272,60,40,0,8,52,8,8,3,4,2.6666666666666665,0.0,0.13333333333333333,0.13333333333333333,0.13333333333333333,0.13333333333333333,0.13333333333333333,0.13333333333333333,0.06666666666666667,1,1
100,4,42,small_world,0.4,706689272,60,40,0,0,60,0,0,0,0,0.0,0.0,0.0,0.0,0.0,0.0,0.0,0.0,0.0,0,0
100,4,42,scale_free,0.4,706689272,60,40,2,0,58,0,0,0,0,0.0,0.03333333333333333,0.0,0.03333333333333333,0.03333333333333333,0.03333333333333333,0.03333333333333333,0.03333333333333333,0.0,0,0
100,4,42,er,0.5,706689272,50,50,2,42,6,0,0,1,42,42.0,0.04,0.84,0.88,0.04,0.04,0.04,0.04,0.84,0,0
100,4,42,ring,0.5,706689272,50,50,0,18,32,12,12,6,6,3.0,0.0,0.36,0.36,0.24,0.24,0.24,0.24,0.12,1,1
100,4,42,small_world,0.5,706689272,50,50,0,15,35,15,15,4,7,3.75,0.0,0.3,0.3,0.3,0.3,0.3,0.3,0.14,1,1
100,4,42,scale_free,0.5,706689272,50,50,1,2,47,2,2,1,2,2.0,0.02,0.04,0.06,0.06,0.06,0.06,0.06,0.04,1,1
100,4,42,er,0.6,706689272,40,60,1,34,5,0,0,1,34,34.0,0.025,0.85,0.875,0.025,0.025,0.025,0.025,0.85,0,0
100,4,42,ring,0.6,706689272,40,60,1,39,0,39,39,6,13,6.5,0.025,0.975,1.0,1.0,1.0,0.675,0.675,0.325,1,1
100,4,42,small_world,0.6,706689272,40,60,1,39,0,20,20,4,19,9.75,0.025,0.975,1.0,0.525,0.525,0.15,0.15,0.475,1,1
100,4,42,scale_free,0.6,706689272,40,60,2,36,2,0,0,1,36,36.0,0.05,0.9,0.95,0.05,0.05,0.05,0.05,0.9,0,0
100,4,42,er,0.7,706689272,30,70,2,24,4,0,0,1,24,24.0,0.06666666666666667,0.8,0.8666666666666667,0.06666666666666667,0.06666666666666667,0.06666666666666667,0.06666666666666667,0.8,0,0
100,4,42,ring,0.7,706689272,30,70,2,28,0,28,28,7,7,4.0,0.06666666666666667,0.9333333333333333,1.0,1.0,1.0,1.0,1.0,0.23333333333333334,1,1
100,4,42,small_world,0.7,706689272,30,70,1,29,0,29,29,6,11,4.833333333333333,0.03333333333333333,0.9666666666666667,1.0,1.0,1.0,0.6333333333333333,0.6333333333333333,0.36666666666666664,1,1
100,4,42,scale_free,0.7,706689272,30,70,2,26,2,26,26,1,26,26.0,0.06666666666666667,0.8666666666666667,0.9333333333333333,0.9333333333333333,0.9333333333333333,0.06666666666666667,0.06666666666666667,0.8666666666666667,1,1
100,4,42,er,0.8,706689272,20,80,0,18,2,18,18,1,18,18.0,0.0,0.9,0.9,0.9,0.9,0.0,0.0,0.9,1,1
100,4,42,ring,0.8,706689272,20,80,3,17,0,17,17,5,7,3.4,0.15,0.85,1.0,1.0,1.0,1.0,1.0,0.35,1,1
100,4,42,small_world,0.8,706689272,20,80,3,17,0,17,17,5,5,3.4,0.15,0.85,1.0,1.0,1.0,1.0,1.0,0.25,1,1
100,4,42,scale_free,0.8,706689272,20,80,2,17,1,17,17,1,17,17.0,0.1,0.85,0.95,0.95,0.95,0.1,0.1,0.85,1,1
100,4,42,er,0.9,706689272,10,90,1,9,0,9,9,1,9,9.0,0.1,0.9,1.0,1.0,1.0,1.0,1.0,0.9,1,1
100,4,42,ring,0.9,706689272,10,90,4,6,0,6,6,3,2,2.0,0.4,0.6,1.0,1.0,1.0,1.0,1.0,0.2,1,1
100,4,42,small_world,0.9,706689272,10,90,6,4,0,4,4,2,2,2.0,0.6,0.4,1.0,1.0,1.0,1.0,1.0,0.2,1,1
100,4,42,scale_free,0.9,706689272,10,90,5,5,0,5,5,2,3,2.5,0.5,0.5,1.0,1.0,1.0,1.0,1.0,0.3,1,1
100,4,43,er,0.1,674242762,90,10,1,0,89,0,0,0,0,0.0,0.011111111111111112,0.0,0.011111111111111112,0.011111111111111112,0.011111111111111112,0.011111111111111112,0.011111111111111112,0.0,0,0
100,4,43,ring,0.1,674242762,90,10,0,0,90,0,0,0,0,0.0,0.0,0.0,0.0,0.0,0.0,0.0,0.0,0.0,0,0
100,4,43,small_world,0.1,674242762,90,10,0,0,90,0,0,0,0,0.0,0.0,0.0,0.0,0.0,0.0,0.0,0.0,0.0,0,0
100,4,43,scale_free,0.1,674242762,90,10,0,0,90,0,0,0,0,0.0,0.0,0.0,0.0,0.0,0.0,0.0,0.0,0.0,0,0
100,4,43,er,0.2,674242762,80,20,2,0,78,0,0,0,0,0.0,0.025,0.0,0.025,0.025,0.025,0.025,0.025,0.0,0,0
100,4,43,ring,0.2,674242762,80,20,0,0,80,0,0,0,0,0.0,0.0,0.0,0.0,0.0,0.0,0.0,0.0,0.0,0,0
100,4,43,small_world,0.2,674242762,80,20,0,0,80,0,0,0,0,0.0,0.0,0.0,0.0,0.0,0.0,0.0,0.0,0.0,0,0
100,4,43,scale_free,0.2,674242762,80,20,0,0,80,0,0,0,0,0.0,0.0,0.0,0.0,0.0,0.0,0.0,0.0,0.0,0,0
100,4,43,er,0.3,674242762,70,30,1,0,69,0,0,0,0,0.0,0.014285714285714285,0.0,0.014285714285714285,0.014285714285714285,0.014285714285714285,0.014285714285714285,0.014285714285714285,0.0,0,0
100,4,43,ring,0.3,674242762,70,30,0,0,70,0,0,0,0,0.0,0.0,0.0,0.0,0.0,0.0,0.0,0.0,0.0,0,0
100,4,43,small_world,0.3,674242762,70,30,2,0,68,0,0,0,0,0.0,0.02857142857142857,0.0,0.02857142857142857,0.02857142857142857,0.02857142857142857,0.02857142857142857,0.02857142857142857,0.0,0,0
100,4,43,scale_free,0.3,674242762,70,30,0,0,70,0,0,0,0,0.0,0.0,0.0,0.0,0.0,0.0,0.0,0.0,0.0,0,0
100,4,43,er,0.4,674242762,60,40,1,0,59,0,0,0,0,0.0,0.016666666666666666,0.0,0.016666666666666666,0.016666666666666666,0.016666666666666666,0.016666666666666666,0.016666666666666666,0.0,0,0
100,4,43,ring,0.4,674242762,60,40,0,8,52,2,2,2,6,4.0,0.0,0.13333333333333333,0.13333333333333333,0.03333333333333333,0.03333333333333333,0.03333333333333333,0.03333333333333333,0.1,1,1
100,4,43,small_world,0.4,674242762,60,40,2,0,58,0,0,0,0,0.0,0.03333333333333333,0.0,0.03333333333333333,0.03333333333333333,0.03333333333333333,0.03333333333333333,0.03333333333333333,0.0,0,0
100,4,43,scale_free,0.4,674242762,60,40,2,0,58,0,0,0,0,0.0,0.03333333333333333,0.0,0.03333333333333333,0.03333333333333333,0.03333333333333333,0.03333333333333333,0.03333333333333333,0.0,0,0
100,4,43,er,0.5,674242762,50,50,1,40,9,3,3,2,37,20.0,0.02,0.8,0.82,0.08,0.08,0.08,0.08,0.74,1,1
100,4,43,ring,0.5,674242762,50,50,0,14,36,14,14,3,8,4.666666666666667,0.0,0.28,0.28,0.28,0.28,0.28,0.28,0.16,1,1
100,4,43,small_world,0.5,674242762,50,50,2,35,13,0,0,1,35,35.0,0.04,0.7,0.74,0.04,0.04,0.04,0.04,0.7,0,0
100,4,43,scale_free,0.5,674242762,50,50,1,42,7,0,0,1,42,42.0,0.02,0.84,0.86,0.02,0.02,0.02,0.02,0.84,0,0
100,4,43,er,0.6,674242762,40,60,2,28,10,28,28,2,26,14.0,0.05,0.7,0.75,0.75,0.75,0.1,0.1,0.65,1,1
100,4,43,ring,0.6,674242762,40,60,0,40,0,29,29,8,12,5.0,0.0,1.0,1.0,0.725,0.725,0.425,0.425,0.3,1,1
100,4,43,small_world,0.6,674242762,40,60,1,36,3,24,24,3,18,12.0,0.025,0.9,0.925,0.625,0.625,0.175,0.175,0.45,1,1
100,4,43,scale_free,0.6,674242762,40,60,3,33,4,0,0,1,33,33.0,0.075,0.825,0.9,0.075,0.075,0.075,0.075,0.825,0,0
100,4,43,er,0.7,674242762,30,70,3,26,1,26,26,2,23,13.0,0.1,0.8666666666666667,0.9666666666666667,0.9666666666666667,0.9666666666666667,0.2,0.2,0.7666666666666667,1,1
100,4,43,ring,0.7,674242762,30,70,2,28,0,19,19,7,9,4.0,0.06666666666666667,0.9333333333333333,1.0,0.7,0.7,0.7,0.7,0.3,1,1
100,4,43,small_world,0.7,674242762,30,70,3,26,1,26,26,1,26,26.0,0.1,0.8666666666666667,0.9666666666666667,0.9666666666666667,0.9666666666666667,0.1,0.1,0.8666666666666667,1,1
100,4,43,scale_free,0.7,674242762,30,70,3,26,1,0,0,1,26,26.0,0.1,0.8666666666666667,0.9666666666666667,0.1,0.1,0.1,0.1,0.8666666666666667,0,0
100,4,43,er,0.8,674242762,20,80,3,17,0,17,17,1,17,17.0,0.15,0.85,1.0,1.0,1.0,0.15,0.15,0.85,1,1
100,4,43,ring,0.8,674242762,20,80,5,15,0,15,15,6,5,2.5,0.25,0.75,1.0,1.0,1.0,1.0,1.0,0.25,1,1
100,4,43,small_world,0.8,674242762,20,80,3,17,0,17,17,4,7,4.25,0.15,0.85,1.0,1.0,1.0,1.0,1.0,0.35,1,1
100,4,43,scale_free,0.8,674242762,20,80,1,19,0,19,19,1,19,19.0,0.05,0.95,1.0,1.0,1.0,0.05,0.05,0.95,1,1
100,4,43,er,0.9,674242762,10,90,4,6,0,6,6,2,4,3.0,0.4,0.6,1.0,1.0,1.0,1.0,1.0,0.4,1,1
100,4,43,ring,0.9,674242762,10,90,2,8,0,8,8,4,2,2.0,0.2,0.8,1.0,1.0,1.0,1.0,1.0,0.2,1,1
100,4,43,small_world,0.9,674242762,10,90,1,9,0,9,9,4,3,2.25,0.1,0.9,1.0,1.0,1.0,1.0,1.0,0.3,1,1
100,4,43,scale_free,0.9,674242762,10,90,1,9,0,9,9,3,5,3.0,0.1,0.9,1.0,1.0,1.0,1.0,1.0,0.5,1,1
100,4,44,er,0.1,3075354641,90,10,0,0,90,0,0,0,0,0.0,0.0,0.0,0.0,0.0,0.0,0.0,0.0,0.0,0,0
100,4,44,ring,0.1,3075354641,90,10,0,0,90,0,0,0,0,0.0,0.0,0.0,0.0,0.0,0.0,0.0,0.0,0.0,0,0
100,4,44,small_world,0.1,3075354641,90,10,0,0,90,0,0,0,0,0.0,0.0,0.0,0.0,0.0,0.0,0.0,0.0,0.0,0,0
100,4,44,scale_free,0.1,3075354641,90,10,0,0,90,0,0,0,0,0.0,0.0,0.0,0.0,0.0,0.0,0.0,0.0,0.0,0,0
100,4,44,er,0.2,3075354641,80,20,0,0,80,0,0,0,0,0.0,0.0,0.0,0.0,0.0,0.0,0.0,0.0,0.0,0,0
100,4,44,ring,0.2,3075354641,80,20,0,0,80,0,0,0,0,0.0,0.0,0.0,0.0,0.0,0.0,0.0,0.0,0.0,0,0
100,4,44,small_world,0.2,3075354641,80,20,0,0,80,0,0,0,0,0.0,0.0,0.0,0.0,0.0,0.0,0.0,0.0,0.0,0,0
100,4,44,scale_free,0.2,3075354641,80,20,2,0,78,0,0,0,0,0.0,0.025,0.0,0.025,0.025,0.025,0.025,0.025,0.0,0,0
100,4,44,er,0.3,3075354641,70,30,1,2,67,2,2,1,2,2.0,0.014285714285714285,0.02857142857142857,0.04285714285714286,0.04285714285714286,0.04285714285714286,0.04285714285714286,0.04285714285714286,0.02857142857142857,1,1
100,4,44,ring,0.3,3075354641,70,30,0,0,70,0,0,0,0,0.0,0.0,0.0,0.0,0.0,0.0,0.0,0.0,0.0,0,0
100,4,44,small_world,0.3,3075354641,70,30,0,0,70,0,0,0,0,0.0,0.0,0.0,0.0,0.0,0.0,0.0,0.0,0.0,0,0
100,4,44,scale_free,0.3,3075354641,70,30,3,0,67,0,0,0,0,0.0,0.04285714285714286,0.0,0.04285714285714286,0.04285714285714286,0.04285714285714286,0.04285714285714286,0.04285714285714286,0.0,0,0
100,4,44,er,0.4,3075354641,60,40,4,0,56,0,0,0,0,0.0,0.06666666666666667,0.0,0.06666666666666667,0.06666666666666667,0.06666666666666667,0.06666666666666667,0.06666666666666667,0.0,0,0
100,4,44,ring,0.4,3075354641,60,40,0,0,60,0,0,0,0,0.0,0.0,0.0,0.0,0.0,0.0,0.0,0.0,0.0,0,0
100,4,44,small_world,0.4,3075354641,60,40,1,0,59,0,0,0,0,0.0,0.016666666666666666,0.0,0.016666666666666666,0.016666666666666666,0.016666666666666666,0.016666666666666666,0.016666666666666666,0.0,0,0
100,4,44,scale_free,0.4,3075354641,60,40,4,0,56,0,0,0,0,0.0,0.06666666666666667,0.0,0.06666666666666667,0.06666666666666667,0.06666666666666667,0.06666666666666667,0.06666666666666667,0.0,0,0
100,4,44,er,0.5,3075354641,50,50,4,0,46,0,0,0,0,0.0,0.08,0.0,0.08,0.08,0.08,0.08,0.08,0.0,0,0
100,4,44,ring,0.5,3075354641,50,50,0,32,18,11,11,5,11,6.4,0.0,0.64,0.64,0.22,0.22,0.0,0.0,0.22,1,1
100,4,44,small_world,0.5,3075354641,50,50,0,28,22,0,0,1,28,28.0,0.0,0.56,0.56,0.0,0.0,0.0,0.0,0.56,0,0
100,4,44,scale_free,0.5,3075354641,50,50,5,31,14,0,0,1,31,31.0,0.1,0.62,0.72,0.1,0.1,0.1,0.1,0.62,0,0
100,4,44,er,0.6,3075354641,40,60,4,31,5,0,0,1,31,31.0,0.1,0.775,0.875,0.1,0.1,0.1,0.1,0.775,0,0
100,4,44,ring,0.6,3075354641,40,60,0,40,0,33,33,6,12,6.666666666666667,0.0,1.0,1.0,0.825,0.825,0.525,0.525,0.3,1,1
100,4,44,small_world,0.6,3075354641,40,60,0,40,0,36,36,5,23,8.0,0.0,1.0,1.0,0.9,0.9,0.325,0.325,0.575,1,1
100,4,44,scale_free,0.6,3075354641,40,60,6,27,7,27,27,1,27,27.0,0.15,0.675,0.825,0.825,0.825,0.15,0.15,0.675,1,1
100,4,44,er,0.7,3075354641,30,70,3,26,1,26,26,1,26,26.0,0.1,0.8666666666666667,0.9666666666666667,0.9666666666666667,0.9666666666666667,0.1,0.1,0.8666666666666667,1,1
100,4,44,ring,0.7,3075354641,30,70,4,26,0,19,19,6,7,4.333333333333333,0.13333333333333333,0.8666666666666667,1.0,0.7666666666666667,0.7666666666666667,0.7666666666666667,0.7666666666666667,0.23333333333333334,1,1
100,4,44,small_world,0.7,3075354641,30,70,4,26,0,22,22,5,7,5.2,0.13333333333333333,0.8666666666666667,1.0,0.8666666666666667,0.8666666666666667,0.8666666666666667,0.8666666666666667,0.23333333333333334,1,1
100,4,44,scale_free,0.7,3075354641,30,70,3,23,4,23,23,1,23,23.0,0.1,0.7666666666666667,0.8666666666666667,0.8666666666666667,0.8666666666666667,0.1,0.1,0.7666666666666667,1,1
100,4,44,er,0.8,3075354641,20,80,2,17,1,17,17,1,17,17.0,0.1,0.85,0.95,0.95,0.95,0.1,0.1,0.85,1,1
100,4,44,ring,0.8,3075354641,20,80,3,17,0,17,17,5,4,3.4,0.15,0.85,1.0,1.0,1.0,1.0,1.0,0.2,1,1
100,4,44,small_world,0.8,3075354641,20,80,3,17,0,17,17,3,9,5.666666666666667,0.15,0.85,1.0,1.0,1.0,1.0,1.0,0.45,1,1
100,4,44,scale_free,0.8,3075354641,20,80,0,20,0,20,20,1,20,20.0,0.0,1.0,1.0,1.0,1.0,0.0,0.0,1.0,1,1
100,4,44,er,0.9,3075354641,10,90,0,9,1,9,9,1,9,9.0,0.0,0.9,0.9,0.9,0.9,0.9,0.9,0.9,1,1
100,4,44,ring,0.9,3075354641,10,90,6,4,0,4,4,1,4,4.0,0.6,0.4,1.0,1.0,1.0,1.0,1.0,0.4,1,1
100,4,44,small_world,0.9,3075354641,10,90,4,6,0,6,6,2,4,3.0,0.4,0.6,1.0,1.0,1.0,1.0,1.0,0.4,1,1
100,4,44,scale_free,0.9,3075354641,10,90,0,10,0,10,10,1,10,10.0,0.0,1.0,1.0,1.0,1.0,1.0,1.0,1.0,1,1
100,4,45,er,0.1,1320047871,90,10,0,0,90,0,0,0,0,0.0,0.0,0.0,0.0,0.0,0.0,0.0,0.0,0.0,0,0
100,4,45,ring,0.1,1320047871,90,10,0,0,90,0,0,0,0,0.0,0.0,0.0,0.0,0.0,0.0,0.0,0.0,0.0,0,0
100,4,45,small_world,0.1,1320047871,90,10,0,0,90,0,0,0,0,0.0,0.0,0.0,0.0,0.0,0.0,0.0,0.0,0.0,0,0
100,4,45,scale_free,0.1,1320047871,90,10,2,0,88,0,0,0,0,0.0,0.022222222222222223,0.0,0.022222222222222223,0.022222222222222223,0.022222222222222223,0.022222222222222223,0.022222222222222223,0.0,0,0
100,4,45,er,0.2,1320047871,80,20,2,0,78,0,0,0,0,0.0,0.025,0.0,0.025,0.025,0.025,0.025,0.025,0.0,0,0
100,4,45,ring,0.2,1320047871,80,20,0,0,80,0,0,0,0,0.0,0.0,0.0,0.0,0.0,0.0,0.0,0.0,0.0,0,0
100,4,45,small_world,0.2,1320047871,80,20,0,0,80,0,0,0,0,0.0,0.0,0.0,0.0,0.0,0.0,0.0,0.0,0.0,0,0
100,4,45,scale_free,0.2,1320047871,80,20,3,0,77,0,0,0,0,0.0,0.0375,0.0,0.0375,0.0375,0.0375,0.0375,0.0375,0.0,0,0
100,4,45,er,0.3,1320047871,70,30,2,0,68,0,0,0,0,0.0,0.02857142857142857,0.0,0.02857142857142857,0.02857142857142857,0.02857142857142857,0.02857142857142857,0.02857142857142857,0.0,0,0
100,4,45,ring,0.3,1320047871,70,30,0,2,68,2,2,1,2,2.0,0.0,0.02857142857142857,0.02857142857142857,0.02857142857142857,0.02857142857142857,0.02857142857142857,0.02857142857142857,0.02857142857142857,1,1
100,4,45,small_world,0.3,1320047871,70,30,0,2,68,2,2,1,2,2.0,0.0,0.02857142857142857,0.02857142857142857,0.02857142857142857,0.02857142857142857,0.02857142857142857,0.02857142857142857,0.02857142857142857,1,1
100,4,45,scale_free,0.3,1320047871,70,30,3,0,67,0,0,0,0,0.0,0.04285714285714286,0.0,0.04285714285714286,0.04285714285714286,0.04285714285714286,0.04285714285714286,0.04285714285714286,0.0,0,0
100,4,45,er,0.4,1320047871,60,40,3,0,57,0,0,0,0,0.0,0.05,0.0,0.05,0.05,0.05,0.05,0.05,0.0,0,0
100,4,45,ring,0.4,1320047871,60,40,0,16,44,13,13,3,11,5.333333333333333,0.0,0.26666666666666666,0.26666666666666666,0.21666666666666667,0.21666666666666667,0.03333333333333333,0.03333333333333333,0.18333333333333332,1,1
100,4,45,small_world,0.4,1320047871,60,40,0,5,55,2,2,2,3,2.5,0.0,0.08333333333333333,0.08333333333333333,0.03333333333333333,0.03333333333333333,0.03333333333333333,0.03333333333333333,0.05,1,1
100,4,45,scale_free,0.4,1320047871,60,40,5,0,55,0,0,0,0,0.0,0.08333333333333333,0.0,0.08333333333333333,0.08333333333333333,0.08333333333333333,0.08333333333333333,0.08333333333333333,0.0,0,0
100,4,45,er,0.5,1320047871,50,50,2,40,8,0,0,1,40,40.0,0.04,0.8,0.84,0.04,0.04,0.04,0.04,0.8,0,0
100,4,45,ring,0.5,1320047871,50,50,0,18,32,15,15,5,8,3.6,0.0,0.36,0.36,0.3,0.3,0.3,0.3,0.16,1,1
100,4,45,small_world,0.5,1320047871,50,50,0,33,17,6,6,6,12,5.5,0.0,0.66,0.66,0.12,0.12,0.12,0.12,0.24,1,1
100,4,45,scale_free,0.5,1320047871,50,50,6,38,6,0,0,1,38,38.0,0.12,0.76,0.88,0.12,0.12,0.12,0.12,0.76,0,0
100,4,45,er,0.6,1320047871,40,60,3,35,2,0,0,1,35,35.0,0.075,0.875,0.95,0.075,0.075,0.075,0.075,0.875,0,0
100,4,45,ring,0.6,1320047871,40,60,0,34,6,31,31,7,10,4.857142857142857,0.0,0.85,0.85,0.775,0.775,0.775,0.775,0.25,1,1
100,4,45,small_world,0.6,1320047871,40,60,1,36,3,18,18,6,18,6.0,0.025,0.9,0.925,0.475,0.475,0.475,0.475,0.45,1,1
100,4,45,scale_free,0.6,1320047871,40,60,4,32,4,0,0,1,32,32.0,0.1,0.8,0.9,0.1,0.1,0.1,0.1,0.8,0,0
100,4,45,er,0.7,1320047871,30,70,4,26,0,26,26,2,24,13.0,0.13333333333333333,0.8666666666666667,1.0,1.0,1.0,0.2,0.2,0.8,1,1
100,4,45,ring,0.7,1320047871,30,70,4,26,0,26,26,7,9,3.7142857142857144,0.13333333333333333,0.8666666666666667,1.0,1.0,1.0,1.0,1.0,0.3,1,1
100,4,45,small_world,0.7,1320047871,30,70,4,26,0,26,26,4,20,6.5,0.13333333333333333,0.8666666666666667,1.0,1.0,1.0,0.3333333333333333,0.3333333333333333,0.6666666666666666,1,1
100,4,45,scale_free,0.7,1320047871,30,70,3,24,3,0,0,1,24,24.0,0.1,0.8,0.9,0.1,0.1,0.1,0.1,0.8,0,0
100,4,45,er,0.8,1320047871,20,80,4,16,0,16,16,2,14,8.0,0.2,0.8,1.0,1.0,1.0,0.3,0.3,0.7,1,1
100,4,45,ring,0.8,1320047871,20,80,4,16,0,16,16,5,4,3.2,0.2,0.8,1.0,1.0,1.0,1.0,1.0,0.2,1,1
100,4,45,small_world,0.8,1320047871,20,80,5,15,0,15,15,3,10,5.0,0.25,0.75,1.0,1.0,1.0,1.0,1.0,0.5,1,1
100,4,45,scale_free,0.8,1320047871,20,80,3,14,3,14,14,1,14,14.0,0.15,0.7,0.85,0.85,0.85,0.15,0.15,0.7,1,1
100,4,45,er,0.9,1320047871,10,90,5,5,0,5,5,1,5,5.0,0.5,0.5,1.0,1.0,1.0,1.0,1.0,0.5,1,1
100,4,45,ring,0.9,1320047871,10,90,6,4,0,4,4,1,4,4.0,0.6,0.4,1.0,1.0,1.0,1.0,1.0,0.4,1,1
100,4,45,small_world,0.9,1320047871,10,90,4,6,0,6,6,2,4,3.0,0.4,0.6,1.0,1.0,1.0,1.0,1.0,0.4,1,1
100,4,45,scale_free,0.9,1320047871,10,90,2,8,0,8,8,3,3,2.6666666666666665,0.2,0.8,1.0,1.0,1.0,1.0,1.0,0.3,1,1
100,4,46,er,0.1,3420973130,90,10,0,0,90,0,0,0,0,0.0,0.0,0.0,0.0,0.0,0.0,0.0,0.0,0.0,0,0
100,4,46,ring,0.1,3420973130,90,10,0,0,90,0,0,0,0,0.0,0.0,0.0,0.0,0.0,0.0,0.0,0.0,0.0,0,0
100,4,46,small_world,0.1,3420973130,90,10,0,0,90,0,0,0,0,0.0,0.0,0.0,0.0,0.0,0.0,0.0,0.0,0.0,0,0
100,4,46,scale_free,0.1,3420973130,90,10,0,0,90,0,0,0,0,0.0,0.0,0.0,0.0,0.0,0.0,0.0,0.0,0.0,0,0
100,4,46,er,0.2,3420973130,80,20,0,0,80,0,0,0,0,0.0,0.0,0.0,0.0,0.0,0.0,0.0,0.0,0.0,0,0
100,4,46,ring,0.2,3420973130,80,20,0,0,80,0,0,0,0,0.0,0.0,0.0,0.0,0.0,0.0,0.0,0.0,0.0,0,0
100,4,46,small_world,0.2,3420973130,80,20,0,0,80,0,0,0,0,0.0,0.0,0.0,0.0,0.0,0.0,0.0,0.0,0.0,0,0
100,4,46,scale_free,0.2,3420973130,80,20,0,0,80,0,0,0,0,0.0,0.0,0.0,0.0,0.0,0.0,0.0,0.0,0.0,0,0
100,4,46,er,0.3,3420973130,70,30,0,0,70,0,0,0,0,0.0,0.0,0.0,0.0,0.0,0.0,0.0,0.0,0.0,0,0
100,4,46,ring,0.3,3420973130,70,30,0,2,68,2,2,1,2,2.0,0.0,0.02857142857142857,0.02857142857142857,0.02857142857142857,0.02857142857142857,0.02857142857142857,0.02857142857142857,0.02857142857142857,1,1
100,4,46,small_world,0.3,3420973130,70,30,0,0,70,0,0,0,0,0.0,0.0,0.0,0.0,0.0,0.0,0.0,0.0,0.0,0,0
100,4,46,scale_free,0.3,3420973130,70,30,0,0,70,0,0,0,0,0.0,0.0,0.0,0.0,0.0,0.0,0.0,0.0,0.0,0,0
100,4,46,er,0.4,3420973130,60,40,3,0,57,0,0,0,0,0.0,0.05,0.0,0.05,0.05,0.05,0.05,0.05,0.0,0,0
100,4,46,ring,0.4,3420973130,60,40,0,0,60,0,0,0,0,0.0,0.0,0.0,0.0,0.0,0.0,0.0,0.0,0.0,0,0
100,4,46,small_world,0.4,3420973130,60,40,0,2,58,2,2,1,2,2.0,0.0,0.03333333333333333,0.03333333333333333,0.03333333333333333,0.03333333333333333,0.03333333333333333,0.03333333333333333,0.03333333333333333,1,1
100,4,46,scale_free,0.4,3420973130,60,40,1,0,59,0,0,0,0,0.0,0.016666666666666666,0.0,0.016666666666666666,0.016666666666666666,0.016666666666666666,0.016666666666666666,0.016666666666666666,0.0,0,0
100,4,46,er,0.5,3420973130,50,50,3,0,47,0,0,0,0,0.0,0.06,0.0,0.06,0.06,0.06,0.06,0.06,0.0,0,0
100,4,46,ring,0.5,3420973130,50,50,0,37,13,13,13,4,21,9.25,0.0,0.74,0.74,0.26,0.26,0.26,0.26,0.42,1,1
100,4,46,small_world,0.5,3420973130,50,50,0,47,3,2,2,3,42,15.666666666666666,0.0,0.94,0.94,0.04,0.04,0.04,0.04,0.84,1,1
100,4,46,scale_free,0.5,3420973130,50,50,1,0,49,0,0,0,0,0.0,0.02,0.0,0.02,0.02,0.02,0.02,0.02,0.0,0,0
100,4,46,er,0.6,3420973130,40,60,2,37,1,37,37,2,35,18.5,0.05,0.925,0.975,0.975,0.975,0.1,0.1,0.875,1,1
100,4,46,ring,0.6,3420973130,40,60,0,40,0,15,15,6,13,6.666666666666667,0.0,1.0,1.0,0.375,0.375,0.375,0.375,0.325,1,1
100,4,46,small_world,0.6,3420973130,40,60,1,38,1,5,5,2,33,19.0,0.025,0.95,0.975,0.15,0.15,0.15,0.15,0.825,1,1
100,4,46,scale_free,0.6,3420973130,40,60,0,37,3,0,0,1,37,37.0,0.0,0.925,0.925,0.0,0.0,0.0,0.0,0.925,0,0
100,4,46,er,0.7,3420973130,30,70,0,30,0,30,30,2,27,15.0,0.0,1.0,1.0,1.0,1.0,0.1,0.1,0.9,1,1
100,4,46,ring,0.7,3420973130,30,70,0,30,0,30,30,7,9,4.285714285714286,0.0,1.0,1.0,1.0,1.0,1.0,1.0,0.3,1,1
100,4,46,small_world,0.7,3420973130,30,70,1,29,0,29,29,4,16,7.25,0.03333333333333333,0.9666666666666667,1.0,1.0,1.0,0.4666666666666667,0.4666666666666667,0.5333333333333333,1,1
100,4,46,scale_free,0.7,3420973130,30,70,0,28,2,28,28,1,28,28.0,0.0,0.9333333333333333,0.9333333333333333,0.9333333333333333,0.9333333333333333,0.0,0.0,0.9333333333333333,1,1
100,4,46,er,0.8,3420973130,20,80,3,17,0,17,17,1,17,17.0,0.15,0.85,1.0,1.0,1.0,0.15,0.15,0.85,1,1
100,4,46,ring,0.8,3420973130,20,80,4,16,0,16,16,5,5,3.2,0.2,0.8,1.0,1.0,1.0,1.0,1.0,0.25,1,1
100,4,46,small_world,0.8,3420973130,20,80,4,16,0,16,16,4,6,4.0,0.2,0.8,1.0,1.0,1.0,1.0,1.0,0.3,1,1
100,4,46,scale_free,0.8,3420973130,20,80,0,20,0,20,20,1,20,20.0,0.0,1.0,1.0,1.0,1.0,0.0,0.0,1.0,1,1
100,4,46,er,0.9,3420973130,10,90,1,9,0,9,9,1,9,9.0,0.1,0.9,1.0,1.0,1.0,1.0,1.0,0.9,1,1
100,4,46,ring,0.9,3420973130,10,90,6,4,0,4,4,2,2,2.0,0.6,0.4,1.0,1.0,1.0,1.0,1.0,0.2,1,1
100,4,46,small_world,0.9,3420973130,10,90,3,7,0,7,7,3,3,2.3333333333333335,0.3,0.7,1.0,1.0,1.0,1.0,1.0,0.3,1,1
100,4,46,scale_free,0.9,3420973130,10,90,1,9,0,9,9,2,7,4.5,0.1,0.9,1.0,1.0,1.0,1.0,1.0,0.7,1,1
100,4,47,er,0.1,1484392500,90,10,1,0,89,0,0,0,0,0.0,0.011111111111111112,0.0,0.011111111111111112,0.011111111111111112,0.011111111111111112,0.011111111111111112,0.011111111111111112,0.0,0,0
100,4,47,ring,0.1,1484392500,90,10,0,0,90,0,0,0,0,0.0,0.0,0.0,0.0,0.0,0.0,0.0,0.0,0.0,0,0
100,4,47,small_world,0.1,1484392500,90,10,0,0,90,0,0,0,0,0.0,0.0,0.0,0.0,0.0,0.0,0.0,0.0,0.0,0,0
100,4,47,scale_free,0.1,1484392500,90,10,0,0,90,0,0,0,0,0.0,0.0,0.0,0.0,0.0,0.0,0.0,0.0,0.0,0,0
100,4,47,er,0.2,1484392500,80,20,1,0,79,0,0,0,0,0.0,0.0125,0.0,0.0125,0.0125,0.0125,0.0125,0.0125,0.0,0,0
100,4,47,ring,0.2,1484392500,80,20,0,0,80,0,0,0,0,0.0,0.0,0.0,0.0,0.0,0.0,0.0,0.0,0.0,0,0
100,4,47,small_world,0.2,1484392500,80,20,0,0,80,0,0,0,0,0.0,0.0,0.0,0.0,0.0,0.0,0.0,0.0,0.0,0,0
100,4,47,scale_free,0.2,1484392500,80,20,1,0,79,0,0,0,0,0.0,0.0125,0.0,0.0125,0.0125,0.0125,0.0125,0.0125,0.0,0,0
100,4,47,er,0.3,1484392500,70,30,2,0,68,0,0,0,0,0.0,0.02857142857142857,0.0,0.02857142857142857,0.02857142857142857,0.02857142857142857,0.02857142857142857,0.02857142857142857,0.0,0,0
100,4,47,ring,0.3,1484392500,70,30,0,4,66,4,4,2,2,2.0,0.0,0.05714285714285714,0.05714285714285714,0.05714285714285714,0.05714285714285714,0.05714285714285714,0.05714285714285714,0.02857142857142857,1,1
100,4,47,small_world,0.3,1484392500,70,30,1,2,67,2,2,1,2,2.0,0.014285714285714285,0.02857142857142857,0.04285714285714286,0.04285714285714286,0.04285714285714286,0.04285714285714286,0.04285714285714286,0.02857142857142857,1,1
100,4,47,scale_free,0.3,1484392500,70,30,4,0,66,0,0,0,0,0.0,0.05714285714285714,0.0,0.05714285714285714,0.05714285714285714,0.05714285714285714,0.05714285714285714,0.05714285714285714,0.0,0,0
100,4,47,er,0.4,1484392500,60,40,2,0,58,0,0,0,0,0.0,0.03333333333333333,0.0,0.03333333333333333,0.03333333333333333,0.03333333333333333,0.03333333333333333,0.03333333333333333,0.0,0,0
100,4,47,ring,0.4,1484392500,60,40,0,7,53,4,4,3,3,2.3333333333333335,0.0,0.11666666666666667,0.11666666666666667,0.06666666666666667,0.06666666666666667,0.06666666666666667,0.06666666666666667,0.05,1,1
100,4,47,small_world,0.4,1484392500,60,40,0,2,58,2,2,1,2,2.0,0.0,0.03333333333333333,0.03333333333333333,0.03333333333333333,0.03333333333333333,0.03333333333333333,0.03333333333333333,0.03333333333333333,1,1
100,4,47,scale_free,0.4,1484392500,60,40,3,0,57,0,0,0,0,0.0,0.05,0.0,0.05,0.05,0.05,0.05,0.05,0.0,0,0
100,4,47,er,0.5,1484392500,50,50,4,0,46,0,0,0,0,0.0,0.08,0.0,0.08,0.08,0.08,0.08,0.08,0.0,0,0
100,4,47,ring,0.5,1484392500,50,50,0,33,17,16,16,5,11,6.6,0.0,0.66,0.66,0.32,0.32,0.32,0.32,0.22,1,1
100,4,47,small_world,0.5,1484392500,50,50,1,8,41,2,2,2,6,4.0,0.02,0.16,0.18,0.06,0.06,0.06,0.06,0.12,1,1
100,4,47,scale_free,0.5,1484392500,50,50,1,0,49,0,0,0,0,0.0,0.02,0.0,0.02,0.02,0.02,0.02,0.02,0.0,0,0
100,4,47,er,0.6,1484392500,40,60,3,34,3,34,34,1,34,34.0,0.075,0.85,0.925,0.925,0.925,0.075,0.075,0.85,1,1
100,4,47,ring,0.6,1484392500,40,60,0,25,15,17,17,5,8,5.0,0.0,0.625,0.625,0.425,0.425,0.425,0.425,0.2,1,1
100,4,47,small_world,0.6,1484392500,40,60,0,39,1,2,2,2,37,19.5,0.0,0.975,0.975,0.05,0.05,0.05,0.05,0.925,1,1
100,4,47,scale_free,0.6,1484392500,40,60,2,37,1,0,0,1,37,37.0,0.05,0.925,0.975,0.05,0.05,0.05,0.05,0.925,0,0
100,4,47,er,0.7,1484392500,30,70,5,24,1,24,24,1,24,24.0,0.16666666666666666,0.8,0.9666666666666667,0.9666666666666667,0.9666666666666667,0.16666666666666666,0.16666666666666666,0.8,1,1
100,4,47,ring,0.7,1484392500,30,70,1,29,0,23,23,9,6,3.2222222222222223,0.03333333333333333,0.9666666666666667,1.0,0.8,0.8,0.8,0.8,0.2,1,1
100,4,47,small_world,0.7,1484392500,30,70,1,29,0,29,29,5,13,5.8,0.03333333333333333,0.9666666666666667,1.0,1.0,1.0,0.5666666666666667,0.5666666666666667,0.43333333333333335,1,1
100,4,47,scale_free,0.7,1484392500,30,70,4,26,0,0,0,1,26,26.0,0.13333333333333333,0.8666666666666667,1.0,0.13333333333333333,0.13333333333333333,0.13333333333333333,0.13333333333333333,0.8666666666666667,0,0
100,4,47,er,0.8,1484392500,20,80,6,14,0,14,14,2,12,7.0,0.3,0.7,1.0,1.0,1.0,0.4,0.4,0.6,1,1
100,4,47,ring,0.8,1484392500,20,80,4,16,0,16,16,5,6,3.2,0.2,0.8,1.0,1.0,1.0,1.0,1.0,0.3,1,1
100,4,47,small_world,0.8,1484392500,20,80,3,17,0,17,17,5,5,3.4,0.15,0.85,1.0,1.0,1.0,1.0,1.0,0.25,1,1
100,4,47,scale_free,0.8,1484392500,20,80,1,19,0,0,0,1,19,19.0,0.05,0.95,1.0,0.05,0.05,0.05,0.05,0.95,0,0
100,4,47,er,0.9,1484392500,10,90,8,2,0,2,2,1,2,2.0,0.8,0.2,1.0,1.0,1.0,1.0,1.0,0.2,1,1
100,4,47,ring,0.9,1484392500,10,90,6,4,0,4,4,1,4,4.0,0.6,0.4,1.0,1.0,1.0,1.0,1.0,0.4,1,1
100,4,47,small_world,0.9,1484392500,10,90,5,5,0,5,5,2,3,2.5,0.5,0.5,1.0,1.0,1.0,1.0,1.0,0.3,1,1
100,4,47,scale_free,0.9,1484392500,10,90,1,9,0,0,0,1,9,9.0,0.1,0.9,1.0,0.1,0.1,0.1,0.1,0.9,0,0
100,4,48,er,0.1,3318921115,90,10,1,0,89,0,0,0,0,0.0,0.011111111111111112,0.0,0.011111111111111112,0.011111111111111112,0.011111111111111112,0.011111111111111112,0.011111111111111112,0.0,0,0
100,4,48,ring,0.1,3318921115,90,10,0,0,90,0,0,0,0,0.0,0.0,0.0,0.0,0.0,0.0,0.0,0.0,0.0,0,0
100,4,48,small_world,0.1,3318921115,90,10,0,0,90,0,0,0,0,0.0,0.0,0.0,0.0,0.0,0.0,0.0,0.0,0.0,0,0
100,4,48,scale_free,0.1,3318921115,90,10,0,0,90,0,0,0,0,0.0,0.0,0.0,0.0,0.0,0.0,0.0,0.0,0.0,0,0
100,4,48,er,0.2,3318921115,80,20,1,0,79,0,0,0,0,0.0,0.0125,0.0,0.0125,0.0125,0.0125,0.0125,0.0125,0.0,0,0
100,4,48,ring,0.2,3318921115,80,20,0,0,80,0,0,0,0,0.0,0.0,0.0,0.0,0.0,0.0,0.0,0.0,0.0,0,0
100,4,48,small_world,0.2,3318921115,80,20,0,0,80,0,0,0,0,0.0,0.0,0.0,0.0,0.0,0.0,0.0,0.0,0.0,0,0
100,4,48,scale_free,0.2,3318921115,80,20,0,0,80,0,0,0,0,0.0,0.0,0.0,0.0,0.0,0.0,0.0,0.0,0.0,0,0
100,4,48,er,0.3,3318921115,70,30,1,0,69,0,0,0,0,0.0,0.014285714285714285,0.0,0.014285714285714285,0.014285714285714285,0.014285714285714285,0.014285714285714285,0.014285714285714285,0.0,0,0
100,4,48,ring,0.3,3318921115,70,30,0,3,67,0,0,1,3,3.0,0.0,0.04285714285714286,0.04285714285714286,0.0,0.0,0.0,0.0,0.04285714285714286,0,0
100,4,48,small_world,0.3,3318921115,70,30,0,3,67,0,0,1,3,3.0,0.0,0.04285714285714286,0.04285714285714286,0.0,0.0,0.0,0.0,0.04285714285714286,0,0
100,4,48,scale_free,0.3,3318921115,70,30,0,0,70,0,0,0,0,0.0,0.0,0.0,0.0,0.0,0.0,0.0,0.0,0.0,0,0
100,4,48,er,0.4,3318921115,60,40,4,0,56,0,0,0,0,0.0,0.06666666666666667,0.0,0.06666666666666667,0.06666666666666667,0.06666666666666667,0.06666666666666667,0.06666666666666667,0.0,0,0
100,4,48,ring,0.4,3318921115,60,40,0,7,53,4,4,2,4,3.5,0.0,0.11666666666666667,0.11666666666666667,0.06666666666666667,0.06666666666666667,0.06666666666666667,0.06666666666666667,0.06666666666666667,1,1
100,4,48,small_world,0.4,3318921115,60,40,0,3,57,0,0,1,3,3.0,0.0,0.05,0.05,0.0,0.0,0.0,0.0,0.05,0,0
100,4,48,scale_free,0.4,3318921115,60,40,1,0,59,0,0,0,0,0.0,0.016666666666666666,0.0,0.016666666666666666,0.016666666666666666,0.016666666666666666,0.016666666666666666,0.016666666666666666,0.0,0,0
100,4,48,er,0.5,3318921115,50,50,4,0,46,0,0,0,0,0.0,0.08,0.0,0.08,0.08,0.08,0.08,0.08,0.0,0,0
100,4,48,ring,0.5,3318921115,50,50,0,22,28,7,7,3,15,7.333333333333333,0.0,0.44,0.44,0.14,0.14,0.14,0.14,0.3,1,1
100,4,48,small_world,0.5,3318921115,50,50,1,39,10,0,0,1,39,39.0,0.02,0.78,0.8,0.02,0.02,0.02,0.02,0.78,0,0
100,4,48,scale_free,0.5,3318921115,50,50,1,43,6,0,0,1,43,43.0,0.02,0.86,0.88,0.02,0.02,0.02,0.02,0.86,0,0
100,4,48,er,0.6,3318921115,40,60,3,35,2,0,0,1,35,35.0,0.075,0.875,0.95,0.075,0.075,0.075,0.075,0.875,0,0
100,4,48,ring,0.6,3318921115,40,60,1,25,14,8,8,5,12,5.0,0.025,0.625,0.65,0.225,0.225,0.225,0.225,0.3,1,1
100,4,48,small_world,0.6,3318921115,40,60,2,35,3,7,7,2,28,17.5,0.05,0.875,0.925,0.225,0.225,0.225,0.225,0.7,1,1
100,4,48,scale_free,0.6,3318921115,40,60,2,36,2,0,0,1,36,36.0,0.05,0.9,0.95,0.05,0.05,0.05,0.05,0.9,0,0
100,4,48,er,0.7,3318921115,30,70,3,27,0,0,0,1,27,27.0,0.1,0.9,1.0,0.1,0.1,0.1,0.1,0.9,0,0
100,4,48,ring,0.7,3318921115,30,70,1,29,0,24,24,7,7,4.142857142857143,0.03333333333333333,0.9666666666666667,1.0,0.8333333333333334,0.8333333333333334,0.8333333333333334,0.8333333333333334,0.23333333333333334,1,1
100,4,48,small_world,0.7,3318921115,30,70,4,26,0,11,11,3,15,8.666666666666666,0.13333333333333333,0.8666666666666667,1.0,0.5,0.5,0.5,0.5,0.5,1,1
100,4,48,scale_free,0.7,3318921115,30,70,2,28,0,0,0,1,28,28.0,0.06666666666666667,0.9333333333333333,1.0,0.06666666666666667,0.06666666666666667,0.06666666666666667,0.06666666666666667,0.9333333333333333,0,0
100,4,48,er,0.8,3318921115,20,80,5,15,0,15,15,1,15,15.0,0.25,0.75,1.0,1.0,1.0,0.25,0.25,0.75,1,1
100,4,48,ring,0.8,3318921115,20,80,2,18,0,14,14,6,5,3.0,0.1,0.9,1.0,0.8,0.8,0.8,0.8,0.25,1,1
100,4,48,small_world,0.8,3318921115,20,80,2,18,0,18,18,4,11,4.5,0.1,0.9,1.0,1.0,1.0,0.45,0.45,0.55,1,1
100,4,48,scale_free,0.8,3318921115,20,80,2,18,0,18,18,1,18,18.0,0.1,0.9,1.0,1.0,1.0,0.1,0.1,0.9,1,1
100,4,48,er,0.9,3318921115,10,90,4,6,0,6,6,3,2,2.0,0.4,0.6,1.0,1.0,1.0,1.0,1.0,0.2,1,1
100,4,48,ring,0.9,3318921115,10,90,2,8,0,8,8,4,2,2.0,0.2,0.8,1.0,1.0,1.0,1.0,1.0,0.2,1,1
100,4,48,small_world,0.9,3318921115,10,90,4,6,0,6,6,3,2,2.0,0.4,0.6,1.0,1.0,1.0,1.0,1.0,0.2,1,1
100,4,48,scale_free,0.9,3318921115,10,90,1,9,0,9,9,1,9,9.0,0.1,0.9,1.0,1.0,1.0,1.0,1.0,0.9,1,1
100,4,49,er,0.1,730545888,90,10,0,0,90,0,0,0,0,0.0,0.0,0.0,0.0,0.0,0.0,0.0,0.0,0.0,0,0
100,4,49,ring,0.1,730545888,90,10,0,0,90,0,0,0,0,0.0,0.0,0.0,0.0,0.0,0.0,0.0,0.0,0.0,0,0
100,4,49,small_world,0.1,730545888,90,10,0,0,90,0,0,0,0,0.0,0.0,0.0,0.0,0.0,0.0,0.0,0.0,0.0,0,0
100,4,49,scale_free,0.1,730545888,90,10,0,0,90,0,0,0,0,0.0,0.0,0.0,0.0,0.0,0.0,0.0,0.0,0.0,0,0
100,4,49,er,0.2,730545888,80,20,0,0,80,0,0,0,0,0.0,0.0,0.0,0.0,0.0,0.0,0.0,0.0,0.0,0,0
100,4,49,ring,0.2,730545888,80,20,0,0,80,0,0,0,0,0.0,0.0,0.0,0.0,0.0,0.0,0.0,0.0,0.0,0,0
100,4,49,small_world,0.2,730545888,80,20,0,0,80,0,0,0,0,0.0,0.0,0.0,0.0,0.0,0.0,0.0,0.0,0.0,0,0
100,4,49,scale_free,0.2,730545888,80,20,1,0,79,0,0,0,0,0.0,0.0125,0.0,0.0125,0.0125,0.0125,0.0125,0.0125,0.0,0,0
100,4,49,er,0.3,730545888,70,30,0,0,70,0,0,0,0,0.0,0.0,0.0,0.0,0.0,0.0,0.0,0.0,0.0,0,0
100,4,49,ring,0.3,730545888,70,30,0,0,70,0,0,0,0,0.0,0.0,0.0,0.0,0.0,0.0,0.0,0.0,0.0,0,0
100,4,49,small_world,0.3,730545888,70,30,1,0,69,0,0,0,0,0.0,0.014285714285714285,0.0,0.014285714285714285,0.014285714285714285,0.014285714285714285,0.014285714285714285,0.014285714285714285,0.0,0,0
100,4,49,scale_free,0.3,730545888,70,30,2,0,68,0,0,0,0,0.0,0.02857142857142857,0.0,0.02857142857142857,0.02857142857142857,0.02857142857142857,0.02857142857142857,0.02857142857142857,0.0,0,0
100,4,49,er,0.4,730545888,60,40,0,0,60,0,0,0,0,0.0,0.0,0.0,0.0,0.0,0.0,0.0,0.0,0.0,0,0
100,4,49,ring,0.4,730545888,60,40,0,6,54,6,6,2,4,3.0,0.0,0.1,0.1,0.1,0.1,0.1,0.1,0.06666666666666667,1,1
100,4,49,small_world,0.4,730545888,60,40,1,0,59,0,0,0,0,0.0,0.016666666666666666,0.0,0.016666666666666666,0.016666666666666666,0.016666666666666666,0.016666666666666666,0.016666666666666666,0.0,0,0
100,4,49,scale_free,0.4,730545888,60,40,4,0,56,0,0,0,0,0.0,0.06666666666666667,0.0,0.06666666666666667,0.06666666666666667,0.06666666666666667,0.06666666666666667,0.06666666666666667,0.0,0,0
100,4,49,er,0.5,730545888,50,50,1,0,49,0,0,0,0,0.0,0.02,0.0,0.02,0.02,0.02,0.02,0.02,0.0,0,0
100,4,49,ring,0.5,730545888,50,50,0,15,35,4,4,2,11,7.5,0.0,0.3,0.3,0.08,0.08,0.08,0.08,0.22,1,1
100,4,49,small_world,0.5,730545888,50,50,0,0,50,0,0,0,0,0.0,0.0,0.0,0.0,0.0,0.0,0.0,0.0,0.0,0,0
100,4,49,scale_free,0.5,730545888,50,50,3,39,8,0,0,1,39,39.0,0.06,0.78,0.84,0.06,0.06,0.06,0.06,0.78,0,0
100,4,49,er,0.6,730545888,40,60,1,37,2,0,0,1,37,37.0,0.025,0.925,0.95,0.025,0.025,0.025,0.025,0.925,0,0
100,4,49,ring,0.6,730545888,40,60,1,39,0,33,33,5,13,7.8,0.025,0.975,1.0,0.85,0.85,0.525,0.525,0.325,1,1
100,4,49,small_world,0.6,730545888,40,60,1,39,0,0,0,1,39,39.0,0.025,0.975,1.0,0.025,0.025,0.025,0.025,0.975,0,0
100,4,49,scale_free,0.6,730545888,40,60,3,30,7,0,0,1,30,30.0,0.075,0.75,0.825,0.075,0.075,0.075,0.075,0.75,0,0
100,4,49,er,0.7,730545888,30,70,2,27,1,27,27,1,27,27.0,0.06666666666666667,0.9,0.9666666666666667,0.9666666666666667,0.9666666666666667,0.06666666666666667,0.06666666666666667,0.9,1,1
100,4,49,ring,0.7,730545888,30,70,2,28,0,22,22,7,8,4.0,0.06666666666666667,0.9333333333333333,1.0,0.8,0.8,0.8,0.8,0.26666666666666666,1,1
100,4,49,small_world,0.7,730545888,30,70,2,28,0,12,12,4,16,7.0,0.06666666666666667,0.9333333333333333,1.0,0.4666666666666667,0.4666666666666667,0.4666666666666667,0.4666666666666667,0.5333333333333333,1,1
100,4,49,scale_free,0.7,730545888,30,70,3,24,3,24,24,1,24,24.0,0.1,0.8,0.9,0.9,0.9,0.1,0.1,0.8,1,1
100,4,49,er,0.8,730545888,20,80,6,13,1,13,13,4,4,3.25,0.3,0.65,0.95,0.95,0.95,0.95,0.95,0.2,1,1
100,4,49,ring,0.8,730545888,20,80,4,16,0,16,16,4,6,4.0,0.2,0.8,1.0,1.0,1.0,1.0,1.0,0.3,1,1
100,4,49,small_world,0.8,730545888,20,80,4,13,3,13,13,4,4,3.25,0.2,0.65,0.85,0.85,0.85,0.85,0.85,0.2,1,1
100,4,49,scale_free,0.8,730545888,20,80,2,18,0,18,18,1,18,18.0,0.1,0.9,1.0,1.0,1.0,0.1,0.1,0.9,1,1
100,4,49,er,0.9,730545888,10,90,7,3,0,3,3,1,3,3.0,0.7,0.3,1.0,1.0,1.0,1.0,1.0,0.3,1,1
100,4,49,ring,0.9,730545888,10,90,4,6,0,6,6,2,3,3.0,0.4,0.6,1.0,1.0,1.0,1.0,1.0,0.3,1,1
100,4,49,small_world,0.9,730545888,10,90,4,6,0,6,6,2,4,3.0,0.4,0.6,1.0,1.0,1.0,1.0,1.0,0.4,1,1
100,4,49,scale_free,0.9,730545888,10,90,2,8,0,8,8,2,5,4.0,0.2,0.8,1.0,1.0,1.0,1.0,1.0,0.5,1,1
100,4,50,er,0.1,497815817,90,10,1,0,89,0,0,0,0,0.0,0.011111111111111112,0.0,0.011111111111111112,0.011111111111111112,0.011111111111111112,0.011111111111111112,0.011111111111111112,0.0,0,0
100,4,50,ring,0.1,497815817,90,10,0,0,90,0,0,0,0,0.0,0.0,0.0,0.0,0.0,0.0,0.0,0.0,0.0,0,0
100,4,50,small_world,0.1,497815817,90,10,0,0,90,0,0,0,0,0.0,0.0,0.0,0.0,0.0,0.0,0.0,0.0,0.0,0,0
100,4,50,scale_free,0.1,497815817,90,10,2,0,88,0,0,0,0,0.0,0.022222222222222223,0.0,0.022222222222222223,0.022222222222222223,0.022222222222222223,0.022222222222222223,0.022222222222222223,0.0,0,0
100,4,50,er,0.2,497815817,80,20,2,0,78,0,0,0,0,0.0,0.025,0.0,0.025,0.025,0.025,0.025,0.025,0.0,0,0
100,4,50,ring,0.2,497815817,80,20,0,0,80,0,0,0,0,0.0,0.0,0.0,0.0,0.0,0.0,0.0,0.0,0.0,0,0
100,4,50,small_world,0.2,497815817,80,20,0,0,80,0,0,0,0,0.0,0.0,0.0,0.0,0.0,0.0,0.0,0.0,0.0,0,0
100,4,50,scale_free,0.2,497815817,80,20,2,0,78,0,0,0,0,0.0,0.025,0.0,0.025,0.025,0.025,0.025,0.025,0.0,0,0
100,4,50,er,0.3,497815817,70,30,2,0,68,0,0,0,0,0.0,0.02857142857142857,0.0,0.02857142857142857,0.02857142857142857,0.02857142857142857,0.02857142857142857,0.02857142857142857,0.0,0,0
100,4,50,ring,0.3,497815817,70,30,0,0,70,0,0,0,0,0.0,0.0,0.0,0.0,0.0,0.0,0.0,0.0,0.0,0,0
100,4,50,small_world,0.3,497815817,70,30,0,0,70,0,0,0,0,0.0,0.0,0.0,0.0,0.0,0.0,0.0,0.0,0.0,0,0
100,4,50,scale_free,0.3,497815817,70,30,2,0,68,0,0,0,0,0.0,0.02857142857142857,0.0,0.02857142857142857,0.02857142857142857,0.02857142857142857,0.02857142857142857,0.02857142857142857,0.0,0,0
100,4,50,er,0.4,497815817,60,40,2,2,56,2,2,1,2,2.0,0.03333333333333333,0.03333333333333333,0.06666666666666667,0.06666666666666667,0.06666666666666667,0.06666666666666667,0.06666666666666667,0.03333333333333333,1,1
100,4,50,ring,0.4,497815817,60,40,0,9,51,0,0,1,9,9.0,0.0,0.15,0.15,0.0,0.0,0.0,0.0,0.15,0,0
100,4,50,small_world,0.4,497815817,60,40,0,0,60,0,0,0,0,0.0,0.0,0.0,0.0,0.0,0.0,0.0,0.0,0.0,0,0
100,4,50,scale_free,0.4,497815817,60,40,1,0,59,0,0,0,0,0.0,0.016666666666666666,0.0,0.016666666666666666,0.016666666666666666,0.016666666666666666,0.016666666666666666,0.016666666666666666,0.0,0,0
100,4,50,er,0.5,497815817,50,50,3,0,47,0,0,0,0,0.0,0.06,0.0,0.06,0.06,0.06,0.06,0.06,0.0,0,0
100,4,50,ring,0.5,497815817,50,50,0,24,26,4,4,3,11,8.0,0.0,0.48,0.48,0.08,0.08,0.08,0.08,0.22,1,1
100,4,50,small_world,0.5,497815817,50,50,0,0,50,0,0,0,0,0.0,0.0,0.0,0.0,0.0,0.0,0.0,0.0,0.0,0,0
100,4,50,scale_free,0.5,497815817,50,50,0,0,50,0,0,0,0,0.0,0.0,0.0,0.0,0.0,0.0,0.0,0.0,0.0,0,0
100,4,50,er,0.6,497815817,40,60,3,34,3,0,0,1,34,34.0,0.075,0.85,0.925,0.075,0.075,0.075,0.075,0.85,0,0
100,4,50,ring,0.6,497815817,40,60,1,39,0,19,19,7,10,5.571428571428571,0.025,0.975,1.0,0.5,0.5,0.5,0.5,0.25,1,1
100,4,50,small_world,0.6,497815817,40,60,1,39,0,3,3,2,36,19.5,0.025,0.975,1.0,0.1,0.1,0.1,0.1,0.9,1,1
100,4,50,scale_free,0.6,497815817,40,60,0,39,1,0,0,1,39,39.0,0.0,0.975,0.975,0.0,0.0,0.0,0.0,0.975,0,0
100,4,50,er,0.7,497815817,30,70,2,28,0,2,2,2,26,14.0,0.06666666666666667,0.9333333333333333,1.0,0.13333333333333333,0.13333333333333333,0.13333333333333333,0.13333333333333333,0.8666666666666667,1,1
100,4,50,ring,0.7,497815817,30,70,1,29,0,29,29,6,8,4.833333333333333,0.03333333333333333,0.9666666666666667,1.0,1.0,1.0,1.0,1.0,0.26666666666666666,1,1
100,4,50,small_world,0.7,497815817,30,70,1,29,0,29,29,3,24,9.666666666666666,0.03333333333333333,0.9666666666666667,1.0,1.0,1.0,0.2,0.2,0.8,1,1
100,4,50,scale_free,0.7,497815817,30,70,0,30,0,0,0,1,30,30.0,0.0,1.0,1.0,0.0,0.0,0.0,0.0,1.0,0,0
100,4,50,er,0.8,497815817,20,80,1,19,0,19,19,3,13,6.333333333333333,0.05,0.95,1.0,1.0,1.0,0.35,0.35,0.65,1,1
100,4,50,ring,0.8,497815817,20,80,2,18,0,18,18,5,5,3.6,0.1,0.9,1.0,1.0,1.0,1.0,1.0,0.25,1,1
100,4,50,small_world,0.8,497815817,20,80,2,18,0,18,18,3,8,6.0,0.1,0.9,1.0,1.0,1.0,1.0,1.0,0.4,1,1
100,4,50,scale_free,0.8,497815817,20,80,1,19,0,0,0,1,19,19.0,0.05,0.95,1.0,0.05,0.05,0.05,0.05,0.95,0,0
100,4,50,er,0.9,497815817,10,90,4,6,0,6,6,2,4,3.0,0.4,0.6,1.0,1.0,1.0,1.0,1.0,0.4,1,1
100,4,50,ring,0.9,497815817,10,90,6,4,0,4,4,2,2,2.0,0.6,0.4,1.0,1.0,1.0,1.0,1.0,0.2,1,1
100,4,50,small_world,0.9,497815817,10,90,5,5,0,5,5,2,3,2.5,0.5,0.5,1.0,1.0,1.0,1.0,1.0,0.3,1,1
100,4,50,scale_free,0.9,497815817,10,90,4,6,0,6,6,2,4,3.0,0.4,0.6,1.0,1.0,1.0,1.0,1.0,0.4,1,1
100,4,51,er,0.1,915951122,90,10,0,0,90,0,0,0,0,0.0,0.0,0.0,0.0,0.0,0.0,0.0,0.0,0.0,0,0
100,4,51,ring,0.1,915951122,90,10,0,0,90,0,0,0,0,0.0,0.0,0.0,0.0,0.0,0.0,0.0,0.0,0.0,0,0
100,4,51,small_world,0.1,915951122,90,10,0,0,90,0,0,0,0,0.0,0.0,0.0,0.0,0.0,0.0,0.0,0.0,0.0,0,0
100,4,51,scale_free,0.1,915951122,90,10,1,0,89,0,0,0,0,0.0,0.011111111111111112,0.0,0.011111111111111112,0.011111111111111112,0.011111111111111112,0.011111111111111112,0.011111111111111112,0.0,0,0
100,4,51,er,0.2,915951122,80,20,1,0,79,0,0,0,0,0.0,0.0125,0.0,0.0125,0.0125,0.0125,0.0125,0.0125,0.0,0,0
100,4,51,ring,0.2,915951122,80,20,0,0,80,0,0,0,0,0.0,0.0,0.0,0.0,0.0,0.0,0.0,0.0,0.0,0,0
100,4,51,small_world,0.2,915951122,80,20,0,0,80,0,0,0,0,0.0,0.0,0.0,0.0,0.0,0.0,0.0,0.0,0.0,0,0
100,4,51,scale_free,0.2,915951122,80,20,1,0,79,0,0,0,0,0.0,0.0125,0.0,0.0125,0.0125,0.0125,0.0125,0.0125,0.0,0,0
100,4,51,er,0.3,915951122,70,30,3,0,67,0,0,0,0,0.0,0.04285714285714286,0.0,0.04285714285714286,0.04285714285714286,0.04285714285714286,0.04285714285714286,0.04285714285714286,0.0,0,0
100,4,51,ring,0.3,915951122,70,30,0,0,70,0,0,0,0,0.0,0.0,0.0,0.0,0.0,0.0,0.0,0.0,0.0,0,0
100,4,51,small_world,0.3,915951122,70,30,0,2,68,2,2,1,2,2.0,0.0,0.02857142857142857,0.02857142857142857,0.02857142857142857,0.02857142857142857,0.02857142857142857,0.02857142857142857,0.02857142857142857,1,1
100,4,51,scale_free,0.3,915951122,70,30,1,0,69,0,0,0,0,0.0,0.014285714285714285,0.0,0.014285714285714285,0.014285714285714285,0.014285714285714285,0.014285714285714285,0.014285714285714285,0.0,0,0
100,4,51,er,0.4,915951122,60,40,1,0,59,0,0,0,0,0.0,0.016666666666666666,0.0,0.016666666666666666,0.016666666666666666,0.016666666666666666,0.016666666666666666,0.016666666666666666,0.0,0,0
100,4,51,ring,0.4,915951122,60,40,0,20,40,0,0,2,14,10.0,0.0,0.3333333333333333,0.3333333333333333,0.0,0.0,0.0,0.0,0.23333333333333334,0,0
100,4,51,small_world,0.4,915951122,60,40,0,8,52,2,2,2,6,4.0,0.0,0.13333333333333333,0.13333333333333333,0.03333333333333333,0.03333333333333333,0.03333333333333333,0.03333333333333333,0.1,1,1
100,4,51,scale_free,0.4,915951122,60,40,1,0,59,0,0,0,0,0.0,0.016666666666666666,0.0,0.016666666666666666,0.016666666666666666,0.016666666666666666,0.016666666666666666,0.016666666666666666,0.0,0,0
100,4,51,er,0.5,915951122,50,50,1,42,7,0,0,1,42,42.0,0.02,0.84,0.86,0.02,0.02,0.02,0.02,0.84,0,0
100,4,51,ring,0.5,915951122,50,50,0,14,36,7,7,2,7,7.0,0.0,0.28,0.28,0.14,0.14,0.14,0.14,0.14,1,1
100,4,51,small_world,0.5,915951122,50,50,0,39,11,0,0,1,39,39.0,0.0,0.78,0.78,0.0,0.0,0.0,0.0,0.78,0,0
100,4,51,scale_free,0.5,915951122,50,50,2,37,11,0,0,1,37,37.0,0.04,0.74,0.78,0.04,0.04,0.04,0.04,0.74,0,0
100,4,51,er,0.6,915951122,40,60,1,36,3,0,0,1,36,36.0,0.025,0.9,0.925,0.025,0.025,0.025,0.025,0.9,0,0
100,4,51,ring,0.6,915951122,40,60,0,35,5,12,12,5,9,7.0,0.0,0.875,0.875,0.3,0.3,0.3,0.3,0.225,1,1
100,4,51,small_world,0.6,915951122,40,60,0,36,4,0,0,2,28,18.0,0.0,0.9,0.9,0.0,0.0,0.0,0.0,0.7,0,0
100,4,51,scale_free,0.6,915951122,40,60,1,31,8,0,0,1,31,31.0,0.025,0.775,0.8,0.025,0.025,0.025,0.025,0.775,0,0
100,4,51,er,0.7,915951122,30,70,0,29,1,29,29,1,29,29.0,0.0,0.9666666666666667,0.9666666666666667,0.9666666666666667,0.9666666666666667,0.0,0.0,0.9666666666666667,1,1
100,4,51,ring,0.7,915951122,30,70,1,29,0,29,29,6,7,4.833333333333333,0.03333333333333333,0.9666666666666667,1.0,1.0,1.0,1.0,1.0,0.23333333333333334,1,1
100,4,51,small_world,0.7,915951122,30,70,0,30,0,24,24,2,24,15.0,0.0,1.0,1.0,0.8,0.8,0.0,0.0,0.8,1,1
100,4,51,scale_free,0.7,915951122,30,70,3,23,4,0,0,1,23,23.0,0.1,0.7666666666666667,0.8666666666666667,0.1,0.1,0.1,0.1,0.7666666666666667,0,0
100,4,51,er,0.8,915951122,20,80,2,18,0,18,18,2,16,9.0,0.1,0.9,1.0,1.0,1.0,0.2,0.2,0.8,1,1
100,4,51,ring,0.8,915951122,20,80,3,17,0,17,17,5,4,3.4,0.15,0.85,1.0,1.0,1.0,1.0,1.0,0.2,1,1
100,4,51,small_world,0.8,915951122,20,80,1,19,0,19,19,3,12,6.333333333333333,0.05,0.95,1.0,1.0,1.0,0.4,0.4,0.6,1,1
100,4,51,scale_free,0.8,915951122,20,80,3,15,2,0,0,1,15,15.0,0.15,0.75,0.9,0.15,0.15,0.15,0.15,0.75,0,0
100,4,51,er,0.9,915951122,10,90,5,5,0,5,5,2,3,2.5,0.5,0.5,1.0,1.0,1.0,1.0,1.0,0.3,1,1
100,4,51,ring,0.9,915951122,10,90,8,2,0,2,2,1,2,2.0,0.8,0.2,1.0,1.0,1.0,1.0,1.0,0.2,1,1
100,4,51,small_world,0.9,915951122,10,90,6,4,0,4,4,2,2,2.0,0.6,0.4,1.0,1.0,1.0,1.0,1.0,0.2,1,1
100,4,51,scale_free,0.9,915951122,10,90,2,8,0,6,6,2,6,4.0,0.2,0.8,1.0,0.8,0.8,0.8,0.8,0.6,1,1
100,4,52,er,0.1,940822374,90,10,1,0,89,0,0,0,0,0.0,0.011111111111111112,0.0,0.011111111111111112,0.011111111111111112,0.011111111111111112,0.011111111111111112,0.011111111111111112,0.0,0,0
100,4,52,ring,0.1,940822374,90,10,0,0,90,0,0,0,0,0.0,0.0,0.0,0.0,0.0,0.0,0.0,0.0,0.0,0,0
100,4,52,small_world,0.1,940822374,90,10,0,0,90,0,0,0,0,0.0,0.0,0.0,0.0,0.0,0.0,0.0,0.0,0.0,0,0
100,4,52,scale_free,0.1,940822374,90,10,2,0,88,0,0,0,0,0.0,0.022222222222222223,0.0,0.022222222222222223,0.022222222222222223,0.022222222222222223,0.022222222222222223,0.022222222222222223,0.0,0,0
100,4,52,er,0.2,940822374,80,20,1,0,79,0,0,0,0,0.0,0.0125,0.0,0.0125,0.0125,0.0125,0.0125,0.0125,0.0,0,0
100,4,52,ring,0.2,940822374,80,20,0,0,80,0,0,0,0,0.0,0.0,0.0,0.0,0.0,0.0,0.0,0.0,0.0,0,0
100,4,52,small_world,0.2,940822374,80,20,0,0,80,0,0,0,0,0.0,0.0,0.0,0.0,0.0,0.0,0.0,0.0,0.0,0,0
100,4,52,scale_free,0.2,940822374,80,20,0,0,80,0,0,0,0,0.0,0.0,0.0,0.0,0.0,0.0,0.0,0.0,0.0,0,0
100,4,52,er,0.3,940822374,70,30,0,0,70,0,0,0,0,0.0,0.0,0.0,0.0,0.0,0.0,0.0,0.0,0.0,0,0
100,4,52,ring,0.3,940822374,70,30,0,0,70,0,0,0,0,0.0,0.0,0.0,0.0,0.0,0.0,0.0,0.0,0.0,0,0
100,4,52,small_world,0.3,940822374,70,30,0,0,70,0,0,0,0,0.0,0.0,0.0,0.0,0.0,0.0,0.0,0.0,0.0,0,0
100,4,52,scale_free,0.3,940822374,70,30,1,0,69,0,0,0,0,0.0,0.014285714285714285,0.0,0.014285714285714285,0.014285714285714285,0.014285714285714285,0.014285714285714285,0.014285714285714285,0.0,0,0
100,4,52,er,0.4,940822374,60,40,0,0,60,0,0,0,0,0.0,0.0,0.0,0.0,0.0,0.0,0.0,0.0,0.0,0,0
100,4,52,ring,0.4,940822374,60,40,0,27,33,7,7,3,20,9.0,0.0,0.45,0.45,0.11666666666666667,0.11666666666666667,0.11666666666666667,0.11666666666666667,0.3333333333333333,1,1
100,4,52,small_world,0.4,940822374,60,40,0,12,48,12,12,4,5,3.0,0.0,0.2,0.2,0.2,0.2,0.2,0.2,0.08333333333333333,1,1
100,4,52,scale_free,0.4,940822374,60,40,2,0,58,0,0,0,0,0.0,0.03333333333333333,0.0,0.03333333333333333,0.03333333333333333,0.03333333333333333,0.03333333333333333,0.03333333333333333,0.0,0,0
100,4,52,er,0.5,940822374,50,50,2,0,48,0,0,0,0,0.0,0.04,0.0,0.04,0.04,0.04,0.04,0.04,0.0,0,0
100,4,52,ring,0.5,940822374,50,50,0,12,38,12,12,2,8,6.0,0.0,0.24,0.24,0.24,0.24,0.24,0.24,0.16,1,1
100,4,52,small_world,0.5,940822374,50,50,0,38,12,11,11,5,27,7.6,0.0,0.76,0.76,0.22,0.22,0.22,0.22,0.54,1,1
100,4,52,scale_free,0.5,940822374,50,50,1,0,49,0,0,0,0,0.0,0.02,0.0,0.02,0.02,0.02,0.02,0.02,0.0,0,0
100,4,52,er,0.6,940822374,40,60,1,39,0,39,39,1,39,39.0,0.025,0.975,1.0,1.0,1.0,0.025,0.025,0.975,1,1
100,4,52,ring,0.6,940822374,40,60,0,40,0,9,9,4,21,10.0,0.0,1.0,1.0,0.225,0.225,0.225,0.225,0.525,1,1
100,4,52,small_world,0.6,940822374,40,60,1,39,0,4,4,4,25,9.75,0.025,0.975,1.0,0.125,0.125,0.125,0.125,0.625,1,1
100,4,52,scale_free,0.6,940822374,40,60,2,33,5,0,0,1,33,33.0,0.05,0.825,0.875,0.05,0.05,0.05,0.05,0.825,0,0
100,4,52,er,0.7,940822374,30,70,2,28,0,28,28,3,16,9.333333333333334,0.06666666666666667,0.9333333333333333,1.0,1.0,1.0,0.4666666666666667,0.4666666666666667,0.5333333333333333,1,1
100,4,52,ring,0.7,940822374,30,70,1,29,0,29,29,6,7,4.833333333333333,0.03333333333333333,0.9666666666666667,1.0,1.0,1.0,1.0,1.0,0.23333333333333334,1,1
100,4,52,small_world,0.7,940822374,30,70,1,29,0,29,29,5,17,5.8,0.03333333333333333,0.9666666666666667,1.0,1.0,1.0,0.43333333333333335,0.43333333333333335,0.5666666666666667,1,1
100,4,52,scale_free,0.7,940822374,30,70,1,27,2,0,0,1,27,27.0,0.03333333333333333,0.9,0.9333333333333333,0.03333333333333333,0.03333333333333333,0.03333333333333333,0.03333333333333333,0.9,0,0
100,4,52,er,0.8,940822374,20,80,5,15,0,15,15,2,11,7.5,0.25,0.75,1.0,1.0,1.0,0.45,0.45,0.55,1,1
100,4,52,ring,0.8,940822374,20,80,2,18,0,18,18,5,6,3.6,0.1,0.9,1.0,1.0,1.0,1.0,1.0,0.3,1,1
100,4,52,small_world,0.8,940822374,20,80,2,18,0,18,18,4,9,4.5,0.1,0.9,1.0,1.0,1.0,1.0,1.0,0.45,1,1
100,4,52,scale_free,0.8,940822374,20,80,2,18,0,18,18,1,18,18.0,0.1,0.9,1.0,1.0,1.0,0.1,0.1,0.9,1,1
100,4,52,er,0.9,940822374,10,90,3,7,0,7,7,1,7,7.0,0.3,0.7,1.0,1.0,1.0,1.0,1.0,0.7,1,1
100,4,52,ring,0.9,940822374,10,90,5,5,0,5,5,2,3,2.5,0.5,0.5,1.0,1.0,1.0,1.0,1.0,0.3,1,1
100,4,52,small_world,0.9,940822374,10,90,4,6,0,6,6,2,3,3.0,0.4,0.6,1.0,1.0,1.0,1.0,1.0,0.3,1,1
100,4,52,scale_free,0.9,940822374,10,90,5,5,0,5,5,2,3,2.5,0.5,0.5,1.0,1.0,1.0,1.0,1.0,0.3,1,1
100,4,53,er,0.1,3341787718,90,10,0,0,90,0,0,0,0,0.0,0.0,0.0,0.0,0.0,0.0,0.0,0.0,0.0,0,0
100,4,53,ring,0.1,3341787718,90,10,0,0,90,0,0,0,0,0.0,0.0,0.0,0.0,0.0,0.0,0.0,0.0,0.0,0,0
100,4,53,small_world,0.1,3341787718,90,10,0,0,90,0,0,0,0,0.0,0.0,0.0,0.0,0.0,0.0,0.0,0.0,0.0,0,0
100,4,53,scale_free,0.1,3341787718,90,10,0,0,90,0,0,0,0,0.0,0.0,0.0,0.0,0.0,0.0,0.0,0.0,0.0,0,0
100,4,53,er,0.2,3341787718,80,20,0,0,80,0,0,0,0,0.0,0.0,0.0,0.0,0.0,0.0,0.0,0.0,0.0,0,0
100,4,53,ring,0.2,3341787718,80,20,0,0,80,0,0,0,0,0.0,0.0,0.0,0.0,0.0,0.0,0.0,0.0,0.0,0,0
100,4,53,small_world,0.2,3341787718,80,20,0,0,80,0,0,0,0,0.0,0.0,0.0,0.0,0.0,0.0,0.0,0.0,0.0,0,0
100,4,53,scale_free,0.2,3341787718,80,20,1,0,79,0,0,0,0,0.0,0.0125,0.0,0.0125,0.0125,0.0125,0.0125,0.0125,0.0,0,0
100,4,53,er,0.3,3341787718,70,30,1,0,69,0,0,0,0,0.0,0.014285714285714285,0.0,0.014285714285714285,0.014285714285714285,0.014285714285714285,0.014285714285714285,0.014285714285714285,0.0,0,0
100,4,53,ring,0.3,3341787718,70,30,0,2,68,2,2,1,2,2.0,0.0,0.02857142857142857,0.02857142857142857,0.02857142857142857,0.02857142857142857,0.02857142857142857,0.02857142857142857,0.02857142857142857,1,1
100,4,53,small_world,0.3,3341787718,70,30,1,2,67,2,2,1,2,2.0,0.014285714285714285,0.02857142857142857,0.04285714285714286,0.04285714285714286,0.04285714285714286,0.04285714285714286,0.04285714285714286,0.02857142857142857,1,1
100,4,53,scale_free,0.3,3341787718,70,30,3,4,63,4,4,1,4,4.0,0.04285714285714286,0.05714285714285714,0.1,0.1,0.1,0.1,0.1,0.05714285714285714,1,1
100,4,53,er,0.4,3341787718,60,40,3,0,57,0,0,0,0,0.0,0.05,0.0,0.05,0.05,0.05,0.05,0.05,0.0,0,0
100,4,53,ring,0.4,3341787718,60,40,0,4,56,4,4,2,2,2.0,0.0,0.06666666666666667,0.06666666666666667,0.06666666666666667,0.06666666666666667,0.06666666666666667,0.06666666666666667,0.03333333333333333,1,1
100,4,53,small_world,0.4,3341787718,60,40,0,4,56,4,4,2,2,2.0,0.0,0.06666666666666667,0.06666666666666667,0.06666666666666667,0.06666666666666667,0.06666666666666667,0.06666666666666667,0.03333333333333333,1,1
100,4,53,scale_free,0.4,3341787718,60,40,3,0,57,0,0,0,0,0.0,0.05,0.0,0.05,0.05,0.05,0.05,0.05,0.0,0,0
100,4,53,er,0.5,3341787718,50,50,4,36,10,0,0,1,36,36.0,0.08,0.72,0.8,0.08,0.08,0.08,0.08,0.72,0,0
100,4,53,ring,0.5,3341787718,50,50,1,22,27,18,18,7,5,3.142857142857143,0.02,0.44,0.46,0.38,0.38,0.38,0.38,0.1,1,1
100,4,53,small_world,0.5,3341787718,50,50,1,37,12,33,33,6,16,6.166666666666667,0.02,0.74,0.76,0.68,0.68,0.14,0.14,0.32,1,1
100,4,53,scale_free,0.5,3341787718,50,50,1,33,16,0,0,1,33,33.0,0.02,0.66,0.68,0.02,0.02,0.02,0.02,0.66,0,0
100,4,53,er,0.6,3341787718,40,60,2,32,6,32,32,1,32,32.0,0.05,0.8,0.85,0.85,0.85,0.05,0.05,0.8,1,1
100,4,53,ring,0.6,3341787718,40,60,1,38,1,22,22,9,10,4.222222222222222,0.025,0.95,0.975,0.575,0.575,0.575,0.575,0.25,1,1
100,4,53,small_world,0.6,3341787718,40,60,2,36,2,28,28,7,11,5.142857142857143,0.05,0.9,0.95,0.75,0.75,0.2,0.2,0.275,1,1
100,4,53,scale_free,0.6,3341787718,40,60,2,31,7,0,0,1,31,31.0,0.05,0.775,0.825,0.05,0.05,0.05,0.05,0.775,0,0
100,4,53,er,0.7,3341787718,30,70,3,26,1,26,26,1,26,26.0,0.1,0.8666666666666667,0.9666666666666667,0.9666666666666667,0.9666666666666667,0.1,0.1,0.8666666666666667,1,1
100,4,53,ring,0.7,3341787718,30,70,2,27,1,27,27,9,5,3.0,0.06666666666666667,0.9,0.9666666666666667,0.9666666666666667,0.9666666666666667,0.9666666666666667,0.9666666666666667,0.16666666666666666,1,1
100,4,53,small_world,0.7,3341787718,30,70,2,27,1,27,27,6,9,4.5,0.06666666666666667,0.9,0.9666666666666667,0.9666666666666667,0.9666666666666667,0.9666666666666667,0.9666666666666667,0.3,1,1
100,4,53,scale_free,0.7,3341787718,30,70,0,28,2,0,0,1,28,28.0,0.0,0.9333333333333333,0.9333333333333333,0.0,0.0,0.0,0.0,0.9333333333333333,0,0
100,4,53,er,0.8,3341787718,20,80,4,15,1,15,15,1,15,15.0,0.2,0.75,0.95,0.95,0.95,0.2,0.2,0.75,1,1
100,4,53,ring,0.8,3341787718,20,80,5,14,1,14,14,6,4,2.3333333333333335,0.25,0.7,0.95,0.95,0.95,0.95,0.95,0.2,1,1
100,4,53,small_world,0.8,3341787718,20,80,3,17,0,17,17,4,8,4.25,0.15,0.85,1.0,1.0,1.0,1.0,1.0,0.4,1,1
100,4,53,scale_free,0.8,3341787718,20,80,0,19,1,0,0,1,19,19.0,0.0,0.95,0.95,0.0,0.0,0.0,0.0,0.95,0,0
100,4,53,er,0.9,3341787718,10,90,3,7,0,7,7,2,5,3.5,0.3,0.7,1.0,1.0,1.0,1.0,1.0,0.5,1,1
100,4,53,ring,0.9,3341787718,10,90,7,3,0,3,3,1,3,3.0,0.7,0.3,1.0,1.0,1.0,1.0,1.0,0.3,1,1
100,4,53,small_world,0.9,3341787718,10,90,4,6,0,6,6,1,6,6.0,0.4,0.6,1.0,1.0,1.0,1.0,1.0,0.6,1,1
100,4,53,scale_free,0.9,3341787718,10,90,2,7,1,7,7,1,7,7.0,0.2,0.7,0.9,0.9,0.9,0.9,0.9,0.7,1,1
100,4,54,er,0.1,2203027366,90,10,4,0,86,0,0,0,0,0.0,0.044444444444444446,0.0,0.044444444444444446,0.044444444444444446,0.044444444444444446,0.044444444444444446,0.044444444444444446,0.0,0,0
100,4,54,ring,0.1,2203027366,90,10,0,0,90,0,0,0,0,0.0,0.0,0.0,0.0,0.0,0.0,0.0,0.0,0.0,0,0
100,4,54,small_world,0.1,2203027366,90,10,0,0,90,0,0,0,0,0.0,0.0,0.0,0.0,0.0,0.0,0.0,0.0,0.0,0,0
100,4,54,scale_free,0.1,2203027366,90,10,0,0,90,0,0,0,0,0.0,0.0,0.0,0.0,0.0,0.0,0.0,0.0,0.0,0,0
100,4,54,er,0.2,2203027366,80,20,2,0,78,0,0,0,0,0.0,0.025,0.0,0.025,0.025,0.025,0.025,0.025,0.0,0,0
100,4,54,ring,0.2,2203027366,80,20,0,0,80,0,0,0,0,0.0,0.0,0.0,0.0,0.0,0.0,0.0,0.0,0.0,0,0
100,4,54,small_world,0.2,2203027366,80,20,0,0,80,0,0,0,0,0.0,0.0,0.0,0.0,0.0,0.0,0.0,0.0,0.0,0,0
100,4,54,scale_free,0.2,2203027366,80,20,1,0,79,0,0,0,0,0.0,0.0125,0.0,0.0125,0.0125,0.0125,0.0125,0.0125,0.0,0,0
100,4,54,er,0.3,2203027366,70,30,1,0,69,0,0,0,0,0.0,0.014285714285714285,0.0,0.014285714285714285,0.014285714285714285,0.014285714285714285,0.014285714285714285,0.014285714285714285,0.0,0,0
100,4,54,ring,0.3,2203027366,70,30,0,11,59,5,5,2,6,5.5,0.0,0.15714285714285714,0.15714285714285714,0.07142857142857142,0.07142857142857142,0.07142857142857142,0.07142857142857142,0.08571428571428572,1,1
100,4,54,small_world,0.3,2203027366,70,30,0,10,60,4,4,2,6,5.0,0.0,0.14285714285714285,0.14285714285714285,0.05714285714285714,0.05714285714285714,0.05714285714285714,0.05714285714285714,0.08571428571428572,1,1
100,4,54,scale_free,0.3,2203027366,70,30,3,0,67,0,0,0,0,0.0,0.04285714285714286,0.0,0.04285714285714286,0.04285714285714286,0.04285714285714286,0.04285714285714286,0.04285714285714286,0.0,0,0
100,4,54,er,0.4,2203027366,60,40,1,0,59,0,0,0,0,0.0,0.016666666666666666,0.0,0.016666666666666666,0.016666666666666666,0.016666666666666666,0.016666666666666666,0.016666666666666666,0.0,0,0
100,4,54,ring,0.4,2203027366,60,40,0,10,50,4,4,3,6,3.3333333333333335,0.0,0.16666666666666666,0.16666666666666666,0.06666666666666667,0.06666666666666667,0.06666666666666667,0.06666666666666667,0.1,1,1
100,4,54,small_world,0.4,2203027366,60,40,1,8,51,2,2,2,6,4.0,0.016666666666666666,0.13333333333333333,0.15,0.05,0.05,0.05,0.05,0.1,1,1
100,4,54,scale_free,0.4,2203027366,60,40,2,0,58,0,0,0,0,0.0,0.03333333333333333,0.0,0.03333333333333333,0.03333333333333333,0.03333333333333333,0.03333333333333333,0.03333333333333333,0.0,0,0
100,4,54,er,0.5,2203027366,50,50,0,0,50,0,0,0,0,0.0,0.0,0.0,0.0,0.0,0.0,0.0,0.0,0.0,0,0
100,4,54,ring,0.5,2203027366,50,50,0,24,26,18,18,4,11,6.0,0.0,0.48,0.48,0.36,0.36,0.14,0.14,0.22,1,1
100,4,54,small_world,0.5,2203027366,50,50,1,8,41,2,2,2,6,4.0,0.02,0.16,0.18,0.06,0.06,0.06,0.06,0.12,1,1
100,4,54,scale_free,0.5,2203027366,50,50,3,0,47,0,0,0,0,0.0,0.06,0.0,0.06,0.06,0.06,0.06,0.06,0.0,0,0
100,4,54,er,0.6,2203027366,40,60,1,37,2,0,0,1,37,37.0,0.025,0.925,0.95,0.025,0.025,0.025,0.025,0.925,0,0
100,4,54,ring,0.6,2203027366,40,60,0,39,1,33,33,9,7,4.333333333333333,0.0,0.975,0.975,0.825,0.825,0.825,0.825,0.175,1,1
100,4,54,small_world,0.6,2203027366,40,60,3,36,1,25,25,6,11,6.0,0.075,0.9,0.975,0.7,0.7,0.7,0.7,0.275,1,1
100,4,54,scale_free,0.6,2203027366,40,60,3,35,2,0,0,1,35,35.0,0.075,0.875,0.95,0.075,0.075,0.075,0.075,0.875,0,0
100,4,54,er,0.7,2203027366,30,70,2,26,2,2,2,2,24,13.0,0.06666666666666667,0.8666666666666667,0.9333333333333333,0.13333333333333333,0.13333333333333333,0.13333333333333333,0.13333333333333333,0.8,1,1
100,4,54,ring,0.7,2203027366,30,70,0,25,5,25,25,7,7,3.5714285714285716,0.0,0.8333333333333334,0.8333333333333334,0.8333333333333334,0.8333333333333334,0.8333333333333334,0.8333333333333334,0.23333333333333334,1,1
100,4,54,small_world,0.7,2203027366,30,70,1,24,5,24,24,3,12,8.0,0.03333333333333333,0.8,0.8333333333333334,0.8333333333333334,0.8333333333333334,0.43333333333333335,0.43333333333333335,0.4,1,1
100,4,54,scale_free,0.7,2203027366,30,70,4,25,1,0,0,1,25,25.0,0.13333333333333333,0.8333333333333334,0.9666666666666667,0.13333333333333333,0.13333333333333333,0.13333333333333333,0.13333333333333333,0.8333333333333334,0,0
100,4,54,er,0.8,2203027366,20,80,4,16,0,16,16,2,13,8.0,0.2,0.8,1.0,1.0,1.0,0.35,0.35,0.65,1,1
100,4,54,ring,0.8,2203027366,20,80,4,11,5,11,11,4,3,2.75,0.2,0.55,0.75,0.75,0.75,0.75,0.75,0.15,1,1
100,4,54,small_world,0.8,2203027366,20,80,3,12,5,12,12,3,5,4.0,0.15,0.6,0.75,0.75,0.75,0.75,0.75,0.25,1,1
100,4,54,scale_free,0.8,2203027366,20,80,6,14,0,14,14,3,10,4.666666666666667,0.3,0.7,1.0,1.0,1.0,1.0,1.0,0.5,1,1
100,4,54,er,0.9,2203027366,10,90,5,5,0,5,5,2,3,2.5,0.5,0.5,1.0,1.0,1.0,1.0,1.0,0.3,1,1
100,4,54,ring,0.9,2203027366,10,90,4,6,0,6,6,2,4,3.0,0.4,0.6,1.0,1.0,1.0,1.0,1.0,0.4,1,1
100,4,54,small_world,0.9,2203027366,10,90,3,7,0,7,7,2,5,3.5,0.3,0.7,1.0,1.0,1.0,1.0,1.0,0.5,1,1
100,4,54,scale_free,0.9,2203027366,10,90,6,4,0,4,4,1,4,4.0,0.6,0.4,1.0,1.0,1.0,1.0,1.0,0.4,1,1
100,4,55,er,0.1,184283056,90,10,1,0,89,0,0,0,0,0.0,0.011111111111111112,0.0,0.011111111111111112,0.011111111111111112,0.011111111111111112,0.011111111111111112,0.011111111111111112,0.0,0,0
100,4,55,ring,0.1,184283056,90,10,0,0,90,0,0,0,0,0.0,0.0,0.0,0.0,0.0,0.0,0.0,0.0,0.0,0,0
100,4,55,small_world,0.1,184283056,90,10,0,0,90,0,0,0,0,0.0,0.0,0.0,0.0,0.0,0.0,0.0,0.0,0.0,0,0
100,4,55,scale_free,0.1,184283056,90,10,0,0,90,0,0,0,0,0.0,0.0,0.0,0.0,0.0,0.0,0.0,0.0,0.0,0,0
100,4,55,er,0.2,184283056,80,20,0,0,80,0,0,0,0,0.0,0.0,0.0,0.0,0.0,0.0,0.0,0.0,0.0,0,0
100,4,55,ring,0.2,184283056,80,20,0,0,80,0,0,0,0,0.0,0.0,0.0,0.0,0.0,0.0,0.0,0.0,0.0,0,0
100,4,55,small_world,0.2,184283056,80,20,0,0,80,0,0,0,0,0.0,0.0,0.0,0.0,0.0,0.0,0.0,0.0,0.0,0,0
100,4,55,scale_free,0.2,184283056,80,20,0,2,78,2,2,1,2,2.0,0.0,0.025,0.025,0.025,0.025,0.025,0.025,0.025,1,1
100,4,55,er,0.3,184283056,70,30,2,0,68,0,0,0,0,0.0,0.02857142857142857,0.0,0.02857142857142857,0.02857142857142857,0.02857142857142857,0.02857142857142857,0.02857142857142857,0.0,0,0
100,4,55,ring,0.3,184283056,70,30,0,0,70,0,0,0,0,0.0,0.0,0.0,0.0,0.0,0.0,0.0,0.0,0.0,0,0
100,4,55,small_world,0.3,184283056,70,30,0,0,70,0,0,0,0,0.0,0.0,0.0,0.0,0.0,0.0,0.0,0.0,0.0,0,0
100,4,55,scale_free,0.3,184283056,70,30,0,0,70,0,0,0,0,0.0,0.0,0.0,0.0,0.0,0.0,0.0,0.0,0.0,0,0
100,4,55,er,0.4,184283056,60,40,2,0,58,0,0,0,0,0.0,0.03333333333333333,0.0,0.03333333333333333,0.03333333333333333,0.03333333333333333,0.03333333333333333,0.03333333333333333,0.0,0,0
100,4,55,ring,0.4,184283056,60,40,0,12,48,0,0,2,6,6.0,0.0,0.2,0.2,0.0,0.0,0.0,0.0,0.1,0,0
100,4,55,small_world,0.4,184283056,60,40,0,0,60,0,0,0,0,0.0,0.0,0.0,0.0,0.0,0.0,0.0,0.0,0.0,0,0
100,4,55,scale_free,0.4,184283056,60,40,3,0,57,0,0,0,0,0.0,0.05,0.0,0.05,0.05,0.05,0.05,0.05,0.0,0,0
100,4,55,er,0.5,184283056,50,50,1,40,9,0,0,1,40,40.0,0.02,0.8,0.82,0.02,0.02,0.02,0.02,0.8,0,0
100,4,55,ring,0.5,184283056,50,50,1,27,22,2,2,5,9,5.4,0.02,0.54,0.56,0.06,0.06,0.06,0.06,0.18,1,1
100,4,55,small_world,0.5,184283056,50,50,2,0,48,0,0,0,0,0.0,0.04,0.0,0.04,0.04,0.04,0.04,0.04,0.0,0,0
100,4,55,scale_free,0.5,184283056,50,50,1,41,8,0,0,1,41,41.0,0.02,0.82,0.84,0.02,0.02,0.02,0.02,0.82,0,0
100,4,55,er,0.6,184283056,40,60,6,30,4,30,30,1,30,30.0,0.15,0.75,0.9,0.9,0.9,0.15,0.15,0.75,1,1
100,4,55,ring,0.6,184283056,40,60,1,39,0,8,8,6,14,6.5,0.025,0.975,1.0,0.225,0.225,0.225,0.225,0.35,1,1
100,4,55,small_world,0.6,184283056,40,60,2,38,0,0,0,1,38,38.0,0.05,0.95,1.0,0.05,0.05,0.05,0.05,0.95,0,0
100,4,55,scale_free,0.6,184283056,40,60,2,37,1,0,0,1,37,37.0,0.05,0.925,0.975,0.05,0.05,0.05,0.05,0.925,0,0
100,4,55,er,0.7,184283056,30,70,2,26,2,26,26,1,26,26.0,0.06666666666666667,0.8666666666666667,0.9333333333333333,0.9333333333333333,0.9333333333333333,0.06666666666666667,0.06666666666666667,0.8666666666666667,1,1
100,4,55,ring,0.7,184283056,30,70,0,30,0,24,24,7,10,4.285714285714286,0.0,1.0,1.0,0.8,0.8,0.8,0.8,0.3333333333333333,1,1
100,4,55,small_world,0.7,184283056,30,70,0,30,0,5,5,3,25,10.0,0.0,1.0,1.0,0.16666666666666666,0.16666666666666666,0.16666666666666666,0.16666666666666666,0.8333333333333334,1,1
100,4,55,scale_free,0.7,184283056,30,70,2,28,0,4,4,2,24,14.0,0.06666666666666667,0.9333333333333333,1.0,0.2,0.2,0.2,0.2,0.8,1,1
100,4,55,er,0.8,184283056,20,80,4,15,1,15,15,1,15,15.0,0.2,0.75,0.95,0.95,0.95,0.2,0.2,0.75,1,1
100,4,55,ring,0.8,184283056,20,80,6,14,0,14,14,4,7,3.5,0.3,0.7,1.0,1.0,1.0,1.0,1.0,0.35,1,1
100,4,55,small_world,0.8,184283056,20,80,4,16,0,16,16,5,6,3.2,0.2,0.8,1.0,1.0,1.0,1.0,1.0,0.3,1,1
100,4,55,scale_free,0.8,184283056,20,80,0,20,0,20,20,1,20,20.0,0.0,1.0,1.0,1.0,1.0,0.0,0.0,1.0,1,1
100,4,55,er,0.9,184283056,10,90,7,2,1,2,2,1,2,2.0,0.7,0.2,0.9,0.9,0.9,0.9,0.9,0.2,1,1
100,4,55,ring,0.9,184283056,10,90,6,4,0,4,4,2,2,2.0,0.6,0.4,1.0,1.0,1.0,1.0,1.0,0.2,1,1
100,4,55,small_world,0.9,184283056,10,90,6,4,0,4,4,2,2,2.0,0.6,0.4,1.0,1.0,1.0,1.0,1.0,0.2,1,1
100,4,55,scale_free,0.9,184283056,10,90,2,8,0,8,8,1,8,8.0,0.2,0.8,1.0,1.0,1.0,1.0,1.0,0.8,1,1
100,4,56,er,0.1,1849854398,90,10,0,0,90,0,0,0,0,0.0,0.0,0.0,0.0,0.0,0.0,0.0,0.0,0.0,0,0
100,4,56,ring,0.1,1849854398,90,10,0,4,86,4,4,2,2,2.0,0.0,0.044444444444444446,0.044444444444444446,0.044444444444444446,0.044444444444444446,0.044444444444444446,0.044444444444444446,0.022222222222222223,1,1
100,4,56,small_world,0.1,1849854398,90,10,1,0,89,0,0,0,0,0.0,0.011111111111111112,0.0,0.011111111111111112,0.011111111111111112,0.011111111111111112,0.011111111111111112,0.011111111111111112,0.0,0,0
100,4,56,scale_free,0.1,1849854398,90,10,0,0,90,0,0,0,0,0.0,0.0,0.0,0.0,0.0,0.0,0.0,0.0,0.0,0,0
100,4,56,er,0.2,1849854398,80,20,1,0,79,0,0,0,0,0.0,0.0125,0.0,0.0125,0.0125,0.0125,0.0125,0.0125,0.0,0,0
100,4,56,ring,0.2,1849854398,80,20,0,4,76,4,4,2,2,2.0,0.0,0.05,0.05,0.05,0.05,0.05,0.05,0.025,1,1
100,4,56,small_world,0.2,1849854398,80,20,1,2,77,2,2,1,2,2.0,0.0125,0.025,0.0375,0.0375,0.0375,0.0375,0.0375,0.025,1,1
100,4,56,scale_free,0.2,1849854398,80,20,1,0,79,0,0,0,0,0.0,0.0125,0.0,0.0125,0.0125,0.0125,0.0125,0.0125,0.0,0,0
100,4,56,er,0.3,1849854398,70,30,1,4,65,4,4,2,2,2.0,0.014285714285714285,0.05714285714285714,0.07142857142857142,0.07142857142857142,0.07142857142857142,0.07142857142857142,0.07142857142857142,0.02857142857142857,1,1
100,4,56,ring,0.3,1849854398,70,30,0,2,68,2,2,1,2,2.0,0.0,0.02857142857142857,0.02857142857142857,0.02857142857142857,0.02857142857142857,0.02857142857142857,0.02857142857142857,0.02857142857142857,1,1
100,4,56,small_world,0.3,1849854398,70,30,1,0,69,0,0,0,0,0.0,0.014285714285714285,0.0,0.014285714285714285,0.014285714285714285,0.014285714285714285,0.014285714285714285,0.014285714285714285,0.0,0,0
100,4,56,scale_free,0.3,1849854398,70,30,2,0,68,0,0,0,0,0.0,0.02857142857142857,0.0,0.02857142857142857,0.02857142857142857,0.02857142857142857,0.02857142857142857,0.02857142857142857,0.0,0,0
100,4,56,er,0.4,1849854398,60,40,1,2,57,2,2,1,2,2.0,0.016666666666666666,0.03333333333333333,0.05,0.05,0.05,0.05,0.05,0.03333333333333333,1,1
100,4,56,ring,0.4,1849854398,60,40,0,2,58,2,2,1,2,2.0,0.0,0.03333333333333333,0.03333333333333333,0.03333333333333333,0.03333333333333333,0.03333333333333333,0.03333333333333333,0.03333333333333333,1,1
100,4,56,small_world,0.4,1849854398,60,40,1,5,54,5,5,1,5,5.0,0.016666666666666666,0.08333333333333333,0.1,0.1,0.1,0.1,0.1,0.08333333333333333,1,1
100,4,56,scale_free,0.4,1849854398,60,40,3,0,57,0,0,0,0,0.0,0.05,0.0,0.05,0.05,0.05,0.05,0.05,0.0,0,0
100,4,56,er,0.5,1849854398,50,50,0,2,48,2,2,1,2,2.0,0.0,0.04,0.04,0.04,0.04,0.04,0.04,0.04,1,1
100,4,56,ring,0.5,1849854398,50,50,0,26,24,17,17,3,10,8.666666666666666,0.0,0.52,0.52,0.34,0.34,0.34,0.34,0.2,1,1
100,4,56,small_world,0.5,1849854398,50,50,1,0,49,0,0,0,0,0.0,0.02,0.0,0.02,0.02,0.02,0.02,0.02,0.0,0,0
100,4,56,scale_free,0.5,1849854398,50,50,2,0,48,0,0,0,0,0.0,0.04,0.0,0.04,0.04,0.04,0.04,0.04,0.0,0,0
100,4,56,er,0.6,1849854398,40,60,2,37,1,37,37,1,37,37.0,0.05,0.925,0.975,0.975,0.975,0.05,0.05,0.925,1,1
100,4,56,ring,0.6,1849854398,40,60,0,32,8,25,25,6,7,5.333333333333333,0.0,0.8,0.8,0.625,0.625,0.625,0.625,0.175,1,1
100,4,56,small_world,0.6,1849854398,40,60,1,38,1,2,2,2,36,19.0,0.025,0.95,0.975,0.075,0.075,0.075,0.075,0.9,1,1
100,4,56,scale_free,0.6,1849854398,40,60,0,39,1,0,0,1,39,39.0,0.0,0.975,0.975,0.0,0.0,0.0,0.0,0.975,0,0
100,4,56,er,0.7,1849854398,30,70,3,26,1,26,26,1,26,26.0,0.1,0.8666666666666667,0.9666666666666667,0.9666666666666667,0.9666666666666667,0.1,0.1,0.8666666666666667,1,1
100,4,56,ring,0.7,1849854398,30,70,1,28,1,12,12,6,10,4.666666666666667,0.03333333333333333,0.9333333333333333,0.9666666666666667,0.43333333333333335,0.43333333333333335,0.43333333333333335,0.43333333333333335,0.3333333333333333,1,1
100,4,56,small_world,0.7,1849854398,30,70,2,28,0,28,28,3,24,9.333333333333334,0.06666666666666667,0.9333333333333333,1.0,1.0,1.0,0.2,0.2,0.8,1,1
100,4,56,scale_free,0.7,1849854398,30,70,1,29,0,0,0,1,29,29.0,0.03333333333333333,0.9666666666666667,1.0,0.03333333333333333,0.03333333333333333,0.03333333333333333,0.03333333333333333,0.9666666666666667,0,0
100,4,56,er,0.8,1849854398,20,80,3,16,1,16,16,2,14,8.0,0.15,0.8,0.95,0.95,0.95,0.25,0.25,0.7,1,1
100,4,56,ring,0.8,1849854398,20,80,5,15,0,15,15,5,5,3.0,0.25,0.75,1.0,1.0,1.0,1.0,1.0,0.25,1,1
100,4,56,small_world,0.8,1849854398,20,80,4,16,0,16,16,3,12,5.333333333333333,0.2,0.8,1.0,1.0,1.0,0.4,0.4,0.6,1,1
100,4,56,scale_free,0.8,1849854398,20,80,0,20,0,0,0,1,20,20.0,0.0,1.0,1.0,0.0,0.0,0.0,0.0,1.0,0,0
100,4,56,er,0.9,1849854398,10,90,3,6,1,6,6,2,4,3.0,0.3,0.6,0.9,0.9,0.9,0.9,0.9,0.4,1,1
100,4,56,ring,0.9,1849854398,10,90,5,5,0,5,5,2,3,2.5,0.5,0.5,1.0,1.0,1.0,1.0,1.0,0.3,1,1
100,4,56,small_world,0.9,1849854398,10,90,5,5,0,5,5,2,3,2.5,0.5,0.5,1.0,1.0,1.0,1.0,1.0,0.3,1,1
100,4,56,scale_free,0.9,1849854398,10,90,0,10,0,10,10,1,10,10.0,0.0,1.0,1.0,1.0,1.0,1.0,1.0,1.0,1,1
100,4,57,er,0.1,4057470833,90,10,1,0,89,0,0,0,0,0.0,0.011111111111111112,0.0,0.011111111111111112,0.011111111111111112,0.011111111111111112,0.011111111111111112,0.011111111111111112,0.0,0,0
100,4,57,ring,0.1,4057470833,90,10,0,0,90,0,0,0,0,0.0,0.0,0.0,0.0,0.0,0.0,0.0,0.0,0.0,0,0
100,4,57,small_world,0.1,4057470833,90,10,0,0,90,0,0,0,0,0.0,0.0,0.0,0.0,0.0,0.0,0.0,0.0,0.0,0,0
100,4,57,scale_free,0.1,4057470833,90,10,0,0,90,0,0,0,0,0.0,0.0,0.0,0.0,0.0,0.0,0.0,0.0,0.0,0,0
100,4,57,er,0.2,4057470833,80,20,2,0,78,0,0,0,0,0.0,0.025,0.0,0.025,0.025,0.025,0.025,0.025,0.0,0,0
100,4,57,ring,0.2,4057470833,80,20,0,0,80,0,0,0,0,0.0,0.0,0.0,0.0,0.0,0.0,0.0,0.0,0.0,0,0
100,4,57,small_world,0.2,4057470833,80,20,0,0,80,0,0,0,0,0.0,0.0,0.0,0.0,0.0,0.0,0.0,0.0,0.0,0,0
100,4,57,scale_free,0.2,4057470833,80,20,1,0,79,0,0,0,0,0.0,0.0125,0.0,0.0125,0.0125,0.0125,0.0125,0.0125,0.0,0,0
100,4,57,er,0.3,4057470833,70,30,2,2,66,2,2,1,2,2.0,0.02857142857142857,0.02857142857142857,0.05714285714285714,0.05714285714285714,0.05714285714285714,0.05714285714285714,0.05714285714285714,0.02857142857142857,1,1
100,4,57,ring,0.3,4057470833,70,30,0,0,70,0,0,0,0,0.0,0.0,0.0,0.0,0.0,0.0,0.0,0.0,0.0,0,0
100,4,57,small_world,0.3,4057470833,70,30,0,0,70,0,0,0,0,0.0,0.0,0.0,0.0,0.0,0.0,0.0,0.0,0.0,0,0
100,4,57,scale_free,0.3,4057470833,70,30,4,0,66,0,0,0,0,0.0,0.05714285714285714,0.0,0.05714285714285714,0.05714285714285714,0.05714285714285714,0.05714285714285714,0.05714285714285714,0.0,0,0
100,4,57,er,0.4,4057470833,60,40,3,0,57,0,0,0,0,0.0,0.05,0.0,0.05,0.05,0.05,0.05,0.05,0.0,0,0
100,4,57,ring,0.4,4057470833,60,40,0,9,51,6,6,4,3,2.25,0.0,0.15,0.15,0.1,0.1,0.1,0.1,0.05,1,1
100,4,57,small_world,0.4,4057470833,60,40,0,7,53,4,4,3,3,2.3333333333333335,0.0,0.11666666666666667,0.11666666666666667,0.06666666666666667,0.06666666666666667,0.06666666666666667,0.06666666666666667,0.05,1,1
100,4,57,scale_free,0.4,4057470833,60,40,3,0,57,0,0,0,0,0.0,0.05,0.0,0.05,0.05,0.05,0.05,0.05,0.0,0,0
100,4,57,er,0.5,4057470833,50,50,3,40,7,0,0,1,40,40.0,0.06,0.8,0.86,0.06,0.06,0.06,0.06,0.8,0,0
100,4,57,ring,0.5,4057470833,50,50,0,20,30,9,9,6,8,3.3333333333333335,0.0,0.4,0.4,0.18,0.18,0.18,0.18,0.16,1,1
100,4,57,small_world,0.5,4057470833,50,50,0,17,33,8,8,5,6,3.4,0.0,0.34,0.34,0.16,0.16,0.16,0.16,0.12,1,1
100,4,57,scale_free,0.5,4057470833,50,50,2,0,48,0,0,0,0,0.0,0.04,0.0,0.04,0.04,0.04,0.04,0.04,0.0,0,0
100,4,57,er,0.6,4057470833,40,60,3,33,4,0,0,1,33,33.0,0.075,0.825,0.9,0.075,0.075,0.075,0.075,0.825,0,0
100,4,57,ring,0.6,4057470833,40,60,0,39,1,30,30,7,17,5.571428571428571,0.0,0.975,0.975,0.75,0.75,0.325,0.325,0.425,1,1
100,4,57,small_world,0.6,4057470833,40,60,1,37,2,34,34,4,28,9.25,0.025,0.925,0.95,0.875,0.875,0.175,0.175,0.7,1,1
100,4,57,scale_free,0.6,4057470833,40,60,3,0,37,0,0,0,0,0.0,0.075,0.0,0.075,0.075,0.075,0.075,0.075,0.0,0,0
100,4,57,er,0.7,4057470833,30,70,3,26,1,26,26,1,26,26.0,0.1,0.8666666666666667,0.9666666666666667,0.9666666666666667,0.9666666666666667,0.1,0.1,0.8666666666666667,1,1
100,4,57,ring,0.7,4057470833,30,70,2,27,1,27,27,7,10,3.857142857142857,0.06666666666666667,0.9,0.9666666666666667,0.9666666666666667,0.9666666666666667,0.9666666666666667,0.9666666666666667,0.3333333333333333,1,1
100,4,57,small_world,0.7,4057470833,30,70,2,26,2,26,26,4,17,6.5,0.06666666666666667,0.8666666666666667,0.9333333333333333,0.9333333333333333,0.9333333333333333,0.36666666666666664,0.36666666666666664,0.5666666666666667,1,1
100,4,57,scale_free,0.7,4057470833,30,70,1,29,0,0,0,1,29,29.0,0.03333333333333333,0.9666666666666667,1.0,0.03333333333333333,0.03333333333333333,0.03333333333333333,0.03333333333333333,0.9666666666666667,0,0
100,4,57,er,0.8,4057470833,20,80,4,15,1,15,15,1,15,15.0,0.2,0.75,0.95,0.95,0.95,0.2,0.2,0.75,1,1
100,4,57,ring,0.8,4057470833,20,80,6,13,1,13,13,4,6,3.25,0.3,0.65,0.95,0.95,0.95,0.95,0.95,0.3,1,1
100,4,57,small_world,0.8,4057470833,20,80,5,13,2,13,13,3,6,4.333333333333333,0.25,0.65,0.9,0.9,0.9,0.9,0.9,0.3,1,1
100,4,57,scale_free,0.8,4057470833,20,80,2,18,0,18,18,1,18,18.0,0.1,0.9,1.0,1.0,1.0,0.1,0.1,0.9,1,1
100,4,57,er,0.9,4057470833,10,90,0,10,0,10,10,3,5,3.3333333333333335,0.0,1.0,1.0,1.0,1.0,1.0,1.0,0.5,1,1
100,4,57,ring,0.9,4057470833,10,90,3,7,0,7,7,3,3,2.3333333333333335,0.3,0.7,1.0,1.0,1.0,1.0,1.0,0.3,1,1
100,4,57,small_world,0.9,4057470833,10,90,3,7,0,7,7,3,3,2.3333333333333335,0.3,0.7,1.0,1.0,1.0,1.0,1.0,0.3,1,1
100,4,57,scale_free,0.9,4057470833,10,90,4,6,0,6,6,2,3,3.0,0.4,0.6,1.0,1.0,1.0,1.0,1.0,0.3,1,1
100,4,58,er,0.1,2687631189,90,10,0,0,90,0,0,0,0,0.0,0.0,0.0,0.0,0.0,0.0,0.0,0.0,0.0,0,0
100,4,58,ring,0.1,2687631189,90,10,0,0,90,0,0,0,0,0.0,0.0,0.0,0.0,0.0,0.0,0.0,0.0,0.0,0,0
100,4,58,small_world,0.1,2687631189,90,10,0,0,90,0,0,0,0,0.0,0.0,0.0,0.0,0.0,0.0,0.0,0.0,0.0,0,0
100,4,58,scale_free,0.1,2687631189,90,10,0,0,90,0,0,0,0,0.0,0.0,0.0,0.0,0.0,0.0,0.0,0.0,0.0,0,0
100,4,58,er,0.2,2687631189,80,20,0,0,80,0,0,0,0,0.0,0.0,0.0,0.0,0.0,0.0,0.0,0.0,0.0,0,0
100,4,58,ring,0.2,2687631189,80,20,0,0,80,0,0,0,0,0.0,0.0,0.0,0.0,0.0,0.0,0.0,0.0,0.0,0,0
100,4,58,small_world,0.2,2687631189,80,20,0,0,80,0,0,0,0,0.0,0.0,0.0,0.0,0.0,0.0,0.0,0.0,0.0,0,0
100,4,58,scale_free,0.2,2687631189,80,20,1,0,79,0,0,0,0,0.0,0.0125,0.0,0.0125,0.0125,0.0125,0.0125,0.0125,0.0,0,0
100,4,58,er,0.3,2687631189,70,30,2,0,68,0,0,0,0,0.0,0.02857142857142857,0.0,0.02857142857142857,0.02857142857142857,0.02857142857142857,0.02857142857142857,0.02857142857142857,0.0,0,0
100,4,58,ring,0.3,2687631189,70,30,0,2,68,2,2,1,2,2.0,0.0,0.02857142857142857,0.02857142857142857,0.02857142857142857,0.02857142857142857,0.02857142857142857,0.02857142857142857,0.02857142857142857,1,1
100,4,58,small_world,0.3,2687631189,70,30,0,0,70,0,0,0,0,0.0,0.0,0.0,0.0,0.0,0.0,0.0,0.0,0.0,0,0
100,4,58,scale_free,0.3,2687631189,70,30,0,2,68,2,2,1,2,2.0,0.0,0.02857142857142857,0.02857142857142857,0.02857142857142857,0.02857142857142857,0.02857142857142857,0.02857142857142857,0.02857142857142857,1,1
100,4,58,er,0.4,2687631189,60,40,1,0,59,0,0,0,0,0.0,0.016666666666666666,0.0,0.016666666666666666,0.016666666666666666,0.016666666666666666,0.016666666666666666,0.016666666666666666,0.0,0,0
100,4,58,ring,0.4,2687631189,60,40,0,6,54,3,3,2,3,3.0,0.0,0.1,0.1,0.05,0.05,0.05,0.05,0.05,1,1
100,4,58,small_world,0.4,2687631189,60,40,0,3,57,0,0,1,3,3.0,0.0,0.05,0.05,0.0,0.0,0.0,0.0,0.05,0,0
100,4,58,scale_free,0.4,2687631189,60,40,1,0,59,0,0,0,0,0.0,0.016666666666666666,0.0,0.016666666666666666,0.016666666666666666,0.016666666666666666,0.016666666666666666,0.016666666666666666,0.0,0,0
100,4,58,er,0.5,2687631189,50,50,1,0,49,0,0,0,0,0.0,0.02,0.0,0.02,0.02,0.02,0.02,0.02,0.0,0,0
100,4,58,ring,0.5,2687631189,50,50,0,9,41,5,5,3,4,3.0,0.0,0.18,0.18,0.1,0.1,0.1,0.1,0.08,1,1
100,4,58,small_world,0.5,2687631189,50,50,2,2,46,2,2,1,2,2.0,0.04,0.04,0.08,0.08,0.08,0.08,0.08,0.04,1,1
100,4,58,scale_free,0.5,2687631189,50,50,2,0,48,0,0,0,0,0.0,0.04,0.0,0.04,0.04,0.04,0.04,0.04,0.0,0,0
100,4,58,er,0.6,2687631189,40,60,2,36,2,0,0,2,30,18.0,0.05,0.9,0.95,0.05,0.05,0.05,0.05,0.75,0,0
100,4,58,ring,0.6,2687631189,40,60,0,15,25,11,11,4,5,3.75,0.0,0.375,0.375,0.275,0.275,0.275,0.275,0.125,1,1
100,4,58,small_world,0.6,2687631189,40,60,2,8,30,8,8,3,3,2.6666666666666665,0.05,0.2,0.25,0.25,0.25,0.25,0.25,0.075,1,1
100,4,58,scale_free,0.6,2687631189,40,60,2,33,5,2,2,2,31,16.5,0.05,0.825,0.875,0.1,0.1,0.1,0.1,0.775,1,1
100,4,58,er,0.7,2687631189,30,70,1,29,0,29,29,2,24,14.5,0.03333333333333333,0.9666666666666667,1.0,1.0,1.0,0.2,0.2,0.8,1,1
100,4,58,ring,0.7,2687631189,30,70,2,28,0,24,24,5,9,5.6,0.06666666666666667,0.9333333333333333,1.0,0.8666666666666667,0.8666666666666667,0.8666666666666667,0.8666666666666667,0.3,1,1
100,4,58,small_world,0.7,2687631189,30,70,2,13,15,13,13,4,7,3.25,0.06666666666666667,0.43333333333333335,0.5,0.5,0.5,0.5,0.5,0.23333333333333334,1,1
100,4,58,scale_free,0.7,2687631189,30,70,1,28,1,0,0,1,28,28.0,0.03333333333333333,0.9333333333333333,0.9666666666666667,0.03333333333333333,0.03333333333333333,0.03333333333333333,0.03333333333333333,0.9333333333333333,0,0
100,4,58,er,0.8,2687631189,20,80,1,19,0,19,19,2,17,9.5,0.05,0.95,1.0,1.0,1.0,0.15,0.15,0.85,1,1
100,4,58,ring,0.8,2687631189,20,80,2,18,0,18,18,6,5,3.0,0.1,0.9,1.0,1.0,1.0,1.0,1.0,0.25,1,1
100,4,58,small_world,0.8,2687631189,20,80,4,16,0,16,16,5,7,3.2,0.2,0.8,1.0,1.0,1.0,1.0,1.0,0.35,1,1
100,4,58,scale_free,0.8,2687631189,20,80,1,19,0,19,19,1,19,19.0,0.05,0.95,1.0,1.0,1.0,0.05,0.05,0.95,1,1
100,4,58,er,0.9,2687631189,10,90,6,4,0,4,4,2,2,2.0,0.6,0.4,1.0,1.0,1.0,1.0,1.0,0.2,1,1
100,4,58,ring,0.9,2687631189,10,90,6,4,0,4,4,2,2,2.0,0.6,0.4,1.0,1.0,1.0,1.0,1.0,0.2,1,1
100,4,58,small_world,0.9,2687631189,10,90,6,4,0,4,4,2,2,2.0,0.6,0.4,1.0,1.0,1.0,1.0,1.0,0.2,1,1
100,4,58,scale_free,0.9,2687631189,10,90,1,9,0,9,9,2,7,4.5,0.1,0.9,1.0,1.0,1.0,1.0,1.0,0.7,1,1
100,4,59,er,0.1,4188159447,90,10,0,0,90,0,0,0,0,0.0,0.0,0.0,0.0,0.0,0.0,0.0,0.0,0.0,0,0
100,4,59,ring,0.1,4188159447,90,10,0,0,90,0,0,0,0,0.0,0.0,0.0,0.0,0.0,0.0,0.0,0.0,0.0,0,0
100,4,59,small_world,0.1,4188159447,90,10,0,0,90,0,0,0,0,0.0,0.0,0.0,0.0,0.0,0.0,0.0,0.0,0.0,0,0
100,4,59,scale_free,0.1,4188159447,90,10,1,0,89,0,0,0,0,0.0,0.011111111111111112,0.0,0.011111111111111112,0.011111111111111112,0.011111111111111112,0.011111111111111112,0.011111111111111112,0.0,0,0
100,4,59,er,0.2,4188159447,80,20,3,0,77,0,0,0,0,0.0,0.0375,0.0,0.0375,0.0375,0.0375,0.0375,0.0375,0.0,0,0
100,4,59,ring,0.2,4188159447,80,20,0,0,80,0,0,0,0,0.0,0.0,0.0,0.0,0.0,0.0,0.0,0.0,0.0,0,0
100,4,59,small_world,0.2,4188159447,80,20,0,0,80,0,0,0,0,0.0,0.0,0.0,0.0,0.0,0.0,0.0,0.0,0.0,0,0
100,4,59,scale_free,0.2,4188159447,80,20,1,0,79,0,0,0,0,0.0,0.0125,0.0,0.0125,0.0125,0.0125,0.0125,0.0125,0.0,0,0
100,4,59,er,0.3,4188159447,70,30,1,0,69,0,0,0,0,0.0,0.014285714285714285,0.0,0.014285714285714285,0.014285714285714285,0.014285714285714285,0.014285714285714285,0.014285714285714285,0.0,0,0
100,4,59,ring,0.3,4188159447,70,30,0,0,70,0,0,0,0,0.0,0.0,0.0,0.0,0.0,0.0,0.0,0.0,0.0,0,0
100,4,59,small_world,0.3,4188159447,70,30,0,0,70,0,0,0,0,0.0,0.0,0.0,0.0,0.0,0.0,0.0,0.0,0.0,0,0
100,4,59,scale_free,0.3,4188159447,70,30,1,0,69,0,0,0,0,0.0,0.014285714285714285,0.0,0.014285714285714285,0.014285714285714285,0.014285714285714285,0.014285714285714285,0.014285714285714285,0.0,0,0
100,4,59,er,0.4,4188159447,60,40,1,0,59,0,0,0,0,0.0,0.016666666666666666,0.0,0.016666666666666666,0.016666666666666666,0.016666666666666666,0.016666666666666666,0.016666666666666666,0.0,0,0
100,4,59,ring,0.4,4188159447,60,40,0,2,58,2,2,1,2,2.0,0.0,0.03333333333333333,0.03333333333333333,0.03333333333333333,0.03333333333333333,0.03333333333333333,0.03333333333333333,0.03333333333333333,1,1
100,4,59,small_world,0.4,4188159447,60,40,0,2,58,2,2,1,2,2.0,0.0,0.03333333333333333,0.03333333333333333,0.03333333333333333,0.03333333333333333,0.03333333333333333,0.03333333333333333,0.03333333333333333,1,1
100,4,59,scale_free,0.4,4188159447,60,40,0,0,60,0,0,0,0,0.0,0.0,0.0,0.0,0.0,0.0,0.0,0.0,0.0,0,0
100,4,59,er,0.5,4188159447,50,50,0,42,8,0,0,1,42,42.0,0.0,0.84,0.84,0.0,0.0,0.0,0.0,0.84,0,0
100,4,59,ring,0.5,4188159447,50,50,0,43,7,2,2,4,18,10.75,0.0,0.86,0.86,0.04,0.04,0.04,0.04,0.36,1,1
100,4,59,small_world,0.5,4188159447,50,50,1,21,28,8,8,4,7,5.25,0.02,0.42,0.44,0.18,0.18,0.18,0.18,0.14,1,1
100,4,59,scale_free,0.5,4188159447,50,50,0,40,10,0,0,1,40,40.0,0.0,0.8,0.8,0.0,0.0,0.0,0.0,0.8,0,0
100,4,59,er,0.6,4188159447,40,60,1,35,4,2,2,2,33,17.5,0.025,0.875,0.9,0.075,0.075,0.075,0.075,0.825,1,1
100,4,59,ring,0.6,4188159447,40,60,1,38,1,20,20,6,10,6.333333333333333,0.025,0.95,0.975,0.525,0.525,0.525,0.525,0.25,1,1
100,4,59,small_world,0.6,4188159447,40,60,3,36,1,31,31,5,16,7.2,0.075,0.9,0.975,0.85,0.85,0.45,0.45,0.4,1,1
100,4,59,scale_free,0.6,4188159447,40,60,1,32,7,0,0,1,32,32.0,0.025,0.8,0.825,0.025,0.025,0.025,0.025,0.8,0,0
100,4,59,er,0.7,4188159447,30,70,1,27,2,27,27,2,25,13.5,0.03333333333333333,0.9,0.9333333333333333,0.9333333333333333,0.9333333333333333,0.1,0.1,0.8333333333333334,1,1
100,4,59,ring,0.7,4188159447,30,70,0,30,0,30,30,8,6,3.75,0.0,1.0,1.0,1.0,1.0,1.0,1.0,0.2,1,1
100,4,59,small_world,0.7,4188159447,30,70,2,28,0,28,28,4,13,7.0,0.06666666666666667,0.9333333333333333,1.0,1.0,1.0,0.5666666666666667,0.5666666666666667,0.43333333333333335,1,1
100,4,59,scale_free,0.7,4188159447,30,70,0,28,2,2,2,2,26,14.0,0.0,0.9333333333333333,0.9333333333333333,0.06666666666666667,0.06666666666666667,0.06666666666666667,0.06666666666666667,0.8666666666666667,1,1
100,4,59,er,0.8,4188159447,20,80,3,17,0,17,17,3,13,5.666666666666667,0.15,0.85,1.0,1.0,1.0,0.35,0.35,0.65,1,1
100,4,59,ring,0.8,4188159447,20,80,3,17,0,17,17,6,5,2.8333333333333335,0.15,0.85,1.0,1.0,1.0,1.0,1.0,0.25,1,1
100,4,59,small_world,0.8,4188159447,20,80,3,17,0,17,17,4,9,4.25,0.15,0.85,1.0,1.0,1.0,1.0,1.0,0.45,1,1
100,4,59,scale_free,0.8,4188159447,20,80,1,18,1,0,0,1,18,18.0,0.05,0.9,0.95,0.05,0.05,0.05,0.05,0.9,0,0
100,4,59,er,0.9,4188159447,10,90,2,8,0,8,8,1,8,8.0,0.2,0.8,1.0,1.0,1.0,1.0,1.0,0.8,1,1
100,4,59,ring,0.9,4188159447,10,90,1,9,0,9,9,4,3,2.25,0.1,0.9,1.0,1.0,1.0,1.0,1.0,0.3,1,1
100,4,59,small_world,0.9,4188159447,10,90,0,10,0,10,10,2,7,5.0,0.0,1.0,1.0,1.0,1.0,1.0,1.0,0.7,1,1
100,4,59,scale_free,0.9,4188159447,10,90,0,10,0,10,10,1,10,10.0,0.0,1.0,1.0,1.0,1.0,1.0,1.0,1.0,1,1
100,4,60,er,0.1,1767161035,90,10,1,0,89,0,0,0,0,0.0,0.011111111111111112,0.0,0.011111111111111112,0.011111111111111112,0.011111111111111112,0.011111111111111112,0.011111111111111112,0.0,0,0
100,4,60,ring,0.1,1767161035,90,10,0,0,90,0,0,0,0,0.0,0.0,0.0,0.0,0.0,0.0,0.0,0.0,0.0,0,0
100,4,60,small_world,0.1,1767161035,90,10,0,0,90,0,0,0,0,0.0,0.0,0.0,0.0,0.0,0.0,0.0,0.0,0.0,0,0
100,4,60,scale_free,0.1,1767161035,90,10,0,0,90,0,0,0,0,0.0,0.0,0.0,0.0,0.0,0.0,0.0,0.0,0.0,0,0
100,4,60,er,0.2,1767161035,80,20,1,0,79,0,0,0,0,0.0,0.0125,0.0,0.0125,0.0125,0.0125,0.0125,0.0125,0.0,0,0
100,4,60,ring,0.2,1767161035,80,20,0,0,80,0,0,0,0,0.0,0.0,0.0,0.0,0.0,0.0,0.0,0.0,0.0,0,0
100,4,60,small_world,0.2,1767161035,80,20,0,0,80,0,0,0,0,0.0,0.0,0.0,0.0,0.0,0.0,0.0,0.0,0.0,0,0
100,4,60,scale_free,0.2,1767161035,80,20,1,0,79,0,0,0,0,0.0,0.0125,0.0,0.0125,0.0125,0.0125,0.0125,0.0125,0.0,0,0
100,4,60,er,0.3,1767161035,70,30,2,0,68,0,0,0,0,0.0,0.02857142857142857,0.0,0.02857142857142857,0.02857142857142857,0.02857142857142857,0.02857142857142857,0.02857142857142857,0.0,0,0
100,4,60,ring,0.3,1767161035,70,30,0,0,70,0,0,0,0,0.0,0.0,0.0,0.0,0.0,0.0,0.0,0.0,0.0,0,0
100,4,60,small_world,0.3,1767161035,70,30,0,0,70,0,0,0,0,0.0,0.0,0.0,0.0,0.0,0.0,0.0,0.0,0.0,0,0
100,4,60,scale_free,0.3,1767161035,70,30,3,0,67,0,0,0,0,0.0,0.04285714285714286,0.0,0.04285714285714286,0.04285714285714286,0.04285714285714286,0.04285714285714286,0.04285714285714286,0.0,0,0
100,4,60,er,0.4,1767161035,60,40,5,0,55,0,0,0,0,0.0,0.08333333333333333,0.0,0.08333333333333333,0.08333333333333333,0.08333333333333333,0.08333333333333333,0.08333333333333333,0.0,0,0
100,4,60,ring,0.4,1767161035,60,40,0,0,60,0,0,0,0,0.0,0.0,0.0,0.0,0.0,0.0,0.0,0.0,0.0,0,0
100,4,60,small_world,0.4,1767161035,60,40,0,0,60,0,0,0,0,0.0,0.0,0.0,0.0,0.0,0.0,0.0,0.0,0.0,0,0
100,4,60,scale_free,0.4,1767161035,60,40,2,0,58,0,0,0,0,0.0,0.03333333333333333,0.0,0.03333333333333333,0.03333333333333333,0.03333333333333333,0.03333333333333333,0.03333333333333333,0.0,0,0
100,4,60,er,0.5,1767161035,50,50,2,40,8,0,0,1,40,40.0,0.04,0.8,0.84,0.04,0.04,0.04,0.04,0.8,0,0
100,4,60,ring,0.5,1767161035,50,50,0,19,31,0,0,1,19,19.0,0.0,0.38,0.38,0.0,0.0,0.0,0.0,0.38,0,0
100,4,60,small_world,0.5,1767161035,50,50,0,0,50,0,0,0,0,0.0,0.0,0.0,0.0,0.0,0.0,0.0,0.0,0.0,0,0
100,4,60,scale_free,0.5,1767161035,50,50,1,41,8,2,2,2,39,20.5,0.02,0.82,0.84,0.06,0.06,0.06,0.06,0.78,1,1
100,4,60,er,0.6,1767161035,40,60,2,35,3,35,35,2,32,17.5,0.05,0.875,0.925,0.925,0.925,0.125,0.125,0.8,1,1
100,4,60,ring,0.6,1767161035,40,60,0,40,0,2,2,2,38,20.0,0.0,1.0,1.0,0.05,0.05,0.05,0.05,0.95,1,1
100,4,60,small_world,0.6,1767161035,40,60,0,40,0,2,2,2,38,20.0,0.0,1.0,1.0,0.05,0.05,0.05,0.05,0.95,1,1
100,4,60,scale_free,0.6,1767161035,40,60,0,33,7,2,2,2,31,16.5,0.0,0.825,0.825,0.05,0.05,0.05,0.05,0.775,1,1
100,4,60,er,0.7,1767161035,30,70,1,29,0,29,29,3,23,9.666666666666666,0.03333333333333333,0.9666666666666667,1.0,1.0,1.0,0.23333333333333334,0.23333333333333334,0.7666666666666667,1,1
100,4,60,ring,0.7,1767161035,30,70,1,29,0,29,29,4,11,7.25,0.03333333333333333,0.9666666666666667,1.0,1.0,1.0,0.6333333333333333,0.6333333333333333,0.36666666666666664,1,1
100,4,60,small_world,0.7,1767161035,30,70,1,29,0,29,29,2,25,14.5,0.03333333333333333,0.9666666666666667,1.0,1.0,1.0,0.16666666666666666,0.16666666666666666,0.8333333333333334,1,1
100,4,60,scale_free,0.7,1767161035,30,70,0,29,1,2,2,2,27,14.5,0.0,0.9666666666666667,0.9666666666666667,0.06666666666666667,0.06666666666666667,0.06666666666666667,0.06666666666666667,0.9,1,1
100,4,60,er,0.8,1767161035,20,80,3,17,0,17,17,3,12,5.666666666666667,0.15,0.85,1.0,1.0,1.0,0.4,0.4,0.6,1,1
100,4,60,ring,0.8,1767161035,20,80,2,18,0,18,18,5,4,3.6,0.1,0.9,1.0,1.0,1.0,1.0,1.0,0.2,1,1
100,4,60,small_world,0.8,1767161035,20,80,1,19,0,19,19,5,7,3.8,0.05,0.95,1.0,1.0,1.0,1.0,1.0,0.35,1,1
100,4,60,scale_free,0.8,1767161035,20,80,3,17,0,17,17,1,17,17.0,0.15,0.85,1.0,1.0,1.0,0.15,0.15,0.85,1,1
100,4,60,er,0.9,1767161035,10,90,2,8,0,8,8,3,4,2.6666666666666665,0.2,0.8,1.0,1.0,1.0,1.0,1.0,0.4,1,1
100,4,60,ring,0.9,1767161035,10,90,4,6,0,6,6,3,2,2.0,0.4,0.6,1.0,1.0,1.0,1.0,1.0,0.2,1,1
100,4,60,small_world,0.9,1767161035,10,90,6,4,0,4,4,2,2,2.0,0.6,0.4,1.0,1.0,1.0,1.0,1.0,0.2,1,1
100,4,60,scale_free,0.9,1767161035,10,90,2,8,0,8,8,1,8,8.0,0.2,0.8,1.0,1.0,1.0,1.0,1.0,0.8,1,1
100,4,61,er,0.1,985451517,90,10,0,0,90,0,0,0,0,0.0,0.0,0.0,0.0,0.0,0.0,0.0,0.0,0.0,0,0
100,4,61,ring,0.1,985451517,90,10,0,0,90,0,0,0,0,0.0,0.0,0.0,0.0,0.0,0.0,0.0,0.0,0.0,0,0
100,4,61,small_world,0.1,985451517,90,10,0,0,90,0,0,0,0,0.0,0.0,0.0,0.0,0.0,0.0,0.0,0.0,0.0,0,0
100,4,61,scale_free,0.1,985451517,90,10,2,0,88,0,0,0,0,0.0,0.022222222222222223,0.0,0.022222222222222223,0.022222222222222223,0.022222222222222223,0.022222222222222223,0.022222222222222223,0.0,0,0
100,4,61,er,0.2,985451517,80,20,1,0,79,0,0,0,0,0.0,0.0125,0.0,0.0125,0.0125,0.0125,0.0125,0.0125,0.0,0,0
100,4,61,ring,0.2,985451517,80,20,0,0,80,0,0,0,0,0.0,0.0,0.0,0.0,0.0,0.0,0.0,0.0,0.0,0,0
100,4,61,small_world,0.2,985451517,80,20,0,0,80,0,0,0,0,0.0,0.0,0.0,0.0,0.0,0.0,0.0,0.0,0.0,0,0
100,4,61,scale_free,0.2,985451517,80,20,3,0,77,0,0,0,0,0.0,0.0375,0.0,0.0375,0.0375,0.0375,0.0375,0.0375,0.0,0,0
100,4,61,er,0.3,985451517,70,30,1,0,69,0,0,0,0,0.0,0.014285714285714285,0.0,0.014285714285714285,0.014285714285714285,0.014285714285714285,0.014285714285714285,0.014285714285714285,0.0,0,0
100,4,61,ring,0.3,985451517,70,30,0,9,61,6,6,3,4,3.0,0.0,0.12857142857142856,0.12857142857142856,0.08571428571428572,0.08571428571428572,0.08571428571428572,0.08571428571428572,0.05714285714285714,1,1
100,4,61,small_world,0.3,985451517,70,30,0,0,70,0,0,0,0,0.0,0.0,0.0,0.0,0.0,0.0,0.0,0.0,0.0,0,0
100,4,61,scale_free,0.3,985451517,70,30,4,0,66,0,0,0,0,0.0,0.05714285714285714,0.0,0.05714285714285714,0.05714285714285714,0.05714285714285714,0.05714285714285714,0.05714285714285714,0.0,0,0
100,4,61,er,0.4,985451517,60,40,2,0,58,0,0,0,0,0.0,0.03333333333333333,0.0,0.03333333333333333,0.03333333333333333,0.03333333333333333,0.03333333333333333,0.03333333333333333,0.0,0,0
100,4,61,ring,0.4,985451517,60,40,0,12,48,2,2,3,7,4.0,0.0,0.2,0.2,0.03333333333333333,0.03333333333333333,0.03333333333333333,0.03333333333333333,0.11666666666666667,1,1
100,4,61,small_world,0.4,985451517,60,40,0,0,60,0,0,0,0,0.0,0.0,0.0,0.0,0.0,0.0,0.0,0.0,0.0,0,0
100,4,61,scale_free,0.4,985451517,60,40,4,0,56,0,0,0,0,0.0,0.06666666666666667,0.0,0.06666666666666667,0.06666666666666667,0.06666666666666667,0.06666666666666667,0.06666666666666667,0.0,0,0
100,4,61,er,0.5,985451517,50,50,1,41,8,0,0,1,41,41.0,0.02,0.82,0.84,0.02,0.02,0.02,0.02,0.82,0,0
100,4,61,ring,0.5,985451517,50,50,0,35,15,9,9,5,16,7.0,0.0,0.7,0.7,0.18,0.18,0.18,0.18,0.32,1,1
100,4,61,small_world,0.5,985451517,50,50,1,36,13,0,0,2,19,18.0,0.02,0.72,0.74,0.02,0.02,0.02,0.02,0.38,0,0
100,4,61,scale_free,0.5,985451517,50,50,2,0,48,0,0,0,0,0.0,0.04,0.0,0.04,0.04,0.04,0.04,0.04,0.0,0,0
100,4,61,er,0.6,985451517,40,60,1,38,1,0,0,1,38,38.0,0.025,0.95,0.975,0.025,0.025,0.025,0.025,0.95,0,0
100,4,61,ring,0.6,985451517,40,60,0,38,2,18,18,6,8,6.333333333333333,0.0,0.95,0.95,0.45,0.45,0.45,0.45,0.2,1,1
100,4,61,small_world,0.6,985451517,40,60,1,33,6,27,33,4,17,8.25,0.025,0.825,0.85,0.7,0.85,0.275,0.425,0.425,1,1
100,4,61,scale_free,0.6,985451517,40,60,2,35,3,0,0,1,35,35.0,0.05,0.875,0.925,0.05,0.05,0.05,0.05,0.875,0,0
100,4,61,er,0.7,985451517,30,70,1,28,1,0,0,1,28,28.0,0.03333333333333333,0.9333333333333333,0.9666666666666667,0.03333333333333333,0.03333333333333333,0.03333333333333333,0.03333333333333333,0.9333333333333333,0,0
100,4,61,ring,0.7,985451517,30,70,0,30,0,30,30,6,10,5.0,0.0,1.0,1.0,1.0,1.0,1.0,1.0,0.3333333333333333,1,1
100,4,61,small_world,0.7,985451517,30,70,1,24,5,24,24,6,6,4.0,0.03333333333333333,0.8,0.8333333333333334,0.8333333333333334,0.8333333333333334,0.8333333333333334,0.8333333333333334,0.2,1,1
100,4,61,scale_free,0.7,985451517,30,70,2,28,0,28,28,1,28,28.0,0.06666666666666667,0.9333333333333333,1.0,1.0,1.0,0.06666666666666667,0.06666666666666667,0.9333333333333333,1,1
100,4,61,er,0.8,985451517,20,80,3,17,0,17,17,1,17,17.0,0.15,0.85,1.0,1.0,1.0,0.15,0.15,0.85,1,1
100,4,61,ring,0.8,985451517,20,80,3,17,0,17,17,5,7,3.4,0.15,0.85,1.0,1.0,1.0,1.0,1.0,0.35,1,1
100,4,61,small_world,0.8,985451517,20,80,5,10,5,10,10,3,5,3.3333333333333335,0.25,0.5,0.75,0.75,0.75,0.75,0.75,0.25,1,1
100,4,61,scale_free,0.8,985451517,20,80,1,19,0,19,19,1,19,19.0,0.05,0.95,1.0,1.0,1.0,0.05,0.05,0.95,1,1
100,4,61,er,0.9,985451517,10,90,2,8,0,8,8,1,8,8.0,0.2,0.8,1.0,1.0,1.0,1.0,1.0,0.8,1,1
100,4,61,ring,0.9,985451517,10,90,5,5,0,5,5,2,3,2.5,0.5,0.5,1.0,1.0,1.0,1.0,1.0,0.3,1,1
100,4,61,small_world,0.9,985451517,10,90,5,5,0,5,5,2,3,2.5,0.5,0.5,1.0,1.0,1.0,1.0,1.0,0.3,1,1
100,4,61,scale_free,0.9,985451517,10,90,1,9,0,9,9,3,4,3.0,0.1,0.9,1.0,1.0,1.0,1.0,1.0,0.4,1,1
100,4,62,er,0.1,1344858800,90,10,0,0,90,0,0,0,0,0.0,0.0,0.0,0.0,0.0,0.0,0.0,0.0,0.0,0,0
100,4,62,ring,0.1,1344858800,90,10,0,0,90,0,0,0,0,0.0,0.0,0.0,0.0,0.0,0.0,0.0,0.0,0.0,0,0
100,4,62,small_world,0.1,1344858800,90,10,0,0,90,0,0,0,0,0.0,0.0,0.0,0.0,0.0,0.0,0.0,0.0,0.0,0,0
100,4,62,scale_free,0.1,1344858800,90,10,2,0,88,0,0,0,0,0.0,0.022222222222222223,0.0,0.022222222222222223,0.022222222222222223,0.022222222222222223,0.022222222222222223,0.022222222222222223,0.0,0,0
100,4,62,er,0.2,1344858800,80,20,1,0,79,0,0,0,0,0.0,0.0125,0.0,0.0125,0.0125,0.0125,0.0125,0.0125,0.0,0,0
100,4,62,ring,0.2,1344858800,80,20,0,0,80,0,0,0,0,0.0,0.0,0.0,0.0,0.0,0.0,0.0,0.0,0.0,0,0
100,4,62,small_world,0.2,1344858800,80,20,0,0,80,0,0,0,0,0.0,0.0,0.0,0.0,0.0,0.0,0.0,0.0,0.0,0,0
100,4,62,scale_free,0.2,1344858800,80,20,1,3,76,3,3,1,3,3.0,0.0125,0.0375,0.05,0.05,0.05,0.05,0.05,0.0375,1,1
100,4,62,er,0.3,1344858800,70,30,1,0,69,0,0,0,0,0.0,0.014285714285714285,0.0,0.014285714285714285,0.014285714285714285,0.014285714285714285,0.014285714285714285,0.014285714285714285,0.0,0,0
100,4,62,ring,0.3,1344858800,70,30,0,2,68,2,2,1,2,2.0,0.0,0.02857142857142857,0.02857142857142857,0.02857142857142857,0.02857142857142857,0.02857142857142857,0.02857142857142857,0.02857142857142857,1,1
100,4,62,small_world,0.3,1344858800,70,30,0,4,66,4,4,1,4,4.0,0.0,0.05714285714285714,0.05714285714285714,0.05714285714285714,0.05714285714285714,0.05714285714285714,0.05714285714285714,0.05714285714285714,1,1
100,4,62,scale_free,0.3,1344858800,70,30,2,0,68,0,0,0,0,0.0,0.02857142857142857,0.0,0.02857142857142857,0.02857142857142857,0.02857142857142857,0.02857142857142857,0.02857142857142857,0.0,0,0
100,4,62,er,0.4,1344858800,60,40,3,0,57,0,0,0,0,0.0,0.05,0.0,0.05,0.05,0.05,0.05,0.05,0.0,0,0
100,4,62,ring,0.4,1344858800,60,40,0,15,45,15,15,6,4,2.5,0.0,0.25,0.25,0.25,0.25,0.25,0.25,0.06666666666666667,1,1
100,4,62,small_world,0.4,1344858800,60,40,1,15,44,5,5,4,7,3.75,0.016666666666666666,0.25,0.26666666666666666,0.1,0.1,0.1,0.1,0.11666666666666667,1,1
100,4,62,scale_free,0.4,1344858800,60,40,1,0,59,0,0,0,0,0.0,0.016666666666666666,0.0,0.016666666666666666,0.016666666666666666,0.016666666666666666,0.016666666666666666,0.016666666666666666,0.0,0,0
100,4,62,er,0.5,1344858800,50,50,3,39,8,0,0,1,39,39.0,0.06,0.78,0.84,0.06,0.06,0.06,0.06,0.78,0,0
100,4,62,ring,0.5,1344858800,50,50,0,15,35,15,15,6,4,2.5,0.0,0.3,0.3,0.3,0.3,0.3,0.3,0.08,1,1
100,4,62,small_world,0.5,1344858800,50,50,0,18,32,7,7,4,11,4.5,0.0,0.36,0.36,0.14,0.14,0.14,0.14,0.22,1,1
100,4,62,scale_free,0.5,1344858800,50,50,1,38,11,0,0,1,38,38.0,0.02,0.76,0.78,0.02,0.02,0.02,0.02,0.76,0,0
100,4,62,er,0.6,1344858800,40,60,4,33,3,0,0,1,33,33.0,0.1,0.825,0.925,0.1,0.1,0.1,0.1,0.825,0,0
100,4,62,ring,0.6,1344858800,40,60,0,31,9,18,18,7,10,4.428571428571429,0.0,0.775,0.775,0.45,0.45,0.45,0.45,0.25,1,1
100,4,62,small_world,0.6,1344858800,40,60,0,31,9,23,23,4,11,7.75,0.0,0.775,0.775,0.575,0.575,0.3,0.3,0.275,1,1
100,4,62,scale_free,0.6,1344858800,40,60,5,29,6,0,0,1,29,29.0,0.125,0.725,0.85,0.125,0.125,0.125,0.125,0.725,0,0
100,4,62,er,0.7,1344858800,30,70,4,24,2,24,24,1,24,24.0,0.13333333333333333,0.8,0.9333333333333333,0.9333333333333333,0.9333333333333333,0.13333333333333333,0.13333333333333333,0.8,1,1
100,4,62,ring,0.7,1344858800,30,70,2,28,0,20,20,8,5,3.5,0.06666666666666667,0.9333333333333333,1.0,0.7333333333333333,0.7333333333333333,0.7333333333333333,0.7333333333333333,0.16666666666666666,1,1
100,4,62,small_world,0.7,1344858800,30,70,2,28,0,8,8,4,17,7.0,0.06666666666666667,0.9333333333333333,1.0,0.3333333333333333,0.3333333333333333,0.3333333333333333,0.3333333333333333,0.5666666666666667,1,1
100,4,62,scale_free,0.7,1344858800,30,70,2,25,3,0,0,1,25,25.0,0.06666666666666667,0.8333333333333334,0.9,0.06666666666666667,0.06666666666666667,0.06666666666666667,0.06666666666666667,0.8333333333333334,0,0
100,4,62,er,0.8,1344858800,20,80,1,19,0,19,19,1,19,19.0,0.05,0.95,1.0,1.0,1.0,0.05,0.05,0.95,1,1
100,4,62,ring,0.8,1344858800,20,80,3,17,0,17,17,5,4,3.4,0.15,0.85,1.0,1.0,1.0,1.0,1.0,0.2,1,1
100,4,62,small_world,0.8,1344858800,20,80,2,18,0,18,18,4,9,4.5,0.1,0.9,1.0,1.0,1.0,1.0,1.0,0.45,1,1
100,4,62,scale_free,0.8,1344858800,20,80,1,19,0,4,4,3,15,6.333333333333333,0.05,0.95,1.0,0.25,0.25,0.25,0.25,0.75,1,1
100,4,62,er,0.9,1344858800,10,90,1,9,0,9,9,1,9,9.0,0.1,0.9,1.0,1.0,1.0,1.0,1.0,0.9,1,1
100,4,62,ring,0.9,1344858800,10,90,4,6,0,6,6,2,4,3.0,0.4,0.6,1.0,1.0,1.0,1.0,1.0,0.4,1,1
100,4,62,small_world,0.9,1344858800,10,90,2,8,0,8,8,3,4,2.6666666666666665,0.2,0.8,1.0,1.0,1.0,1.0,1.0,0.4,1,1
100,4,62,scale_free,0.9,1344858800,10,90,3,7,0,7,7,2,5,3.5,0.3,0.7,1.0,1.0,1.0,1.0,1.0,0.5,1,1
100,4,63,er,0.1,425291233,90,10,0,0,90,0,0,0,0,0.0,0.0,0.0,0.0,0.0,0.0,0.0,0.0,0.0,0,0
100,4,63,ring,0.1,425291233,90,10,0,0,90,0,0,0,0,0.0,0.0,0.0,0.0,0.0,0.0,0.0,0.0,0.0,0,0
100,4,63,small_world,0.1,425291233,90,10,0,0,90,0,0,0,0,0.0,0.0,0.0,0.0,0.0,0.0,0.0,0.0,0.0,0,0
100,4,63,scale_free,0.1,425291233,90,10,0,0,90,0,0,0,0,0.0,0.0,0.0,0.0,0.0,0.0,0.0,0.0,0.0,0,0
100,4,63,er,0.2,425291233,80,20,1,0,79,0,0,0,0,0.0,0.0125,0.0,0.0125,0.0125,0.0125,0.0125,0.0125,0.0,0,0
100,4,63,ring,0.2,425291233,80,20,0,0,80,0,0,0,0,0.0,0.0,0.0,0.0,0.0,0.0,0.0,0.0,0.0,0,0
100,4,63,small_world,0.2,425291233,80,20,0,0,80,0,0,0,0,0.0,0.0,0.0,0.0,0.0,0.0,0.0,0.0,0.0,0,0
100,4,63,scale_free,0.2,425291233,80,20,2,0,78,0,0,0,0,0.0,0.025,0.0,0.025,0.025,0.025,0.025,0.025,0.0,0,0
100,4,63,er,0.3,425291233,70,30,1,0,69,0,0,0,0,0.0,0.014285714285714285,0.0,0.014285714285714285,0.014285714285714285,0.014285714285714285,0.014285714285714285,0.014285714285714285,0.0,0,0
100,4,63,ring,0.3,425291233,70,30,0,0,70,0,0,0,0,0.0,0.0,0.0,0.0,0.0,0.0,0.0,0.0,0.0,0,0
100,4,63,small_world,0.3,425291233,70,30,0,0,70,0,0,0,0,0.0,0.0,0.0,0.0,0.0,0.0,0.0,0.0,0.0,0,0
100,4,63,scale_free,0.3,425291233,70,30,1,0,69,0,0,0,0,0.0,0.014285714285714285,0.0,0.014285714285714285,0.014285714285714285,0.014285714285714285,0.014285714285714285,0.014285714285714285,0.0,0,0
100,4,63,er,0.4,425291233,60,40,1,0,59,0,0,0,0,0.0,0.016666666666666666,0.0,0.016666666666666666,0.016666666666666666,0.016666666666666666,0.016666666666666666,0.016666666666666666,0.0,0,0
100,4,63,ring,0.4,425291233,60,40,0,4,56,4,4,2,2,2.0,0.0,0.06666666666666667,0.06666666666666667,0.06666666666666667,0.06666666666666667,0.06666666666666667,0.06666666666666667,0.03333333333333333,1,1
100,4,63,small_world,0.4,425291233,60,40,1,0,59,0,0,0,0,0.0,0.016666666666666666,0.0,0.016666666666666666,0.016666666666666666,0.016666666666666666,0.016666666666666666,0.016666666666666666,0.0,0,0
100,4,63,scale_free,0.4,425291233,60,40,1,0,59,0,0,0,0,0.0,0.016666666666666666,0.0,0.016666666666666666,0.016666666666666666,0.016666666666666666,0.016666666666666666,0.016666666666666666,0.0,0,0
100,4,63,er,0.5,425291233,50,50,2,0,48,0,0,0,0,0.0,0.04,0.0,0.04,0.04,0.04,0.04,0.04,0.0,0,0
100,4,63,ring,0.5,425291233,50,50,0,26,24,4,4,4,12,6.5,0.0,0.52,0.52,0.08,0.08,0.08,0.08,0.24,1,1
100,4,63,small_world,0.5,425291233,50,50,2,2,46,2,2,1,2,2.0,0.04,0.04,0.08,0.08,0.08,0.08,0.08,0.04,1,1
100,4,63,scale_free,0.5,425291233,50,50,2,0,48,0,0,0,0,0.0,0.04,0.0,0.04,0.04,0.04,0.04,0.04,0.0,0,0
100,4,63,er,0.6,425291233,40,60,4,34,2,0,0,1,34,34.0,0.1,0.85,0.95,0.1,0.1,0.1,0.1,0.85,0,0
100,4,63,ring,0.6,425291233,40,60,0,40,0,18,18,5,22,8.0,0.0,1.0,1.0,0.45,0.45,0.45,0.45,0.55,1,1
100,4,63,small_world,0.6,425291233,40,60,3,35,2,35,35,1,35,35.0,0.075,0.875,0.95,0.95,0.95,0.075,0.075,0.875,1,1
100,4,63,scale_free,0.6,425291233,40,60,4,35,1,0,0,1,35,35.0,0.1,0.875,0.975,0.1,0.1,0.1,0.1,0.875,0,0
100,4,63,er,0.7,425291233,30,70,5,24,1,4,4,3,20,8.0,0.16666666666666666,0.8,0.9666666666666667,0.3,0.3,0.3,0.3,0.6666666666666666,1,1
100,4,63,ring,0.7,425291233,30,70,4,26,0,14,14,5,12,5.2,0.13333333333333333,0.8666666666666667,1.0,0.6,0.6,0.6,0.6,0.4,1,1
100,4,63,small_world,0.7,425291233,30,70,3,25,2,25,25,2,18,12.5,0.1,0.8333333333333334,0.9333333333333333,0.9333333333333333,0.9333333333333333,0.3333333333333333,0.3333333333333333,0.6,1,1
100,4,63,scale_free,0.7,425291233,30,70,0,29,1,0,29,1,29,29.0,0.0,0.9666666666666667,0.9666666666666667,0.0,0.9666666666666667,0.0,0.0,0.9666666666666667,0,1
100,4,63,er,0.8,425291233,20,80,6,14,0,14,14,4,8,3.5,0.3,0.7,1.0,1.0,1.0,1.0,1.0,0.4,1,1
100,4,63,ring,0.8,425291233,20,80,5,15,0,15,15,3,10,5.0,0.25,0.75,1.0,1.0,1.0,1.0,1.0,0.5,1,1
100,4,63,small_world,0.8,425291233,20,80,5,15,0,15,15,1,15,15.0,0.25,0.75,1.0,1.0,1.0,0.25,0.25,0.75,1,1
100,4,63,scale_free,0.8,425291233,20,80,0,19,1,19,19,1,19,19.0,0.0,0.95,0.95,0.95,0.95,0.0,0.0,0.95,1,1
100,4,63,er,0.9,425291233,10,90,5,5,0,5,5,2,3,2.5,0.5,0.5,1.0,1.0,1.0,1.0,1.0,0.3,1,1
100,4,63,ring,0.9,425291233,10,90,3,7,0,7,7,3,3,2.3333333333333335,0.3,0.7,1.0,1.0,1.0,1.0,1.0,0.3,1,1
100,4,63,small_world,0.9,425291233,10,90,3,7,0,7,7,3,3,2.3333333333333335,0.3,0.7,1.0,1.0,1.0,1.0,1.0,0.3,1,1
100,4,63,scale_free,0.9,425291233,10,90,0,10,0,10,10,1,10,10.0,0.0,1.0,1.0,1.0,1.0,1.0,1.0,1.0,1,1
100,4,64,er,0.1,87971130,90,10,1,0,89,0,0,0,0,0.0,0.011111111111111112,0.0,0.011111111111111112,0.011111111111111112,0.011111111111111112,0.011111111111111112,0.011111111111111112,0.0,0,0
100,4,64,ring,0.1,87971130,90,10,0,0,90,0,0,0,0,0.0,0.0,0.0,0.0,0.0,0.0,0.0,0.0,0.0,0,0
100,4,64,small_world,0.1,87971130,90,10,0,0,90,0,0,0,0,0.0,0.0,0.0,0.0,0.0,0.0,0.0,0.0,0.0,0,0
100,4,64,scale_free,0.1,87971130,90,10,0,0,90,0,0,0,0,0.0,0.0,0.0,0.0,0.0,0.0,0.0,0.0,0.0,0,0
100,4,64,er,0.2,87971130,80,20,2,0,78,0,0,0,0,0.0,0.025,0.0,0.025,0.025,0.025,0.025,0.025,0.0,0,0
100,4,64,ring,0.2,87971130,80,20,0,2,78,2,2,1,2,2.0,0.0,0.025,0.025,0.025,0.025,0.025,0.025,0.025,1,1
100,4,64,small_world,0.2,87971130,80,20,0,2,78,2,2,1,2,2.0,0.0,0.025,0.025,0.025,0.025,0.025,0.025,0.025,1,1
100,4,64,scale_free,0.2,87971130,80,20,0,0,80,0,0,0,0,0.0,0.0,0.0,0.0,0.0,0.0,0.0,0.0,0.0,0,0
100,4,64,er,0.3,87971130,70,30,3,0,67,0,0,0,0,0.0,0.04285714285714286,0.0,0.04285714285714286,0.04285714285714286,0.04285714285714286,0.04285714285714286,0.04285714285714286,0.0,0,0
100,4,64,ring,0.3,87971130,70,30,0,9,61,2,2,2,7,4.5,0.0,0.12857142857142856,0.12857142857142856,0.02857142857142857,0.02857142857142857,0.02857142857142857,0.02857142857142857,0.1,1,1
100,4,64,small_world,0.3,87971130,70,30,0,2,68,2,2,1,2,2.0,0.0,0.02857142857142857,0.02857142857142857,0.02857142857142857,0.02857142857142857,0.02857142857142857,0.02857142857142857,0.02857142857142857,1,1
100,4,64,scale_free,0.3,87971130,70,30,0,0,70,0,0,0,0,0.0,0.0,0.0,0.0,0.0,0.0,0.0,0.0,0.0,0,0
100,4,64,er,0.4,87971130,60,40,1,0,59,0,0,0,0,0.0,0.016666666666666666,0.0,0.016666666666666666,0.016666666666666666,0.016666666666666666,0.016666666666666666,0.016666666666666666,0.0,0,0
100,4,64,ring,0.4,87971130,60,40,0,19,41,9,9,4,10,4.75,0.0,0.31666666666666665,0.31666666666666665,0.15,0.15,0.15,0.15,0.16666666666666666,1,1
100,4,64,small_world,0.4,87971130,60,40,0,2,58,2,2,1,2,2.0,0.0,0.03333333333333333,0.03333333333333333,0.03333333333333333,0.03333333333333333,0.03333333333333333,0.03333333333333333,0.03333333333333333,1,1
100,4,64,scale_free,0.4,87971130,60,40,1,0,59,0,0,0,0,0.0,0.016666666666666666,0.0,0.016666666666666666,0.016666666666666666,0.016666666666666666,0.016666666666666666,0.016666666666666666,0.0,0,0
100,4,64,er,0.5,87971130,50,50,4,40,6,0,0,1,40,40.0,0.08,0.8,0.88,0.08,0.08,0.08,0.08,0.8,0,0
100,4,64,ring,0.5,87971130,50,50,0,21,29,6,6,4,12,5.25,0.0,0.42,0.42,0.12,0.12,0.12,0.12,0.24,1,1
100,4,64,small_world,0.5,87971130,50,50,1,47,2,2,2,2,45,23.5,0.02,0.94,0.96,0.06,0.06,0.06,0.06,0.9,1,1
100,4,64,scale_free,0.5,87971130,50,50,1,43,6,0,0,1,43,43.0,0.02,0.86,0.88,0.02,0.02,0.02,0.02,0.86,0,0
100,4,64,er,0.6,87971130,40,60,3,36,1,0,0,1,36,36.0,0.075,0.9,0.975,0.075,0.075,0.075,0.075,0.9,0,0
100,4,64,ring,0.6,87971130,40,60,0,27,13,27,27,4,11,6.75,0.0,0.675,0.675,0.675,0.675,0.4,0.4,0.275,1,1
100,4,64,small_world,0.6,87971130,40,60,1,39,0,3,3,2,36,19.5,0.025,0.975,1.0,0.1,0.1,0.1,0.1,0.9,1,1
100,4,64,scale_free,0.6,87971130,40,60,2,36,2,0,0,1,36,36.0,0.05,0.9,0.95,0.05,0.05,0.05,0.05,0.9,0,0
100,4,64,er,0.7,87971130,30,70,4,25,1,25,25,1,25,25.0,0.13333333333333333,0.8333333333333334,0.9666666666666667,0.9666666666666667,0.9666666666666667,0.13333333333333333,0.13333333333333333,0.8333333333333334,1,1
100,4,64,ring,0.7,87971130,30,70,2,28,0,28,28,4,10,7.0,0.06666666666666667,0.9333333333333333,1.0,1.0,1.0,1.0,1.0,0.3333333333333333,1,1
100,4,64,small_world,0.7,87971130,30,70,2,28,0,28,28,3,22,9.333333333333334,0.06666666666666667,0.9333333333333333,1.0,1.0,1.0,0.26666666666666666,0.26666666666666666,0.7333333333333333,1,1
100,4,64,scale_free,0.7,87971130,30,70,2,27,1,27,27,2,25,13.5,0.06666666666666667,0.9,0.9666666666666667,0.9666666666666667,0.9666666666666667,0.13333333333333333,0.13333333333333333,0.8333333333333334,1,1
100,4,64,er,0.8,87971130,20,80,3,17,0,17,17,1,17,17.0,0.15,0.85,1.0,1.0,1.0,0.15,0.15,0.85,1,1
100,4,64,ring,0.8,87971130,20,80,2,18,0,18,18,5,6,3.6,0.1,0.9,1.0,1.0,1.0,1.0,1.0,0.3,1,1
100,4,64,small_world,0.8,87971130,20,80,1,19,0,19,19,5,8,3.8,0.05,0.95,1.0,1.0,1.0,1.0,1.0,0.4,1,1
100,4,64,scale_free,0.8,87971130,20,80,3,16,1,16,16,1,16,16.0,0.15,0.8,0.95,0.95,0.95,0.15,0.15,0.8,1,1
100,4,64,er,0.9,87971130,10,90,3,7,0,7,7,3,3,2.3333333333333335,0.3,0.7,1.0,1.0,1.0,1.0,1.0,0.3,1,1
100,4,64,ring,0.9,87971130,10,90,3,7,0,7,7,3,3,2.3333333333333335,0.3,0.7,1.0,1.0,1.0,1.0,1.0,0.3,1,1
100,4,64,small_world,0.9,87971130,10,90,4,6,0,6,6,3,2,2.0,0.4,0.6,1.0,1.0,1.0,1.0,1.0,0.2,1,1
100,4,64,scale_free,0.9,87971130,10,90,2,8,0,8,8,2,4,4.0,0.2,0.8,1.0,1.0,1.0,1.0,1.0,0.4,1,1
100,4,65,er,0.1,2467229141,90,10,0,0,90,0,0,0,0,0.0,0.0,0.0,0.0,0.0,0.0,0.0,0.0,0.0,0,0
100,4,65,ring,0.1,2467229141,90,10,0,0,90,0,0,0,0,0.0,0.0,0.0,0.0,0.0,0.0,0.0,0.0,0.0,0,0
100,4,65,small_world,0.1,2467229141,90,10,0,0,90,0,0,0,0,0.0,0.0,0.0,0.0,0.0,0.0,0.0,0.0,0.0,0,0
100,4,65,scale_free,0.1,2467229141,90,10,1,0,89,0,0,0,0,0.0,0.011111111111111112,0.0,0.011111111111111112,0.011111111111111112,0.011111111111111112,0.011111111111111112,0.011111111111111112,0.0,0,0
100,4,65,er,0.2,2467229141,80,20,2,0,78,0,0,0,0,0.0,0.025,0.0,0.025,0.025,0.025,0.025,0.025,0.0,0,0
100,4,65,ring,0.2,2467229141,80,20,0,0,80,0,0,0,0,0.0,0.0,0.0,0.0,0.0,0.0,0.0,0.0,0.0,0,0
100,4,65,small_world,0.2,2467229141,80,20,0,0,80,0,0,0,0,0.0,0.0,0.0,0.0,0.0,0.0,0.0,0.0,0.0,0,0
100,4,65,scale_free,0.2,2467229141,80,20,1,0,79,0,0,0,0,0.0,0.0125,0.0,0.0125,0.0125,0.0125,0.0125,0.0125,0.0,0,0
100,4,65,er,0.3,2467229141,70,30,3,0,67,0,0,0,0,0.0,0.04285714285714286,0.0,0.04285714285714286,0.04285714285714286,0.04285714285714286,0.04285714285714286,0.04285714285714286,0.0,0,0
100,4,65,ring,0.3,2467229141,70,30,0,6,64,2,2,2,4,3.0,0.0,0.08571428571428572,0.08571428571428572,0.02857142857142857,0.02857142857142857,0.02857142857142857,0.02857142857142857,0.05714285714285714,1,1
100,4,65,small_world,0.3,2467229141,70,30,0,6,64,6,6,2,4,3.0,0.0,0.08571428571428572,0.08571428571428572,0.08571428571428572,0.08571428571428572,0.08571428571428572,0.08571428571428572,0.05714285714285714,1,1
100,4,65,scale_free,0.3,2467229141,70,30,2,0,68,0,0,0,0,0.0,0.02857142857142857,0.0,0.02857142857142857,0.02857142857142857,0.02857142857142857,0.02857142857142857,0.02857142857142857,0.0,0,0
100,4,65,er,0.4,2467229141,60,40,1,0,59,0,0,0,0,0.0,0.016666666666666666,0.0,0.016666666666666666,0.016666666666666666,0.016666666666666666,0.016666666666666666,0.016666666666666666,0.0,0,0
100,4,65,ring,0.4,2467229141,60,40,0,7,53,7,7,2,5,3.5,0.0,0.11666666666666667,0.11666666666666667,0.11666666666666667,0.11666666666666667,0.11666666666666667,0.11666666666666667,0.08333333333333333,1,1
100,4,65,small_world,0.4,2467229141,60,40,0,2,58,2,2,1,2,2.0,0.0,0.03333333333333333,0.03333333333333333,0.03333333333333333,0.03333333333333333,0.03333333333333333,0.03333333333333333,0.03333333333333333,1,1
100,4,65,scale_free,0.4,2467229141,60,40,1,2,57,2,2,1,2,2.0,0.016666666666666666,0.03333333333333333,0.05,0.05,0.05,0.05,0.05,0.03333333333333333,1,1
100,4,65,er,0.5,2467229141,50,50,5,0,45,0,0,0,0,0.0,0.1,0.0,0.1,0.1,0.1,0.1,0.1,0.0,0,0
100,4,65,ring,0.5,2467229141,50,50,0,29,21,13,13,4,16,7.25,0.0,0.58,0.58,0.26,0.26,0.26,0.26,0.32,1,1
100,4,65,small_world,0.5,2467229141,50,50,0,45,5,2,2,2,43,22.5,0.0,0.9,0.9,0.04,0.04,0.04,0.04,0.86,1,1
100,4,65,scale_free,0.5,2467229141,50,50,2,38,10,2,2,2,36,19.0,0.04,0.76,0.8,0.08,0.08,0.08,0.08,0.72,1,1
100,4,65,er,0.6,2467229141,40,60,4,32,4,0,0,1,32,32.0,0.1,0.8,0.9,0.1,0.1,0.1,0.1,0.8,0,0
100,4,65,ring,0.6,2467229141,40,60,0,24,16,17,17,6,7,4.0,0.0,0.6,0.6,0.425,0.425,0.425,0.425,0.175,1,1
100,4,65,small_world,0.6,2467229141,40,60,0,40,0,14,14,6,23,6.666666666666667,0.0,1.0,1.0,0.35,0.35,0.35,0.35,0.575,1,1
100,4,65,scale_free,0.6,2467229141,40,60,2,33,5,5,5,3,28,11.0,0.05,0.825,0.875,0.175,0.175,0.175,0.175,0.7,1,1
100,4,65,er,0.7,2467229141,30,70,4,25,1,25,25,1,25,25.0,0.13333333333333333,0.8333333333333334,0.9666666666666667,0.9666666666666667,0.9666666666666667,0.13333333333333333,0.13333333333333333,0.8333333333333334,1,1
100,4,65,ring,0.7,2467229141,30,70,3,14,13,14,14,4,5,3.5,0.1,0.4666666666666667,0.5666666666666667,0.5666666666666667,0.5666666666666667,0.5666666666666667,0.5666666666666667,0.16666666666666666,1,1
100,4,65,small_world,0.7,2467229141,30,70,2,28,0,9,9,4,19,7.0,0.06666666666666667,0.9333333333333333,1.0,0.36666666666666664,0.36666666666666664,0.36666666666666664,0.36666666666666664,0.6333333333333333,1,1
100,4,65,scale_free,0.7,2467229141,30,70,0,29,1,0,0,1,29,29.0,0.0,0.9666666666666667,0.9666666666666667,0.0,0.0,0.0,0.0,0.9666666666666667,0,0
100,4,65,er,0.8,2467229141,20,80,3,17,0,17,17,1,17,17.0,0.15,0.85,1.0,1.0,1.0,0.15,0.15,0.85,1,1
100,4,65,ring,0.8,2467229141,20,80,6,14,0,8,8,3,6,4.666666666666667,0.3,0.7,1.0,0.7,0.7,0.7,0.7,0.3,1,1
100,4,65,small_world,0.8,2467229141,20,80,6,14,0,14,14,2,10,7.0,0.3,0.7,1.0,1.0,1.0,1.0,1.0,0.5,1,1
100,4,65,scale_free,0.8,2467229141,20,80,0,19,1,19,19,1,19,19.0,0.0,0.95,0.95,0.95,0.95,0.0,0.0,0.95,1,1
100,4,65,er,0.9,2467229141,10,90,2,8,0,8,8,3,4,2.6666666666666665,0.2,0.8,1.0,1.0,1.0,1.0,1.0,0.4,1,1
100,4,65,ring,0.9,2467229141,10,90,3,7,0,7,7,2,4,3.5,0.3,0.7,1.0,1.0,1.0,1.0,1.0,0.4,1,1
100,4,65,small_world,0.9,2467229141,10,90,3,7,0,7,7,2,4,3.5,0.3,0.7,1.0,1.0,1.0,1.0,1.0,0.4,1,1
100,4,65,scale_free,0.9,2467229141,10,90,1,9,0,9,9,2,5,4.5,0.1,0.9,1.0,1.0,1.0,1.0,1.0,0.5,1,1
100,4,66,er,0.1,1876567348,90,10,0,0,90,0,0,0,0,0.0,0.0,0.0,0.0,0.0,0.0,0.0,0.0,0.0,0,0
100,4,66,ring,0.1,1876567348,90,10,0,0,90,0,0,0,0,0.0,0.0,0.0,0.0,0.0,0.0,0.0,0.0,0.0,0,0
100,4,66,small_world,0.1,1876567348,90,10,0,0,90,0,0,0,0,0.0,0.0,0.0,0.0,0.0,0.0,0.0,0.0,0.0,0,0
100,4,66,scale_free,0.1,1876567348,90,10,1,0,89,0,0,0,0,0.0,0.011111111111111112,0.0,0.011111111111111112,0.011111111111111112,0.011111111111111112,0.011111111111111112,0.011111111111111112,0.0,0,0
100,4,66,er,0.2,1876567348,80,20,1,0,79,0,0,0,0,0.0,0.0125,0.0,0.0125,0.0125,0.0125,0.0125,0.0125,0.0,0,0
100,4,66,ring,0.2,1876567348,80,20,0,0,80,0,0,0,0,0.0,0.0,0.0,0.0,0.0,0.0,0.0,0.0,0.0,0,0
100,4,66,small_world,0.2,1876567348,80,20,0,0,80,0,0,0,0,0.0,0.0,0.0,0.0,0.0,0.0,0.0,0.0,0.0,0,0
100,4,66,scale_free,0.2,1876567348,80,20,1,0,79,0,0,0,0,0.0,0.0125,0.0,0.0125,0.0125,0.0125,0.0125,0.0125,0.0,0,0
100,4,66,er,0.3,1876567348,70,30,1,0,69,0,0,0,0,0.0,0.014285714285714285,0.0,0.014285714285714285,0.014285714285714285,0.014285714285714285,0.014285714285714285,0.014285714285714285,0.0,0,0
100,4,66,ring,0.3,1876567348,70,30,0,9,61,0,0,2,6,4.5,0.0,0.12857142857142856,0.12857142857142856,0.0,0.0,0.0,0.0,0.08571428571428572,0,0
100,4,66,small_world,0.3,1876567348,70,30,0,0,70,0,0,0,0,0.0,0.0,0.0,0.0,0.0,0.0,0.0,0.0,0.0,0,0
100,4,66,scale_free,0.3,1876567348,70,30,1,2,67,2,2,1,2,2.0,0.014285714285714285,0.02857142857142857,0.04285714285714286,0.04285714285714286,0.04285714285714286,0.04285714285714286,0.04285714285714286,0.02857142857142857,1,1
100,4,66,er,0.4,1876567348,60,40,3,0,57,0,0,0,0,0.0,0.05,0.0,0.05,0.05,0.05,0.05,0.05,0.0,0,0
100,4,66,ring,0.4,1876567348,60,40,0,10,50,0,0,2,6,5.0,0.0,0.16666666666666666,0.16666666666666666,0.0,0.0,0.0,0.0,0.1,0,0
100,4,66,small_world,0.4,1876567348,60,40,0,9,51,9,9,1,9,9.0,0.0,0.15,0.15,0.15,0.15,0.15,0.15,0.15,1,1
100,4,66,scale_free,0.4,1876567348,60,40,2,0,58,0,0,0,0,0.0,0.03333333333333333,0.0,0.03333333333333333,0.03333333333333333,0.03333333333333333,0.03333333333333333,0.03333333333333333,0.0,0,0
100,4,66,er,0.5,1876567348,50,50,2,40,8,0,0,1,40,40.0,0.04,0.8,0.84,0.04,0.04,0.04,0.04,0.8,0,0
100,4,66,ring,0.5,1876567348,50,50,0,30,20,4,4,4,13,7.5,0.0,0.6,0.6,0.08,0.08,0.08,0.08,0.26,1,1
100,4,66,small_world,0.5,1876567348,50,50,1,39,10,7,7,3,32,13.0,0.02,0.78,0.8,0.16,0.16,0.16,0.16,0.64,1,1
100,4,66,scale_free,0.5,1876567348,50,50,2,39,9,2,2,2,37,19.5,0.04,0.78,0.82,0.08,0.08,0.08,0.08,0.74,1,1
100,4,66,er,0.6,1876567348,40,60,1,35,4,0,0,1,35,35.0,0.025,0.875,0.9,0.025,0.025,0.025,0.025,0.875,0,0
100,4,66,ring,0.6,1876567348,40,60,1,33,6,24,24,6,9,5.5,0.025,0.825,0.85,0.625,0.625,0.625,0.625,0.225,1,1
100,4,66,small_world,0.6,1876567348,40,60,0,34,6,9,9,4,25,8.5,0.0,0.85,0.85,0.225,0.225,0.225,0.225,0.625,1,1
100,4,66,scale_free,0.6,1876567348,40,60,4,32,4,2,2,2,30,16.0,0.1,0.8,0.9,0.15,0.15,0.15,0.15,0.75,1,1
100,4,66,er,0.7,1876567348,30,70,2,26,2,0,0,1,26,26.0,0.06666666666666667,0.8666666666666667,0.9333333333333333,0.06666666666666667,0.06666666666666667,0.06666666666666667,0.06666666666666667,0.8666666666666667,0,0
100,4,66,ring,0.7,1876567348,30,70,2,28,0,28,28,6,7,4.666666666666667,0.06666666666666667,0.9333333333333333,1.0,1.0,1.0,1.0,1.0,0.23333333333333334,1,1
100,4,66,small_world,0.7,1876567348,30,70,3,27,0,27,27,3,18,9.0,0.1,0.9,1.0,1.0,1.0,0.4,0.4,0.6,1,1
100,4,66,scale_free,0.7,1876567348,30,70,1,29,0,2,2,2,27,14.5,0.03333333333333333,0.9666666666666667,1.0,0.1,0.1,0.1,0.1,0.9,1,1
100,4,66,er,0.8,1876567348,20,80,2,18,0,18,18,1,18,18.0,0.1,0.9,1.0,1.0,1.0,0.1,0.1,0.9,1,1
100,4,66,ring,0.8,1876567348,20,80,4,16,0,16,16,5,5,3.2,0.2,0.8,1.0,1.0,1.0,1.0,1.0,0.25,1,1
100,4,66,small_world,0.8,1876567348,20,80,1,19,0,19,19,4,9,4.75,0.05,0.95,1.0,1.0,1.0,1.0,1.0,0.45,1,1
100,4,66,scale_free,0.8,1876567348,20,80,2,18,0,16,16,3,14,6.0,0.1,0.9,1.0,0.9,0.9,0.2,0.2,0.7,1,1
100,4,66,er,0.9,1876567348,10,90,3,7,0,7,7,3,3,2.3333333333333335,0.3,0.7,1.0,1.0,1.0,1.0,1.0,0.3,1,1
100,4,66,ring,0.9,1876567348,10,90,5,5,0,5,5,2,3,2.5,0.5,0.5,1.0,1.0,1.0,1.0,1.0,0.3,1,1
100,4,66,small_world,0.9,1876567348,10,90,5,5,0,5,5,2,3,2.5,0.5,0.5,1.0,1.0,1.0,1.0,1.0,0.3,1,1
100,4,66,scale_free,0.9,1876567348,10,90,2,8,0,8,8,1,8,8.0,0.2,0.8,1.0,1.0,1.0,1.0,1.0,0.8,1,1
100,4,67,er,0.1,776777927,90,10,0,0,90,0,0,0,0,0.0,0.0,0.0,0.0,0.0,0.0,0.0,0.0,0.0,0,0
100,4,67,ring,0.1,776777927,90,10,0,0,90,0,0,0,0,0.0,0.0,0.0,0.0,0.0,0.0,0.0,0.0,0.0,0,0
100,4,67,small_world,0.1,776777927,90,10,0,0,90,0,0,0,0,0.0,0.0,0.0,0.0,0.0,0.0,0.0,0.0,0.0,0,0
100,4,67,scale_free,0.1,776777927,90,10,1,0,89,0,0,0,0,0.0,0.011111111111111112,0.0,0.011111111111111112,0.011111111111111112,0.011111111111111112,0.011111111111111112,0.011111111111111112,0.0,0,0
100,4,67,er,0.2,776777927,80,20,1,0,79,0,0,0,0,0.0,0.0125,0.0,0.0125,0.0125,0.0125,0.0125,0.0125,0.0,0,0
100,4,67,ring,0.2,776777927,80,20,0,0,80,0,0,0,0,0.0,0.0,0.0,0.0,0.0,0.0,0.0,0.0,0.0,0,0
100,4,67,small_world,0.2,776777927,80,20,0,0,80,0,0,0,0,0.0,0.0,0.0,0.0,0.0,0.0,0.0,0.0,0.0,0,0
100,4,67,scale_free,0.2,776777927,80,20,1,0,79,0,0,0,0,0.0,0.0125,0.0,0.0125,0.0125,0.0125,0.0125,0.0125,0.0,0,0
100,4,67,er,0.3,776777927,70,30,3,0,67,0,0,0,0,0.0,0.04285714285714286,0.0,0.04285714285714286,0.04285714285714286,0.04285714285714286,0.04285714285714286,0.04285714285714286,0.0,0,0
100,4,67,ring,0.3,776777927,70,30,0,4,66,4,4,2,2,2.0,0.0,0.05714285714285714,0.05714285714285714,0.05714285714285714,0.05714285714285714,0.05714285714285714,0.05714285714285714,0.02857142857142857,1,1
100,4,67,small_world,0.3,776777927,70,30,0,3,67,3,3,1,3,3.0,0.0,0.04285714285714286,0.04285714285714286,0.04285714285714286,0.04285714285714286,0.04285714285714286,0.04285714285714286,0.04285714285714286,1,1
100,4,67,scale_free,0.3,776777927,70,30,0,0,70,0,0,0,0,0.0,0.0,0.0,0.0,0.0,0.0,0.0,0.0,0.0,0,0
100,4,67,er,0.4,776777927,60,40,1,0,59,0,0,0,0,0.0,0.016666666666666666,0.0,0.016666666666666666,0.016666666666666666,0.016666666666666666,0.016666666666666666,0.016666666666666666,0.0,0,0
100,4,67,ring,0.4,776777927,60,40,0,4,56,4,4,2,2,2.0,0.0,0.06666666666666667,0.06666666666666667,0.06666666666666667,0.06666666666666667,0.06666666666666667,0.06666666666666667,0.03333333333333333,1,1
100,4,67,small_world,0.4,776777927,60,40,0,2,58,2,2,1,2,2.0,0.0,0.03333333333333333,0.03333333333333333,0.03333333333333333,0.03333333333333333,0.03333333333333333,0.03333333333333333,0.03333333333333333,1,1
100,4,67,scale_free,0.4,776777927,60,40,2,0,58,0,0,0,0,0.0,0.03333333333333333,0.0,0.03333333333333333,0.03333333333333333,0.03333333333333333,0.03333333333333333,0.03333333333333333,0.0,0,0
100,4,67,er,0.5,776777927,50,50,3,39,8,0,0,1,39,39.0,0.06,0.78,0.84,0.06,0.06,0.06,0.06,0.78,0,0
100,4,67,ring,0.5,776777927,50,50,0,20,30,9,9,4,11,5.0,0.0,0.4,0.4,0.18,0.18,0.18,0.18,0.22,1,1
100,4,67,small_world,0.5,776777927,50,50,0,42,8,5,5,2,37,21.0,0.0,0.84,0.84,0.1,0.1,0.1,0.1,0.74,1,1
100,4,67,scale_free,0.5,776777927,50,50,1,0,49,0,0,0,0,0.0,0.02,0.0,0.02,0.02,0.02,0.02,0.02,0.0,0,0
100,4,67,er,0.6,776777927,40,60,3,32,5,32,32,1,32,32.0,0.075,0.8,0.875,0.875,0.875,0.075,0.075,0.8,1,1
100,4,67,ring,0.6,776777927,40,60,1,39,0,33,33,6,19,6.5,0.025,0.975,1.0,0.85,0.85,0.375,0.375,0.475,1,1
100,4,67,small_world,0.6,776777927,40,60,0,39,1,39,39,1,39,39.0,0.0,0.975,0.975,0.975,0.975,0.0,0.0,0.975,1,1
100,4,67,scale_free,0.6,776777927,40,60,2,36,2,0,0,1,36,36.0,0.05,0.9,0.95,0.05,0.05,0.05,0.05,0.9,0,0
100,4,67,er,0.7,776777927,30,70,3,26,1,26,26,2,24,13.0,0.1,0.8666666666666667,0.9666666666666667,0.9666666666666667,0.9666666666666667,0.16666666666666666,0.16666666666666666,0.8,1,1
100,4,67,ring,0.7,776777927,30,70,2,28,0,28,28,7,8,4.0,0.06666666666666667,0.9333333333333333,1.0,1.0,1.0,1.0,1.0,0.26666666666666666,1,1
100,4,67,small_world,0.7,776777927,30,70,2,28,0,28,28,2,24,14.0,0.06666666666666667,0.9333333333333333,1.0,1.0,1.0,0.2,0.2,0.8,1,1
100,4,67,scale_free,0.7,776777927,30,70,0,29,1,0,0,1,29,29.0,0.0,0.9666666666666667,0.9666666666666667,0.0,0.0,0.0,0.0,0.9666666666666667,0,0
100,4,67,er,0.8,776777927,20,80,3,17,0,17,17,2,15,8.5,0.15,0.85,1.0,1.0,1.0,0.25,0.25,0.75,1,1
100,4,67,ring,0.8,776777927,20,80,3,17,0,17,17,4,6,4.25,0.15,0.85,1.0,1.0,1.0,1.0,1.0,0.3,1,1
100,4,67,small_world,0.8,776777927,20,80,2,18,0,18,18,3,13,6.0,0.1,0.9,1.0,1.0,1.0,0.35,0.35,0.65,1,1
100,4,67,scale_free,0.8,776777927,20,80,3,16,1,16,16,1,16,16.0,0.15,0.8,0.95,0.95,0.95,0.15,0.15,0.8,1,1
100,4,67,er,0.9,776777927,10,90,4,6,0,6,6,1,6,6.0,0.4,0.6,1.0,1.0,1.0,1.0,1.0,0.6,1,1
100,4,67,ring,0.9,776777927,10,90,6,4,0,4,4,2,2,2.0,0.6,0.4,1.0,1.0,1.0,1.0,1.0,0.2,1,1
100,4,67,small_world,0.9,776777927,10,90,5,5,0,5,5,2,3,2.5,0.5,0.5,1.0,1.0,1.0,1.0,1.0,0.3,1,1
100,4,67,scale_free,0.9,776777927,10,90,3,7,0,7,7,1,7,7.0,0.3,0.7,1.0,1.0,1.0,1.0,1.0,0.7,1,1
100,4,68,er,0.1,2076554749,90,10,0,0,90,0,0,0,0,0.0,0.0,0.0,0.0,0.0,0.0,0.0,0.0,0.0,0,0
100,4,68,ring,0.1,2076554749,90,10,0,0,90,0,0,0,0,0.0,0.0,0.0,0.0,0.0,0.0,0.0,0.0,0.0,0,0
100,4,68,small_world,0.1,2076554749,90,10,0,0,90,0,0,0,0,0.0,0.0,0.0,0.0,0.0,0.0,0.0,0.0,0.0,0,0
100,4,68,scale_free,0.1,2076554749,90,10,0,0,90,0,0,0,0,0.0,0.0,0.0,0.0,0.0,0.0,0.0,0.0,0.0,0,0
100,4,68,er,0.2,2076554749,80,20,0,0,80,0,0,0,0,0.0,0.0,0.0,0.0,0.0,0.0,0.0,0.0,0.0,0,0
100,4,68,ring,0.2,2076554749,80,20,0,0,80,0,0,0,0,0.0,0.0,0.0,0.0,0.0,0.0,0.0,0.0,0.0,0,0
100,4,68,small_world,0.2,2076554749,80,20,0,0,80,0,0,0,0,0.0,0.0,0.0,0.0,0.0,0.0,0.0,0.0,0.0,0,0
100,4,68,scale_free,0.2,2076554749,80,20,2,0,78,0,0,0,0,0.0,0.025,0.0,0.025,0.025,0.025,0.025,0.025,0.0,0,0
100,4,68,er,0.3,2076554749,70,30,1,0,69,0,0,0,0,0.0,0.014285714285714285,0.0,0.014285714285714285,0.014285714285714285,0.014285714285714285,0.014285714285714285,0.014285714285714285,0.0,0,0
100,4,68,ring,0.3,2076554749,70,30,0,0,70,0,0,0,0,0.0,0.0,0.0,0.0,0.0,0.0,0.0,0.0,0.0,0,0
100,4,68,small_world,0.3,2076554749,70,30,0,0,70,0,0,0,0,0.0,0.0,0.0,0.0,0.0,0.0,0.0,0.0,0.0,0,0
100,4,68,scale_free,0.3,2076554749,70,30,0,0,70,0,0,0,0,0.0,0.0,0.0,0.0,0.0,0.0,0.0,0.0,0.0,0,0
100,4,68,er,0.4,2076554749,60,40,1,0,59,0,0,0,0,0.0,0.016666666666666666,0.0,0.016666666666666666,0.016666666666666666,0.016666666666666666,0.016666666666666666,0.016666666666666666,0.0,0,0
100,4,68,ring,0.4,2076554749,60,40,0,19,41,4,4,4,8,4.75,0.0,0.31666666666666665,0.31666666666666665,0.06666666666666667,0.06666666666666667,0.06666666666666667,0.06666666666666667,0.13333333333333333,1,1
100,4,68,small_world,0.4,2076554749,60,40,0,2,58,2,2,1,2,2.0,0.0,0.03333333333333333,0.03333333333333333,0.03333333333333333,0.03333333333333333,0.03333333333333333,0.03333333333333333,0.03333333333333333,1,1
100,4,68,scale_free,0.4,2076554749,60,40,1,0,59,0,0,0,0,0.0,0.016666666666666666,0.0,0.016666666666666666,0.016666666666666666,0.016666666666666666,0.016666666666666666,0.016666666666666666,0.0,0,0
100,4,68,er,0.5,2076554749,50,50,2,44,4,0,0,1,44,44.0,0.04,0.88,0.92,0.04,0.04,0.04,0.04,0.88,0,0
100,4,68,ring,0.5,2076554749,50,50,0,34,16,11,11,6,10,5.666666666666667,0.0,0.68,0.68,0.22,0.22,0.22,0.22,0.2,1,1
100,4,68,small_world,0.5,2076554749,50,50,0,39,11,5,5,3,34,13.0,0.0,0.78,0.78,0.1,0.1,0.1,0.1,0.68,1,1
100,4,68,scale_free,0.5,2076554749,50,50,3,0,47,0,0,0,0,0.0,0.06,0.0,0.06,0.06,0.06,0.06,0.06,0.0,0,0
100,4,68,er,0.6,2076554749,40,60,2,36,2,36,36,2,34,18.0,0.05,0.9,0.95,0.95,0.95,0.1,0.1,0.85,1,1
100,4,68,ring,0.6,2076554749,40,60,0,39,1,21,21,7,14,5.571428571428571,0.0,0.975,0.975,0.525,0.525,0.525,0.525,0.35,1,1
100,4,68,small_world,0.6,2076554749,40,60,0,40,0,3,3,2,37,20.0,0.0,1.0,1.0,0.075,0.075,0.075,0.075,0.925,1,1
100,4,68,scale_free,0.6,2076554749,40,60,2,38,0,2,2,2,36,19.0,0.05,0.95,1.0,0.1,0.1,0.1,0.1,0.9,1,1
100,4,68,er,0.7,2076554749,30,70,2,28,0,28,28,2,25,14.0,0.06666666666666667,0.9333333333333333,1.0,1.0,1.0,0.16666666666666666,0.16666666666666666,0.8333333333333334,1,1
100,4,68,ring,0.7,2076554749,30,70,1,29,0,29,29,7,9,4.142857142857143,0.03333333333333333,0.9666666666666667,1.0,1.0,1.0,1.0,1.0,0.3,1,1
100,4,68,small_world,0.7,2076554749,30,70,0,30,0,30,30,2,28,15.0,0.0,1.0,1.0,1.0,1.0,0.06666666666666667,0.06666666666666667,0.9333333333333333,1,1
100,4,68,scale_free,0.7,2076554749,30,70,1,29,0,0,0,1,29,29.0,0.03333333333333333,0.9666666666666667,1.0,0.03333333333333333,0.03333333333333333,0.03333333333333333,0.03333333333333333,0.9666666666666667,0,0
100,4,68,er,0.8,2076554749,20,80,4,16,0,16,16,3,7,5.333333333333333,0.2,0.8,1.0,1.0,1.0,1.0,1.0,0.35,1,1
100,4,68,ring,0.8,2076554749,20,80,4,16,0,16,16,5,4,3.2,0.2,0.8,1.0,1.0,1.0,1.0,1.0,0.2,1,1
100,4,68,small_world,0.8,2076554749,20,80,2,18,0,18,18,2,9,9.0,0.1,0.9,1.0,1.0,1.0,1.0,1.0,0.45,1,1
100,4,68,scale_free,0.8,2076554749,20,80,1,19,0,19,19,1,19,19.0,0.05,0.95,1.0,1.0,1.0,0.05,0.05,0.95,1,1
100,4,68,er,0.9,2076554749,10,90,3,7,0,7,7,2,5,3.5,0.3,0.7,1.0,1.0,1.0,1.0,1.0,0.5,1,1
100,4,68,ring,0.9,2076554749,10,90,5,5,0,5,5,1,5,5.0,0.5,0.5,1.0,1.0,1.0,1.0,1.0,0.5,1,1
100,4,68,small_world,0.9,2076554749,10,90,3,7,0,7,7,1,7,7.0,0.3,0.7,1.0,1.0,1.0,1.0,1.0,0.7,1,1
100,4,68,scale_free,0.9,2076554749,10,90,2,8,0,8,8,3,3,2.6666666666666665,0.2,0.8,1.0,1.0,1.0,1.0,1.0,0.3,1,1
100,4,69,er,0.1,2250680480,90,10,0,0,90,0,0,0,0,0.0,0.0,0.0,0.0,0.0,0.0,0.0,0.0,0.0,0,0
100,4,69,ring,0.1,2250680480,90,10,0,0,90,0,0,0,0,0.0,0.0,0.0,0.0,0.0,0.0,0.0,0.0,0.0,0,0
100,4,69,small_world,0.1,2250680480,90,10,0,0,90,0,0,0,0,0.0,0.0,0.0,0.0,0.0,0.0,0.0,0.0,0.0,0,0
100,4,69,scale_free,0.1,2250680480,90,10,0,0,90,0,0,0,0,0.0,0.0,0.0,0.0,0.0,0.0,0.0,0.0,0.0,0,0
100,4,69,er,0.2,2250680480,80,20,1,0,79,0,0,0,0,0.0,0.0125,0.0,0.0125,0.0125,0.0125,0.0125,0.0125,0.0,0,0
100,4,69,ring,0.2,2250680480,80,20,0,0,80,0,0,0,0,0.0,0.0,0.0,0.0,0.0,0.0,0.0,0.0,0.0,0,0
100,4,69,small_world,0.2,2250680480,80,20,0,0,80,0,0,0,0,0.0,0.0,0.0,0.0,0.0,0.0,0.0,0.0,0.0,0,0
100,4,69,scale_free,0.2,2250680480,80,20,0,0,80,0,0,0,0,0.0,0.0,0.0,0.0,0.0,0.0,0.0,0.0,0.0,0,0
100,4,69,er,0.3,2250680480,70,30,1,0,69,0,0,0,0,0.0,0.014285714285714285,0.0,0.014285714285714285,0.014285714285714285,0.014285714285714285,0.014285714285714285,0.014285714285714285,0.0,0,0
100,4,69,ring,0.3,2250680480,70,30,0,0,70,0,0,0,0,0.0,0.0,0.0,0.0,0.0,0.0,0.0,0.0,0.0,0,0
100,4,69,small_world,0.3,2250680480,70,30,0,0,70,0,0,0,0,0.0,0.0,0.0,0.0,0.0,0.0,0.0,0.0,0.0,0,0
100,4,69,scale_free,0.3,2250680480,70,30,0,0,70,0,0,0,0,0.0,0.0,0.0,0.0,0.0,0.0,0.0,0.0,0.0,0,0
100,4,69,er,0.4,2250680480,60,40,4,0,56,0,0,0,0,0.0,0.06666666666666667,0.0,0.06666666666666667,0.06666666666666667,0.06666666666666667,0.06666666666666667,0.06666666666666667,0.0,0,0
100,4,69,ring,0.4,2250680480,60,40,0,0,60,0,0,0,0,0.0,0.0,0.0,0.0,0.0,0.0,0.0,0.0,0.0,0,0
100,4,69,small_world,0.4,2250680480,60,40,0,0,60,0,0,0,0,0.0,0.0,0.0,0.0,0.0,0.0,0.0,0.0,0.0,0,0
100,4,69,scale_free,0.4,2250680480,60,40,0,0,60,0,0,0,0,0.0,0.0,0.0,0.0,0.0,0.0,0.0,0.0,0.0,0,0
100,4,69,er,0.5,2250680480,50,50,5,38,7,2,2,2,36,19.0,0.1,0.76,0.86,0.14,0.14,0.14,0.14,0.72,1,1
100,4,69,ring,0.5,2250680480,50,50,1,25,24,0,0,3,13,8.333333333333334,0.02,0.5,0.52,0.02,0.02,0.02,0.02,0.26,0,0
100,4,69,small_world,0.5,2250680480,50,50,1,0,49,0,0,0,0,0.0,0.02,0.0,0.02,0.02,0.02,0.02,0.02,0.0,0,0
100,4,69,scale_free,0.5,2250680480,50,50,0,0,50,0,0,0,0,0.0,0.0,0.0,0.0,0.0,0.0,0.0,0.0,0.0,0,0
100,4,69,er,0.6,2250680480,40,60,4,31,5,31,31,1,31,31.0,0.1,0.775,0.875,0.875,0.875,0.1,0.1,0.775,1,1
100,4,69,ring,0.6,2250680480,40,60,1,39,0,21,21,6,9,6.5,0.025,0.975,1.0,0.55,0.55,0.55,0.55,0.225,1,1
100,4,69,small_world,0.6,2250680480,40,60,2,38,0,17,17,4,18,9.5,0.05,0.95,1.0,0.475,0.475,0.475,0.475,0.45,1,1
100,4,69,scale_free,0.6,2250680480,40,60,0,37,3,0,0,1,37,37.0,0.0,0.925,0.925,0.0,0.0,0.0,0.0,0.925,0,0
100,4,69,er,0.7,2250680480,30,70,4,26,0,26,26,1,26,26.0,0.13333333333333333,0.8666666666666667,1.0,1.0,1.0,0.13333333333333333,0.13333333333333333,0.8666666666666667,1,1
100,4,69,ring,0.7,2250680480,30,70,0,30,0,21,21,5,9,6.0,0.0,1.0,1.0,0.7,0.7,0.7,0.7,0.3,1,1
100,4,69,small_world,0.7,2250680480,30,70,0,30,0,30,30,2,21,15.0,0.0,1.0,1.0,1.0,1.0,0.3,0.3,0.7,1,1
100,4,69,scale_free,0.7,2250680480,30,70,1,27,2,2,2,2,25,13.5,0.03333333333333333,0.9,0.9333333333333333,0.1,0.1,0.1,0.1,0.8333333333333334,1,1
100,4,69,er,0.8,2250680480,20,80,5,15,0,15,15,1,15,15.0,0.25,0.75,1.0,1.0,1.0,0.25,0.25,0.75,1,1
100,4,69,ring,0.8,2250680480,20,80,2,18,0,10,10,5,8,3.6,0.1,0.9,1.0,0.6,0.6,0.6,0.6,0.4,1,1
100,4,69,small_world,0.8,2250680480,20,80,2,18,0,18,18,5,8,3.6,0.1,0.9,1.0,1.0,1.0,1.0,1.0,0.4,1,1
100,4,69,scale_free,0.8,2250680480,20,80,1,18,1,2,2,2,16,9.0,0.05,0.9,0.95,0.15,0.15,0.15,0.15,0.8,1,1
100,4,69,er,0.9,2250680480,10,90,3,7,0,7,7,1,7,7.0,0.3,0.7,1.0,1.0,1.0,1.0,1.0,0.7,1,1
100,4,69,ring,0.9,2250680480,10,90,3,7,0,7,7,2,5,3.5,0.3,0.7,1.0,1.0,1.0,1.0,1.0,0.5,1,1
100,4,69,small_world,0.9,2250680480,10,90,3,7,0,7,7,2,5,3.5,0.3,0.7,1.0,1.0,1.0,1.0,1.0,0.5,1,1
100,4,69,scale_free,0.9,2250680480,10,90,5,5,0,5,5,1,5,5.0,0.5,0.5,1.0,1.0,1.0,1.0,1.0,0.5,1,1
100,4,70,er,0.1,3585736529,90,10,2,0,88,0,0,0,0,0.0,0.022222222222222223,0.0,0.022222222222222223,0.022222222222222223,0.022222222222222223,0.022222222222222223,0.022222222222222223,0.0,0,0
100,4,70,ring,0.1,3585736529,90,10,0,0,90,0,0,0,0,0.0,0.0,0.0,0.0,0.0,0.0,0.0,0.0,0.0,0,0
100,4,70,small_world,0.1,3585736529,90,10,0,0,90,0,0,0,0,0.0,0.0,0.0,0.0,0.0,0.0,0.0,0.0,0.0,0,0
100,4,70,scale_free,0.1,3585736529,90,10,0,0,90,0,0,0,0,0.0,0.0,0.0,0.0,0.0,0.0,0.0,0.0,0.0,0,0
100,4,70,er,0.2,3585736529,80,20,3,0,77,0,0,0,0,0.0,0.0375,0.0,0.0375,0.0375,0.0375,0.0375,0.0375,0.0,0,0
100,4,70,ring,0.2,3585736529,80,20,0,0,80,0,0,0,0,0.0,0.0,0.0,0.0,0.0,0.0,0.0,0.0,0.0,0,0
100,4,70,small_world,0.2,3585736529,80,20,0,0,80,0,0,0,0,0.0,0.0,0.0,0.0,0.0,0.0,0.0,0.0,0.0,0,0
100,4,70,scale_free,0.2,3585736529,80,20,2,0,78,0,0,0,0,0.0,0.025,0.0,0.025,0.025,0.025,0.025,0.025,0.0,0,0
100,4,70,er,0.3,3585736529,70,30,3,0,67,0,0,0,0,0.0,0.04285714285714286,0.0,0.04285714285714286,0.04285714285714286,0.04285714285714286,0.04285714285714286,0.04285714285714286,0.0,0,0
100,4,70,ring,0.3,3585736529,70,30,0,6,64,0,0,1,6,6.0,0.0,0.08571428571428572,0.08571428571428572,0.0,0.0,0.0,0.0,0.08571428571428572,0,0
100,4,70,small_world,0.3,3585736529,70,30,0,0,70,0,0,0,0,0.0,0.0,0.0,0.0,0.0,0.0,0.0,0.0,0.0,0,0
100,4,70,scale_free,0.3,3585736529,70,30,2,0,68,0,0,0,0,0.0,0.02857142857142857,0.0,0.02857142857142857,0.02857142857142857,0.02857142857142857,0.02857142857142857,0.02857142857142857,0.0,0,0
100,4,70,er,0.4,3585736529,60,40,0,0,60,0,0,0,0,0.0,0.0,0.0,0.0,0.0,0.0,0.0,0.0,0.0,0,0
100,4,70,ring,0.4,3585736529,60,40,0,2,58,2,2,1,2,2.0,0.0,0.03333333333333333,0.03333333333333333,0.03333333333333333,0.03333333333333333,0.03333333333333333,0.03333333333333333,0.03333333333333333,1,1
100,4,70,small_world,0.4,3585736529,60,40,0,2,58,2,2,1,2,2.0,0.0,0.03333333333333333,0.03333333333333333,0.03333333333333333,0.03333333333333333,0.03333333333333333,0.03333333333333333,0.03333333333333333,1,1
100,4,70,scale_free,0.4,3585736529,60,40,1,0,59,0,0,0,0,0.0,0.016666666666666666,0.0,0.016666666666666666,0.016666666666666666,0.016666666666666666,0.016666666666666666,0.016666666666666666,0.0,0,0
100,4,70,er,0.5,3585736529,50,50,0,38,12,0,0,1,38,38.0,0.0,0.76,0.76,0.0,0.0,0.0,0.0,0.76,0,0
100,4,70,ring,0.5,3585736529,50,50,0,33,17,3,3,3,22,11.0,0.0,0.66,0.66,0.06,0.06,0.06,0.06,0.44,1,1
100,4,70,small_world,0.5,3585736529,50,50,1,10,39,3,3,2,7,5.0,0.02,0.2,0.22,0.08,0.08,0.08,0.08,0.14,1,1
100,4,70,scale_free,0.5,3585736529,50,50,2,0,48,0,0,0,0,0.0,0.04,0.0,0.04,0.04,0.04,0.04,0.04,0.0,0,0
100,4,70,er,0.6,3585736529,40,60,4,27,9,0,0,1,27,27.0,0.1,0.675,0.775,0.1,0.1,0.1,0.1,0.675,0,0
100,4,70,ring,0.6,3585736529,40,60,0,40,0,27,27,4,13,10.0,0.0,1.0,1.0,0.675,0.675,0.35,0.35,0.325,1,1
100,4,70,small_world,0.6,3585736529,40,60,1,39,0,9,9,2,30,19.5,0.025,0.975,1.0,0.25,0.25,0.25,0.25,0.75,1,1
100,4,70,scale_free,0.6,3585736529,40,60,5,33,2,0,0,1,33,33.0,0.125,0.825,0.95,0.125,0.125,0.125,0.125,0.825,0,0
100,4,70,er,0.7,3585736529,30,70,4,23,3,0,0,1,23,23.0,0.13333333333333333,0.7666666666666667,0.9,0.13333333333333333,0.13333333333333333,0.13333333333333333,0.13333333333333333,0.7666666666666667,0,0
100,4,70,ring,0.7,3585736529,30,70,1,29,0,29,29,6,9,4.833333333333333,0.03333333333333333,0.9666666666666667,1.0,1.0,1.0,1.0,1.0,0.3,1,1
100,4,70,small_world,0.7,3585736529,30,70,2,28,0,28,28,4,17,7.0,0.06666666666666667,0.9333333333333333,1.0,1.0,1.0,0.43333333333333335,0.43333333333333335,0.5666666666666667,1,1
100,4,70,scale_free,0.7,3585736529,30,70,3,24,3,0,0,1,24,24.0,0.1,0.8,0.9,0.1,0.1,0.1,0.1,0.8,0,0
100,4,70,er,0.8,3585736529,20,80,7,11,2,11,11,1,11,11.0,0.35,0.55,0.9,0.9,0.9,0.35,0.35,0.55,1,1
100,4,70,ring,0.8,3585736529,20,80,3,17,0,17,17,5,5,3.4,0.15,0.85,1.0,1.0,1.0,1.0,1.0,0.25,1,1
100,4,70,small_world,0.8,3585736529,20,80,3,17,0,17,17,5,5,3.4,0.15,0.85,1.0,1.0,1.0,1.0,1.0,0.25,1,1
100,4,70,scale_free,0.8,3585736529,20,80,3,17,0,17,17,1,17,17.0,0.15,0.85,1.0,1.0,1.0,0.15,0.15,0.85,1,1
100,4,70,er,0.9,3585736529,10,90,0,10,0,10,10,1,10,10.0,0.0,1.0,1.0,1.0,1.0,1.0,1.0,1.0,1,1
100,4,70,ring,0.9,3585736529,10,90,3,7,0,7,7,2,4,3.5,0.3,0.7,1.0,1.0,1.0,1.0,1.0,0.4,1,1
100,4,70,small_world,0.9,3585736529,10,90,3,7,0,7,7,2,4,3.5,0.3,0.7,1.0,1.0,1.0,1.0,1.0,0.4,1,1
100,4,70,scale_free,0.9,3585736529,10,90,3,7,0,7,7,2,5,3.5,0.3,0.7,1.0,1.0,1.0,1.0,1.0,0.5,1,1
100,4,71,er,0.1,3460768697,90,10,1,0,89,0,0,0,0,0.0,0.011111111111111112,0.0,0.011111111111111112,0.011111111111111112,0.011111111111111112,0.011111111111111112,0.011111111111111112,0.0,0,0
100,4,71,ring,0.1,3460768697,90,10,0,0,90,0,0,0,0,0.0,0.0,0.0,0.0,0.0,0.0,0.0,0.0,0.0,0,0
100,4,71,small_world,0.1,3460768697,90,10,0,0,90,0,0,0,0,0.0,0.0,0.0,0.0,0.0,0.0,0.0,0.0,0.0,0,0
100,4,71,scale_free,0.1,3460768697,90,10,1,0,89,0,0,0,0,0.0,0.011111111111111112,0.0,0.011111111111111112,0.011111111111111112,0.011111111111111112,0.011111111111111112,0.011111111111111112,0.0,0,0
100,4,71,er,0.2,3460768697,80,20,0,0,80,0,0,0,0,0.0,0.0,0.0,0.0,0.0,0.0,0.0,0.0,0.0,0,0
100,4,71,ring,0.2,3460768697,80,20,0,0,80,0,0,0,0,0.0,0.0,0.0,0.0,0.0,0.0,0.0,0.0,0.0,0,0
100,4,71,small_world,0.2,3460768697,80,20,0,0,80,0,0,0,0,0.0,0.0,0.0,0.0,0.0,0.0,0.0,0.0,0.0,0,0
100,4,71,scale_free,0.2,3460768697,80,20,1,0,79,0,0,0,0,0.0,0.0125,0.0,0.0125,0.0125,0.0125,0.0125,0.0125,0.0,0,0
100,4,71,er,0.3,3460768697,70,30,1,0,69,0,0,0,0,0.0,0.014285714285714285,0.0,0.014285714285714285,0.014285714285714285,0.014285714285714285,0.014285714285714285,0.014285714285714285,0.0,0,0
100,4,71,ring,0.3,3460768697,70,30,0,7,63,7,7,1,7,7.0,0.0,0.1,0.1,0.1,0.1,0.1,0.1,0.1,1,1
100,4,71,small_world,0.3,3460768697,70,30,0,0,70,0,0,0,0,0.0,0.0,0.0,0.0,0.0,0.0,0.0,0.0,0.0,0,0
100,4,71,scale_free,0.3,3460768697,70,30,0,4,66,4,4,1,4,4.0,0.0,0.05714285714285714,0.05714285714285714,0.05714285714285714,0.05714285714285714,0.05714285714285714,0.05714285714285714,0.05714285714285714,1,1
100,4,71,er,0.4,3460768697,60,40,2,0,58,0,0,0,0,0.0,0.03333333333333333,0.0,0.03333333333333333,0.03333333333333333,0.03333333333333333,0.03333333333333333,0.03333333333333333,0.0,0,0
100,4,71,ring,0.4,3460768697,60,40,0,17,43,0,0,3,8,5.666666666666667,0.0,0.2833333333333333,0.2833333333333333,0.0,0.0,0.0,0.0,0.13333333333333333,0,0
100,4,71,small_world,0.4,3460768697,60,40,0,6,54,0,0,1,6,6.0,0.0,0.1,0.1,0.0,0.0,0.0,0.0,0.1,0,0
100,4,71,scale_free,0.4,3460768697,60,40,3,0,57,0,0,0,0,0.0,0.05,0.0,0.05,0.05,0.05,0.05,0.05,0.0,0,0
100,4,71,er,0.5,3460768697,50,50,3,36,11,3,3,2,33,18.0,0.06,0.72,0.78,0.12,0.12,0.12,0.12,0.66,1,1
100,4,71,ring,0.5,3460768697,50,50,0,23,27,0,0,1,23,23.0,0.0,0.46,0.46,0.0,0.0,0.0,0.0,0.46,0,0
100,4,71,small_world,0.5,3460768697,50,50,0,4,46,4,4,1,4,4.0,0.0,0.08,0.08,0.08,0.08,0.08,0.08,0.08,1,1
100,4,71,scale_free,0.5,3460768697,50,50,2,2,46,2,2,1,2,2.0,0.04,0.04,0.08,0.08,0.08,0.08,0.08,0.04,1,1
100,4,71,er,0.6,3460768697,40,60,4,32,4,32,32,2,29,16.0,0.1,0.8,0.9,0.9,0.9,0.175,0.175,0.725,1,1
100,4,71,ring,0.6,3460768697,40,60,0,40,0,20,20,4,18,10.0,0.0,1.0,1.0,0.5,0.5,0.05,0.05,0.45,1,1
100,4,71,small_world,0.6,3460768697,40,60,0,40,0,40,40,2,37,20.0,0.0,1.0,1.0,1.0,1.0,0.075,0.075,0.925,1,1
100,4,71,scale_free,0.6,3460768697,40,60,4,31,5,0,0,1,31,31.0,0.1,0.775,0.875,0.1,0.1,0.1,0.1,0.775,0,0
100,4,71,er,0.7,3460768697,30,70,6,23,1,23,23,1,23,23.0,0.2,0.7666666666666667,0.9666666666666667,0.9666666666666667,0.9666666666666667,0.2,0.2,0.7666666666666667,1,1
100,4,71,ring,0.7,3460768697,30,70,1,29,0,29,29,7,6,4.142857142857143,0.03333333333333333,0.9666666666666667,1.0,1.0,1.0,1.0,1.0,0.2,1,1
100,4,71,small_world,0.7,3460768697,30,70,1,29,0,29,29,4,15,7.25,0.03333333333333333,0.9666666666666667,1.0,1.0,1.0,0.5,0.5,0.5,1,1
100,4,71,scale_free,0.7,3460768697,30,70,3,25,2,25,25,1,25,25.0,0.1,0.8333333333333334,0.9333333333333333,0.9333333333333333,0.9333333333333333,0.1,0.1,0.8333333333333334,1,1
100,4,71,er,0.8,3460768697,20,80,4,15,1,15,15,1,15,15.0,0.2,0.75,0.95,0.95,0.95,0.2,0.2,0.75,1,1
100,4,71,ring,0.8,3460768697,20,80,5,15,0,15,15,5,6,3.0,0.25,0.75,1.0,1.0,1.0,1.0,1.0,0.3,1,1
100,4,71,small_world,0.8,3460768697,20,80,4,16,0,16,16,5,6,3.2,0.2,0.8,1.0,1.0,1.0,1.0,1.0,0.3,1,1
100,4,71,scale_free,0.8,3460768697,20,80,1,18,1,18,18,2,16,9.0,0.05,0.9,0.95,0.95,0.95,0.15,0.15,0.8,1,1
100,4,71,er,0.9,3460768697,10,90,2,8,0,8,8,3,3,2.6666666666666665,0.2,0.8,1.0,1.0,1.0,1.0,1.0,0.3,1,1
100,4,71,ring,0.9,3460768697,10,90,4,6,0,6,6,3,2,2.0,0.4,0.6,1.0,1.0,1.0,1.0,1.0,0.2,1,1
100,4,71,small_world,0.9,3460768697,10,90,4,6,0,6,6,3,2,2.0,0.4,0.6,1.0,1.0,1.0,1.0,1.0,0.2,1,1
100,4,71,scale_free,0.9,3460768697,10,90,3,7,0,7,7,3,3,2.3333333333333335,0.3,0.7,1.0,1.0,1.0,1.0,1.0,0.3,1,1
100,4,72,er,0.1,3152644928,90,10,1,0,89,0,0,0,0,0.0,0.011111111111111112,0.0,0.011111111111111112,0.011111111111111112,0.011111111111111112,0.011111111111111112,0.011111111111111112,0.0,0,0
100,4,72,ring,0.1,3152644928,90,10,0,0,90,0,0,0,0,0.0,0.0,0.0,0.0,0.0,0.0,0.0,0.0,0.0,0,0
100,4,72,small_world,0.1,3152644928,90,10,0,0,90,0,0,0,0,0.0,0.0,0.0,0.0,0.0,0.0,0.0,0.0,0.0,0,0
100,4,72,scale_free,0.1,3152644928,90,10,0,0,90,0,0,0,0,0.0,0.0,0.0,0.0,0.0,0.0,0.0,0.0,0.0,0,0
100,4,72,er,0.2,3152644928,80,20,3,0,77,0,0,0,0,0.0,0.0375,0.0,0.0375,0.0375,0.0375,0.0375,0.0375,0.0,0,0
100,4,72,ring,0.2,3152644928,80,20,0,0,80,0,0,0,0,0.0,0.0,0.0,0.0,0.0,0.0,0.0,0.0,0.0,0,0
100,4,72,small_world,0.2,3152644928,80,20,0,0,80,0,0,0,0,0.0,0.0,0.0,0.0,0.0,0.0,0.0,0.0,0.0,0,0
100,4,72,scale_free,0.2,3152644928,80,20,0,0,80,0,0,0,0,0.0,0.0,0.0,0.0,0.0,0.0,0.0,0.0,0.0,0,0
100,4,72,er,0.3,3152644928,70,30,4,0,66,0,0,0,0,0.0,0.05714285714285714,0.0,0.05714285714285714,0.05714285714285714,0.05714285714285714,0.05714285714285714,0.05714285714285714,0.0,0,0
100,4,72,ring,0.3,3152644928,70,30,0,0,70,0,0,0,0,0.0,0.0,0.0,0.0,0.0,0.0,0.0,0.0,0.0,0,0
100,4,72,small_world,0.3,3152644928,70,30,0,0,70,0,0,0,0,0.0,0.0,0.0,0.0,0.0,0.0,0.0,0.0,0.0,0,0
100,4,72,scale_free,0.3,3152644928,70,30,2,0,68,0,0,0,0,0.0,0.02857142857142857,0.0,0.02857142857142857,0.02857142857142857,0.02857142857142857,0.02857142857142857,0.02857142857142857,0.0,0,0
100,4,72,er,0.4,3152644928,60,40,3,2,55,2,2,1,2,2.0,0.05,0.03333333333333333,0.08333333333333333,0.08333333333333333,0.08333333333333333,0.08333333333333333,0.08333333333333333,0.03333333333333333,1,1
100,4,72,ring,0.4,3152644928,60,40,0,3,57,0,0,1,3,3.0,0.0,0.05,0.05,0.0,0.0,0.0,0.0,0.05,0,0
100,4,72,small_world,0.4,3152644928,60,40,0,3,57,0,0,1,3,3.0,0.0,0.05,0.05,0.0,0.0,0.0,0.0,0.05,0,0
100,4,72,scale_free,0.4,3152644928,60,40,1,0,59,0,0,0,0,0.0,0.016666666666666666,0.0,0.016666666666666666,0.016666666666666666,0.016666666666666666,0.016666666666666666,0.016666666666666666,0.0,0,0
100,4,72,er,0.5,3152644928,50,50,2,44,4,0,0,1,44,44.0,0.04,0.88,0.92,0.04,0.04,0.04,0.04,0.88,0,0
100,4,72,ring,0.5,3152644928,50,50,0,28,22,14,14,4,14,7.0,0.0,0.56,0.56,0.28,0.28,0.28,0.28,0.28,1,1
100,4,72,small_world,0.5,3152644928,50,50,0,44,6,4,4,2,40,22.0,0.0,0.88,0.88,0.08,0.08,0.08,0.08,0.8,1,1
100,4,72,scale_free,0.5,3152644928,50,50,1,40,9,0,0,1,40,40.0,0.02,0.8,0.82,0.02,0.02,0.02,0.02,0.8,0,0
100,4,72,er,0.6,3152644928,40,60,1,33,6,33,33,1,33,33.0,0.025,0.825,0.85,0.85,0.85,0.025,0.025,0.825,1,1
100,4,72,ring,0.6,3152644928,40,60,0,40,0,16,16,5,16,8.0,0.0,1.0,1.0,0.4,0.4,0.4,0.4,0.4,1,1
100,4,72,small_world,0.6,3152644928,40,60,0,40,0,7,7,4,25,10.0,0.0,1.0,1.0,0.175,0.175,0.175,0.175,0.625,1,1
100,4,72,scale_free,0.6,3152644928,40,60,2,33,5,0,0,1,33,33.0,0.05,0.825,0.875,0.05,0.05,0.05,0.05,0.825,0,0
100,4,72,er,0.7,3152644928,30,70,2,23,5,23,23,3,19,7.666666666666667,0.06666666666666667,0.7666666666666667,0.8333333333333334,0.8333333333333334,0.8333333333333334,0.2,0.2,0.6333333333333333,1,1
100,4,72,ring,0.7,3152644928,30,70,3,27,0,15,15,5,12,5.4,0.1,0.9,1.0,0.6,0.6,0.6,0.6,0.4,1,1
100,4,72,small_world,0.7,3152644928,30,70,2,28,0,28,28,5,13,5.6,0.06666666666666667,0.9333333333333333,1.0,1.0,1.0,0.5666666666666667,0.5666666666666667,0.43333333333333335,1,1
100,4,72,scale_free,0.7,3152644928,30,70,0,28,2,0,0,1,28,28.0,0.0,0.9333333333333333,0.9333333333333333,0.0,0.0,0.0,0.0,0.9333333333333333,0,0
100,4,72,er,0.8,3152644928,20,80,3,17,0,17,17,1,17,17.0,0.15,0.85,1.0,1.0,1.0,0.15,0.15,0.85,1,1
100,4,72,ring,0.8,3152644928,20,80,3,17,0,17,17,5,5,3.4,0.15,0.85,1.0,1.0,1.0,1.0,1.0,0.25,1,1
100,4,72,small_world,0.8,3152644928,20,80,2,18,0,18,18,4,9,4.5,0.1,0.9,1.0,1.0,1.0,1.0,1.0,0.45,1,1
100,4,72,scale_free,0.8,3152644928,20,80,2,17,1,17,17,2,14,8.5,0.1,0.85,0.95,0.95,0.95,0.25,0.25,0.7,1,1
100,4,72,er,0.9,3152644928,10,90,2,8,0,8,8,3,4,2.6666666666666665,0.2,0.8,1.0,1.0,1.0,1.0,1.0,0.4,1,1
100,4,72,ring,0.9,3152644928,10,90,3,7,0,7,7,3,3,2.3333333333333335,0.3,0.7,1.0,1.0,1.0,1.0,1.0,0.3,1,1
100,4,72,small_world,0.9,3152644928,10,90,3,7,0,7,7,3,3,2.3333333333333335,0.3,0.7,1.0,1.0,1.0,1.0,1.0,0.3,1,1
100,4,72,scale_free,0.9,3152644928,10,90,3,7,0,7,7,2,5,3.5,0.3,0.7,1.0,1.0,1.0,1.0,1.0,0.5,1,1
100,4,73,er,0.1,4124191772,90,10,0,0,90,0,0,0,0,0.0,0.0,0.0,0.0,0.0,0.0,0.0,0.0,0.0,0,0
100,4,73,ring,0.1,4124191772,90,10,0,0,90,0,0,0,0,0.0,0.0,0.0,0.0,0.0,0.0,0.0,0.0,0.0,0,0
100,4,73,small_world,0.1,4124191772,90,10,0,0,90,0,0,0,0,0.0,0.0,0.0,0.0,0.0,0.0,0.0,0.0,0.0,0,0
100,4,73,scale_free,0.1,4124191772,90,10,2,0,88,0,0,0,0,0.0,0.022222222222222223,0.0,0.022222222222222223,0.022222222222222223,0.022222222222222223,0.022222222222222223,0.022222222222222223,0.0,0,0
100,4,73,er,0.2,4124191772,80,20,0,0,80,0,0,0,0,0.0,0.0,0.0,0.0,0.0,0.0,0.0,0.0,0.0,0,0
100,4,73,ring,0.2,4124191772,80,20,0,0,80,0,0,0,0,0.0,0.0,0.0,0.0,0.0,0.0,0.0,0.0,0.0,0,0
100,4,73,small_world,0.2,4124191772,80,20,0,0,80,0,0,0,0,0.0,0.0,0.0,0.0,0.0,0.0,0.0,0.0,0.0,0,0
100,4,73,scale_free,0.2,4124191772,80,20,1,0,79,0,0,0,0,0.0,0.0125,0.0,0.0125,0.0125,0.0125,0.0125,0.0125,0.0,0,0
100,4,73,er,0.3,4124191772,70,30,1,0,69,0,0,0,0,0.0,0.014285714285714285,0.0,0.014285714285714285,0.014285714285714285,0.014285714285714285,0.014285714285714285,0.014285714285714285,0.0,0,0
100,4,73,ring,0.3,4124191772,70,30,0,0,70,0,0,0,0,0.0,0.0,0.0,0.0,0.0,0.0,0.0,0.0,0.0,0,0
100,4,73,small_world,0.3,4124191772,70,30,0,0,70,0,0,0,0,0.0,0.0,0.0,0.0,0.0,0.0,0.0,0.0,0.0,0,0
100,4,73,scale_free,0.3,4124191772,70,30,1,0,69,0,0,0,0,0.0,0.014285714285714285,0.0,0.014285714285714285,0.014285714285714285,0.014285714285714285,0.014285714285714285,0.014285714285714285,0.0,0,0
100,4,73,er,0.4,4124191772,60,40,1,0,59,0,0,0,0,0.0,0.016666666666666666,0.0,0.016666666666666666,0.016666666666666666,0.016666666666666666,0.016666666666666666,0.016666666666666666,0.0,0,0
100,4,73,ring,0.4,4124191772,60,40,0,21,39,4,4,4,11,5.25,0.0,0.35,0.35,0.06666666666666667,0.06666666666666667,0.06666666666666667,0.06666666666666667,0.18333333333333332,1,1
100,4,73,small_world,0.4,4124191772,60,40,1,2,57,2,2,1,2,2.0,0.016666666666666666,0.03333333333333333,0.05,0.05,0.05,0.05,0.05,0.03333333333333333,1,1
100,4,73,scale_free,0.4,4124191772,60,40,0,0,60,0,0,0,0,0.0,0.0,0.0,0.0,0.0,0.0,0.0,0.0,0.0,0,0
100,4,73,er,0.5,4124191772,50,50,2,33,15,0,0,1,33,33.0,0.04,0.66,0.7,0.04,0.04,0.04,0.04,0.66,0,0
100,4,73,ring,0.5,4124191772,50,50,0,25,25,20,20,4,16,6.25,0.0,0.5,0.5,0.4,0.4,0.08,0.08,0.32,1,1
100,4,73,small_world,0.5,4124191772,50,50,2,44,4,2,2,2,42,22.0,0.04,0.88,0.92,0.08,0.08,0.08,0.08,0.84,1,1
100,4,73,scale_free,0.5,4124191772,50,50,0,42,8,0,0,1,42,42.0,0.0,0.84,0.84,0.0,0.0,0.0,0.0,0.84,0,0
100,4,73,er,0.6,4124191772,40,60,2,31,7,0,0,1,31,31.0,0.05,0.775,0.825,0.05,0.05,0.05,0.05,0.775,0,0
100,4,73,ring,0.6,4124191772,40,60,0,20,20,16,16,6,5,3.3333333333333335,0.0,0.5,0.5,0.4,0.4,0.4,0.4,0.125,1,1
100,4,73,small_world,0.6,4124191772,40,60,1,39,0,2,2,3,21,13.0,0.025,0.975,1.0,0.075,0.075,0.075,0.075,0.525,1,1
100,4,73,scale_free,0.6,4124191772,40,60,0,35,5,0,0,1,35,35.0,0.0,0.875,0.875,0.0,0.0,0.0,0.0,0.875,0,0
100,4,73,er,0.7,4124191772,30,70,6,22,2,0,0,1,22,22.0,0.2,0.7333333333333333,0.9333333333333333,0.2,0.2,0.2,0.2,0.7333333333333333,0,0
100,4,73,ring,0.7,4124191772,30,70,3,27,0,15,15,6,9,4.5,0.1,0.9,1.0,0.6,0.6,0.6,0.6,0.3,1,1
100,4,73,small_world,0.7,4124191772,30,70,4,26,0,15,15,4,11,6.5,0.13333333333333333,0.8666666666666667,1.0,0.6333333333333333,0.6333333333333333,0.26666666666666666,0.26666666666666666,0.36666666666666664,1,1
100,4,73,scale_free,0.7,4124191772,30,70,0,29,1,0,0,1,29,29.0,0.0,0.9666666666666667,0.9666666666666667,0.0,0.0,0.0,0.0,0.9666666666666667,0,0
100,4,73,er,0.8,4124191772,20,80,6,12,2,12,12,1,12,12.0,0.3,0.6,0.9,0.9,0.9,0.3,0.3,0.6,1,1
100,4,73,ring,0.8,4124191772,20,80,1,19,0,19,19,5,9,3.8,0.05,0.95,1.0,1.0,1.0,1.0,1.0,0.45,1,1
100,4,73,small_world,0.8,4124191772,20,80,2,18,0,18,18,3,8,6.0,0.1,0.9,1.0,1.0,1.0,1.0,1.0,0.4,1,1
100,4,73,scale_free,0.8,4124191772,20,80,0,20,0,20,20,1,20,20.0,0.0,1.0,1.0,1.0,1.0,0.0,0.0,1.0,1,1
100,4,73,er,0.9,4124191772,10,90,7,3,0,3,3,1,3,3.0,0.7,0.3,1.0,1.0,1.0,1.0,1.0,0.3,1,1
100,4,73,ring,0.9,4124191772,10,90,2,8,0,8,8,3,4,2.6666666666666665,0.2,0.8,1.0,1.0,1.0,1.0,1.0,0.4,1,1
100,4,73,small_world,0.9,4124191772,10,90,1,9,0,9,9,3,4,3.0,0.1,0.9,1.0,1.0,1.0,1.0,1.0,0.4,1,1
100,4,73,scale_free,0.9,4124191772,10,90,1,9,0,9,9,1,9,9.0,0.1,0.9,1.0,1.0,1.0,1.0,1.0,0.9,1,1
100,4,74,er,0.1,4167778300,90,10,2,0,88,0,0,0,0,0.0,0.022222222222222223,0.0,0.022222222222222223,0.022222222222222223,0.022222222222222223,0.022222222222222223,0.022222222222222223,0.0,0,0
100,4,74,ring,0.1,4167778300,90,10,0,0,90,0,0,0,0,0.0,0.0,0.0,0.0,0.0,0.0,0.0,0.0,0.0,0,0
100,4,74,small_world,0.1,4167778300,90,10,0,0,90,0,0,0,0,0.0,0.0,0.0,0.0,0.0,0.0,0.0,0.0,0.0,0,0
100,4,74,scale_free,0.1,4167778300,90,10,1,0,89,0,0,0,0,0.0,0.011111111111111112,0.0,0.011111111111111112,0.011111111111111112,0.011111111111111112,0.011111111111111112,0.011111111111111112,0.0,0,0
100,4,74,er,0.2,4167778300,80,20,1,0,79,0,0,0,0,0.0,0.0125,0.0,0.0125,0.0125,0.0125,0.0125,0.0125,0.0,0,0
100,4,74,ring,0.2,4167778300,80,20,0,0,80,0,0,0,0,0.0,0.0,0.0,0.0,0.0,0.0,0.0,0.0,0.0,0,0
100,4,74,small_world,0.2,4167778300,80,20,0,0,80,0,0,0,0,0.0,0.0,0.0,0.0,0.0,0.0,0.0,0.0,0.0,0,0
100,4,74,scale_free,0.2,4167778300,80,20,1,0,79,0,0,0,0,0.0,0.0125,0.0,0.0125,0.0125,0.0125,0.0125,0.0125,0.0,0,0
100,4,74,er,0.3,4167778300,70,30,1,2,67,2,2,1,2,2.0,0.014285714285714285,0.02857142857142857,0.04285714285714286,0.04285714285714286,0.04285714285714286,0.04285714285714286,0.04285714285714286,0.02857142857142857,1,1
100,4,74,ring,0.3,4167778300,70,30,0,0,70,0,0,0,0,0.0,0.0,0.0,0.0,0.0,0.0,0.0,0.0,0.0,0,0
100,4,74,small_world,0.3,4167778300,70,30,0,0,70,0,0,0,0,0.0,0.0,0.0,0.0,0.0,0.0,0.0,0.0,0.0,0,0
100,4,74,scale_free,0.3,4167778300,70,30,1,0,69,0,0,0,0,0.0,0.014285714285714285,0.0,0.014285714285714285,0.014285714285714285,0.014285714285714285,0.014285714285714285,0.014285714285714285,0.0,0,0
100,4,74,er,0.4,4167778300,60,40,1,0,59,0,0,0,0,0.0,0.016666666666666666,0.0,0.016666666666666666,0.016666666666666666,0.016666666666666666,0.016666666666666666,0.016666666666666666,0.0,0,0
100,4,74,ring,0.4,4167778300,60,40,0,0,60,0,0,0,0,0.0,0.0,0.0,0.0,0.0,0.0,0.0,0.0,0.0,0,0
100,4,74,small_world,0.4,4167778300,60,40,0,0,60,0,0,0,0,0.0,0.0,0.0,0.0,0.0,0.0,0.0,0.0,0.0,0,0
100,4,74,scale_free,0.4,4167778300,60,40,3,0,57,0,0,0,0,0.0,0.05,0.0,0.05,0.05,0.05,0.05,0.05,0.0,0,0
100,4,74,er,0.5,4167778300,50,50,2,39,9,0,0,1,39,39.0,0.04,0.78,0.82,0.04,0.04,0.04,0.04,0.78,0,0
100,4,74,ring,0.5,4167778300,50,50,0,42,8,0,0,3,18,14.0,0.0,0.84,0.84,0.0,0.0,0.0,0.0,0.36,0,0
100,4,74,small_world,0.5,4167778300,50,50,1,41,8,6,6,2,35,20.5,0.02,0.82,0.84,0.14,0.14,0.14,0.14,0.7,1,1
100,4,74,scale_free,0.5,4167778300,50,50,3,0,47,0,0,0,0,0.0,0.06,0.0,0.06,0.06,0.06,0.06,0.06,0.0,0,0
100,4,74,er,0.6,4167778300,40,60,1,37,2,0,0,1,37,37.0,0.025,0.925,0.95,0.025,0.025,0.025,0.025,0.925,0,0
100,4,74,ring,0.6,4167778300,40,60,1,33,6,14,14,4,19,8.25,0.025,0.825,0.85,0.375,0.375,0.375,0.375,0.475,1,1
100,4,74,small_world,0.6,4167778300,40,60,1,28,11,4,4,2,24,14.0,0.025,0.7,0.725,0.125,0.125,0.125,0.125,0.6,1,1
100,4,74,scale_free,0.6,4167778300,40,60,3,35,2,3,3,2,32,17.5,0.075,0.875,0.95,0.15,0.15,0.15,0.15,0.8,1,1
100,4,74,er,0.7,4167778300,30,70,2,28,0,0,0,1,28,28.0,0.06666666666666667,0.9333333333333333,1.0,0.06666666666666667,0.06666666666666667,0.06666666666666667,0.06666666666666667,0.9333333333333333,0,0
100,4,74,ring,0.7,4167778300,30,70,1,29,0,16,16,6,8,4.833333333333333,0.03333333333333333,0.9666666666666667,1.0,0.5666666666666667,0.5666666666666667,0.5666666666666667,0.5666666666666667,0.26666666666666666,1,1
100,4,74,small_world,0.7,4167778300,30,70,1,29,0,4,4,2,25,14.5,0.03333333333333333,0.9666666666666667,1.0,0.16666666666666666,0.16666666666666666,0.16666666666666666,0.16666666666666666,0.8333333333333334,1,1
100,4,74,scale_free,0.7,4167778300,30,70,1,27,2,3,3,2,24,13.5,0.03333333333333333,0.9,0.9333333333333333,0.13333333333333333,0.13333333333333333,0.13333333333333333,0.13333333333333333,0.8,1,1
100,4,74,er,0.8,4167778300,20,80,2,18,0,18,18,1,18,18.0,0.1,0.9,1.0,1.0,1.0,0.1,0.1,0.9,1,1
100,4,74,ring,0.8,4167778300,20,80,3,17,0,17,17,6,6,2.8333333333333335,0.15,0.85,1.0,1.0,1.0,1.0,1.0,0.3,1,1
100,4,74,small_world,0.8,4167778300,20,80,3,17,0,17,17,4,8,4.25,0.15,0.85,1.0,1.0,1.0,1.0,1.0,0.4,1,1
100,4,74,scale_free,0.8,4167778300,20,80,0,20,0,4,4,3,16,6.666666666666667,0.0,1.0,1.0,0.2,0.2,0.2,0.2,0.8,1,1
100,4,74,er,0.9,4167778300,10,90,4,6,0,6,6,1,6,6.0,0.4,0.6,1.0,1.0,1.0,1.0,1.0,0.6,1,1
100,4,74,ring,0.9,4167778300,10,90,4,6,0,6,6,3,2,2.0,0.4,0.6,1.0,1.0,1.0,1.0,1.0,0.2,1,1
100,4,74,small_world,0.9,4167778300,10,90,4,6,0,6,6,2,4,3.0,0.4,0.6,1.0,1.0,1.0,1.0,1.0,0.4,1,1
100,4,74,scale_free,0.9,4167778300,10,90,4,6,0,6,6,1,6,6.0,0.4,0.6,1.0,1.0,1.0,1.0,1.0,0.6,1,1
100,4,75,er,0.1,3883722151,90,10,0,0,90,0,0,0,0,0.0,0.0,0.0,0.0,0.0,0.0,0.0,0.0,0.0,0,0
100,4,75,ring,0.1,3883722151,90,10,0,0,90,0,0,0,0,0.0,0.0,0.0,0.0,0.0,0.0,0.0,0.0,0.0,0,0
100,4,75,small_world,0.1,3883722151,90,10,0,0,90,0,0,0,0,0.0,0.0,0.0,0.0,0.0,0.0,0.0,0.0,0.0,0,0
100,4,75,scale_free,0.1,3883722151,90,10,0,0,90,0,0,0,0,0.0,0.0,0.0,0.0,0.0,0.0,0.0,0.0,0.0,0,0
100,4,75,er,0.2,3883722151,80,20,0,0,80,0,0,0,0,0.0,0.0,0.0,0.0,0.0,0.0,0.0,0.0,0.0,0,0
100,4,75,ring,0.2,3883722151,80,20,0,4,76,4,4,2,2,2.0,0.0,0.05,0.05,0.05,0.05,0.05,0.05,0.025,1,1
100,4,75,small_world,0.2,3883722151,80,20,0,5,75,5,5,2,3,2.5,0.0,0.0625,0.0625,0.0625,0.0625,0.0625,0.0625,0.0375,1,1
100,4,75,scale_free,0.2,3883722151,80,20,0,0,80,0,0,0,0,0.0,0.0,0.0,0.0,0.0,0.0,0.0,0.0,0.0,0,0
100,4,75,er,0.3,3883722151,70,30,0,0,70,0,0,0,0,0.0,0.0,0.0,0.0,0.0,0.0,0.0,0.0,0.0,0,0
100,4,75,ring,0.3,3883722151,70,30,0,4,66,4,4,2,2,2.0,0.0,0.05714285714285714,0.05714285714285714,0.05714285714285714,0.05714285714285714,0.05714285714285714,0.05714285714285714,0.02857142857142857,1,1
100,4,75,small_world,0.3,3883722151,70,30,0,2,68,2,2,1,2,2.0,0.0,0.02857142857142857,0.02857142857142857,0.02857142857142857,0.02857142857142857,0.02857142857142857,0.02857142857142857,0.02857142857142857,1,1
100,4,75,scale_free,0.3,3883722151,70,30,1,0,69,0,0,0,0,0.0,0.014285714285714285,0.0,0.014285714285714285,0.014285714285714285,0.014285714285714285,0.014285714285714285,0.014285714285714285,0.0,0,0
100,4,75,er,0.4,3883722151,60,40,2,0,58,0,0,0,0,0.0,0.03333333333333333,0.0,0.03333333333333333,0.03333333333333333,0.03333333333333333,0.03333333333333333,0.03333333333333333,0.0,0,0
100,4,75,ring,0.4,3883722151,60,40,0,7,53,4,4,3,3,2.3333333333333335,0.0,0.11666666666666667,0.11666666666666667,0.06666666666666667,0.06666666666666667,0.06666666666666667,0.06666666666666667,0.05,1,1
100,4,75,small_world,0.4,3883722151,60,40,0,2,58,2,2,1,2,2.0,0.0,0.03333333333333333,0.03333333333333333,0.03333333333333333,0.03333333333333333,0.03333333333333333,0.03333333333333333,0.03333333333333333,1,1
100,4,75,scale_free,0.4,3883722151,60,40,3,0,57,0,0,0,0,0.0,0.05,0.0,0.05,0.05,0.05,0.05,0.05,0.0,0,0
100,4,75,er,0.5,3883722151,50,50,3,42,5,0,42,1,42,42.0,0.06,0.84,0.9,0.06,0.9,0.06,0.06,0.84,0,1
100,4,75,ring,0.5,3883722151,50,50,0,17,33,0,0,2,14,8.5,0.0,0.34,0.34,0.0,0.0,0.0,0.0,0.28,0,0
100,4,75,small_world,0.5,3883722151,50,50,0,31,19,0,0,1,31,31.0,0.0,0.62,0.62,0.0,0.0,0.0,0.0,0.62,0,0
100,4,75,scale_free,0.5,3883722151,50,50,3,0,47,0,0,0,0,0.0,0.06,0.0,0.06,0.06,0.06,0.06,0.06,0.0,0,0
100,4,75,er,0.6,3883722151,40,60,4,35,1,35,35,1,35,35.0,0.1,0.875,0.975,0.975,0.975,0.1,0.1,0.875,1,1
100,4,75,ring,0.6,3883722151,40,60,0,40,0,14,14,4,14,10.0,0.0,1.0,1.0,0.35,0.35,0.35,0.35,0.35,1,1
100,4,75,small_world,0.6,3883722151,40,60,0,37,3,2,2,2,35,18.5,0.0,0.925,0.925,0.05,0.05,0.05,0.05,0.875,1,1
100,4,75,scale_free,0.6,3883722151,40,60,0,39,1,0,0,1,39,39.0,0.0,0.975,0.975,0.0,0.0,0.0,0.0,0.975,0,0
100,4,75,er,0.7,3883722151,30,70,4,25,1,25,25,1,25,25.0,0.13333333333333333,0.8333333333333334,0.9666666666666667,0.9666666666666667,0.9666666666666667,0.13333333333333333,0.13333333333333333,0.8333333333333334,1,1
100,4,75,ring,0.7,3883722151,30,70,3,27,0,19,19,3,16,9.0,0.1,0.9,1.0,0.7333333333333333,0.7333333333333333,0.2,0.2,0.5333333333333333,1,1
100,4,75,small_world,0.7,3883722151,30,70,4,26,0,23,23,4,17,6.5,0.13333333333333333,0.8666666666666667,1.0,0.9,0.9,0.3333333333333333,0.3333333333333333,0.5666666666666667,1,1
100,4,75,scale_free,0.7,3883722151,30,70,0,30,0,0,0,1,30,30.0,0.0,1.0,1.0,0.0,0.0,0.0,0.0,1.0,0,0
100,4,75,er,0.8,3883722151,20,80,2,17,1,17,17,1,17,17.0,0.1,0.85,0.95,0.95,0.95,0.1,0.1,0.85,1,1
100,4,75,ring,0.8,3883722151,20,80,3,17,0,17,17,4,6,4.25,0.15,0.85,1.0,1.0,1.0,1.0,1.0,0.3,1,1
100,4,75,small_world,0.8,3883722151,20,80,4,16,0,16,16,5,5,3.2,0.2,0.8,1.0,1.0,1.0,1.0,1.0,0.25,1,1
100,4,75,scale_free,0.8,3883722151,20,80,1,19,0,19,19,1,19,19.0,0.05,0.95,1.0,1.0,1.0,0.05,0.05,0.95,1,1
100,4,75,er,0.9,3883722151,10,90,4,6,0,6,6,1,6,6.0,0.4,0.6,1.0,1.0,1.0,1.0,1.0,0.6,1,1
100,4,75,ring,0.9,3883722151,10,90,5,5,0,5,5,2,3,2.5,0.5,0.5,1.0,1.0,1.0,1.0,1.0,0.3,1,1
100,4,75,small_world,0.9,3883722151,10,90,6,4,0,4,4,2,2,2.0,0.6,0.4,1.0,1.0,1.0,1.0,1.0,0.2,1,1
100,4,75,scale_free,0.9,3883722151,10,90,1,9,0,9,9,2,6,4.5,0.1,0.9,1.0,1.0,1.0,1.0,1.0,0.6,1,1
100,4,76,er,0.1,2186461417,90,10,1,0,89,0,0,0,0,0.0,0.011111111111111112,0.0,0.011111111111111112,0.011111111111111112,0.011111111111111112,0.011111111111111112,0.011111111111111112,0.0,0,0
100,4,76,ring,0.1,2186461417,90,10,0,0,90,0,0,0,0,0.0,0.0,0.0,0.0,0.0,0.0,0.0,0.0,0.0,0,0
100,4,76,small_world,0.1,2186461417,90,10,0,0,90,0,0,0,0,0.0,0.0,0.0,0.0,0.0,0.0,0.0,0.0,0.0,0,0
100,4,76,scale_free,0.1,2186461417,90,10,0,0,90,0,0,0,0,0.0,0.0,0.0,0.0,0.0,0.0,0.0,0.0,0.0,0,0
100,4,76,er,0.2,2186461417,80,20,0,0,80,0,0,0,0,0.0,0.0,0.0,0.0,0.0,0.0,0.0,0.0,0.0,0,0
100,4,76,ring,0.2,2186461417,80,20,0,0,80,0,0,0,0,0.0,0.0,0.0,0.0,0.0,0.0,0.0,0.0,0.0,0,0
100,4,76,small_world,0.2,2186461417,80,20,0,0,80,0,0,0,0,0.0,0.0,0.0,0.0,0.0,0.0,0.0,0.0,0.0,0,0
100,4,76,scale_free,0.2,2186461417,80,20,1,0,79,0,0,0,0,0.0,0.0125,0.0,0.0125,0.0125,0.0125,0.0125,0.0125,0.0,0,0
100,4,76,er,0.3,2186461417,70,30,0,0,70,0,0,0,0,0.0,0.0,0.0,0.0,0.0,0.0,0.0,0.0,0.0,0,0
100,4,76,ring,0.3,2186461417,70,30,0,0,70,0,0,0,0,0.0,0.0,0.0,0.0,0.0,0.0,0.0,0.0,0.0,0,0
100,4,76,small_world,0.3,2186461417,70,30,0,0,70,0,0,0,0,0.0,0.0,0.0,0.0,0.0,0.0,0.0,0.0,0.0,0,0
100,4,76,scale_free,0.3,2186461417,70,30,3,0,67,0,0,0,0,0.0,0.04285714285714286,0.0,0.04285714285714286,0.04285714285714286,0.04285714285714286,0.04285714285714286,0.04285714285714286,0.0,0,0
100,4,76,er,0.4,2186461417,60,40,1,0,59,0,0,0,0,0.0,0.016666666666666666,0.0,0.016666666666666666,0.016666666666666666,0.016666666666666666,0.016666666666666666,0.016666666666666666,0.0,0,0
100,4,76,ring,0.4,2186461417,60,40,0,12,48,2,2,2,10,6.0,0.0,0.2,0.2,0.03333333333333333,0.03333333333333333,0.03333333333333333,0.03333333333333333,0.16666666666666666,1,1
100,4,76,small_world,0.4,2186461417,60,40,0,2,58,2,2,1,2,2.0,0.0,0.03333333333333333,0.03333333333333333,0.03333333333333333,0.03333333333333333,0.03333333333333333,0.03333333333333333,0.03333333333333333,1,1
100,4,76,scale_free,0.4,2186461417,60,40,5,0,55,0,0,0,0,0.0,0.08333333333333333,0.0,0.08333333333333333,0.08333333333333333,0.08333333333333333,0.08333333333333333,0.08333333333333333,0.0,0,0
100,4,76,er,0.5,2186461417,50,50,3,37,10,0,0,1,37,37.0,0.06,0.74,0.8,0.06,0.06,0.06,0.06,0.74,0,0
100,4,76,ring,0.5,2186461417,50,50,0,38,12,8,8,5,19,7.6,0.0,0.76,0.76,0.16,0.16,0.16,0.16,0.38,1,1
100,4,76,small_world,0.5,2186461417,50,50,0,16,34,16,16,3,10,5.333333333333333,0.0,0.32,0.32,0.32,0.32,0.32,0.32,0.2,1,1
100,4,76,scale_free,0.5,2186461417,50,50,3,2,45,2,2,1,2,2.0,0.06,0.04,0.1,0.1,0.1,0.1,0.1,0.04,1,1
100,4,76,er,0.6,2186461417,40,60,5,33,2,33,33,2,31,16.5,0.125,0.825,0.95,0.95,0.95,0.175,0.175,0.775,1,1
100,4,76,ring,0.6,2186461417,40,60,2,26,12,11,11,4,10,6.5,0.05,0.65,0.7,0.325,0.325,0.325,0.325,0.25,1,1
100,4,76,small_world,0.6,2186461417,40,60,2,38,0,11,11,2,27,19.0,0.05,0.95,1.0,0.325,0.325,0.05,0.05,0.675,1,1
100,4,76,scale_free,0.6,2186461417,40,60,4,32,4,2,2,2,30,16.0,0.1,0.8,0.9,0.15,0.15,0.15,0.15,0.75,1,1
100,4,76,er,0.7,2186461417,30,70,2,26,2,26,26,1,26,26.0,0.06666666666666667,0.8666666666666667,0.9333333333333333,0.9333333333333333,0.9333333333333333,0.06666666666666667,0.06666666666666667,0.8666666666666667,1,1
100,4,76,ring,0.7,2186461417,30,70,3,27,0,23,23,6,8,4.5,0.1,0.9,1.0,0.8666666666666667,0.8666666666666667,0.8666666666666667,0.8666666666666667,0.26666666666666666,1,1
100,4,76,small_world,0.7,2186461417,30,70,2,28,0,28,28,6,7,4.666666666666667,0.06666666666666667,0.9333333333333333,1.0,1.0,1.0,1.0,1.0,0.23333333333333334,1,1
100,4,76,scale_free,0.7,2186461417,30,70,4,21,5,0,0,1,21,21.0,0.13333333333333333,0.7,0.8333333333333334,0.13333333333333333,0.13333333333333333,0.13333333333333333,0.13333333333333333,0.7,0,0
100,4,76,er,0.8,2186461417,20,80,1,19,0,19,19,1,19,19.0,0.05,0.95,1.0,1.0,1.0,0.05,0.05,0.95,1,1
100,4,76,ring,0.8,2186461417,20,80,5,15,0,15,15,4,6,3.75,0.25,0.75,1.0,1.0,1.0,1.0,1.0,0.3,1,1
100,4,76,small_world,0.8,2186461417,20,80,6,14,0,14,14,2,8,7.0,0.3,0.7,1.0,1.0,1.0,1.0,1.0,0.4,1,1
100,4,76,scale_free,0.8,2186461417,20,80,2,16,2,16,16,1,16,16.0,0.1,0.8,0.9,0.9,0.9,0.1,0.1,0.8,1,1
100,4,76,er,0.9,2186461417,10,90,2,8,0,8,8,2,5,4.0,0.2,0.8,1.0,1.0,1.0,1.0,1.0,0.5,1,1
100,4,76,ring,0.9,2186461417,10,90,8,2,0,2,2,1,2,2.0,0.8,0.2,1.0,1.0,1.0,1.0,1.0,0.2,1,1
100,4,76,small_world,0.9,2186461417,10,90,8,2,0,2,2,1,2,2.0,0.8,0.2,1.0,1.0,1.0,1.0,1.0,0.2,1,1
100,4,76,scale_free,0.9,2186461417,10,90,1,9,0,3,3,2,6,4.5,0.1,0.9,1.0,0.4,0.4,0.4,0.4,0.6,1,1
100,4,77,er,0.1,970946881,90,10,2,0,88,0,0,0,0,0.0,0.022222222222222223,0.0,0.022222222222222223,0.022222222222222223,0.022222222222222223,0.022222222222222223,0.022222222222222223,0.0,0,0
100,4,77,ring,0.1,970946881,90,10,0,0,90,0,0,0,0,0.0,0.0,0.0,0.0,0.0,0.0,0.0,0.0,0.0,0,0
100,4,77,small_world,0.1,970946881,90,10,0,0,90,0,0,0,0,0.0,0.0,0.0,0.0,0.0,0.0,0.0,0.0,0.0,0,0
100,4,77,scale_free,0.1,970946881,90,10,0,0,90,0,0,0,0,0.0,0.0,0.0,0.0,0.0,0.0,0.0,0.0,0.0,0,0
100,4,77,er,0.2,970946881,80,20,1,0,79,0,0,0,0,0.0,0.0125,0.0,0.0125,0.0125,0.0125,0.0125,0.0125,0.0,0,0
100,4,77,ring,0.2,970946881,80,20,0,0,80,0,0,0,0,0.0,0.0,0.0,0.0,0.0,0.0,0.0,0.0,0.0,0,0
100,4,77,small_world,0.2,970946881,80,20,0,0,80,0,0,0,0,0.0,0.0,0.0,0.0,0.0,0.0,0.0,0.0,0.0,0,0
100,4,77,scale_free,0.2,970946881,80,20,1,0,79,0,0,0,0,0.0,0.0125,0.0,0.0125,0.0125,0.0125,0.0125,0.0125,0.0,0,0
100,4,77,er,0.3,970946881,70,30,1,0,69,0,0,0,0,0.0,0.014285714285714285,0.0,0.014285714285714285,0.014285714285714285,0.014285714285714285,0.014285714285714285,0.014285714285714285,0.0,0,0
100,4,77,ring,0.3,970946881,70,30,0,0,70,0,0,0,0,0.0,0.0,0.0,0.0,0.0,0.0,0.0,0.0,0.0,0,0
100,4,77,small_world,0.3,970946881,70,30,1,3,66,0,0,1,3,3.0,0.014285714285714285,0.04285714285714286,0.05714285714285714,0.014285714285714285,0.014285714285714285,0.014285714285714285,0.014285714285714285,0.04285714285714286,0,0
100,4,77,scale_free,0.3,970946881,70,30,0,0,70,0,0,0,0,0.0,0.0,0.0,0.0,0.0,0.0,0.0,0.0,0.0,0,0
100,4,77,er,0.4,970946881,60,40,0,0,60,0,0,0,0,0.0,0.0,0.0,0.0,0.0,0.0,0.0,0.0,0.0,0,0
100,4,77,ring,0.4,970946881,60,40,0,0,60,0,0,0,0,0.0,0.0,0.0,0.0,0.0,0.0,0.0,0.0,0.0,0,0
100,4,77,small_world,0.4,970946881,60,40,0,3,57,3,3,1,3,3.0,0.0,0.05,0.05,0.05,0.05,0.05,0.05,0.05,1,1
100,4,77,scale_free,0.4,970946881,60,40,2,0,58,0,0,0,0,0.0,0.03333333333333333,0.0,0.03333333333333333,0.03333333333333333,0.03333333333333333,0.03333333333333333,0.03333333333333333,0.0,0,0
100,4,77,er,0.5,970946881,50,50,2,0,48,0,0,0,0,0.0,0.04,0.0,0.04,0.04,0.04,0.04,0.04,0.0,0,0
100,4,77,ring,0.5,970946881,50,50,0,9,41,0,0,1,9,9.0,0.0,0.18,0.18,0.0,0.0,0.0,0.0,0.18,0,0
100,4,77,small_world,0.5,970946881,50,50,1,5,44,5,5,1,5,5.0,0.02,0.1,0.12,0.12,0.12,0.12,0.12,0.1,1,1
100,4,77,scale_free,0.5,970946881,50,50,0,0,50,0,0,0,0,0.0,0.0,0.0,0.0,0.0,0.0,0.0,0.0,0.0,0,0
100,4,77,er,0.6,970946881,40,60,2,34,4,34,34,1,34,34.0,0.05,0.85,0.9,0.9,0.9,0.05,0.05,0.85,1,1
100,4,77,ring,0.6,970946881,40,60,0,40,0,18,18,5,13,8.0,0.0,1.0,1.0,0.45,0.45,0.45,0.45,0.325,1,1
100,4,77,small_world,0.6,970946881,40,60,1,22,17,3,3,2,19,11.0,0.025,0.55,0.575,0.1,0.1,0.1,0.1,0.475,1,1
100,4,77,scale_free,0.6,970946881,40,60,0,36,4,0,0,1,36,36.0,0.0,0.9,0.9,0.0,0.0,0.0,0.0,0.9,0,0
100,4,77,er,0.7,970946881,30,70,1,26,3,26,26,1,26,26.0,0.03333333333333333,0.8666666666666667,0.9,0.9,0.9,0.03333333333333333,0.03333333333333333,0.8666666666666667,1,1
100,4,77,ring,0.7,970946881,30,70,1,29,0,29,29,7,6,4.142857142857143,0.03333333333333333,0.9666666666666667,1.0,1.0,1.0,1.0,1.0,0.2,1,1
100,4,77,small_world,0.7,970946881,30,70,2,28,0,28,28,4,19,7.0,0.06666666666666667,0.9333333333333333,1.0,1.0,1.0,0.36666666666666664,0.36666666666666664,0.6333333333333333,1,1
100,4,77,scale_free,0.7,970946881,30,70,1,28,1,0,0,1,28,28.0,0.03333333333333333,0.9333333333333333,0.9666666666666667,0.03333333333333333,0.03333333333333333,0.03333333333333333,0.03333333333333333,0.9333333333333333,0,0
100,4,77,er,0.8,970946881,20,80,5,13,2,13,13,1,13,13.0,0.25,0.65,0.9,0.9,0.9,0.25,0.25,0.65,1,1
100,4,77,ring,0.8,970946881,20,80,5,15,0,15,15,6,3,2.5,0.25,0.75,1.0,1.0,1.0,1.0,1.0,0.15,1,1
100,4,77,small_world,0.8,970946881,20,80,4,16,0,16,16,3,11,5.333333333333333,0.2,0.8,1.0,1.0,1.0,0.45,0.45,0.55,1,1
100,4,77,scale_free,0.8,970946881,20,80,2,18,0,18,18,3,14,6.0,0.1,0.9,1.0,1.0,1.0,0.3,0.3,0.7,1,1
100,4,77,er,0.9,970946881,10,90,5,5,0,5,5,2,3,2.5,0.5,0.5,1.0,1.0,1.0,1.0,1.0,0.3,1,1
100,4,77,ring,0.9,970946881,10,90,4,6,0,6,6,2,4,3.0,0.4,0.6,1.0,1.0,1.0,1.0,1.0,0.4,1,1
100,4,77,small_world,0.9,970946881,10,90,5,5,0,5,5,1,5,5.0,0.5,0.5,1.0,1.0,1.0,1.0,1.0,0.5,1,1
100,4,77,scale_free,0.9,970946881,10,90,0,10,0,10,10,2,7,5.0,0.0,1.0,1.0,1.0,1.0,1.0,1.0,0.7,1,1
100,4,78,er,0.1,1259105595,90,10,1,0,89,0,0,0,0,0.0,0.011111111111111112,0.0,0.011111111111111112,0.011111111111111112,0.011111111111111112,0.011111111111111112,0.011111111111111112,0.0,0,0
100,4,78,ring,0.1,1259105595,90,10,0,0,90,0,0,0,0,0.0,0.0,0.0,0.0,0.0,0.0,0.0,0.0,0.0,0,0
100,4,78,small_world,0.1,1259105595,90,10,0,0,90,0,0,0,0,0.0,0.0,0.0,0.0,0.0,0.0,0.0,0.0,0.0,0,0
100,4,78,scale_free,0.1,1259105595,90,10,0,0,90,0,0,0,0,0.0,0.0,0.0,0.0,0.0,0.0,0.0,0.0,0.0,0,0
100,4,78,er,0.2,1259105595,80,20,1,0,79,0,0,0,0,0.0,0.0125,0.0,0.0125,0.0125,0.0125,0.0125,0.0125,0.0,0,0
100,4,78,ring,0.2,1259105595,80,20,0,0,80,0,0,0,0,0.0,0.0,0.0,0.0,0.0,0.0,0.0,0.0,0.0,0,0
100,4,78,small_world,0.2,1259105595,80,20,0,0,80,0,0,0,0,0.0,0.0,0.0,0.0,0.0,0.0,0.0,0.0,0.0,0,0
100,4,78,scale_free,0.2,1259105595,80,20,1,0,79,0,0,0,0,0.0,0.0125,0.0,0.0125,0.0125,0.0125,0.0125,0.0125,0.0,0,0
100,4,78,er,0.3,1259105595,70,30,2,0,68,0,0,0,0,0.0,0.02857142857142857,0.0,0.02857142857142857,0.02857142857142857,0.02857142857142857,0.02857142857142857,0.02857142857142857,0.0,0,0
100,4,78,ring,0.3,1259105595,70,30,0,13,57,2,2,2,11,6.5,0.0,0.18571428571428572,0.18571428571428572,0.02857142857142857,0.02857142857142857,0.02857142857142857,0.02857142857142857,0.15714285714285714,1,1
100,4,78,small_world,0.3,1259105595,70,30,0,0,70,0,0,0,0,0.0,0.0,0.0,0.0,0.0,0.0,0.0,0.0,0.0,0,0
100,4,78,scale_free,0.3,1259105595,70,30,2,0,68,0,0,0,0,0.0,0.02857142857142857,0.0,0.02857142857142857,0.02857142857142857,0.02857142857142857,0.02857142857142857,0.02857142857142857,0.0,0,0
100,4,78,er,0.4,1259105595,60,40,1,0,59,0,0,0,0,0.0,0.016666666666666666,0.0,0.016666666666666666,0.016666666666666666,0.016666666666666666,0.016666666666666666,0.016666666666666666,0.0,0,0
100,4,78,ring,0.4,1259105595,60,40,0,11,49,0,0,1,11,11.0,0.0,0.18333333333333332,0.18333333333333332,0.0,0.0,0.0,0.0,0.18333333333333332,0,0
100,4,78,small_world,0.4,1259105595,60,40,0,0,60,0,0,0,0,0.0,0.0,0.0,0.0,0.0,0.0,0.0,0.0,0.0,0,0
100,4,78,scale_free,0.4,1259105595,60,40,3,0,57,0,0,0,0,0.0,0.05,0.0,0.05,0.05,0.05,0.05,0.05,0.0,0,0
100,4,78,er,0.5,1259105595,50,50,4,35,11,0,0,1,35,35.0,0.08,0.7,0.78,0.08,0.08,0.08,0.08,0.7,0,0
100,4,78,ring,0.5,1259105595,50,50,0,27,23,9,9,5,18,5.4,0.0,0.54,0.54,0.18,0.18,0.18,0.18,0.36,1,1
100,4,78,small_world,0.5,1259105595,50,50,0,31,19,2,2,3,19,10.333333333333334,0.0,0.62,0.62,0.04,0.04,0.04,0.04,0.38,1,1
100,4,78,scale_free,0.5,1259105595,50,50,3,0,47,0,0,0,0,0.0,0.06,0.0,0.06,0.06,0.06,0.06,0.06,0.0,0,0
100,4,78,er,0.6,1259105595,40,60,6,25,9,25,25,1,25,25.0,0.15,0.625,0.775,0.775,0.775,0.15,0.15,0.625,1,1
100,4,78,ring,0.6,1259105595,40,60,0,28,12,21,21,7,10,4.0,0.0,0.7,0.7,0.525,0.525,0.525,0.525,0.25,1,1
100,4,78,small_world,0.6,1259105595,40,60,0,40,0,8,8,4,32,10.0,0.0,1.0,1.0,0.2,0.2,0.2,0.2,0.8,1,1
100,4,78,scale_free,0.6,1259105595,40,60,1,0,39,0,0,0,0,0.0,0.025,0.0,0.025,0.025,0.025,0.025,0.025,0.0,0,0
100,4,78,er,0.7,1259105595,30,70,7,18,5,18,18,3,13,6.0,0.23333333333333334,0.6,0.8333333333333334,0.8333333333333334,0.8333333333333334,0.4,0.4,0.43333333333333335,1,1
100,4,78,ring,0.7,1259105595,30,70,1,28,1,28,28,7,9,4.0,0.03333333333333333,0.9333333333333333,0.9666666666666667,0.9666666666666667,0.9666666666666667,0.9666666666666667,0.9666666666666667,0.3,1,1
100,4,78,small_world,0.7,1259105595,30,70,1,29,0,29,29,6,11,4.833333333333333,0.03333333333333333,0.9666666666666667,1.0,1.0,1.0,0.6333333333333333,0.6333333333333333,0.36666666666666664,1,1
100,4,78,scale_free,0.7,1259105595,30,70,1,2,27,2,2,1,2,2.0,0.03333333333333333,0.06666666666666667,0.1,0.1,0.1,0.1,0.1,0.06666666666666667,1,1
100,4,78,er,0.8,1259105595,20,80,6,13,1,13,13,1,13,13.0,0.3,0.65,0.95,0.95,0.95,0.3,0.3,0.65,1,1
100,4,78,ring,0.8,1259105595,20,80,4,16,0,16,16,6,6,2.6666666666666665,0.2,0.8,1.0,1.0,1.0,1.0,1.0,0.3,1,1
100,4,78,small_world,0.8,1259105595,20,80,4,16,0,16,16,5,8,3.2,0.2,0.8,1.0,1.0,1.0,1.0,1.0,0.4,1,1
100,4,78,scale_free,0.8,1259105595,20,80,2,18,0,18,18,1,18,18.0,0.1,0.9,1.0,1.0,1.0,0.1,0.1,0.9,1,1
100,4,78,er,0.9,1259105595,10,90,6,4,0,4,4,1,4,4.0,0.6,0.4,1.0,1.0,1.0,1.0,1.0,0.4,1,1
100,4,78,ring,0.9,1259105595,10,90,4,6,0,6,6,3,2,2.0,0.4,0.6,1.0,1.0,1.0,1.0,1.0,0.2,1,1
100,4,78,small_world,0.9,1259105595,10,90,3,7,0,7,7,3,3,2.3333333333333335,0.3,0.7,1.0,1.0,1.0,1.0,1.0,0.3,1,1
100,4,78,scale_free,0.9,1259105595,10,90,2,8,0,8,8,2,4,4.0,0.2,0.8,1.0,1.0,1.0,1.0,1.0,0.4,1,1
100,4,79,er,0.1,4058173523,90,10,0,0,90,0,0,0,0,0.0,0.0,0.0,0.0,0.0,0.0,0.0,0.0,0.0,0,0
100,4,79,ring,0.1,4058173523,90,10,0,0,90,0,0,0,0,0.0,0.0,0.0,0.0,0.0,0.0,0.0,0.0,0.0,0,0
100,4,79,small_world,0.1,4058173523,90,10,0,0,90,0,0,0,0,0.0,0.0,0.0,0.0,0.0,0.0,0.0,0.0,0.0,0,0
100,4,79,scale_free,0.1,4058173523,90,10,0,0,90,0,0,0,0,0.0,0.0,0.0,0.0,0.0,0.0,0.0,0.0,0.0,0,0
100,4,79,er,0.2,4058173523,80,20,1,0,79,0,0,0,0,0.0,0.0125,0.0,0.0125,0.0125,0.0125,0.0125,0.0125,0.0,0,0
100,4,79,ring,0.2,4058173523,80,20,0,5,75,5,5,1,5,5.0,0.0,0.0625,0.0625,0.0625,0.0625,0.0625,0.0625,0.0625,1,1
100,4,79,small_world,0.2,4058173523,80,20,0,0,80,0,0,0,0,0.0,0.0,0.0,0.0,0.0,0.0,0.0,0.0,0.0,0,0
100,4,79,scale_free,0.2,4058173523,80,20,0,0,80,0,0,0,0,0.0,0.0,0.0,0.0,0.0,0.0,0.0,0.0,0.0,0,0
100,4,79,er,0.3,4058173523,70,30,3,0,67,0,0,0,0,0.0,0.04285714285714286,0.0,0.04285714285714286,0.04285714285714286,0.04285714285714286,0.04285714285714286,0.04285714285714286,0.0,0,0
100,4,79,ring,0.3,4058173523,70,30,0,6,64,6,6,2,4,3.0,0.0,0.08571428571428572,0.08571428571428572,0.08571428571428572,0.08571428571428572,0.08571428571428572,0.08571428571428572,0.05714285714285714,1,1
100,4,79,small_world,0.3,4058173523,70,30,0,0,70,0,0,0,0,0.0,0.0,0.0,0.0,0.0,0.0,0.0,0.0,0.0,0,0
100,4,79,scale_free,0.3,4058173523,70,30,1,0,69,0,0,0,0,0.0,0.014285714285714285,0.0,0.014285714285714285,0.014285714285714285,0.014285714285714285,0.014285714285714285,0.014285714285714285,0.0,0,0
100,4,79,er,0.4,4058173523,60,40,1,0,59,0,0,0,0,0.0,0.016666666666666666,0.0,0.016666666666666666,0.016666666666666666,0.016666666666666666,0.016666666666666666,0.016666666666666666,0.0,0,0
100,4,79,ring,0.4,4058173523,60,40,1,6,53,6,6,3,2,2.0,0.016666666666666666,0.1,0.11666666666666667,0.11666666666666667,0.11666666666666667,0.11666666666666667,0.11666666666666667,0.03333333333333333,1,1
100,4,79,small_world,0.4,4058173523,60,40,1,4,55,4,4,2,2,2.0,0.016666666666666666,0.06666666666666667,0.08333333333333333,0.08333333333333333,0.08333333333333333,0.08333333333333333,0.08333333333333333,0.03333333333333333,1,1
100,4,79,scale_free,0.4,4058173523,60,40,2,0,58,0,0,0,0,0.0,0.03333333333333333,0.0,0.03333333333333333,0.03333333333333333,0.03333333333333333,0.03333333333333333,0.03333333333333333,0.0,0,0
100,4,79,er,0.5,4058173523,50,50,1,42,7,0,0,1,42,42.0,0.02,0.84,0.86,0.02,0.02,0.02,0.02,0.84,0,0
100,4,79,ring,0.5,4058173523,50,50,2,7,41,7,7,3,3,2.3333333333333335,0.04,0.14,0.18,0.18,0.18,0.18,0.18,0.06,1,1
100,4,79,small_world,0.5,4058173523,50,50,1,2,47,2,2,1,2,2.0,0.02,0.04,0.06,0.06,0.06,0.06,0.06,0.04,1,1
100,4,79,scale_free,0.5,4058173523,50,50,4,0,46,0,0,0,0,0.0,0.08,0.0,0.08,0.08,0.08,0.08,0.08,0.0,0,0
100,4,79,er,0.6,4058173523,40,60,2,35,3,0,0,1,35,35.0,0.05,0.875,0.925,0.05,0.05,0.05,0.05,0.875,0,0
100,4,79,ring,0.6,4058173523,40,60,2,38,0,2,2,4,15,9.5,0.05,0.95,1.0,0.1,0.1,0.1,0.1,0.375,1,1
100,4,79,small_world,0.6,4058173523,40,60,3,34,3,0,0,1,34,34.0,0.075,0.85,0.925,0.075,0.075,0.075,0.075,0.85,0,0
100,4,79,scale_free,0.6,4058173523,40,60,3,35,2,0,0,1,35,35.0,0.075,0.875,0.95,0.075,0.075,0.075,0.075,0.875,0,0
100,4,79,er,0.7,4058173523,30,70,2,27,1,27,27,1,27,27.0,0.06666666666666667,0.9,0.9666666666666667,0.9666666666666667,0.9666666666666667,0.06666666666666667,0.06666666666666667,0.9,1,1
100,4,79,ring,0.7,4058173523,30,70,1,29,0,18,18,5,11,5.8,0.03333333333333333,0.9666666666666667,1.0,0.6333333333333333,0.6333333333333333,0.6333333333333333,0.6333333333333333,0.36666666666666664,1,1
100,4,79,small_world,0.7,4058173523,30,70,3,27,0,27,27,2,25,13.5,0.1,0.9,1.0,1.0,1.0,0.16666666666666666,0.16666666666666666,0.8333333333333334,1,1
100,4,79,scale_free,0.7,4058173523,30,70,1,27,2,0,0,1,27,27.0,0.03333333333333333,0.9,0.9333333333333333,0.03333333333333333,0.03333333333333333,0.03333333333333333,0.03333333333333333,0.9,0,0
100,4,79,er,0.8,4058173523,20,80,4,15,1,15,15,1,15,15.0,0.2,0.75,0.95,0.95,0.95,0.2,0.2,0.75,1,1
100,4,79,ring,0.8,4058173523,20,80,3,17,0,17,17,6,5,2.8333333333333335,0.15,0.85,1.0,1.0,1.0,1.0,1.0,0.25,1,1
100,4,79,small_world,0.8,4058173523,20,80,2,18,0,18,18,7,4,2.5714285714285716,0.1,0.9,1.0,1.0,1.0,1.0,1.0,0.2,1,1
100,4,79,scale_free,0.8,4058173523,20,80,4,16,0,16,16,1,16,16.0,0.2,0.8,1.0,1.0,1.0,0.2,0.2,0.8,1,1
100,4,79,er,0.9,4058173523,10,90,0,9,1,9,9,3,5,3.0,0.0,0.9,0.9,0.9,0.9,0.9,0.9,0.5,1,1
100,4,79,ring,0.9,4058173523,10,90,7,3,0,3,3,1,3,3.0,0.7,0.3,1.0,1.0,1.0,1.0,1.0,0.3,1,1
100,4,79,small_world,0.9,4058173523,10,90,6,4,0,4,4,1,4,4.0,0.6,0.4,1.0,1.0,1.0,1.0,1.0,0.4,1,1
100,4,79,scale_free,0.9,4058173523,10,90,2,8,0,8,8,2,6,4.0,0.2,0.8,1.0,1.0,1.0,1.0,1.0,0.6,1,1
100,4,80,er,0.1,3530227378,90,10,0,0,90,0,0,0,0,0.0,0.0,0.0,0.0,0.0,0.0,0.0,0.0,0.0,0,0
100,4,80,ring,0.1,3530227378,90,10,0,0,90,0,0,0,0,0.0,0.0,0.0,0.0,0.0,0.0,0.0,0.0,0.0,0,0
100,4,80,small_world,0.1,3530227378,90,10,0,0,90,0,0,0,0,0.0,0.0,0.0,0.0,0.0,0.0,0.0,0.0,0.0,0,0
100,4,80,scale_free,0.1,3530227378,90,10,0,0,90,0,0,0,0,0.0,0.0,0.0,0.0,0.0,0.0,0.0,0.0,0.0,0,0
100,4,80,er,0.2,3530227378,80,20,0,0,80,0,0,0,0,0.0,0.0,0.0,0.0,0.0,0.0,0.0,0.0,0.0,0,0
100,4,80,ring,0.2,3530227378,80,20,0,0,80,0,0,0,0,0.0,0.0,0.0,0.0,0.0,0.0,0.0,0.0,0.0,0,0
100,4,80,small_world,0.2,3530227378,80,20,0,0,80,0,0,0,0,0.0,0.0,0.0,0.0,0.0,0.0,0.0,0.0,0.0,0,0
100,4,80,scale_free,0.2,3530227378,80,20,0,0,80,0,0,0,0,0.0,0.0,0.0,0.0,0.0,0.0,0.0,0.0,0.0,0,0
100,4,80,er,0.3,3530227378,70,30,0,0,70,0,0,0,0,0.0,0.0,0.0,0.0,0.0,0.0,0.0,0.0,0.0,0,0
100,4,80,ring,0.3,3530227378,70,30,0,0,70,0,0,0,0,0.0,0.0,0.0,0.0,0.0,0.0,0.0,0.0,0.0,0,0
100,4,80,small_world,0.3,3530227378,70,30,0,0,70,0,0,0,0,0.0,0.0,0.0,0.0,0.0,0.0,0.0,0.0,0.0,0,0
100,4,80,scale_free,0.3,3530227378,70,30,1,0,69,0,0,0,0,0.0,0.014285714285714285,0.0,0.014285714285714285,0.014285714285714285,0.014285714285714285,0.014285714285714285,0.014285714285714285,0.0,0,0
100,4,80,er,0.4,3530227378,60,40,0,0,60,0,0,0,0,0.0,0.0,0.0,0.0,0.0,0.0,0.0,0.0,0.0,0,0
100,4,80,ring,0.4,3530227378,60,40,0,8,52,2,2,2,6,4.0,0.0,0.13333333333333333,0.13333333333333333,0.03333333333333333,0.03333333333333333,0.03333333333333333,0.03333333333333333,0.1,1,1
100,4,80,small_world,0.4,3530227378,60,40,1,2,57,2,2,1,2,2.0,0.016666666666666666,0.03333333333333333,0.05,0.05,0.05,0.05,0.05,0.03333333333333333,1,1
100,4,80,scale_free,0.4,3530227378,60,40,1,0,59,0,0,0,0,0.0,0.016666666666666666,0.0,0.016666666666666666,0.016666666666666666,0.016666666666666666,0.016666666666666666,0.016666666666666666,0.0,0,0
100,4,80,er,0.5,3530227378,50,50,0,7,43,7,7,3,3,2.3333333333333335,0.0,0.14,0.14,0.14,0.14,0.14,0.14,0.06,1,1
100,4,80,ring,0.5,3530227378,50,50,0,21,29,10,10,4,6,5.25,0.0,0.42,0.42,0.2,0.2,0.2,0.2,0.12,1,1
100,4,80,small_world,0.5,3530227378,50,50,1,25,24,13,13,2,13,12.5,0.02,0.5,0.52,0.28,0.28,0.02,0.02,0.26,1,1
100,4,80,scale_free,0.5,3530227378,50,50,5,2,43,2,2,1,2,2.0,0.1,0.04,0.14,0.14,0.14,0.14,0.14,0.04,1,1
100,4,80,er,0.6,3530227378,40,60,1,37,2,37,37,3,33,12.333333333333334,0.025,0.925,0.95,0.95,0.95,0.125,0.125,0.825,1,1
100,4,80,ring,0.6,3530227378,40,60,0,21,19,12,12,5,5,4.2,0.0,0.525,0.525,0.3,0.3,0.3,0.3,0.125,1,1
100,4,80,small_world,0.6,3530227378,40,60,1,33,6,23,23,3,13,11.0,0.025,0.825,0.85,0.6,0.6,0.275,0.275,0.325,1,1
100,4,80,scale_free,0.6,3530227378,40,60,4,35,1,2,2,2,33,17.5,0.1,0.875,0.975,0.15,0.15,0.15,0.15,0.825,1,1
100,4,80,er,0.7,3530227378,30,70,3,27,0,27,27,1,27,27.0,0.1,0.9,1.0,1.0,1.0,0.1,0.1,0.9,1,1
100,4,80,ring,0.7,3530227378,30,70,0,30,0,24,24,9,6,3.3333333333333335,0.0,1.0,1.0,0.8,0.8,0.8,0.8,0.2,1,1
100,4,80,small_world,0.7,3530227378,30,70,1,29,0,26,26,5,9,5.8,0.03333333333333333,0.9666666666666667,1.0,0.9,0.9,0.9,0.9,0.3,1,1
100,4,80,scale_free,0.7,3530227378,30,70,2,28,0,0,0,1,28,28.0,0.06666666666666667,0.9333333333333333,1.0,0.06666666666666667,0.06666666666666667,0.06666666666666667,0.06666666666666667,0.9333333333333333,0,0
100,4,80,er,0.8,3530227378,20,80,3,17,0,17,17,1,17,17.0,0.15,0.85,1.0,1.0,1.0,0.15,0.15,0.85,1,1
100,4,80,ring,0.8,3530227378,20,80,6,14,0,14,14,5,4,2.8,0.3,0.7,1.0,1.0,1.0,1.0,1.0,0.2,1,1
100,4,80,small_world,0.8,3530227378,20,80,10,10,0,10,10,3,5,3.3333333333333335,0.5,0.5,1.0,1.0,1.0,1.0,1.0,0.25,1,1
100,4,80,scale_free,0.8,3530227378,20,80,1,19,0,19,19,1,19,19.0,0.05,0.95,1.0,1.0,1.0,0.05,0.05,0.95,1,1
100,4,80,er,0.9,3530227378,10,90,3,7,0,7,7,1,7,7.0,0.3,0.7,1.0,1.0,1.0,1.0,1.0,0.7,1,1
100,4,80,ring,0.9,3530227378,10,90,8,2,0,2,2,1,2,2.0,0.8,0.2,1.0,1.0,1.0,1.0,1.0,0.2,1,1
100,4,80,small_world,0.9,3530227378,10,90,8,2,0,2,2,1,2,2.0,0.8,0.2,1.0,1.0,1.0,1.0,1.0,0.2,1,1
100,4,80,scale_free,0.9,3530227378,10,90,1,9,0,9,9,1,9,9.0,0.1,0.9,1.0,1.0,1.0,1.0,1.0,0.9,1,1
100,4,81,er,0.1,1589306367,90,10,1,0,89,0,0,0,0,0.0,0.011111111111111112,0.0,0.011111111111111112,0.011111111111111112,0.011111111111111112,0.011111111111111112,0.011111111111111112,0.0,0,0
100,4,81,ring,0.1,1589306367,90,10,0,0,90,0,0,0,0,0.0,0.0,0.0,0.0,0.0,0.0,0.0,0.0,0.0,0,0
100,4,81,small_world,0.1,1589306367,90,10,0,0,90,0,0,0,0,0.0,0.0,0.0,0.0,0.0,0.0,0.0,0.0,0.0,0,0
100,4,81,scale_free,0.1,1589306367,90,10,1,0,89,0,0,0,0,0.0,0.011111111111111112,0.0,0.011111111111111112,0.011111111111111112,0.011111111111111112,0.011111111111111112,0.011111111111111112,0.0,0,0
100,4,81,er,0.2,1589306367,80,20,1,0,79,0,0,0,0,0.0,0.0125,0.0,0.0125,0.0125,0.0125,0.0125,0.0125,0.0,0,0
100,4,81,ring,0.2,1589306367,80,20,0,0,80,0,0,0,0,0.0,0.0,0.0,0.0,0.0,0.0,0.0,0.0,0.0,0,0
100,4,81,small_world,0.2,1589306367,80,20,0,0,80,0,0,0,0,0.0,0.0,0.0,0.0,0.0,0.0,0.0,0.0,0.0,0,0
100,4,81,scale_free,0.2,1589306367,80,20,0,0,80,0,0,0,0,0.0,0.0,0.0,0.0,0.0,0.0,0.0,0.0,0.0,0,0
100,4,81,er,0.3,1589306367,70,30,2,0,68,0,0,0,0,0.0,0.02857142857142857,0.0,0.02857142857142857,0.02857142857142857,0.02857142857142857,0.02857142857142857,0.02857142857142857,0.0,0,0
100,4,81,ring,0.3,1589306367,70,30,0,0,70,0,0,0,0,0.0,0.0,0.0,0.0,0.0,0.0,0.0,0.0,0.0,0,0
100,4,81,small_world,0.3,1589306367,70,30,0,3,67,3,3,1,3,3.0,0.0,0.04285714285714286,0.04285714285714286,0.04285714285714286,0.04285714285714286,0.04285714285714286,0.04285714285714286,0.04285714285714286,1,1
100,4,81,scale_free,0.3,1589306367,70,30,2,0,68,0,0,0,0,0.0,0.02857142857142857,0.0,0.02857142857142857,0.02857142857142857,0.02857142857142857,0.02857142857142857,0.02857142857142857,0.0,0,0
100,4,81,er,0.4,1589306367,60,40,1,2,57,2,2,1,2,2.0,0.016666666666666666,0.03333333333333333,0.05,0.05,0.05,0.05,0.05,0.03333333333333333,1,1
100,4,81,ring,0.4,1589306367,60,40,0,14,46,8,8,5,6,2.8,0.0,0.23333333333333334,0.23333333333333334,0.13333333333333333,0.13333333333333333,0.13333333333333333,0.13333333333333333,0.1,1,1
100,4,81,small_world,0.4,1589306367,60,40,1,4,55,4,4,2,2,2.0,0.016666666666666666,0.06666666666666667,0.08333333333333333,0.08333333333333333,0.08333333333333333,0.08333333333333333,0.08333333333333333,0.03333333333333333,1,1
100,4,81,scale_free,0.4,1589306367,60,40,4,0,56,0,0,0,0,0.0,0.06666666666666667,0.0,0.06666666666666667,0.06666666666666667,0.06666666666666667,0.06666666666666667,0.06666666666666667,0.0,0,0
100,4,81,er,0.5,1589306367,50,50,3,41,6,0,0,1,41,41.0,0.06,0.82,0.88,0.06,0.06,0.06,0.06,0.82,0,0
100,4,81,ring,0.5,1589306367,50,50,0,31,19,25,25,7,12,4.428571428571429,0.0,0.62,0.62,0.5,0.5,0.26,0.26,0.24,1,1
100,4,81,small_world,0.5,1589306367,50,50,1,40,9,6,6,4,31,10.0,0.02,0.8,0.82,0.14,0.14,0.14,0.14,0.62,1,1
100,4,81,scale_free,0.5,1589306367,50,50,3,2,45,2,2,1,2,2.0,0.06,0.04,0.1,0.1,0.1,0.1,0.1,0.04,1,1
100,4,81,er,0.6,1589306367,40,60,1,37,2,37,37,1,37,37.0,0.025,0.925,0.95,0.95,0.95,0.025,0.025,0.925,1,1
100,4,81,ring,0.6,1589306367,40,60,1,26,13,15,15,8,5,3.25,0.025,0.65,0.675,0.4,0.4,0.4,0.4,0.125,1,1
100,4,81,small_world,0.6,1589306367,40,60,1,36,3,5,5,4,28,9.0,0.025,0.9,0.925,0.15,0.15,0.15,0.15,0.7,1,1
100,4,81,scale_free,0.6,1589306367,40,60,4,33,3,0,0,1,33,33.0,0.1,0.825,0.925,0.1,0.1,0.1,0.1,0.825,0,0
100,4,81,er,0.7,1589306367,30,70,1,28,1,28,28,2,26,14.0,0.03333333333333333,0.9333333333333333,0.9666666666666667,0.9666666666666667,0.9666666666666667,0.1,0.1,0.8666666666666667,1,1
100,4,81,ring,0.7,1589306367,30,70,4,13,13,7,7,5,3,2.6,0.13333333333333333,0.43333333333333335,0.5666666666666667,0.36666666666666664,0.36666666666666664,0.36666666666666664,0.36666666666666664,0.1,1,1
100,4,81,small_world,0.7,1589306367,30,70,2,21,7,18,18,3,11,7.0,0.06666666666666667,0.7,0.7666666666666667,0.6666666666666666,0.6666666666666666,0.3,0.3,0.36666666666666664,1,1
100,4,81,scale_free,0.7,1589306367,30,70,4,26,0,3,3,2,23,13.0,0.13333333333333333,0.8666666666666667,1.0,0.23333333333333334,0.23333333333333334,0.23333333333333334,0.23333333333333334,0.7666666666666667,1,1
100,4,81,er,0.8,1589306367,20,80,0,19,1,19,19,3,9,6.333333333333333,0.0,0.95,0.95,0.95,0.95,0.95,0.95,0.45,1,1
100,4,81,ring,0.8,1589306367,20,80,4,16,0,11,11,4,5,4.0,0.2,0.8,1.0,0.75,0.75,0.75,0.75,0.25,1,1
100,4,81,small_world,0.8,1589306367,20,80,2,18,0,18,18,1,18,18.0,0.1,0.9,1.0,1.0,1.0,0.1,0.1,0.9,1,1
100,4,81,scale_free,0.8,1589306367,20,80,6,14,0,0,0,1,14,14.0,0.3,0.7,1.0,0.3,0.3,0.3,0.3,0.7,0,0
100,4,81,er,0.9,1589306367,10,90,3,6,1,6,6,2,4,3.0,0.3,0.6,0.9,0.9,0.9,0.9,0.9,0.4,1,1
100,4,81,ring,0.9,1589306367,10,90,1,9,0,9,9,3,4,3.0,0.1,0.9,1.0,1.0,1.0,1.0,1.0,0.4,1,1
100,4,81,small_world,0.9,1589306367,10,90,2,8,0,8,8,2,4,4.0,0.2,0.8,1.0,1.0,1.0,1.0,1.0,0.4,1,1
100,4,81,scale_free,0.9,1589306367,10,90,1,9,0,9,9,2,7,4.5,0.1,0.9,1.0,1.0,1.0,1.0,1.0,0.7,1,1
100,4,82,er,0.1,3065806452,90,10,0,0,90,0,0,0,0,0.0,0.0,0.0,0.0,0.0,0.0,0.0,0.0,0.0,0,0
100,4,82,ring,0.1,3065806452,90,10,0,0,90,0,0,0,0,0.0,0.0,0.0,0.0,0.0,0.0,0.0,0.0,0.0,0,0
100,4,82,small_world,0.1,3065806452,90,10,0,0,90,0,0,0,0,0.0,0.0,0.0,0.0,0.0,0.0,0.0,0.0,0.0,0,0
100,4,82,scale_free,0.1,3065806452,90,10,0,0,90,0,0,0,0,0.0,0.0,0.0,0.0,0.0,0.0,0.0,0.0,0.0,0,0
100,4,82,er,0.2,3065806452,80,20,3,0,77,0,0,0,0,0.0,0.0375,0.0,0.0375,0.0375,0.0375,0.0375,0.0375,0.0,0,0
100,4,82,ring,0.2,3065806452,80,20,0,7,73,0,0,1,7,7.0,0.0,0.0875,0.0875,0.0,0.0,0.0,0.0,0.0875,0,0
100,4,82,small_world,0.2,3065806452,80,20,0,0,80,0,0,0,0,0.0,0.0,0.0,0.0,0.0,0.0,0.0,0.0,0.0,0,0
100,4,82,scale_free,0.2,3065806452,80,20,1,0,79,0,0,0,0,0.0,0.0125,0.0,0.0125,0.0125,0.0125,0.0125,0.0125,0.0,0,0
100,4,82,er,0.3,3065806452,70,30,3,0,67,0,0,0,0,0.0,0.04285714285714286,0.0,0.04285714285714286,0.04285714285714286,0.04285714285714286,0.04285714285714286,0.04285714285714286,0.0,0,0
100,4,82,ring,0.3,3065806452,70,30,0,4,66,0,0,1,4,4.0,0.0,0.05714285714285714,0.05714285714285714,0.0,0.0,0.0,0.0,0.05714285714285714,0,0
100,4,82,small_world,0.3,3065806452,70,30,0,0,70,0,0,0,0,0.0,0.0,0.0,0.0,0.0,0.0,0.0,0.0,0.0,0,0
100,4,82,scale_free,0.3,3065806452,70,30,0,0,70,0,0,0,0,0.0,0.0,0.0,0.0,0.0,0.0,0.0,0.0,0.0,0,0
100,4,82,er,0.4,3065806452,60,40,4,0,56,0,0,0,0,0.0,0.06666666666666667,0.0,0.06666666666666667,0.06666666666666667,0.06666666666666667,0.06666666666666667,0.06666666666666667,0.0,0,0
100,4,82,ring,0.4,3065806452,60,40,0,21,39,0,0,2,16,10.5,0.0,0.35,0.35,0.0,0.0,0.0,0.0,0.26666666666666666,0,0
100,4,82,small_world,0.4,3065806452,60,40,0,0,60,0,0,0,0,0.0,0.0,0.0,0.0,0.0,0.0,0.0,0.0,0.0,0,0
100,4,82,scale_free,0.4,3065806452,60,40,0,0,60,0,0,0,0,0.0,0.0,0.0,0.0,0.0,0.0,0.0,0.0,0.0,0,0
100,4,82,er,0.5,3065806452,50,50,3,37,10,0,0,1,37,37.0,0.06,0.74,0.8,0.06,0.06,0.06,0.06,0.74,0,0
100,4,82,ring,0.5,3065806452,50,50,0,27,23,2,2,2,25,13.5,0.0,0.54,0.54,0.04,0.04,0.04,0.04,0.5,1,1
100,4,82,small_world,0.5,3065806452,50,50,0,0,50,0,0,0,0,0.0,0.0,0.0,0.0,0.0,0.0,0.0,0.0,0.0,0,0
100,4,82,scale_free,0.5,3065806452,50,50,1,35,14,0,0,1,35,35.0,0.02,0.7,0.72,0.02,0.02,0.02,0.02,0.7,0,0
100,4,82,er,0.6,3065806452,40,60,3,33,4,33,33,1,33,33.0,0.075,0.825,0.9,0.9,0.9,0.075,0.075,0.825,1,1
100,4,82,ring,0.6,3065806452,40,60,1,37,2,19,19,4,18,9.25,0.025,0.925,0.95,0.5,0.5,0.15,0.15,0.45,1,1
100,4,82,small_world,0.6,3065806452,40,60,1,37,2,37,37,4,30,9.25,0.025,0.925,0.95,0.95,0.95,0.2,0.2,0.75,1,1
100,4,82,scale_free,0.6,3065806452,40,60,1,31,8,0,0,1,31,31.0,0.025,0.775,0.8,0.025,0.025,0.025,0.025,0.775,0,0
100,4,82,er,0.7,3065806452,30,70,2,27,1,27,27,1,27,27.0,0.06666666666666667,0.9,0.9666666666666667,0.9666666666666667,0.9666666666666667,0.06666666666666667,0.06666666666666667,0.9,1,1
100,4,82,ring,0.7,3065806452,30,70,5,25,0,10,10,5,12,5.0,0.16666666666666666,0.8333333333333334,1.0,0.5,0.5,0.5,0.5,0.4,1,1
100,4,82,small_world,0.7,3065806452,30,70,3,27,0,24,24,5,18,5.4,0.1,0.9,1.0,0.9,0.9,0.3,0.3,0.6,1,1
100,4,82,scale_free,0.7,3065806452,30,70,1,28,1,0,0,1,28,28.0,0.03333333333333333,0.9333333333333333,0.9666666666666667,0.03333333333333333,0.03333333333333333,0.03333333333333333,0.03333333333333333,0.9333333333333333,0,0
100,4,82,er,0.8,3065806452,20,80,2,17,1,17,17,1,17,17.0,0.1,0.85,0.95,0.95,0.95,0.1,0.1,0.85,1,1
100,4,82,ring,0.8,3065806452,20,80,5,15,0,15,15,5,4,3.0,0.25,0.75,1.0,1.0,1.0,1.0,1.0,0.2,1,1
100,4,82,small_world,0.8,3065806452,20,80,5,15,0,15,15,5,6,3.0,0.25,0.75,1.0,1.0,1.0,1.0,1.0,0.3,1,1
100,4,82,scale_free,0.8,3065806452,20,80,1,19,0,0,0,1,19,19.0,0.05,0.95,1.0,0.05,0.05,0.05,0.05,0.95,0,0
100,4,82,er,0.9,3065806452,10,90,4,6,0,6,6,2,3,3.0,0.4,0.6,1.0,1.0,1.0,1.0,1.0,0.3,1,1
100,4,82,ring,0.9,3065806452,10,90,6,4,0,4,4,2,2,2.0,0.6,0.4,1.0,1.0,1.0,1.0,1.0,0.2,1,1
100,4,82,small_world,0.9,3065806452,10,90,8,2,0,2,2,1,2,2.0,0.8,0.2,1.0,1.0,1.0,1.0,1.0,0.2,1,1
100,4,82,scale_free,0.9,3065806452,10,90,0,10,0,10,10,3,5,3.3333333333333335,0.0,1.0,1.0,1.0,1.0,1.0,1.0,0.5,1,1
100,4,83,er,0.1,791606958,90,10,0,0,90,0,0,0,0,0.0,0.0,0.0,0.0,0.0,0.0,0.0,0.0,0.0,0,0
100,4,83,ring,0.1,791606958,90,10,0,0,90,0,0,0,0,0.0,0.0,0.0,0.0,0.0,0.0,0.0,0.0,0.0,0,0
100,4,83,small_world,0.1,791606958,90,10,0,0,90,0,0,0,0,0.0,0.0,0.0,0.0,0.0,0.0,0.0,0.0,0.0,0,0
100,4,83,scale_free,0.1,791606958,90,10,0,0,90,0,0,0,0,0.0,0.0,0.0,0.0,0.0,0.0,0.0,0.0,0.0,0,0
100,4,83,er,0.2,791606958,80,20,1,0,79,0,0,0,0,0.0,0.0125,0.0,0.0125,0.0125,0.0125,0.0125,0.0125,0.0,0,0
100,4,83,ring,0.2,791606958,80,20,0,0,80,0,0,0,0,0.0,0.0,0.0,0.0,0.0,0.0,0.0,0.0,0.0,0,0
100,4,83,small_world,0.2,791606958,80,20,0,0,80,0,0,0,0,0.0,0.0,0.0,0.0,0.0,0.0,0.0,0.0,0.0,0,0
100,4,83,scale_free,0.2,791606958,80,20,2,0,78,0,0,0,0,0.0,0.025,0.0,0.025,0.025,0.025,0.025,0.025,0.0,0,0
100,4,83,er,0.3,791606958,70,30,2,0,68,0,0,0,0,0.0,0.02857142857142857,0.0,0.02857142857142857,0.02857142857142857,0.02857142857142857,0.02857142857142857,0.02857142857142857,0.0,0,0
100,4,83,ring,0.3,791606958,70,30,0,0,70,0,0,0,0,0.0,0.0,0.0,0.0,0.0,0.0,0.0,0.0,0.0,0,0
100,4,83,small_world,0.3,791606958,70,30,0,0,70,0,0,0,0,0.0,0.0,0.0,0.0,0.0,0.0,0.0,0.0,0.0,0,0
100,4,83,scale_free,0.3,791606958,70,30,1,0,69,0,0,0,0,0.0,0.014285714285714285,0.0,0.014285714285714285,0.014285714285714285,0.014285714285714285,0.014285714285714285,0.014285714285714285,0.0,0,0
100,4,83,er,0.4,791606958,60,40,5,2,53,2,2,1,2,2.0,0.08333333333333333,0.03333333333333333,0.11666666666666667,0.11666666666666667,0.11666666666666667,0.11666666666666667,0.11666666666666667,0.03333333333333333,1,1
100,4,83,ring,0.4,791606958,60,40,0,23,37,13,13,7,6,3.2857142857142856,0.0,0.38333333333333336,0.38333333333333336,0.21666666666666667,0.21666666666666667,0.21666666666666667,0.21666666666666667,0.1,1,1
100,4,83,small_world,0.4,791606958,60,40,0,9,51,5,5,3,4,3.0,0.0,0.15,0.15,0.08333333333333333,0.08333333333333333,0.08333333333333333,0.08333333333333333,0.06666666666666667,1,1
100,4,83,scale_free,0.4,791606958,60,40,0,0,60,0,0,0,0,0.0,0.0,0.0,0.0,0.0,0.0,0.0,0.0,0.0,0,0
100,4,83,er,0.5,791606958,50,50,4,38,8,2,2,2,36,19.0,0.08,0.76,0.84,0.12,0.12,0.12,0.12,0.72,1,1
100,4,83,ring,0.5,791606958,50,50,0,22,28,18,18,5,6,4.4,0.0,0.44,0.44,0.36,0.36,0.36,0.36,0.12,1,1
100,4,83,small_world,0.5,791606958,50,50,0,45,5,2,2,3,39,15.0,0.0,0.9,0.9,0.04,0.04,0.04,0.04,0.78,1,1
100,4,83,scale_free,0.5,791606958,50,50,0,42,8,2,2,2,40,21.0,0.0,0.84,0.84,0.04,0.04,0.04,0.04,0.8,1,1
100,4,83,er,0.6,791606958,40,60,1,36,3,36,36,3,32,12.0,0.025,0.9,0.925,0.925,0.925,0.125,0.125,0.8,1,1
100,4,83,ring,0.6,791606958,40,60,0,38,2,22,22,9,10,4.222222222222222,0.0,0.95,0.95,0.55,0.55,0.55,0.55,0.25,1,1
100,4,83,small_world,0.6,791606958,40,60,1,37,2,7,7,4,26,9.25,0.025,0.925,0.95,0.2,0.2,0.2,0.2,0.65,1,1
100,4,83,scale_free,0.6,791606958,40,60,0,37,3,2,2,2,35,18.5,0.0,0.925,0.925,0.05,0.05,0.05,0.05,0.875,1,1
100,4,83,er,0.7,791606958,30,70,3,25,2,25,25,3,21,8.333333333333334,0.1,0.8333333333333334,0.9333333333333333,0.9333333333333333,0.9333333333333333,0.23333333333333334,0.23333333333333334,0.7,1,1
100,4,83,ring,0.7,791606958,30,70,2,27,1,22,22,8,9,3.375,0.06666666666666667,0.9,0.9666666666666667,0.8,0.8,0.8,0.8,0.3,1,1
100,4,83,small_world,0.7,791606958,30,70,3,25,2,25,25,4,13,6.25,0.1,0.8333333333333334,0.9333333333333333,0.9333333333333333,0.9333333333333333,0.5,0.5,0.43333333333333335,1,1
100,4,83,scale_free,0.7,791606958,30,70,1,28,1,7,7,3,21,9.333333333333334,0.03333333333333333,0.9333333333333333,0.9666666666666667,0.26666666666666666,0.26666666666666666,0.26666666666666666,0.26666666666666666,0.7,1,1
100,4,83,er,0.8,791606958,20,80,3,17,0,17,17,2,15,8.5,0.15,0.85,1.0,1.0,1.0,0.25,0.25,0.75,1,1
100,4,83,ring,0.8,791606958,20,80,3,17,0,17,17,6,5,2.8333333333333335,0.15,0.85,1.0,1.0,1.0,1.0,1.0,0.25,1,1
100,4,83,small_world,0.8,791606958,20,80,1,19,0,16,16,4,9,4.75,0.05,0.95,1.0,0.85,0.85,0.85,0.85,0.45,1,1
100,4,83,scale_free,0.8,791606958,20,80,0,20,0,20,20,3,15,6.666666666666667,0.0,1.0,1.0,1.0,1.0,0.25,0.25,0.75,1,1
100,4,83,er,0.9,791606958,10,90,4,6,0,6,6,2,4,3.0,0.4,0.6,1.0,1.0,1.0,1.0,1.0,0.4,1,1
100,4,83,ring,0.9,791606958,10,90,5,5,0,5,5,2,3,2.5,0.5,0.5,1.0,1.0,1.0,1.0,1.0,0.3,1,1
100,4,83,small_world,0.9,791606958,10,90,5,5,0,2,2,2,3,2.5,0.5,0.5,1.0,0.7,0.7,0.7,0.7,0.3,1,1
100,4,83,scale_free,0.9,791606958,10,90,1,9,0,9,9,2,7,4.5,0.1,0.9,1.0,1.0,1.0,1.0,1.0,0.7,1,1
100,4,84,er,0.1,1500449020,90,10,0,0,90,0,0,0,0,0.0,0.0,0.0,0.0,0.0,0.0,0.0,0.0,0.0,0,0
100,4,84,ring,0.1,1500449020,90,10,0,0,90,0,0,0,0,0.0,0.0,0.0,0.0,0.0,0.0,0.0,0.0,0.0,0,0
100,4,84,small_world,0.1,1500449020,90,10,0,0,90,0,0,0,0,0.0,0.0,0.0,0.0,0.0,0.0,0.0,0.0,0.0,0,0
100,4,84,scale_free,0.1,1500449020,90,10,0,0,90,0,0,0,0,0.0,0.0,0.0,0.0,0.0,0.0,0.0,0.0,0.0,0,0
100,4,84,er,0.2,1500449020,80,20,0,0,80,0,0,0,0,0.0,0.0,0.0,0.0,0.0,0.0,0.0,0.0,0.0,0,0
100,4,84,ring,0.2,1500449020,80,20,0,0,80,0,0,0,0,0.0,0.0,0.0,0.0,0.0,0.0,0.0,0.0,0.0,0,0
100,4,84,small_world,0.2,1500449020,80,20,0,0,80,0,0,0,0,0.0,0.0,0.0,0.0,0.0,0.0,0.0,0.0,0.0,0,0
100,4,84,scale_free,0.2,1500449020,80,20,1,0,79,0,0,0,0,0.0,0.0125,0.0,0.0125,0.0125,0.0125,0.0125,0.0125,0.0,0,0
100,4,84,er,0.3,1500449020,70,30,2,0,68,0,0,0,0,0.0,0.02857142857142857,0.0,0.02857142857142857,0.02857142857142857,0.02857142857142857,0.02857142857142857,0.02857142857142857,0.0,0,0
100,4,84,ring,0.3,1500449020,70,30,0,7,63,7,7,2,5,3.5,0.0,0.1,0.1,0.1,0.1,0.1,0.1,0.07142857142857142,1,1
100,4,84,small_world,0.3,1500449020,70,30,0,0,70,0,0,0,0,0.0,0.0,0.0,0.0,0.0,0.0,0.0,0.0,0.0,0,0
100,4,84,scale_free,0.3,1500449020,70,30,1,5,64,5,5,2,3,2.5,0.014285714285714285,0.07142857142857142,0.08571428571428572,0.08571428571428572,0.08571428571428572,0.08571428571428572,0.08571428571428572,0.04285714285714286,1,1
100,4,84,er,0.4,1500449020,60,40,2,2,56,2,2,1,2,2.0,0.03333333333333333,0.03333333333333333,0.06666666666666667,0.06666666666666667,0.06666666666666667,0.06666666666666667,0.06666666666666667,0.03333333333333333,1,1
100,4,84,ring,0.4,1500449020,60,40,0,12,48,12,12,3,5,4.0,0.0,0.2,0.2,0.2,0.2,0.2,0.2,0.08333333333333333,1,1
100,4,84,small_world,0.4,1500449020,60,40,0,0,60,0,0,0,0,0.0,0.0,0.0,0.0,0.0,0.0,0.0,0.0,0.0,0,0
100,4,84,scale_free,0.4,1500449020,60,40,0,5,55,5,5,2,3,2.5,0.0,0.08333333333333333,0.08333333333333333,0.08333333333333333,0.08333333333333333,0.08333333333333333,0.08333333333333333,0.05,1,1
100,4,84,er,0.5,1500449020,50,50,4,0,46,0,0,0,0,0.0,0.08,0.0,0.08,0.08,0.08,0.08,0.08,0.0,0,0
100,4,84,ring,0.5,1500449020,50,50,0,30,20,0,0,3,19,10.0,0.0,0.6,0.6,0.0,0.0,0.0,0.0,0.38,0,0
100,4,84,small_world,0.5,1500449020,50,50,0,3,47,0,0,1,3,3.0,0.0,0.06,0.06,0.0,0.0,0.0,0.0,0.06,0,0
100,4,84,scale_free,0.5,1500449020,50,50,0,3,47,3,3,1,3,3.0,0.0,0.06,0.06,0.06,0.06,0.06,0.06,0.06,1,1
100,4,84,er,0.6,1500449020,40,60,2,37,1,2,2,2,35,18.5,0.05,0.925,0.975,0.1,0.1,0.1,0.1,0.875,1,1
100,4,84,ring,0.6,1500449020,40,60,1,39,0,16,16,4,16,9.75,0.025,0.975,1.0,0.425,0.425,0.125,0.125,0.4,1,1
100,4,84,small_world,0.6,1500449020,40,60,1,39,0,4,4,2,35,19.5,0.025,0.975,1.0,0.125,0.125,0.125,0.125,0.875,1,1
100,4,84,scale_free,0.6,1500449020,40,60,1,39,0,2,2,2,37,19.5,0.025,0.975,1.0,0.075,0.075,0.075,0.075,0.925,1,1
100,4,84,er,0.7,1500449020,30,70,0,30,0,30,30,3,26,10.0,0.0,1.0,1.0,1.0,1.0,0.13333333333333333,0.13333333333333333,0.8666666666666667,1,1
100,4,84,ring,0.7,1500449020,30,70,1,29,0,23,23,5,13,5.8,0.03333333333333333,0.9666666666666667,1.0,0.8,0.8,0.36666666666666664,0.36666666666666664,0.43333333333333335,1,1
100,4,84,small_world,0.7,1500449020,30,70,1,29,0,29,29,5,9,5.8,0.03333333333333333,0.9666666666666667,1.0,1.0,1.0,1.0,1.0,0.3,1,1
100,4,84,scale_free,0.7,1500449020,30,70,0,30,0,2,2,2,28,15.0,0.0,1.0,1.0,0.06666666666666667,0.06666666666666667,0.06666666666666667,0.06666666666666667,0.9333333333333333,1,1
100,4,84,er,0.8,1500449020,20,80,2,18,0,18,18,2,14,9.0,0.1,0.9,1.0,1.0,1.0,0.3,0.3,0.7,1,1
100,4,84,ring,0.8,1500449020,20,80,4,16,0,16,16,3,8,5.333333333333333,0.2,0.8,1.0,1.0,1.0,1.0,1.0,0.4,1,1
100,4,84,small_world,0.8,1500449020,20,80,5,15,0,15,15,4,6,3.75,0.25,0.75,1.0,1.0,1.0,1.0,1.0,0.3,1,1
100,4,84,scale_free,0.8,1500449020,20,80,2,18,0,18,18,3,14,6.0,0.1,0.9,1.0,1.0,1.0,0.3,0.3,0.7,1,1
100,4,84,er,0.9,1500449020,10,90,4,6,0,6,6,2,4,3.0,0.4,0.6,1.0,1.0,1.0,1.0,1.0,0.4,1,1
100,4,84,ring,0.9,1500449020,10,90,5,5,0,5,5,2,3,2.5,0.5,0.5,1.0,1.0,1.0,1.0,1.0,0.3,1,1
100,4,84,small_world,0.9,1500449020,10,90,5,5,0,5,5,2,3,2.5,0.5,0.5,1.0,1.0,1.0,1.0,1.0,0.3,1,1
100,4,84,scale_free,0.9,1500449020,10,90,3,7,0,7,7,1,7,7.0,0.3,0.7,1.0,1.0,1.0,1.0,1.0,0.7,1,1
100,4,85,er,0.1,2394383633,90,10,1,0,89,0,0,0,0,0.0,0.011111111111111112,0.0,0.011111111111111112,0.011111111111111112,0.011111111111111112,0.011111111111111112,0.011111111111111112,0.0,0,0
100,4,85,ring,0.1,2394383633,90,10,0,0,90,0,0,0,0,0.0,0.0,0.0,0.0,0.0,0.0,0.0,0.0,0.0,0,0
100,4,85,small_world,0.1,2394383633,90,10,0,0,90,0,0,0,0,0.0,0.0,0.0,0.0,0.0,0.0,0.0,0.0,0.0,0,0
100,4,85,scale_free,0.1,2394383633,90,10,0,0,90,0,0,0,0,0.0,0.0,0.0,0.0,0.0,0.0,0.0,0.0,0.0,0,0
100,4,85,er,0.2,2394383633,80,20,1,0,79,0,0,0,0,0.0,0.0125,0.0,0.0125,0.0125,0.0125,0.0125,0.0125,0.0,0,0
100,4,85,ring,0.2,2394383633,80,20,0,4,76,4,4,2,2,2.0,0.0,0.05,0.05,0.05,0.05,0.05,0.05,0.025,1,1
100,4,85,small_world,0.2,2394383633,80,20,1,0,79,0,0,0,0,0.0,0.0125,0.0,0.0125,0.0125,0.0125,0.0125,0.0125,0.0,0,0
100,4,85,scale_free,0.2,2394383633,80,20,1,0,79,0,0,0,0,0.0,0.0125,0.0,0.0125,0.0125,0.0125,0.0125,0.0125,0.0,0,0
100,4,85,er,0.3,2394383633,70,30,1,0,69,0,0,0,0,0.0,0.014285714285714285,0.0,0.014285714285714285,0.014285714285714285,0.014285714285714285,0.014285714285714285,0.014285714285714285,0.0,0,0
100,4,85,ring,0.3,2394383633,70,30,0,12,58,2,2,3,7,4.0,0.0,0.17142857142857143,0.17142857142857143,0.02857142857142857,0.02857142857142857,0.02857142857142857,0.02857142857142857,0.1,1,1
100,4,85,small_world,0.3,2394383633,70,30,1,0,69,0,0,0,0,0.0,0.014285714285714285,0.0,0.014285714285714285,0.014285714285714285,0.014285714285714285,0.014285714285714285,0.014285714285714285,0.0,0,0
100,4,85,scale_free,0.3,2394383633,70,30,1,0,69,0,0,0,0,0.0,0.014285714285714285,0.0,0.014285714285714285,0.014285714285714285,0.014285714285714285,0.014285714285714285,0.014285714285714285,0.0,0,0
100,4,85,er,0.4,2394383633,60,40,2,0,58,0,0,0,0,0.0,0.03333333333333333,0.0,0.03333333333333333,0.03333333333333333,0.03333333333333333,0.03333333333333333,0.03333333333333333,0.0,0,0
100,4,85,ring,0.4,2394383633,60,40,0,10,50,2,2,2,8,5.0,0.0,0.16666666666666666,0.16666666666666666,0.03333333333333333,0.03333333333333333,0.03333333333333333,0.03333333333333333,0.13333333333333333,1,1
100,4,85,small_world,0.4,2394383633,60,40,1,0,59,0,0,0,0,0.0,0.016666666666666666,0.0,0.016666666666666666,0.016666666666666666,0.016666666666666666,0.016666666666666666,0.016666666666666666,0.0,0,0
100,4,85,scale_free,0.4,2394383633,60,40,3,0,57,0,0,0,0,0.0,0.05,0.0,0.05,0.05,0.05,0.05,0.05,0.0,0,0
100,4,85,er,0.5,2394383633,50,50,3,40,7,0,0,1,40,40.0,0.06,0.8,0.86,0.06,0.06,0.06,0.06,0.8,0,0
100,4,85,ring,0.5,2394383633,50,50,0,31,19,2,2,3,22,10.333333333333334,0.0,0.62,0.62,0.04,0.04,0.04,0.04,0.44,1,1
100,4,85,small_world,0.5,2394383633,50,50,1,33,16,0,0,1,33,33.0,0.02,0.66,0.68,0.02,0.02,0.02,0.02,0.66,0,0
100,4,85,scale_free,0.5,2394383633,50,50,2,0,48,0,0,0,0,0.0,0.04,0.0,0.04,0.04,0.04,0.04,0.04,0.0,0,0
100,4,85,er,0.6,2394383633,40,60,4,33,3,33,33,1,33,33.0,0.1,0.825,0.925,0.925,0.925,0.1,0.1,0.825,1,1
100,4,85,ring,0.6,2394383633,40,60,0,26,14,26,26,5,17,5.2,0.0,0.65,0.65,0.65,0.65,0.225,0.225,0.425,1,1
100,4,85,small_world,0.6,2394383633,40,60,0,23,17,23,23,3,19,7.666666666666667,0.0,0.575,0.575,0.575,0.575,0.1,0.1,0.475,1,1
100,4,85,scale_free,0.6,2394383633,40,60,3,33,4,0,0,1,33,33.0,0.075,0.825,0.9,0.075,0.075,0.075,0.075,0.825,0,0
100,4,85,er,0.7,2394383633,30,70,3,25,2,25,25,1,25,25.0,0.1,0.8333333333333334,0.9333333333333333,0.9333333333333333,0.9333333333333333,0.1,0.1,0.8333333333333334,1,1
100,4,85,ring,0.7,2394383633,30,70,1,28,1,28,28,8,8,3.5,0.03333333333333333,0.9333333333333333,0.9666666666666667,0.9666666666666667,0.9666666666666667,0.9666666666666667,0.9666666666666667,0.26666666666666666,1,1
100,4,85,small_world,0.7,2394383633,30,70,2,27,1,24,24,6,9,4.5,0.06666666666666667,0.9,0.9666666666666667,0.8666666666666667,0.8666666666666667,0.8666666666666667,0.8666666666666667,0.3,1,1
100,4,85,scale_free,0.7,2394383633,30,70,2,25,3,0,0,1,25,25.0,0.06666666666666667,0.8333333333333334,0.9,0.06666666666666667,0.06666666666666667,0.06666666666666667,0.06666666666666667,0.8333333333333334,0,0
100,4,85,er,0.8,2394383633,20,80,6,13,1,13,13,2,10,6.5,0.3,0.65,0.95,0.95,0.95,0.95,0.95,0.5,1,1
100,4,85,ring,0.8,2394383633,20,80,3,17,0,17,17,5,5,3.4,0.15,0.85,1.0,1.0,1.0,1.0,1.0,0.25,1,1
100,4,85,small_world,0.8,2394383633,20,80,4,16,0,16,16,4,6,4.0,0.2,0.8,1.0,1.0,1.0,1.0,1.0,0.3,1,1
100,4,85,scale_free,0.8,2394383633,20,80,2,17,1,17,17,1,17,17.0,0.1,0.85,0.95,0.95,0.95,0.1,0.1,0.85,1,1
100,4,85,er,0.9,2394383633,10,90,2,8,0,8,8,3,3,2.6666666666666665,0.2,0.8,1.0,1.0,1.0,1.0,1.0,0.3,1,1
100,4,85,ring,0.9,2394383633,10,90,7,3,0,3,3,1,3,3.0,0.7,0.3,1.0,1.0,1.0,1.0,1.0,0.3,1,1
100,4,85,small_world,0.9,2394383633,10,90,7,3,0,3,3,1,3,3.0,0.7,0.3,1.0,1.0,1.0,1.0,1.0,0.3,1,1
100,4,85,scale_free,0.9,2394383633,10,90,3,7,0,7,7,1,7,7.0,0.3,0.7,1.0,1.0,1.0,1.0,1.0,0.7,1,1
100,4,86,er,0.1,416759421,90,10,3,0,87,0,0,0,0,0.0,0.03333333333333333,0.0,0.03333333333333333,0.03333333333333333,0.03333333333333333,0.03333333333333333,0.03333333333333333,0.0,0,0
100,4,86,ring,0.1,416759421,90,10,0,0,90,0,0,0,0,0.0,0.0,0.0,0.0,0.0,0.0,0.0,0.0,0.0,0,0
100,4,86,small_world,0.1,416759421,90,10,0,0,90,0,0,0,0,0.0,0.0,0.0,0.0,0.0,0.0,0.0,0.0,0.0,0,0
100,4,86,scale_free,0.1,416759421,90,10,0,0,90,0,0,0,0,0.0,0.0,0.0,0.0,0.0,0.0,0.0,0.0,0.0,0,0
100,4,86,er,0.2,416759421,80,20,4,0,76,0,0,0,0,0.0,0.05,0.0,0.05,0.05,0.05,0.05,0.05,0.0,0,0
100,4,86,ring,0.2,416759421,80,20,0,0,80,0,0,0,0,0.0,0.0,0.0,0.0,0.0,0.0,0.0,0.0,0.0,0,0
100,4,86,small_world,0.2,416759421,80,20,0,0,80,0,0,0,0,0.0,0.0,0.0,0.0,0.0,0.0,0.0,0.0,0.0,0,0
100,4,86,scale_free,0.2,416759421,80,20,3,0,77,0,0,0,0,0.0,0.0375,0.0,0.0375,0.0375,0.0375,0.0375,0.0375,0.0,0,0
100,4,86,er,0.3,416759421,70,30,1,0,69,0,0,0,0,0.0,0.014285714285714285,0.0,0.014285714285714285,0.014285714285714285,0.014285714285714285,0.014285714285714285,0.014285714285714285,0.0,0,0
100,4,86,ring,0.3,416759421,70,30,0,0,70,0,0,0,0,0.0,0.0,0.0,0.0,0.0,0.0,0.0,0.0,0.0,0,0
100,4,86,small_world,0.3,416759421,70,30,0,0,70,0,0,0,0,0.0,0.0,0.0,0.0,0.0,0.0,0.0,0.0,0.0,0,0
100,4,86,scale_free,0.3,416759421,70,30,2,0,68,0,0,0,0,0.0,0.02857142857142857,0.0,0.02857142857142857,0.02857142857142857,0.02857142857142857,0.02857142857142857,0.02857142857142857,0.0,0,0
100,4,86,er,0.4,416759421,60,40,4,0,56,0,0,0,0,0.0,0.06666666666666667,0.0,0.06666666666666667,0.06666666666666667,0.06666666666666667,0.06666666666666667,0.06666666666666667,0.0,0,0
100,4,86,ring,0.4,416759421,60,40,0,10,50,0,0,1,10,10.0,0.0,0.16666666666666666,0.16666666666666666,0.0,0.0,0.0,0.0,0.16666666666666666,0,0
100,4,86,small_world,0.4,416759421,60,40,1,0,59,0,0,0,0,0.0,0.016666666666666666,0.0,0.016666666666666666,0.016666666666666666,0.016666666666666666,0.016666666666666666,0.016666666666666666,0.0,0,0
100,4,86,scale_free,0.4,416759421,60,40,1,0,59,0,0,0,0,0.0,0.016666666666666666,0.0,0.016666666666666666,0.016666666666666666,0.016666666666666666,0.016666666666666666,0.016666666666666666,0.0,0,0
100,4,86,er,0.5,416759421,50,50,3,34,13,0,0,1,34,34.0,0.06,0.68,0.74,0.06,0.06,0.06,0.06,0.68,0,0
100,4,86,ring,0.5,416759421,50,50,0,21,29,2,2,3,16,7.0,0.0,0.42,0.42,0.04,0.04,0.04,0.04,0.32,1,1
100,4,86,small_world,0.5,416759421,50,50,0,33,17,0,0,2,22,16.5,0.0,0.66,0.66,0.0,0.0,0.0,0.0,0.44,0,0
100,4,86,scale_free,0.5,416759421,50,50,1,0,49,0,0,0,0,0.0,0.02,0.0,0.02,0.02,0.02,0.02,0.02,0.0,0,0
100,4,86,er,0.6,416759421,40,60,2,31,7,0,0,1,31,31.0,0.05,0.775,0.825,0.05,0.05,0.05,0.05,0.775,0,0
100,4,86,ring,0.6,416759421,40,60,0,35,5,9,9,4,15,8.75,0.0,0.875,0.875,0.225,0.225,0.225,0.225,0.375,1,1
100,4,86,small_world,0.6,416759421,40,60,0,36,4,14,14,5,20,7.2,0.0,0.9,0.9,0.35,0.35,0.35,0.35,0.5,1,1
100,4,86,scale_free,0.6,416759421,40,60,0,38,2,0,0,1,38,38.0,0.0,0.95,0.95,0.0,0.0,0.0,0.0,0.95,0,0
100,4,86,er,0.7,416759421,30,70,2,27,1,2,2,2,25,13.5,0.06666666666666667,0.9,0.9666666666666667,0.13333333333333333,0.13333333333333333,0.13333333333333333,0.13333333333333333,0.8333333333333334,1,1
100,4,86,ring,0.7,416759421,30,70,1,29,0,20,20,7,9,4.142857142857143,0.03333333333333333,0.9666666666666667,1.0,0.7,0.7,0.7,0.7,0.3,1,1
100,4,86,small_world,0.7,416759421,30,70,2,28,0,18,18,7,8,4.0,0.06666666666666667,0.9333333333333333,1.0,0.6666666666666666,0.6666666666666666,0.6666666666666666,0.6666666666666666,0.26666666666666666,1,1
100,4,86,scale_free,0.7,416759421,30,70,2,28,0,0,0,1,28,28.0,0.06666666666666667,0.9333333333333333,1.0,0.06666666666666667,0.06666666666666667,0.06666666666666667,0.06666666666666667,0.9333333333333333,0,0
100,4,86,er,0.8,416759421,20,80,3,17,0,17,17,2,15,8.5,0.15,0.85,1.0,1.0,1.0,0.25,0.25,0.75,1,1
100,4,86,ring,0.8,416759421,20,80,5,15,0,15,15,6,4,2.5,0.25,0.75,1.0,1.0,1.0,1.0,1.0,0.2,1,1
100,4,86,small_world,0.8,416759421,20,80,3,17,0,17,17,5,6,3.4,0.15,0.85,1.0,1.0,1.0,1.0,1.0,0.3,1,1
100,4,86,scale_free,0.8,416759421,20,80,1,19,0,19,19,1,19,19.0,0.05,0.95,1.0,1.0,1.0,0.05,0.05,0.95,1,1
100,4,86,er,0.9,416759421,10,90,3,7,0,7,7,1,7,7.0,0.3,0.7,1.0,1.0,1.0,1.0,1.0,0.7,1,1
100,4,86,ring,0.9,416759421,10,90,6,4,0,4,4,2,2,2.0,0.6,0.4,1.0,1.0,1.0,1.0,1.0,0.2,1,1
100,4,86,small_world,0.9,416759421,10,90,3,7,0,7,7,2,5,3.5,0.3,0.7,1.0,1.0,1.0,1.0,1.0,0.5,1,1
100,4,86,scale_free,0.9,416759421,10,90,2,8,0,8,8,3,4,2.6666666666666665,0.2,0.8,1.0,1.0,1.0,1.0,1.0,0.4,1,1
100,4,87,er,0.1,1033985123,90,10,2,0,88,0,0,0,0,0.0,0.022222222222222223,0.0,0.022222222222222223,0.022222222222222223,0.022222222222222223,0.022222222222222223,0.022222222222222223,0.0,0,0
100,4,87,ring,0.1,1033985123,90,10,0,0,90,0,0,0,0,0.0,0.0,0.0,0.0,0.0,0.0,0.0,0.0,0.0,0,0
100,4,87,small_world,0.1,1033985123,90,10,0,0,90,0,0,0,0,0.0,0.0,0.0,0.0,0.0,0.0,0.0,0.0,0.0,0,0
100,4,87,scale_free,0.1,1033985123,90,10,0,0,90,0,0,0,0,0.0,0.0,0.0,0.0,0.0,0.0,0.0,0.0,0.0,0,0
100,4,87,er,0.2,1033985123,80,20,5,0,75,0,0,0,0,0.0,0.0625,0.0,0.0625,0.0625,0.0625,0.0625,0.0625,0.0,0,0
100,4,87,ring,0.2,1033985123,80,20,0,0,80,0,0,0,0,0.0,0.0,0.0,0.0,0.0,0.0,0.0,0.0,0.0,0,0
100,4,87,small_world,0.2,1033985123,80,20,0,0,80,0,0,0,0,0.0,0.0,0.0,0.0,0.0,0.0,0.0,0.0,0.0,0,0
100,4,87,scale_free,0.2,1033985123,80,20,0,0,80,0,0,0,0,0.0,0.0,0.0,0.0,0.0,0.0,0.0,0.0,0.0,0,0
100,4,87,er,0.3,1033985123,70,30,4,0,66,0,0,0,0,0.0,0.05714285714285714,0.0,0.05714285714285714,0.05714285714285714,0.05714285714285714,0.05714285714285714,0.05714285714285714,0.0,0,0
100,4,87,ring,0.3,1033985123,70,30,0,0,70,0,0,0,0,0.0,0.0,0.0,0.0,0.0,0.0,0.0,0.0,0.0,0,0
100,4,87,small_world,0.3,1033985123,70,30,0,0,70,0,0,0,0,0.0,0.0,0.0,0.0,0.0,0.0,0.0,0.0,0.0,0,0
100,4,87,scale_free,0.3,1033985123,70,30,1,0,69,0,0,0,0,0.0,0.014285714285714285,0.0,0.014285714285714285,0.014285714285714285,0.014285714285714285,0.014285714285714285,0.014285714285714285,0.0,0,0
100,4,87,er,0.4,1033985123,60,40,4,0,56,0,0,0,0,0.0,0.06666666666666667,0.0,0.06666666666666667,0.06666666666666667,0.06666666666666667,0.06666666666666667,0.06666666666666667,0.0,0,0
100,4,87,ring,0.4,1033985123,60,40,0,3,57,0,0,1,3,3.0,0.0,0.05,0.05,0.0,0.0,0.0,0.0,0.05,0,0
100,4,87,small_world,0.4,1033985123,60,40,0,0,60,0,0,0,0,0.0,0.0,0.0,0.0,0.0,0.0,0.0,0.0,0.0,0,0
100,4,87,scale_free,0.4,1033985123,60,40,1,2,57,2,2,1,2,2.0,0.016666666666666666,0.03333333333333333,0.05,0.05,0.05,0.05,0.05,0.03333333333333333,1,1
100,4,87,er,0.5,1033985123,50,50,3,42,5,0,0,1,42,42.0,0.06,0.84,0.9,0.06,0.06,0.06,0.06,0.84,0,0
100,4,87,ring,0.5,1033985123,50,50,0,40,10,2,2,2,38,20.0,0.0,0.8,0.8,0.04,0.04,0.04,0.04,0.76,1,1
100,4,87,small_world,0.5,1033985123,50,50,0,44,6,0,0,1,44,44.0,0.0,0.88,0.88,0.0,0.0,0.0,0.0,0.88,0,0
100,4,87,scale_free,0.5,1033985123,50,50,0,40,10,0,0,1,40,40.0,0.0,0.8,0.8,0.0,0.0,0.0,0.0,0.8,0,0
100,4,87,er,0.6,1033985123,40,60,3,34,3,0,0,1,34,34.0,0.075,0.85,0.925,0.075,0.075,0.075,0.075,0.85,0,0
100,4,87,ring,0.6,1033985123,40,60,0,33,7,33,33,5,10,6.6,0.0,0.825,0.825,0.825,0.825,0.825,0.825,0.25,1,1
100,4,87,small_world,0.6,1033985123,40,60,0,40,0,6,6,3,19,13.333333333333334,0.0,1.0,1.0,0.15,0.15,0.15,0.15,0.475,1,1
100,4,87,scale_free,0.6,1033985123,40,60,2,34,4,0,0,1,34,34.0,0.05,0.85,0.9,0.05,0.05,0.05,0.05,0.85,0,0
100,4,87,er,0.7,1033985123,30,70,2,27,1,0,0,1,27,27.0,0.06666666666666667,0.9,0.9666666666666667,0.06666666666666667,0.06666666666666667,0.06666666666666667,0.06666666666666667,0.9,0,0
100,4,87,ring,0.7,1033985123,30,70,1,29,0,29,29,5,9,5.8,0.03333333333333333,0.9666666666666667,1.0,1.0,1.0,1.0,1.0,0.3,1,1
100,4,87,small_world,0.7,1033985123,30,70,1,29,0,26,26,3,21,9.666666666666666,0.03333333333333333,0.9666666666666667,1.0,0.9,0.9,0.2,0.2,0.7,1,1
100,4,87,scale_free,0.7,1033985123,30,70,2,26,2,0,0,1,26,26.0,0.06666666666666667,0.8666666666666667,0.9333333333333333,0.06666666666666667,0.06666666666666667,0.06666666666666667,0.06666666666666667,0.8666666666666667,0,0
100,4,87,er,0.8,1033985123,20,80,5,15,0,15,15,3,9,5.0,0.25,0.75,1.0,1.0,1.0,1.0,1.0,0.45,1,1
100,4,87,ring,0.8,1033985123,20,80,4,16,0,16,16,5,4,3.2,0.2,0.8,1.0,1.0,1.0,1.0,1.0,0.2,1,1
100,4,87,small_world,0.8,1033985123,20,80,3,17,0,14,14,6,4,2.8333333333333335,0.15,0.85,1.0,0.85,0.85,0.85,0.85,0.2,1,1
100,4,87,scale_free,0.8,1033985123,20,80,1,18,1,0,0,1,18,18.0,0.05,0.9,0.95,0.05,0.05,0.05,0.05,0.9,0,0
100,4,87,er,0.9,1033985123,10,90,10,0,0,0,0,0,0,0.0,1.0,0.0,1.0,1.0,1.0,1.0,1.0,0.0,0,0
100,4,87,ring,0.9,1033985123,10,90,3,7,0,7,7,3,3,2.3333333333333335,0.3,0.7,1.0,1.0,1.0,1.0,1.0,0.3,1,1
100,4,87,small_world,0.9,1033985123,10,90,3,7,0,7,7,3,3,2.3333333333333335,0.3,0.7,1.0,1.0,1.0,1.0,1.0,0.3,1,1
100,4,87,scale_free,0.9,1033985123,10,90,1,8,1,8,8,1,8,8.0,0.1,0.8,0.9,0.9,0.9,0.9,0.9,0.8,1,1
100,4,88,er,0.1,2449359498,90,10,1,0,89,0,0,0,0,0.0,0.011111111111111112,0.0,0.011111111111111112,0.011111111111111112,0.011111111111111112,0.011111111111111112,0.011111111111111112,0.0,0,0
100,4,88,ring,0.1,2449359498,90,10,0,0,90,0,0,0,0,0.0,0.0,0.0,0.0,0.0,0.0,0.0,0.0,0.0,0,0
100,4,88,small_world,0.1,2449359498,90,10,0,0,90,0,0,0,0,0.0,0.0,0.0,0.0,0.0,0.0,0.0,0.0,0.0,0,0
100,4,88,scale_free,0.1,2449359498,90,10,0,0,90,0,0,0,0,0.0,0.0,0.0,0.0,0.0,0.0,0.0,0.0,0.0,0,0
100,4,88,er,0.2,2449359498,80,20,2,0,78,0,0,0,0,0.0,0.025,0.0,0.025,0.025,0.025,0.025,0.025,0.0,0,0
100,4,88,ring,0.2,2449359498,80,20,0,0,80,0,0,0,0,0.0,0.0,0.0,0.0,0.0,0.0,0.0,0.0,0.0,0,0
100,4,88,small_world,0.2,2449359498,80,20,0,0,80,0,0,0,0,0.0,0.0,0.0,0.0,0.0,0.0,0.0,0.0,0.0,0,0
100,4,88,scale_free,0.2,2449359498,80,20,1,0,79,0,0,0,0,0.0,0.0125,0.0,0.0125,0.0125,0.0125,0.0125,0.0125,0.0,0,0
100,4,88,er,0.3,2449359498,70,30,2,0,68,0,0,0,0,0.0,0.02857142857142857,0.0,0.02857142857142857,0.02857142857142857,0.02857142857142857,0.02857142857142857,0.02857142857142857,0.0,0,0
100,4,88,ring,0.3,2449359498,70,30,0,0,70,0,0,0,0,0.0,0.0,0.0,0.0,0.0,0.0,0.0,0.0,0.0,0,0
100,4,88,small_world,0.3,2449359498,70,30,0,0,70,0,0,0,0,0.0,0.0,0.0,0.0,0.0,0.0,0.0,0.0,0.0,0,0
100,4,88,scale_free,0.3,2449359498,70,30,2,3,65,3,3,1,3,3.0,0.02857142857142857,0.04285714285714286,0.07142857142857142,0.07142857142857142,0.07142857142857142,0.07142857142857142,0.07142857142857142,0.04285714285714286,1,1
100,4,88,er,0.4,2449359498,60,40,3,0,57,0,0,0,0,0.0,0.05,0.0,0.05,0.05,0.05,0.05,0.05,0.0,0,0
100,4,88,ring,0.4,2449359498,60,40,0,0,60,0,0,0,0,0.0,0.0,0.0,0.0,0.0,0.0,0.0,0.0,0.0,0,0
100,4,88,small_world,0.4,2449359498,60,40,0,0,60,0,0,0,0,0.0,0.0,0.0,0.0,0.0,0.0,0.0,0.0,0.0,0,0
100,4,88,scale_free,0.4,2449359498,60,40,2,2,56,2,2,1,2,2.0,0.03333333333333333,0.03333333333333333,0.06666666666666667,0.06666666666666667,0.06666666666666667,0.06666666666666667,0.06666666666666667,0.03333333333333333,1,1
100,4,88,er,0.5,2449359498,50,50,3,37,10,0,0,1,37,37.0,0.06,0.74,0.8,0.06,0.06,0.06,0.06,0.74,0,0
100,4,88,ring,0.5,2449359498,50,50,0,27,23,0,0,1,27,27.0,0.0,0.54,0.54,0.0,0.0,0.0,0.0,0.54,0,0
100,4,88,small_world,0.5,2449359498,50,50,0,0,50,0,0,0,0,0.0,0.0,0.0,0.0,0.0,0.0,0.0,0.0,0.0,0,0
100,4,88,scale_free,0.5,2449359498,50,50,2,0,48,0,0,0,0,0.0,0.04,0.0,0.04,0.04,0.04,0.04,0.04,0.0,0,0
100,4,88,er,0.6,2449359498,40,60,6,30,4,30,30,2,28,15.0,0.15,0.75,0.9,0.9,0.9,0.2,0.2,0.7,1,1
100,4,88,ring,0.6,2449359498,40,60,0,40,0,24,24,4,16,10.0,0.0,1.0,1.0,0.6,0.6,0.2,0.2,0.4,1,1
100,4,88,small_world,0.6,2449359498,40,60,1,39,0,2,2,2,37,19.5,0.025,0.975,1.0,0.075,0.075,0.075,0.075,0.925,1,1
100,4,88,scale_free,0.6,2449359498,40,60,1,39,0,2,2,2,37,19.5,0.025,0.975,1.0,0.075,0.075,0.075,0.075,0.925,1,1
100,4,88,er,0.7,2449359498,30,70,8,20,2,20,20,2,17,10.0,0.26666666666666666,0.6666666666666666,0.9333333333333333,0.9333333333333333,0.9333333333333333,0.36666666666666664,0.36666666666666664,0.5666666666666667,1,1
100,4,88,ring,0.7,2449359498,30,70,0,30,0,30,30,6,6,5.0,0.0,1.0,1.0,1.0,1.0,1.0,1.0,0.2,1,1
100,4,88,small_world,0.7,2449359498,30,70,1,29,0,29,29,4,17,7.25,0.03333333333333333,0.9666666666666667,1.0,1.0,1.0,0.43333333333333335,0.43333333333333335,0.5666666666666667,1,1
100,4,88,scale_free,0.7,2449359498,30,70,1,29,0,2,2,2,27,14.5,0.03333333333333333,0.9666666666666667,1.0,0.1,0.1,0.1,0.1,0.9,1,1
100,4,88,er,0.8,2449359498,20,80,6,14,0,14,14,2,11,7.0,0.3,0.7,1.0,1.0,1.0,0.45,0.45,0.55,1,1
100,4,88,ring,0.8,2449359498,20,80,3,17,0,17,17,4,5,4.25,0.15,0.85,1.0,1.0,1.0,1.0,1.0,0.25,1,1
100,4,88,small_world,0.8,2449359498,20,80,3,17,0,17,17,4,5,4.25,0.15,0.85,1.0,1.0,1.0,1.0,1.0,0.25,1,1
100,4,88,scale_free,0.8,2449359498,20,80,2,18,0,3,3,2,15,9.0,0.1,0.9,1.0,0.25,0.25,0.25,0.25,0.75,1,1
100,4,88,er,0.9,2449359498,10,90,6,4,0,4,4,1,4,4.0,0.6,0.4,1.0,1.0,1.0,1.0,1.0,0.4,1,1
100,4,88,ring,0.9,2449359498,10,90,6,4,0,4,4,2,2,2.0,0.6,0.4,1.0,1.0,1.0,1.0,1.0,0.2,1,1
100,4,88,small_world,0.9,2449359498,10,90,3,7,0,7,7,3,3,2.3333333333333335,0.3,0.7,1.0,1.0,1.0,1.0,1.0,0.3,1,1
100,4,88,scale_free,0.9,2449359498,10,90,2,8,0,8,8,2,5,4.0,0.2,0.8,1.0,1.0,1.0,1.0,1.0,0.5,1,1
100,4,89,er,0.1,457347036,90,10,1,0,89,0,0,0,0,0.0,0.011111111111111112,0.0,0.011111111111111112,0.011111111111111112,0.011111111111111112,0.011111111111111112,0.011111111111111112,0.0,0,0
100,4,89,ring,0.1,457347036,90,10,0,0,90,0,0,0,0,0.0,0.0,0.0,0.0,0.0,0.0,0.0,0.0,0.0,0,0
100,4,89,small_world,0.1,457347036,90,10,0,0,90,0,0,0,0,0.0,0.0,0.0,0.0,0.0,0.0,0.0,0.0,0.0,0,0
100,4,89,scale_free,0.1,457347036,90,10,1,0,89,0,0,0,0,0.0,0.011111111111111112,0.0,0.011111111111111112,0.011111111111111112,0.011111111111111112,0.011111111111111112,0.011111111111111112,0.0,0,0
100,4,89,er,0.2,457347036,80,20,1,0,79,0,0,0,0,0.0,0.0125,0.0,0.0125,0.0125,0.0125,0.0125,0.0125,0.0,0,0
100,4,89,ring,0.2,457347036,80,20,0,0,80,0,0,0,0,0.0,0.0,0.0,0.0,0.0,0.0,0.0,0.0,0.0,0,0
100,4,89,small_world,0.2,457347036,80,20,0,0,80,0,0,0,0,0.0,0.0,0.0,0.0,0.0,0.0,0.0,0.0,0.0,0,0
100,4,89,scale_free,0.2,457347036,80,20,0,2,78,2,2,1,2,2.0,0.0,0.025,0.025,0.025,0.025,0.025,0.025,0.025,1,1
100,4,89,er,0.3,457347036,70,30,4,0,66,0,0,0,0,0.0,0.05714285714285714,0.0,0.05714285714285714,0.05714285714285714,0.05714285714285714,0.05714285714285714,0.05714285714285714,0.0,0,0
100,4,89,ring,0.3,457347036,70,30,0,8,62,0,0,1,8,8.0,0.0,0.11428571428571428,0.11428571428571428,0.0,0.0,0.0,0.0,0.11428571428571428,0,0
100,4,89,small_world,0.3,457347036,70,30,1,0,69,0,0,0,0,0.0,0.014285714285714285,0.0,0.014285714285714285,0.014285714285714285,0.014285714285714285,0.014285714285714285,0.014285714285714285,0.0,0,0
100,4,89,scale_free,0.3,457347036,70,30,0,0,70,0,0,0,0,0.0,0.0,0.0,0.0,0.0,0.0,0.0,0.0,0.0,0,0
100,4,89,er,0.4,457347036,60,40,3,0,57,0,0,0,0,0.0,0.05,0.0,0.05,0.05,0.05,0.05,0.05,0.0,0,0
100,4,89,ring,0.4,457347036,60,40,0,9,51,0,0,1,9,9.0,0.0,0.15,0.15,0.0,0.0,0.0,0.0,0.15,0,0
100,4,89,small_world,0.4,457347036,60,40,0,0,60,0,0,0,0,0.0,0.0,0.0,0.0,0.0,0.0,0.0,0.0,0.0,0,0
100,4,89,scale_free,0.4,457347036,60,40,1,36,23,0,0,1,36,36.0,0.016666666666666666,0.6,0.6166666666666667,0.016666666666666666,0.016666666666666666,0.016666666666666666,0.016666666666666666,0.6,0,0
100,4,89,er,0.5,457347036,50,50,2,0,48,0,0,0,0,0.0,0.04,0.0,0.04,0.04,0.04,0.04,0.04,0.0,0,0
100,4,89,ring,0.5,457347036,50,50,0,41,9,0,0,3,29,13.666666666666666,0.0,0.82,0.82,0.0,0.0,0.0,0.0,0.58,0,0
100,4,89,small_world,0.5,457347036,50,50,0,32,18,0,0,1,32,32.0,0.0,0.64,0.64,0.0,0.0,0.0,0.0,0.64,0,0
100,4,89,scale_free,0.5,457347036,50,50,0,41,9,0,0,1,41,41.0,0.0,0.82,0.82,0.0,0.0,0.0,0.0,0.82,0,0
100,4,89,er,0.6,457347036,40,60,1,37,2,37,37,1,37,37.0,0.025,0.925,0.95,0.95,0.95,0.025,0.025,0.925,1,1
100,4,89,ring,0.6,457347036,40,60,0,33,7,14,14,6,15,5.5,0.0,0.825,0.825,0.35,0.35,0.35,0.35,0.375,1,1
100,4,89,small_world,0.6,457347036,40,60,0,40,0,17,17,4,16,10.0,0.0,1.0,1.0,0.425,0.425,0.05,0.05,0.4,1,1
100,4,89,scale_free,0.6,457347036,40,60,0,35,5,0,0,1,35,35.0,0.0,0.875,0.875,0.0,0.0,0.0,0.0,0.875,0,0
100,4,89,er,0.7,457347036,30,70,0,29,1,29,29,1,29,29.0,0.0,0.9666666666666667,0.9666666666666667,0.9666666666666667,0.9666666666666667,0.0,0.0,0.9666666666666667,1,1
100,4,89,ring,0.7,457347036,30,70,0,30,0,15,15,7,9,4.285714285714286,0.0,1.0,1.0,0.5,0.5,0.5,0.5,0.3,1,1
100,4,89,small_world,0.7,457347036,30,70,0,30,0,10,10,4,20,7.5,0.0,1.0,1.0,0.3333333333333333,0.3333333333333333,0.3333333333333333,0.3333333333333333,0.6666666666666666,1,1
100,4,89,scale_free,0.7,457347036,30,70,0,28,2,0,0,1,28,28.0,0.0,0.9333333333333333,0.9333333333333333,0.0,0.0,0.0,0.0,0.9333333333333333,0,0
100,4,89,er,0.8,457347036,20,80,0,19,1,19,19,1,19,19.0,0.0,0.95,0.95,0.95,0.95,0.0,0.0,0.95,1,1
100,4,89,ring,0.8,457347036,20,80,8,12,0,12,12,4,5,3.0,0.4,0.6,1.0,1.0,1.0,1.0,1.0,0.25,1,1
100,4,89,small_world,0.8,457347036,20,80,5,15,0,15,15,4,7,3.75,0.25,0.75,1.0,1.0,1.0,1.0,1.0,0.35,1,1
100,4,89,scale_free,0.8,457347036,20,80,1,19,0,0,0,1,19,19.0,0.05,0.95,1.0,0.05,0.05,0.05,0.05,0.95,0,0
100,4,89,er,0.9,457347036,10,90,0,10,0,10,10,1,10,10.0,0.0,1.0,1.0,1.0,1.0,1.0,1.0,1.0,1,1
100,4,89,ring,0.9,457347036,10,90,8,2,0,2,2,1,2,2.0,0.8,0.2,1.0,1.0,1.0,1.0,1.0,0.2,1,1
100,4,89,small_world,0.9,457347036,10,90,6,4,0,4,4,2,2,2.0,0.6,0.4,1.0,1.0,1.0,1.0,1.0,0.2,1,1
100,4,89,scale_free,0.9,457347036,10,90,1,9,0,9,9,2,7,4.5,0.1,0.9,1.0,1.0,1.0,1.0,1.0,0.7,1,1
100,4,90,er,0.1,2165528187,90,10,0,0,90,0,0,0,0,0.0,0.0,0.0,0.0,0.0,0.0,0.0,0.0,0.0,0,0
100,4,90,ring,0.1,2165528187,90,10,0,0,90,0,0,0,0,0.0,0.0,0.0,0.0,0.0,0.0,0.0,0.0,0.0,0,0
100,4,90,small_world,0.1,2165528187,90,10,1,0,89,0,0,0,0,0.0,0.011111111111111112,0.0,0.011111111111111112,0.011111111111111112,0.011111111111111112,0.011111111111111112,0.011111111111111112,0.0,0,0
100,4,90,scale_free,0.1,2165528187,90,10,0,0,90,0,0,0,0,0.0,0.0,0.0,0.0,0.0,0.0,0.0,0.0,0.0,0,0
100,4,90,er,0.2,2165528187,80,20,0,0,80,0,0,0,0,0.0,0.0,0.0,0.0,0.0,0.0,0.0,0.0,0.0,0,0
100,4,90,ring,0.2,2165528187,80,20,0,0,80,0,0,0,0,0.0,0.0,0.0,0.0,0.0,0.0,0.0,0.0,0.0,0,0
100,4,90,small_world,0.2,2165528187,80,20,1,0,79,0,0,0,0,0.0,0.0125,0.0,0.0125,0.0125,0.0125,0.0125,0.0125,0.0,0,0
100,4,90,scale_free,0.2,2165528187,80,20,2,0,78,0,0,0,0,0.0,0.025,0.0,0.025,0.025,0.025,0.025,0.025,0.0,0,0
100,4,90,er,0.3,2165528187,70,30,2,0,68,0,0,0,0,0.0,0.02857142857142857,0.0,0.02857142857142857,0.02857142857142857,0.02857142857142857,0.02857142857142857,0.02857142857142857,0.0,0,0
100,4,90,ring,0.3,2165528187,70,30,0,7,63,0,0,1,7,7.0,0.0,0.1,0.1,0.0,0.0,0.0,0.0,0.1,0,0
100,4,90,small_world,0.3,2165528187,70,30,0,0,70,0,0,0,0,0.0,0.0,0.0,0.0,0.0,0.0,0.0,0.0,0.0,0,0
100,4,90,scale_free,0.3,2165528187,70,30,4,2,64,2,2,1,2,2.0,0.05714285714285714,0.02857142857142857,0.08571428571428572,0.08571428571428572,0.08571428571428572,0.08571428571428572,0.08571428571428572,0.02857142857142857,1,1
100,4,90,er,0.4,2165528187,60,40,5,4,51,4,4,2,2,2.0,0.08333333333333333,0.06666666666666667,0.15,0.15,0.15,0.15,0.15,0.03333333333333333,1,1
100,4,90,ring,0.4,2165528187,60,40,0,15,45,0,0,2,8,7.5,0.0,0.25,0.25,0.0,0.0,0.0,0.0,0.13333333333333333,0,0
100,4,90,small_world,0.4,2165528187,60,40,0,0,60,0,0,0,0,0.0,0.0,0.0,0.0,0.0,0.0,0.0,0.0,0.0,0,0
100,4,90,scale_free,0.4,2165528187,60,40,1,0,59,0,0,0,0,0.0,0.016666666666666666,0.0,0.016666666666666666,0.016666666666666666,0.016666666666666666,0.016666666666666666,0.016666666666666666,0.0,0,0
100,4,90,er,0.5,2165528187,50,50,5,38,7,2,2,2,36,19.0,0.1,0.76,0.86,0.14,0.14,0.14,0.14,0.72,1,1
100,4,90,ring,0.5,2165528187,50,50,0,24,26,21,21,5,12,4.8,0.0,0.48,0.48,0.42,0.42,0.18,0.18,0.24,1,1
100,4,90,small_world,0.5,2165528187,50,50,1,35,14,0,0,1,35,35.0,0.02,0.7,0.72,0.02,0.02,0.02,0.02,0.7,0,0
100,4,90,scale_free,0.5,2165528187,50,50,2,0,48,0,0,0,0,0.0,0.04,0.0,0.04,0.04,0.04,0.04,0.04,0.0,0,0
100,4,90,er,0.6,2165528187,40,60,5,33,2,33,33,1,33,33.0,0.125,0.825,0.95,0.95,0.95,0.125,0.125,0.825,1,1
100,4,90,ring,0.6,2165528187,40,60,0,23,17,23,23,5,8,4.6,0.0,0.575,0.575,0.575,0.575,0.575,0.575,0.2,1,1
100,4,90,small_world,0.6,2165528187,40,60,2,37,1,4,4,2,33,18.5,0.05,0.925,0.975,0.15,0.15,0.15,0.15,0.825,1,1
100,4,90,scale_free,0.6,2165528187,40,60,2,35,3,0,0,1,35,35.0,0.05,0.875,0.925,0.05,0.05,0.05,0.05,0.875,0,0
100,4,90,er,0.7,2165528187,30,70,4,25,1,25,25,2,23,12.5,0.13333333333333333,0.8333333333333334,0.9666666666666667,0.9666666666666667,0.9666666666666667,0.2,0.2,0.7666666666666667,1,1
100,4,90,ring,0.7,2165528187,30,70,0,30,0,18,18,8,12,3.75,0.0,1.0,1.0,0.6,0.6,0.6,0.6,0.4,1,1
100,4,90,small_world,0.7,2165528187,30,70,1,29,0,29,29,5,16,5.8,0.03333333333333333,0.9666666666666667,1.0,1.0,1.0,0.4666666666666667,0.4666666666666667,0.5333333333333333,1,1
100,4,90,scale_free,0.7,2165528187,30,70,7,23,0,16,16,2,16,11.5,0.23333333333333334,0.7666666666666667,1.0,0.7666666666666667,0.7666666666666667,0.23333333333333334,0.23333333333333334,0.5333333333333333,1,1
100,4,90,er,0.8,2165528187,20,80,8,12,0,12,12,2,10,6.0,0.4,0.6,1.0,1.0,1.0,1.0,1.0,0.5,1,1
100,4,90,ring,0.8,2165528187,20,80,2,18,0,18,18,7,4,2.5714285714285716,0.1,0.9,1.0,1.0,1.0,1.0,1.0,0.2,1,1
100,4,90,small_world,0.8,2165528187,20,80,2,18,0,18,18,4,9,4.5,0.1,0.9,1.0,1.0,1.0,1.0,1.0,0.45,1,1
100,4,90,scale_free,0.8,2165528187,20,80,2,18,0,18,18,2,14,9.0,0.1,0.9,1.0,1.0,1.0,0.3,0.3,0.7,1,1
100,4,90,er,0.9,2165528187,10,90,7,3,0,3,3,1,3,3.0,0.7,0.3,1.0,1.0,1.0,1.0,1.0,0.3,1,1
100,4,90,ring,0.9,2165528187,10,90,3,7,0,7,7,3,3,2.3333333333333335,0.3,0.7,1.0,1.0,1.0,1.0,1.0,0.3,1,1
100,4,90,small_world,0.9,2165528187,10,90,3,7,0,7,7,3,3,2.3333333333333335,0.3,0.7,1.0,1.0,1.0,1.0,1.0,0.3,1,1
100,4,90,scale_free,0.9,2165528187,10,90,0,10,0,10,10,3,4,3.3333333333333335,0.0,1.0,1.0,1.0,1.0,1.0,1.0,0.4,1,1
100,4,91,er,0.1,1298892974,90,10,1,0,89,0,0,0,0,0.0,0.011111111111111112,0.0,0.011111111111111112,0.011111111111111112,0.011111111111111112,0.011111111111111112,0.011111111111111112,0.0,0,0
100,4,91,ring,0.1,1298892974,90,10,0,0,90,0,0,0,0,0.0,0.0,0.0,0.0,0.0,0.0,0.0,0.0,0.0,0,0
100,4,91,small_world,0.1,1298892974,90,10,0,0,90,0,0,0,0,0.0,0.0,0.0,0.0,0.0,0.0,0.0,0.0,0.0,0,0
100,4,91,scale_free,0.1,1298892974,90,10,0,0,90,0,0,0,0,0.0,0.0,0.0,0.0,0.0,0.0,0.0,0.0,0.0,0,0
100,4,91,er,0.2,1298892974,80,20,2,0,78,0,0,0,0,0.0,0.025,0.0,0.025,0.025,0.025,0.025,0.025,0.0,0,0
100,4,91,ring,0.2,1298892974,80,20,0,0,80,0,0,0,0,0.0,0.0,0.0,0.0,0.0,0.0,0.0,0.0,0.0,0,0
100,4,91,small_world,0.2,1298892974,80,20,0,0,80,0,0,0,0,0.0,0.0,0.0,0.0,0.0,0.0,0.0,0.0,0.0,0,0
100,4,91,scale_free,0.2,1298892974,80,20,1,0,79,0,0,0,0,0.0,0.0125,0.0,0.0125,0.0125,0.0125,0.0125,0.0125,0.0,0,0
100,4,91,er,0.3,1298892974,70,30,2,0,68,0,0,0,0,0.0,0.02857142857142857,0.0,0.02857142857142857,0.02857142857142857,0.02857142857142857,0.02857142857142857,0.02857142857142857,0.0,0,0
100,4,91,ring,0.3,1298892974,70,30,0,0,70,0,0,0,0,0.0,0.0,0.0,0.0,0.0,0.0,0.0,0.0,0.0,0,0
100,4,91,small_world,0.3,1298892974,70,30,0,0,70,0,0,0,0,0.0,0.0,0.0,0.0,0.0,0.0,0.0,0.0,0.0,0,0
100,4,91,scale_free,0.3,1298892974,70,30,4,0,66,0,0,0,0,0.0,0.05714285714285714,0.0,0.05714285714285714,0.05714285714285714,0.05714285714285714,0.05714285714285714,0.05714285714285714,0.0,0,0
100,4,91,er,0.4,1298892974,60,40,3,0,57,0,0,0,0,0.0,0.05,0.0,0.05,0.05,0.05,0.05,0.05,0.0,0,0
100,4,91,ring,0.4,1298892974,60,40,0,4,56,4,4,2,2,2.0,0.0,0.06666666666666667,0.06666666666666667,0.06666666666666667,0.06666666666666667,0.06666666666666667,0.06666666666666667,0.03333333333333333,1,1
100,4,91,small_world,0.4,1298892974,60,40,0,2,58,2,2,1,2,2.0,0.0,0.03333333333333333,0.03333333333333333,0.03333333333333333,0.03333333333333333,0.03333333333333333,0.03333333333333333,0.03333333333333333,1,1
100,4,91,scale_free,0.4,1298892974,60,40,4,0,56,0,0,0,0,0.0,0.06666666666666667,0.0,0.06666666666666667,0.06666666666666667,0.06666666666666667,0.06666666666666667,0.06666666666666667,0.0,0,0
100,4,91,er,0.5,1298892974,50,50,3,0,47,0,0,0,0,0.0,0.06,0.0,0.06,0.06,0.06,0.06,0.06,0.0,0,0
100,4,91,ring,0.5,1298892974,50,50,0,13,37,2,2,3,8,4.333333333333333,0.0,0.26,0.26,0.04,0.04,0.04,0.04,0.16,1,1
100,4,91,small_world,0.5,1298892974,50,50,0,5,45,2,2,2,3,2.5,0.0,0.1,0.1,0.04,0.04,0.04,0.04,0.06,1,1
100,4,91,scale_free,0.5,1298892974,50,50,4,37,9,0,0,1,37,37.0,0.08,0.74,0.82,0.08,0.08,0.08,0.08,0.74,0,0
100,4,91,er,0.6,1298892974,40,60,2,33,5,2,2,2,31,16.5,0.05,0.825,0.875,0.1,0.1,0.1,0.1,0.775,1,1
100,4,91,ring,0.6,1298892974,40,60,0,30,10,16,16,5,11,6.0,0.0,0.75,0.75,0.4,0.4,0.4,0.4,0.275,1,1
100,4,91,small_world,0.6,1298892974,40,60,1,38,1,19,19,5,16,7.6,0.025,0.95,0.975,0.5,0.5,0.1,0.1,0.4,1,1
100,4,91,scale_free,0.6,1298892974,40,60,4,29,7,0,0,1,29,29.0,0.1,0.725,0.825,0.1,0.1,0.1,0.1,0.725,0,0
100,4,91,er,0.7,1298892974,30,70,1,28,1,0,0,1,28,28.0,0.03333333333333333,0.9333333333333333,0.9666666666666667,0.03333333333333333,0.03333333333333333,0.03333333333333333,0.03333333333333333,0.9333333333333333,0,0
100,4,91,ring,0.7,1298892974,30,70,1,29,0,17,17,6,12,4.833333333333333,0.03333333333333333,0.9666666666666667,1.0,0.6,0.6,0.6,0.6,0.4,1,1
100,4,91,small_world,0.7,1298892974,30,70,2,28,0,28,28,3,22,9.333333333333334,0.06666666666666667,0.9333333333333333,1.0,1.0,1.0,0.26666666666666666,0.26666666666666666,0.7333333333333333,1,1
100,4,91,scale_free,0.7,1298892974,30,70,2,25,3,25,25,1,25,25.0,0.06666666666666667,0.8333333333333334,0.9,0.9,0.9,0.06666666666666667,0.06666666666666667,0.8333333333333334,1,1
100,4,91,er,0.8,1298892974,20,80,3,17,0,17,17,2,13,8.5,0.15,0.85,1.0,1.0,1.0,0.35,0.35,0.65,1,1
100,4,91,ring,0.8,1298892974,20,80,5,15,0,15,15,6,4,2.5,0.25,0.75,1.0,1.0,1.0,1.0,1.0,0.2,1,1
100,4,91,small_world,0.8,1298892974,20,80,5,15,0,15,15,4,7,3.75,0.25,0.75,1.0,1.0,1.0,1.0,1.0,0.35,1,1
100,4,91,scale_free,0.8,1298892974,20,80,2,18,0,18,18,2,16,9.0,0.1,0.9,1.0,1.0,1.0,0.2,0.2,0.8,1,1
100,4,91,er,0.9,1298892974,10,90,3,7,0,7,7,3,3,2.3333333333333335,0.3,0.7,1.0,1.0,1.0,1.0,1.0,0.3,1,1
100,4,91,ring,0.9,1298892974,10,90,6,4,0,4,4,2,2,2.0,0.6,0.4,1.0,1.0,1.0,1.0,1.0,0.2,1,1
100,4,91,small_world,0.9,1298892974,10,90,6,4,0,4,4,2,2,2.0,0.6,0.4,1.0,1.0,1.0,1.0,1.0,0.2,1,1
100,4,91,scale_free,0.9,1298892974,10,90,2,8,0,8,8,1,8,8.0,0.2,0.8,1.0,1.0,1.0,1.0,1.0,0.8,1,1
100,4,92,er,0.1,1078482031,90,10,2,0,88,0,0,0,0,0.0,0.022222222222222223,0.0,0.022222222222222223,0.022222222222222223,0.022222222222222223,0.022222222222222223,0.022222222222222223,0.0,0,0
100,4,92,ring,0.1,1078482031,90,10,0,0,90,0,0,0,0,0.0,0.0,0.0,0.0,0.0,0.0,0.0,0.0,0.0,0,0
100,4,92,small_world,0.1,1078482031,90,10,0,0,90,0,0,0,0,0.0,0.0,0.0,0.0,0.0,0.0,0.0,0.0,0.0,0,0
100,4,92,scale_free,0.1,1078482031,90,10,0,0,90,0,0,0,0,0.0,0.0,0.0,0.0,0.0,0.0,0.0,0.0,0.0,0,0
100,4,92,er,0.2,1078482031,80,20,1,0,79,0,0,0,0,0.0,0.0125,0.0,0.0125,0.0125,0.0125,0.0125,0.0125,0.0,0,0
100,4,92,ring,0.2,1078482031,80,20,0,0,80,0,0,0,0,0.0,0.0,0.0,0.0,0.0,0.0,0.0,0.0,0.0,0,0
100,4,92,small_world,0.2,1078482031,80,20,0,0,80,0,0,0,0,0.0,0.0,0.0,0.0,0.0,0.0,0.0,0.0,0.0,0,0
100,4,92,scale_free,0.2,1078482031,80,20,0,0,80,0,0,0,0,0.0,0.0,0.0,0.0,0.0,0.0,0.0,0.0,0.0,0,0
100,4,92,er,0.3,1078482031,70,30,0,0,70,0,0,0,0,0.0,0.0,0.0,0.0,0.0,0.0,0.0,0.0,0.0,0,0
100,4,92,ring,0.3,1078482031,70,30,0,0,70,0,0,0,0,0.0,0.0,0.0,0.0,0.0,0.0,0.0,0.0,0.0,0,0
100,4,92,small_world,0.3,1078482031,70,30,0,0,70,0,0,0,0,0.0,0.0,0.0,0.0,0.0,0.0,0.0,0.0,0.0,0,0
100,4,92,scale_free,0.3,1078482031,70,30,3,0,67,0,0,0,0,0.0,0.04285714285714286,0.0,0.04285714285714286,0.04285714285714286,0.04285714285714286,0.04285714285714286,0.04285714285714286,0.0,0,0
100,4,92,er,0.4,1078482031,60,40,4,0,56,0,0,0,0,0.0,0.06666666666666667,0.0,0.06666666666666667,0.06666666666666667,0.06666666666666667,0.06666666666666667,0.06666666666666667,0.0,0,0
100,4,92,ring,0.4,1078482031,60,40,0,5,55,0,0,1,5,5.0,0.0,0.08333333333333333,0.08333333333333333,0.0,0.0,0.0,0.0,0.08333333333333333,0,0
100,4,92,small_world,0.4,1078482031,60,40,0,0,60,0,0,0,0,0.0,0.0,0.0,0.0,0.0,0.0,0.0,0.0,0.0,0,0
100,4,92,scale_free,0.4,1078482031,60,40,3,0,57,0,0,0,0,0.0,0.05,0.0,0.05,0.05,0.05,0.05,0.05,0.0,0,0
100,4,92,er,0.5,1078482031,50,50,2,0,48,0,0,0,0,0.0,0.04,0.0,0.04,0.04,0.04,0.04,0.04,0.0,0,0
100,4,92,ring,0.5,1078482031,50,50,0,15,35,5,5,3,6,5.0,0.0,0.3,0.3,0.1,0.1,0.1,0.1,0.12,1,1
100,4,92,small_world,0.5,1078482031,50,50,1,7,42,7,7,1,7,7.0,0.02,0.14,0.16,0.16,0.16,0.16,0.16,0.14,1,1
100,4,92,scale_free,0.5,1078482031,50,50,4,38,8,0,0,1,38,38.0,0.08,0.76,0.84,0.08,0.08,0.08,0.08,0.76,0,0
100,4,92,er,0.6,1078482031,40,60,3,35,2,0,35,1,35,35.0,0.075,0.875,0.95,0.075,0.95,0.075,0.075,0.875,0,1
100,4,92,ring,0.6,1078482031,40,60,0,38,2,4,4,5,20,7.6,0.0,0.95,0.95,0.1,0.1,0.1,0.1,0.5,1,1
100,4,92,small_world,0.6,1078482031,40,60,2,36,2,8,8,3,28,12.0,0.05,0.9,0.95,0.25,0.25,0.25,0.25,0.7,1,1
100,4,92,scale_free,0.6,1078482031,40,60,2,36,2,0,0,1,36,36.0,0.05,0.9,0.95,0.05,0.05,0.05,0.05,0.9,0,0
100,4,92,er,0.7,1078482031,30,70,0,28,2,28,28,1,28,28.0,0.0,0.9333333333333333,0.9333333333333333,0.9333333333333333,0.9333333333333333,0.0,0.0,0.9333333333333333,1,1
100,4,92,ring,0.7,1078482031,30,70,0,30,0,16,16,8,9,3.75,0.0,1.0,1.0,0.5333333333333333,0.5333333333333333,0.5333333333333333,0.5333333333333333,0.3,1,1
100,4,92,small_world,0.7,1078482031,30,70,3,27,0,11,11,5,10,5.4,0.1,0.9,1.0,0.4666666666666667,0.4666666666666667,0.4666666666666667,0.4666666666666667,0.3333333333333333,1,1
100,4,92,scale_free,0.7,1078482031,30,70,0,30,0,2,2,2,28,15.0,0.0,1.0,1.0,0.06666666666666667,0.06666666666666667,0.06666666666666667,0.06666666666666667,0.9333333333333333,1,1
100,4,92,er,0.8,1078482031,20,80,1,18,1,18,18,2,16,9.0,0.05,0.9,0.95,0.95,0.95,0.15,0.15,0.8,1,1
100,4,92,ring,0.8,1078482031,20,80,4,16,0,16,16,4,8,4.0,0.2,0.8,1.0,1.0,1.0,1.0,1.0,0.4,1,1
100,4,92,small_world,0.8,1078482031,20,80,2,18,0,18,18,3,12,6.0,0.1,0.9,1.0,1.0,1.0,0.4,0.4,0.6,1,1
100,4,92,scale_free,0.8,1078482031,20,80,0,20,0,0,0,1,20,20.0,0.0,1.0,1.0,0.0,0.0,0.0,0.0,1.0,0,0
100,4,92,er,0.9,1078482031,10,90,2,8,0,8,8,1,8,8.0,0.2,0.8,1.0,1.0,1.0,1.0,1.0,0.8,1,1
100,4,92,ring,0.9,1078482031,10,90,5,5,0,5,5,2,3,2.5,0.5,0.5,1.0,1.0,1.0,1.0,1.0,0.3,1,1
100,4,92,small_world,0.9,1078482031,10,90,6,4,0,4,4,1,4,4.0,0.6,0.4,1.0,1.0,1.0,1.0,1.0,0.4,1,1
100,4,92,scale_free,0.9,1078482031,10,90,2,8,0,8,8,1,8,8.0,0.2,0.8,1.0,1.0,1.0,1.0,1.0,0.8,1,1
100,4,93,er,0.1,1299782562,90,10,1,0,89,0,0,0,0,0.0,0.011111111111111112,0.0,0.011111111111111112,0.011111111111111112,0.011111111111111112,0.011111111111111112,0.011111111111111112,0.0,0,0
100,4,93,ring,0.1,1299782562,90,10,0,0,90,0,0,0,0,0.0,0.0,0.0,0.0,0.0,0.0,0.0,0.0,0.0,0,0
100,4,93,small_world,0.1,1299782562,90,10,0,0,90,0,0,0,0,0.0,0.0,0.0,0.0,0.0,0.0,0.0,0.0,0.0,0,0
100,4,93,scale_free,0.1,1299782562,90,10,0,0,90,0,0,0,0,0.0,0.0,0.0,0.0,0.0,0.0,0.0,0.0,0.0,0,0
100,4,93,er,0.2,1299782562,80,20,1,0,79,0,0,0,0,0.0,0.0125,0.0,0.0125,0.0125,0.0125,0.0125,0.0125,0.0,0,0
100,4,93,ring,0.2,1299782562,80,20,0,0,80,0,0,0,0,0.0,0.0,0.0,0.0,0.0,0.0,0.0,0.0,0.0,0,0
100,4,93,small_world,0.2,1299782562,80,20,0,0,80,0,0,0,0,0.0,0.0,0.0,0.0,0.0,0.0,0.0,0.0,0.0,0,0
100,4,93,scale_free,0.2,1299782562,80,20,0,0,80,0,0,0,0,0.0,0.0,0.0,0.0,0.0,0.0,0.0,0.0,0.0,0,0
100,4,93,er,0.3,1299782562,70,30,1,0,69,0,0,0,0,0.0,0.014285714285714285,0.0,0.014285714285714285,0.014285714285714285,0.014285714285714285,0.014285714285714285,0.014285714285714285,0.0,0,0
100,4,93,ring,0.3,1299782562,70,30,0,5,65,5,5,1,5,5.0,0.0,0.07142857142857142,0.07142857142857142,0.07142857142857142,0.07142857142857142,0.07142857142857142,0.07142857142857142,0.07142857142857142,1,1
100,4,93,small_world,0.3,1299782562,70,30,0,0,70,0,0,0,0,0.0,0.0,0.0,0.0,0.0,0.0,0.0,0.0,0.0,0,0
100,4,93,scale_free,0.3,1299782562,70,30,1,0,69,0,0,0,0,0.0,0.014285714285714285,0.0,0.014285714285714285,0.014285714285714285,0.014285714285714285,0.014285714285714285,0.014285714285714285,0.0,0,0
100,4,93,er,0.4,1299782562,60,40,1,8,51,8,8,3,4,2.6666666666666665,0.016666666666666666,0.13333333333333333,0.15,0.15,0.15,0.15,0.15,0.06666666666666667,1,1
100,4,93,ring,0.4,1299782562,60,40,0,4,56,4,4,2,2,2.0,0.0,0.06666666666666667,0.06666666666666667,0.06666666666666667,0.06666666666666667,0.06666666666666667,0.06666666666666667,0.03333333333333333,1,1
100,4,93,small_world,0.4,1299782562,60,40,0,0,60,0,0,0,0,0.0,0.0,0.0,0.0,0.0,0.0,0.0,0.0,0.0,0,0
100,4,93,scale_free,0.4,1299782562,60,40,0,0,60,0,0,0,0,0.0,0.0,0.0,0.0,0.0,0.0,0.0,0.0,0.0,0,0
100,4,93,er,0.5,1299782562,50,50,1,0,49,0,0,0,0,0.0,0.02,0.0,0.02,0.02,0.02,0.02,0.02,0.0,0,0
100,4,93,ring,0.5,1299782562,50,50,0,2,48,2,2,1,2,2.0,0.0,0.04,0.04,0.04,0.04,0.04,0.04,0.04,1,1
100,4,93,small_world,0.5,1299782562,50,50,0,48,2,0,0,1,48,48.0,0.0,0.96,0.96,0.0,0.0,0.0,0.0,0.96,0,0
100,4,93,scale_free,0.5,1299782562,50,50,1,37,12,0,0,1,37,37.0,0.02,0.74,0.76,0.02,0.02,0.02,0.02,0.74,0,0
100,4,93,er,0.6,1299782562,40,60,3,36,1,3,3,2,33,18.0,0.075,0.9,0.975,0.15,0.15,0.15,0.15,0.825,1,1
100,4,93,ring,0.6,1299782562,40,60,0,40,0,3,3,4,14,10.0,0.0,1.0,1.0,0.075,0.075,0.075,0.075,0.35,1,1
100,4,93,small_world,0.6,1299782562,40,60,0,40,0,8,8,3,32,13.333333333333334,0.0,1.0,1.0,0.2,0.2,0.2,0.2,0.8,1,1
100,4,93,scale_free,0.6,1299782562,40,60,2,36,2,0,0,1,36,36.0,0.05,0.9,0.95,0.05,0.05,0.05,0.05,0.9,0,0
100,4,93,er,0.7,1299782562,30,70,2,28,0,3,28,2,25,14.0,0.06666666666666667,0.9333333333333333,1.0,0.16666666666666666,1.0,0.16666666666666666,0.16666666666666666,0.8333333333333334,1,1
100,4,93,ring,0.7,1299782562,30,70,1,29,0,29,29,6,13,4.833333333333333,0.03333333333333333,0.9666666666666667,1.0,1.0,1.0,0.5666666666666667,0.5666666666666667,0.43333333333333335,1,1
100,4,93,small_world,0.7,1299782562,30,70,1,29,0,29,29,3,23,9.666666666666666,0.03333333333333333,0.9666666666666667,1.0,1.0,1.0,0.23333333333333334,0.23333333333333334,0.7666666666666667,1,1
100,4,93,scale_free,0.7,1299782562,30,70,1,29,0,0,0,1,29,29.0,0.03333333333333333,0.9666666666666667,1.0,0.03333333333333333,0.03333333333333333,0.03333333333333333,0.03333333333333333,0.9666666666666667,0,0
100,4,93,er,0.8,1299782562,20,80,3,17,0,17,17,2,15,8.5,0.15,0.85,1.0,1.0,1.0,0.25,0.25,0.75,1,1
100,4,93,ring,0.8,1299782562,20,80,5,15,0,15,15,5,6,3.0,0.25,0.75,1.0,1.0,1.0,1.0,1.0,0.3,1,1
100,4,93,small_world,0.8,1299782562,20,80,2,18,0,18,18,5,9,3.6,0.1,0.9,1.0,1.0,1.0,1.0,1.0,0.45,1,1
100,4,93,scale_free,0.8,1299782562,20,80,0,20,0,20,20,1,20,20.0,0.0,1.0,1.0,1.0,1.0,0.0,0.0,1.0,1,1
100,4,93,er,0.9,1299782562,10,90,2,8,0,8,8,4,2,2.0,0.2,0.8,1.0,1.0,1.0,1.0,1.0,0.2,1,1
100,4,93,ring,0.9,1299782562,10,90,4,6,0,6,6,3,2,2.0,0.4,0.6,1.0,1.0,1.0,1.0,1.0,0.2,1,1
100,4,93,small_world,0.9,1299782562,10,90,2,8,0,8,8,4,2,2.0,0.2,0.8,1.0,1.0,1.0,1.0,1.0,0.2,1,1
100,4,93,scale_free,0.9,1299782562,10,90,1,9,0,9,9,1,9,9.0,0.1,0.9,1.0,1.0,1.0,1.0,1.0,0.9,1,1
100,4,94,er,0.1,1344051025,90,10,0,0,90,0,0,0,0,0.0,0.0,0.0,0.0,0.0,0.0,0.0,0.0,0.0,0,0
100,4,94,ring,0.1,1344051025,90,10,0,0,90,0,0,0,0,0.0,0.0,0.0,0.0,0.0,0.0,0.0,0.0,0.0,0,0
100,4,94,small_world,0.1,1344051025,90,10,0,0,90,0,0,0,0,0.0,0.0,0.0,0.0,0.0,0.0,0.0,0.0,0.0,0,0
100,4,94,scale_free,0.1,1344051025,90,10,0,0,90,0,0,0,0,0.0,0.0,0.0,0.0,0.0,0.0,0.0,0.0,0.0,0,0
100,4,94,er,0.2,1344051025,80,20,2,0,78,0,0,0,0,0.0,0.025,0.0,0.025,0.025,0.025,0.025,0.025,0.0,0,0
100,4,94,ring,0.2,1344051025,80,20,0,0,80,0,0,0,0,0.0,0.0,0.0,0.0,0.0,0.0,0.0,0.0,0.0,0,0
100,4,94,small_world,0.2,1344051025,80,20,0,0,80,0,0,0,0,0.0,0.0,0.0,0.0,0.0,0.0,0.0,0.0,0.0,0,0
100,4,94,scale_free,0.2,1344051025,80,20,0,0,80,0,0,0,0,0.0,0.0,0.0,0.0,0.0,0.0,0.0,0.0,0.0,0,0
100,4,94,er,0.3,1344051025,70,30,5,0,65,0,0,0,0,0.0,0.07142857142857142,0.0,0.07142857142857142,0.07142857142857142,0.07142857142857142,0.07142857142857142,0.07142857142857142,0.0,0,0
100,4,94,ring,0.3,1344051025,70,30,0,0,70,0,0,0,0,0.0,0.0,0.0,0.0,0.0,0.0,0.0,0.0,0.0,0,0
100,4,94,small_world,0.3,1344051025,70,30,0,3,67,3,3,1,3,3.0,0.0,0.04285714285714286,0.04285714285714286,0.04285714285714286,0.04285714285714286,0.04285714285714286,0.04285714285714286,0.04285714285714286,1,1
100,4,94,scale_free,0.3,1344051025,70,30,2,0,68,0,0,0,0,0.0,0.02857142857142857,0.0,0.02857142857142857,0.02857142857142857,0.02857142857142857,0.02857142857142857,0.02857142857142857,0.0,0,0
100,4,94,er,0.4,1344051025,60,40,4,0,56,0,0,0,0,0.0,0.06666666666666667,0.0,0.06666666666666667,0.06666666666666667,0.06666666666666667,0.06666666666666667,0.06666666666666667,0.0,0,0
100,4,94,ring,0.4,1344051025,60,40,0,30,30,12,12,5,10,6.0,0.0,0.5,0.5,0.2,0.2,0.2,0.2,0.16666666666666666,1,1
100,4,94,small_world,0.4,1344051025,60,40,0,5,55,5,5,2,3,2.5,0.0,0.08333333333333333,0.08333333333333333,0.08333333333333333,0.08333333333333333,0.08333333333333333,0.08333333333333333,0.05,1,1
100,4,94,scale_free,0.4,1344051025,60,40,2,0,58,0,0,0,0,0.0,0.03333333333333333,0.0,0.03333333333333333,0.03333333333333333,0.03333333333333333,0.03333333333333333,0.03333333333333333,0.0,0,0
100,4,94,er,0.5,1344051025,50,50,2,37,11,0,0,1,37,37.0,0.04,0.74,0.78,0.04,0.04,0.04,0.04,0.74,0,0
100,4,94,ring,0.5,1344051025,50,50,1,17,32,11,11,5,6,3.4,0.02,0.34,0.36,0.24,0.24,0.24,0.24,0.12,1,1
100,4,94,small_world,0.5,1344051025,50,50,3,10,37,10,10,2,7,5.0,0.06,0.2,0.26,0.26,0.26,0.26,0.26,0.14,1,1
100,4,94,scale_free,0.5,1344051025,50,50,3,0,47,0,0,0,0,0.0,0.06,0.0,0.06,0.06,0.06,0.06,0.06,0.0,0,0
100,4,94,er,0.6,1344051025,40,60,5,28,7,0,0,1,28,28.0,0.125,0.7,0.825,0.125,0.125,0.125,0.125,0.7,0,0
100,4,94,ring,0.6,1344051025,40,60,3,22,15,22,22,4,8,5.5,0.075,0.55,0.625,0.625,0.625,0.625,0.625,0.2,1,1
100,4,94,small_world,0.6,1344051025,40,60,2,38,0,9,9,3,29,12.666666666666666,0.05,0.95,1.0,0.275,0.275,0.275,0.275,0.725,1,1
100,4,94,scale_free,0.6,1344051025,40,60,4,35,1,2,2,2,33,17.5,0.1,0.875,0.975,0.15,0.15,0.15,0.15,0.825,1,1
100,4,94,er,0.7,1344051025,30,70,5,22,3,22,22,1,22,22.0,0.16666666666666666,0.7333333333333333,0.9,0.9,0.9,0.16666666666666666,0.16666666666666666,0.7333333333333333,1,1
100,4,94,ring,0.7,1344051025,30,70,2,28,0,28,28,6,7,4.666666666666667,0.06666666666666667,0.9333333333333333,1.0,1.0,1.0,1.0,1.0,0.23333333333333334,1,1
100,4,94,small_world,0.7,1344051025,30,70,2,28,0,28,28,3,16,9.333333333333334,0.06666666666666667,0.9333333333333333,1.0,1.0,1.0,0.4666666666666667,0.4666666666666667,0.5333333333333333,1,1
100,4,94,scale_free,0.7,1344051025,30,70,4,26,0,5,5,3,21,8.666666666666666,0.13333333333333333,0.8666666666666667,1.0,0.3,0.3,0.3,0.3,0.7,1,1
100,4,94,er,0.8,1344051025,20,80,9,10,1,10,10,1,10,10.0,0.45,0.5,0.95,0.95,0.95,0.95,0.95,0.5,1,1
100,4,94,ring,0.8,1344051025,20,80,6,14,0,14,14,4,5,3.5,0.3,0.7,1.0,1.0,1.0,1.0,1.0,0.25,1,1
100,4,94,small_world,0.8,1344051025,20,80,5,15,0,15,15,4,6,3.75,0.25,0.75,1.0,1.0,1.0,1.0,1.0,0.3,1,1
100,4,94,scale_free,0.8,1344051025,20,80,4,16,0,16,16,2,14,8.0,0.2,0.8,1.0,1.0,1.0,0.3,0.3,0.7,1,1
100,4,94,er,0.9,1344051025,10,90,6,4,0,4,4,2,2,2.0,0.6,0.4,1.0,1.0,1.0,1.0,1.0,0.2,1,1
100,4,94,ring,0.9,1344051025,10,90,3,7,0,7,7,2,4,3.5,0.3,0.7,1.0,1.0,1.0,1.0,1.0,0.4,1,1
100,4,94,small_world,0.9,1344051025,10,90,3,7,0,7,7,2,5,3.5,0.3,0.7,1.0,1.0,1.0,1.0,1.0,0.5,1,1
100,4,94,scale_free,0.9,1344051025,10,90,2,8,0,8,8,3,4,2.6666666666666665,0.2,0.8,1.0,1.0,1.0,1.0,1.0,0.4,1,1
100,4,95,er,0.1,2051386971,90,10,1,0,89,0,0,0,0,0.0,0.011111111111111112,0.0,0.011111111111111112,0.011111111111111112,0.011111111111111112,0.011111111111111112,0.011111111111111112,0.0,0,0
100,4,95,ring,0.1,2051386971,90,10,0,0,90,0,0,0,0,0.0,0.0,0.0,0.0,0.0,0.0,0.0,0.0,0.0,0,0
100,4,95,small_world,0.1,2051386971,90,10,0,0,90,0,0,0,0,0.0,0.0,0.0,0.0,0.0,0.0,0.0,0.0,0.0,0,0
100,4,95,scale_free,0.1,2051386971,90,10,0,0,90,0,0,0,0,0.0,0.0,0.0,0.0,0.0,0.0,0.0,0.0,0.0,0,0
100,4,95,er,0.2,2051386971,80,20,1,0,79,0,0,0,0,0.0,0.0125,0.0,0.0125,0.0125,0.0125,0.0125,0.0125,0.0,0,0
100,4,95,ring,0.2,2051386971,80,20,0,0,80,0,0,0,0,0.0,0.0,0.0,0.0,0.0,0.0,0.0,0.0,0.0,0,0
100,4,95,small_world,0.2,2051386971,80,20,1,0,79,0,0,0,0,0.0,0.0125,0.0,0.0125,0.0125,0.0125,0.0125,0.0125,0.0,0,0
100,4,95,scale_free,0.2,2051386971,80,20,1,0,79,0,0,0,0,0.0,0.0125,0.0,0.0125,0.0125,0.0125,0.0125,0.0125,0.0,0,0
100,4,95,er,0.3,2051386971,70,30,2,0,68,0,0,0,0,0.0,0.02857142857142857,0.0,0.02857142857142857,0.02857142857142857,0.02857142857142857,0.02857142857142857,0.02857142857142857,0.0,0,0
100,4,95,ring,0.3,2051386971,70,30,0,5,65,2,2,2,3,2.5,0.0,0.07142857142857142,0.07142857142857142,0.02857142857142857,0.02857142857142857,0.02857142857142857,0.02857142857142857,0.04285714285714286,1,1
100,4,95,small_world,0.3,2051386971,70,30,2,3,65,3,3,1,3,3.0,0.02857142857142857,0.04285714285714286,0.07142857142857142,0.07142857142857142,0.07142857142857142,0.07142857142857142,0.07142857142857142,0.04285714285714286,1,1
100,4,95,scale_free,0.3,2051386971,70,30,1,0,69,0,0,0,0,0.0,0.014285714285714285,0.0,0.014285714285714285,0.014285714285714285,0.014285714285714285,0.014285714285714285,0.014285714285714285,0.0,0,0
100,4,95,er,0.4,2051386971,60,40,1,2,57,2,2,1,2,2.0,0.016666666666666666,0.03333333333333333,0.05,0.05,0.05,0.05,0.05,0.03333333333333333,1,1
100,4,95,ring,0.4,2051386971,60,40,0,8,52,5,5,2,5,4.0,0.0,0.13333333333333333,0.13333333333333333,0.08333333333333333,0.08333333333333333,0.08333333333333333,0.08333333333333333,0.08333333333333333,1,1
100,4,95,small_world,0.4,2051386971,60,40,3,0,57,0,0,0,0,0.0,0.05,0.0,0.05,0.05,0.05,0.05,0.05,0.0,0,0
100,4,95,scale_free,0.4,2051386971,60,40,1,0,59,0,0,0,0,0.0,0.016666666666666666,0.0,0.016666666666666666,0.016666666666666666,0.016666666666666666,0.016666666666666666,0.016666666666666666,0.0,0,0
100,4,95,er,0.5,2051386971,50,50,2,2,46,2,2,1,2,2.0,0.04,0.04,0.08,0.08,0.08,0.08,0.08,0.04,1,1
100,4,95,ring,0.5,2051386971,50,50,0,27,23,18,18,6,6,4.5,0.0,0.54,0.54,0.36,0.36,0.36,0.36,0.12,1,1
100,4,95,small_world,0.5,2051386971,50,50,5,37,8,0,0,1,37,37.0,0.1,0.74,0.84,0.1,0.1,0.1,0.1,0.74,0,0
100,4,95,scale_free,0.5,2051386971,50,50,1,40,9,0,0,1,40,40.0,0.02,0.8,0.82,0.02,0.02,0.02,0.02,0.8,0,0
100,4,95,er,0.6,2051386971,40,60,3,35,2,35,35,1,35,35.0,0.075,0.875,0.95,0.95,0.95,0.075,0.075,0.875,1,1
100,4,95,ring,0.6,2051386971,40,60,1,30,9,24,24,9,5,3.3333333333333335,0.025,0.75,0.775,0.625,0.625,0.625,0.625,0.125,1,1
100,4,95,small_world,0.6,2051386971,40,60,5,30,5,8,8,5,19,6.0,0.125,0.75,0.875,0.325,0.325,0.325,0.325,0.475,1,1
100,4,95,scale_free,0.6,2051386971,40,60,0,34,6,0,0,1,34,34.0,0.0,0.85,0.85,0.0,0.0,0.0,0.0,0.85,0,0
100,4,95,er,0.7,2051386971,30,70,3,26,1,26,26,1,26,26.0,0.1,0.8666666666666667,0.9666666666666667,0.9666666666666667,0.9666666666666667,0.1,0.1,0.8666666666666667,1,1
100,4,95,ring,0.7,2051386971,30,70,1,29,0,17,17,8,5,3.625,0.03333333333333333,0.9666666666666667,1.0,0.6,0.6,0.6,0.6,0.16666666666666666,1,1
100,4,95,small_world,0.7,2051386971,30,70,3,23,4,19,19,5,10,4.6,0.1,0.7666666666666667,0.8666666666666667,0.7333333333333333,0.7333333333333333,0.7333333333333333,0.7333333333333333,0.3333333333333333,1,1
100,4,95,scale_free,0.7,2051386971,30,70,1,26,3,26,26,1,26,26.0,0.03333333333333333,0.8666666666666667,0.9,0.9,0.9,0.03333333333333333,0.03333333333333333,0.8666666666666667,1,1
100,4,95,er,0.8,2051386971,20,80,2,17,1,17,17,1,17,17.0,0.1,0.85,0.95,0.95,0.95,0.1,0.1,0.85,1,1
100,4,95,ring,0.8,2051386971,20,80,5,15,0,15,15,4,6,3.75,0.25,0.75,1.0,1.0,1.0,1.0,1.0,0.3,1,1
100,4,95,small_world,0.8,2051386971,20,80,5,15,0,15,15,4,6,3.75,0.25,0.75,1.0,1.0,1.0,1.0,1.0,0.3,1,1
100,4,95,scale_free,0.8,2051386971,20,80,0,18,2,18,18,1,18,18.0,0.0,0.9,0.9,0.9,0.9,0.0,0.0,0.9,1,1
100,4,95,er,0.9,2051386971,10,90,2,8,0,8,8,3,4,2.6666666666666665,0.2,0.8,1.0,1.0,1.0,1.0,1.0,0.4,1,1
100,4,95,ring,0.9,2051386971,10,90,2,8,0,8,8,3,3,2.6666666666666665,0.2,0.8,1.0,1.0,1.0,1.0,1.0,0.3,1,1
100,4,95,small_world,0.9,2051386971,10,90,3,7,0,7,7,3,3,2.3333333333333335,0.3,0.7,1.0,1.0,1.0,1.0,1.0,0.3,1,1
100,4,95,scale_free,0.9,2051386971,10,90,0,10,0,10,10,2,8,5.0,0.0,1.0,1.0,1.0,1.0,1.0,1.0,0.8,1,1
100,4,96,er,0.1,2957913780,90,10,1,0,89,0,0,0,0,0.0,0.011111111111111112,0.0,0.011111111111111112,0.011111111111111112,0.011111111111111112,0.011111111111111112,0.011111111111111112,0.0,0,0
100,4,96,ring,0.1,2957913780,90,10,0,0,90,0,0,0,0,0.0,0.0,0.0,0.0,0.0,0.0,0.0,0.0,0.0,0,0
100,4,96,small_world,0.1,2957913780,90,10,0,0,90,0,0,0,0,0.0,0.0,0.0,0.0,0.0,0.0,0.0,0.0,0.0,0,0
100,4,96,scale_free,0.1,2957913780,90,10,0,0,90,0,0,0,0,0.0,0.0,0.0,0.0,0.0,0.0,0.0,0.0,0.0,0,0
100,4,96,er,0.2,2957913780,80,20,1,0,79,0,0,0,0,0.0,0.0125,0.0,0.0125,0.0125,0.0125,0.0125,0.0125,0.0,0,0
100,4,96,ring,0.2,2957913780,80,20,0,0,80,0,0,0,0,0.0,0.0,0.0,0.0,0.0,0.0,0.0,0.0,0.0,0,0
100,4,96,small_world,0.2,2957913780,80,20,0,0,80,0,0,0,0,0.0,0.0,0.0,0.0,0.0,0.0,0.0,0.0,0.0,0,0
100,4,96,scale_free,0.2,2957913780,80,20,0,0,80,0,0,0,0,0.0,0.0,0.0,0.0,0.0,0.0,0.0,0.0,0.0,0,0
100,4,96,er,0.3,2957913780,70,30,1,0,69,0,0,0,0,0.0,0.014285714285714285,0.0,0.014285714285714285,0.014285714285714285,0.014285714285714285,0.014285714285714285,0.014285714285714285,0.0,0,0
100,4,96,ring,0.3,2957913780,70,30,0,0,70,0,0,0,0,0.0,0.0,0.0,0.0,0.0,0.0,0.0,0.0,0.0,0,0
100,4,96,small_world,0.3,2957913780,70,30,1,0,69,0,0,0,0,0.0,0.014285714285714285,0.0,0.014285714285714285,0.014285714285714285,0.014285714285714285,0.014285714285714285,0.014285714285714285,0.0,0,0
100,4,96,scale_free,0.3,2957913780,70,30,1,0,69,0,0,0,0,0.0,0.014285714285714285,0.0,0.014285714285714285,0.014285714285714285,0.014285714285714285,0.014285714285714285,0.014285714285714285,0.0,0,0
100,4,96,er,0.4,2957913780,60,40,1,0,59,0,0,0,0,0.0,0.016666666666666666,0.0,0.016666666666666666,0.016666666666666666,0.016666666666666666,0.016666666666666666,0.016666666666666666,0.0,0,0
100,4,96,ring,0.4,2957913780,60,40,0,8,52,4,4,3,4,2.6666666666666665,0.0,0.13333333333333333,0.13333333333333333,0.06666666666666667,0.06666666666666667,0.06666666666666667,0.06666666666666667,0.06666666666666667,1,1
100,4,96,small_world,0.4,2957913780,60,40,1,15,44,2,2,3,9,5.0,0.016666666666666666,0.25,0.26666666666666666,0.05,0.05,0.05,0.05,0.15,1,1
100,4,96,scale_free,0.4,2957913780,60,40,1,0,59,0,0,0,0,0.0,0.016666666666666666,0.0,0.016666666666666666,0.016666666666666666,0.016666666666666666,0.016666666666666666,0.016666666666666666,0.0,0,0
100,4,96,er,0.5,2957913780,50,50,0,43,7,0,0,1,43,43.0,0.0,0.86,0.86,0.0,0.0,0.0,0.0,0.86,0,0
100,4,96,ring,0.5,2957913780,50,50,0,30,20,14,14,4,16,7.5,0.0,0.6,0.6,0.28,0.28,0.28,0.28,0.32,1,1
100,4,96,small_world,0.5,2957913780,50,50,1,32,17,2,2,4,19,8.0,0.02,0.64,0.66,0.06,0.06,0.06,0.06,0.38,1,1
100,4,96,scale_free,0.5,2957913780,50,50,0,0,50,0,0,0,0,0.0,0.0,0.0,0.0,0.0,0.0,0.0,0.0,0.0,0,0
100,4,96,er,0.6,2957913780,40,60,1,36,3,0,0,1,36,36.0,0.025,0.9,0.925,0.025,0.025,0.025,0.025,0.9,0,0
100,4,96,ring,0.6,2957913780,40,60,2,25,13,25,25,7,6,3.5714285714285716,0.05,0.625,0.675,0.675,0.675,0.675,0.675,0.15,1,1
100,4,96,small_world,0.6,2957913780,40,60,1,26,13,22,22,7,6,3.7142857142857144,0.025,0.65,0.675,0.575,0.575,0.575,0.575,0.15,1,1
100,4,96,scale_free,0.6,2957913780,40,60,1,35,4,2,2,2,33,17.5,0.025,0.875,0.9,0.075,0.075,0.075,0.075,0.825,1,1
100,4,96,er,0.7,2957913780,30,70,3,27,0,0,0,1,27,27.0,0.1,0.9,1.0,0.1,0.1,0.1,0.1,0.9,0,0
100,4,96,ring,0.7,2957913780,30,70,6,24,0,12,12,6,12,4.0,0.2,0.8,1.0,0.6,0.6,0.6,0.6,0.4,1,1
100,4,96,small_world,0.7,2957913780,30,70,5,25,0,13,13,4,12,6.25,0.16666666666666666,0.8333333333333334,1.0,0.6,0.6,0.6,0.6,0.4,1,1
100,4,96,scale_free,0.7,2957913780,30,70,3,26,1,0,0,1,26,26.0,0.1,0.8666666666666667,0.9666666666666667,0.1,0.1,0.1,0.1,0.8666666666666667,0,0
100,4,96,er,0.8,2957913780,20,80,2,18,0,18,18,1,18,18.0,0.1,0.9,1.0,1.0,1.0,0.1,0.1,0.9,1,1
100,4,96,ring,0.8,2957913780,20,80,7,6,7,6,6,2,3,3.0,0.35,0.3,0.65,0.65,0.65,0.65,0.65,0.15,1,1
100,4,96,small_world,0.8,2957913780,20,80,3,10,7,10,10,3,5,3.3333333333333335,0.15,0.5,0.65,0.65,0.65,0.65,0.65,0.25,1,1
100,4,96,scale_free,0.8,2957913780,20,80,6,14,0,2,2,2,12,7.0,0.3,0.7,1.0,0.4,0.4,0.4,0.4,0.6,1,1
100,4,96,er,0.9,2957913780,10,90,6,4,0,4,4,1,4,4.0,0.6,0.4,1.0,1.0,1.0,1.0,1.0,0.4,1,1
100,4,96,ring,0.9,2957913780,10,90,8,2,0,2,2,1,2,2.0,0.8,0.2,1.0,1.0,1.0,1.0,1.0,0.2,1,1
100,4,96,small_world,0.9,2957913780,10,90,6,4,0,4,4,2,2,2.0,0.6,0.4,1.0,1.0,1.0,1.0,1.0,0.2,1,1
100,4,96,scale_free,0.9,2957913780,10,90,2,8,0,8,8,3,4,2.6666666666666665,0.2,0.8,1.0,1.0,1.0,1.0,1.0,0.4,1,1
100,4,97,er,0.1,887013538,90,10,0,0,90,0,0,0,0,0.0,0.0,0.0,0.0,0.0,0.0,0.0,0.0,0.0,0,0
100,4,97,ring,0.1,887013538,90,10,0,0,90,0,0,0,0,0.0,0.0,0.0,0.0,0.0,0.0,0.0,0.0,0.0,0,0
100,4,97,small_world,0.1,887013538,90,10,1,0,89,0,0,0,0,0.0,0.011111111111111112,0.0,0.011111111111111112,0.011111111111111112,0.011111111111111112,0.011111111111111112,0.011111111111111112,0.0,0,0
100,4,97,scale_free,0.1,887013538,90,10,0,0,90,0,0,0,0,0.0,0.0,0.0,0.0,0.0,0.0,0.0,0.0,0.0,0,0
100,4,97,er,0.2,887013538,80,20,0,0,80,0,0,0,0,0.0,0.0,0.0,0.0,0.0,0.0,0.0,0.0,0.0,0,0
100,4,97,ring,0.2,887013538,80,20,0,0,80,0,0,0,0,0.0,0.0,0.0,0.0,0.0,0.0,0.0,0.0,0.0,0,0
100,4,97,small_world,0.2,887013538,80,20,0,0,80,0,0,0,0,0.0,0.0,0.0,0.0,0.0,0.0,0.0,0.0,0.0,0,0
100,4,97,scale_free,0.2,887013538,80,20,2,0,78,0,0,0,0,0.0,0.025,0.0,0.025,0.025,0.025,0.025,0.025,0.0,0,0
100,4,97,er,0.3,887013538,70,30,1,2,67,2,2,1,2,2.0,0.014285714285714285,0.02857142857142857,0.04285714285714286,0.04285714285714286,0.04285714285714286,0.04285714285714286,0.04285714285714286,0.02857142857142857,1,1
100,4,97,ring,0.3,887013538,70,30,0,0,70,0,0,0,0,0.0,0.0,0.0,0.0,0.0,0.0,0.0,0.0,0.0,0,0
100,4,97,small_world,0.3,887013538,70,30,0,0,70,0,0,0,0,0.0,0.0,0.0,0.0,0.0,0.0,0.0,0.0,0.0,0,0
100,4,97,scale_free,0.3,887013538,70,30,3,0,67,0,0,0,0,0.0,0.04285714285714286,0.0,0.04285714285714286,0.04285714285714286,0.04285714285714286,0.04285714285714286,0.04285714285714286,0.0,0,0
100,4,97,er,0.4,887013538,60,40,2,0,58,0,0,0,0,0.0,0.03333333333333333,0.0,0.03333333333333333,0.03333333333333333,0.03333333333333333,0.03333333333333333,0.03333333333333333,0.0,0,0
100,4,97,ring,0.4,887013538,60,40,0,7,53,2,2,2,5,3.5,0.0,0.11666666666666667,0.11666666666666667,0.03333333333333333,0.03333333333333333,0.03333333333333333,0.03333333333333333,0.08333333333333333,1,1
100,4,97,small_world,0.4,887013538,60,40,0,2,58,2,2,1,2,2.0,0.0,0.03333333333333333,0.03333333333333333,0.03333333333333333,0.03333333333333333,0.03333333333333333,0.03333333333333333,0.03333333333333333,1,1
100,4,97,scale_free,0.4,887013538,60,40,3,0,57,0,0,0,0,0.0,0.05,0.0,0.05,0.05,0.05,0.05,0.05,0.0,0,0
100,4,97,er,0.5,887013538,50,50,1,41,8,0,0,1,41,41.0,0.02,0.82,0.84,0.02,0.02,0.02,0.02,0.82,0,0
100,4,97,ring,0.5,887013538,50,50,1,20,29,9,9,3,9,6.666666666666667,0.02,0.4,0.42,0.2,0.2,0.2,0.2,0.18,1,1
100,4,97,small_world,0.5,887013538,50,50,0,41,9,0,0,2,28,20.5,0.0,0.82,0.82,0.0,0.0,0.0,0.0,0.56,0,0
100,4,97,scale_free,0.5,887013538,50,50,3,36,11,0,0,1,36,36.0,0.06,0.72,0.78,0.06,0.06,0.06,0.06,0.72,0,0
100,4,97,er,0.6,887013538,40,60,3,29,8,0,0,1,29,29.0,0.075,0.725,0.8,0.075,0.075,0.075,0.075,0.725,0,0
100,4,97,ring,0.6,887013538,40,60,1,31,8,23,23,5,12,6.2,0.025,0.775,0.8,0.6,0.6,0.3,0.3,0.3,1,1
100,4,97,small_world,0.6,887013538,40,60,1,35,4,0,0,2,24,17.5,0.025,0.875,0.9,0.025,0.025,0.025,0.025,0.6,0,0
100,4,97,scale_free,0.6,887013538,40,60,2,37,1,0,0,1,37,37.0,0.05,0.925,0.975,0.05,0.05,0.05,0.05,0.925,0,0
100,4,97,er,0.7,887013538,30,70,2,25,3,25,25,1,25,25.0,0.06666666666666667,0.8333333333333334,0.9,0.9,0.9,0.06666666666666667,0.06666666666666667,0.8333333333333334,1,1
100,4,97,ring,0.7,887013538,30,70,1,29,0,29,29,6,10,4.833333333333333,0.03333333333333333,0.9666666666666667,1.0,1.0,1.0,1.0,1.0,0.3333333333333333,1,1
100,4,97,small_world,0.7,887013538,30,70,1,29,0,29,29,1,29,29.0,0.03333333333333333,0.9666666666666667,1.0,1.0,1.0,0.03333333333333333,0.03333333333333333,0.9666666666666667,1,1
100,4,97,scale_free,0.7,887013538,30,70,2,28,0,28,28,1,28,28.0,0.06666666666666667,0.9333333333333333,1.0,1.0,1.0,0.06666666666666667,0.06666666666666667,0.9333333333333333,1,1
100,4,97,er,0.8,887013538,20,80,5,13,2,13,13,2,10,6.5,0.25,0.65,0.9,0.9,0.9,0.9,0.9,0.5,1,1
100,4,97,ring,0.8,887013538,20,80,3,17,0,17,17,6,4,2.8333333333333335,0.15,0.85,1.0,1.0,1.0,1.0,1.0,0.2,1,1
100,4,97,small_world,0.8,887013538,20,80,2,18,0,18,18,3,13,6.0,0.1,0.9,1.0,1.0,1.0,0.35,0.35,0.65,1,1
100,4,97,scale_free,0.8,887013538,20,80,3,17,0,17,17,1,17,17.0,0.15,0.85,1.0,1.0,1.0,0.15,0.15,0.85,1,1
100,4,97,er,0.9,887013538,10,90,3,7,0,7,7,2,5,3.5,0.3,0.7,1.0,1.0,1.0,1.0,1.0,0.5,1,1
100,4,97,ring,0.9,887013538,10,90,5,5,0,5,5,2,3,2.5,0.5,0.5,1.0,1.0,1.0,1.0,1.0,0.3,1,1
100,4,97,small_world,0.9,887013538,10,90,3,7,0,7,7,2,5,3.5,0.3,0.7,1.0,1.0,1.0,1.0,1.0,0.5,1,1
100,4,97,scale_free,0.9,887013538,10,90,2,8,0,8,8,1,8,8.0,0.2,0.8,1.0,1.0,1.0,1.0,1.0,0.8,1,1
100,4,98,er,0.1,2310140860,90,10,0,0,90,0,0,0,0,0.0,0.0,0.0,0.0,0.0,0.0,0.0,0.0,0.0,0,0
100,4,98,ring,0.1,2310140860,90,10,0,0,90,0,0,0,0,0.0,0.0,0.0,0.0,0.0,0.0,0.0,0.0,0.0,0,0
100,4,98,small_world,0.1,2310140860,90,10,0,0,90,0,0,0,0,0.0,0.0,0.0,0.0,0.0,0.0,0.0,0.0,0.0,0,0
100,4,98,scale_free,0.1,2310140860,90,10,0,0,90,0,0,0,0,0.0,0.0,0.0,0.0,0.0,0.0,0.0,0.0,0.0,0,0
100,4,98,er,0.2,2310140860,80,20,0,0,80,0,0,0,0,0.0,0.0,0.0,0.0,0.0,0.0,0.0,0.0,0.0,0,0
100,4,98,ring,0.2,2310140860,80,20,0,0,80,0,0,0,0,0.0,0.0,0.0,0.0,0.0,0.0,0.0,0.0,0.0,0,0
100,4,98,small_world,0.2,2310140860,80,20,0,0,80,0,0,0,0,0.0,0.0,0.0,0.0,0.0,0.0,0.0,0.0,0.0,0,0
100,4,98,scale_free,0.2,2310140860,80,20,2,0,78,0,0,0,0,0.0,0.025,0.0,0.025,0.025,0.025,0.025,0.025,0.0,0,0
100,4,98,er,0.3,2310140860,70,30,0,0,70,0,0,0,0,0.0,0.0,0.0,0.0,0.0,0.0,0.0,0.0,0.0,0,0
100,4,98,ring,0.3,2310140860,70,30,0,0,70,0,0,0,0,0.0,0.0,0.0,0.0,0.0,0.0,0.0,0.0,0.0,0,0
100,4,98,small_world,0.3,2310140860,70,30,0,0,70,0,0,0,0,0.0,0.0,0.0,0.0,0.0,0.0,0.0,0.0,0.0,0,0
100,4,98,scale_free,0.3,2310140860,70,30,2,0,68,0,0,0,0,0.0,0.02857142857142857,0.0,0.02857142857142857,0.02857142857142857,0.02857142857142857,0.02857142857142857,0.02857142857142857,0.0,0,0
100,4,98,er,0.4,2310140860,60,40,0,0,60,0,0,0,0,0.0,0.0,0.0,0.0,0.0,0.0,0.0,0.0,0.0,0,0
100,4,98,ring,0.4,2310140860,60,40,0,0,60,0,0,0,0,0.0,0.0,0.0,0.0,0.0,0.0,0.0,0.0,0.0,0,0
100,4,98,small_world,0.4,2310140860,60,40,0,0,60,0,0,0,0,0.0,0.0,0.0,0.0,0.0,0.0,0.0,0.0,0.0,0,0
100,4,98,scale_free,0.4,2310140860,60,40,1,0,59,0,0,0,0,0.0,0.016666666666666666,0.0,0.016666666666666666,0.016666666666666666,0.016666666666666666,0.016666666666666666,0.016666666666666666,0.0,0,0
100,4,98,er,0.5,2310140860,50,50,2,0,48,0,0,0,0,0.0,0.04,0.0,0.04,0.04,0.04,0.04,0.04,0.0,0,0
100,4,98,ring,0.5,2310140860,50,50,0,35,15,18,18,5,13,7.0,0.0,0.7,0.7,0.36,0.36,0.12,0.12,0.26,1,1
100,4,98,small_world,0.5,2310140860,50,50,0,39,11,0,0,1,39,39.0,0.0,0.78,0.78,0.0,0.0,0.0,0.0,0.78,0,0
100,4,98,scale_free,0.5,2310140860,50,50,1,35,14,0,0,1,35,35.0,0.02,0.7,0.72,0.02,0.02,0.02,0.02,0.7,0,0
100,4,98,er,0.6,2310140860,40,60,1,38,1,4,4,3,34,12.666666666666666,0.025,0.95,0.975,0.125,0.125,0.125,0.125,0.85,1,1
100,4,98,ring,0.6,2310140860,40,60,1,26,13,16,16,6,10,4.333333333333333,0.025,0.65,0.675,0.425,0.425,0.425,0.425,0.25,1,1
100,4,98,small_world,0.6,2310140860,40,60,1,31,8,12,12,2,19,15.5,0.025,0.775,0.8,0.325,0.325,0.025,0.025,0.475,1,1
100,4,98,scale_free,0.6,2310140860,40,60,1,35,4,0,0,1,35,35.0,0.025,0.875,0.9,0.025,0.025,0.025,0.025,0.875,0,0
100,4,98,er,0.7,2310140860,30,70,2,27,1,27,27,1,27,27.0,0.06666666666666667,0.9,0.9666666666666667,0.9666666666666667,0.9666666666666667,0.06666666666666667,0.06666666666666667,0.9,1,1
100,4,98,ring,0.7,2310140860,30,70,1,29,0,29,29,5,13,5.8,0.03333333333333333,0.9666666666666667,1.0,1.0,1.0,0.5666666666666667,0.5666666666666667,0.43333333333333335,1,1
100,4,98,small_world,0.7,2310140860,30,70,1,29,0,10,10,3,19,9.666666666666666,0.03333333333333333,0.9666666666666667,1.0,0.36666666666666664,0.36666666666666664,0.36666666666666664,0.36666666666666664,0.6333333333333333,1,1
100,4,98,scale_free,0.7,2310140860,30,70,1,26,3,26,26,1,26,26.0,0.03333333333333333,0.8666666666666667,0.9,0.9,0.9,0.03333333333333333,0.03333333333333333,0.8666666666666667,1,1
100,4,98,er,0.8,2310140860,20,80,4,16,0,16,16,2,14,8.0,0.2,0.8,1.0,1.0,1.0,0.3,0.3,0.7,1,1
100,4,98,ring,0.8,2310140860,20,80,4,16,0,16,16,5,7,3.2,0.2,0.8,1.0,1.0,1.0,1.0,1.0,0.35,1,1
100,4,98,small_world,0.8,2310140860,20,80,4,16,0,16,16,2,14,8.0,0.2,0.8,1.0,1.0,1.0,0.3,0.3,0.7,1,1
100,4,98,scale_free,0.8,2310140860,20,80,1,17,2,17,17,1,17,17.0,0.05,0.85,0.9,0.9,0.9,0.05,0.05,0.85,1,1
100,4,98,er,0.9,2310140860,10,90,4,6,0,6,6,1,6,6.0,0.4,0.6,1.0,1.0,1.0,1.0,1.0,0.6,1,1
100,4,98,ring,0.9,2310140860,10,90,8,2,0,2,2,1,2,2.0,0.8,0.2,1.0,1.0,1.0,1.0,1.0,0.2,1,1
100,4,98,small_world,0.9,2310140860,10,90,5,5,0,5,5,2,3,2.5,0.5,0.5,1.0,1.0,1.0,1.0,1.0,0.3,1,1
100,4,98,scale_free,0.9,2310140860,10,90,2,8,0,8,8,1,8,8.0,0.2,0.8,1.0,1.0,1.0,1.0,1.0,0.8,1,1
100,4,99,er,0.1,142532691,90,10,0,0,90,0,0,0,0,0.0,0.0,0.0,0.0,0.0,0.0,0.0,0.0,0.0,0,0
100,4,99,ring,0.1,142532691,90,10,0,0,90,0,0,0,0,0.0,0.0,0.0,0.0,0.0,0.0,0.0,0.0,0.0,0,0
100,4,99,small_world,0.1,142532691,90,10,0,2,88,0,0,1,2,2.0,0.0,0.022222222222222223,0.022222222222222223,0.0,0.0,0.0,0.0,0.022222222222222223,0,0
100,4,99,scale_free,0.1,142532691,90,10,0,0,90,0,0,0,0,0.0,0.0,0.0,0.0,0.0,0.0,0.0,0.0,0.0,0,0
100,4,99,er,0.2,142532691,80,20,0,0,80,0,0,0,0,0.0,0.0,0.0,0.0,0.0,0.0,0.0,0.0,0.0,0,0
100,4,99,ring,0.2,142532691,80,20,0,0,80,0,0,0,0,0.0,0.0,0.0,0.0,0.0,0.0,0.0,0.0,0.0,0,0
100,4,99,small_world,0.2,142532691,80,20,0,0,80,0,0,0,0,0.0,0.0,0.0,0.0,0.0,0.0,0.0,0.0,0.0,0,0
100,4,99,scale_free,0.2,142532691,80,20,0,0,80,0,0,0,0,0.0,0.0,0.0,0.0,0.0,0.0,0.0,0.0,0.0,0,0
100,4,99,er,0.3,142532691,70,30,0,0,70,0,0,0,0,0.0,0.0,0.0,0.0,0.0,0.0,0.0,0.0,0.0,0,0
100,4,99,ring,0.3,142532691,70,30,0,11,59,0,0,2,8,5.5,0.0,0.15714285714285714,0.15714285714285714,0.0,0.0,0.0,0.0,0.11428571428571428,0,0
100,4,99,small_world,0.3,142532691,70,30,0,3,67,0,3,1,3,3.0,0.0,0.04285714285714286,0.04285714285714286,0.0,0.04285714285714286,0.0,0.04285714285714286,0.04285714285714286,0,1
100,4,99,scale_free,0.3,142532691,70,30,1,0,69,0,0,0,0,0.0,0.014285714285714285,0.0,0.014285714285714285,0.014285714285714285,0.014285714285714285,0.014285714285714285,0.014285714285714285,0.0,0,0
100,4,99,er,0.4,142532691,60,40,2,0,58,0,0,0,0,0.0,0.03333333333333333,0.0,0.03333333333333333,0.03333333333333333,0.03333333333333333,0.03333333333333333,0.03333333333333333,0.0,0,0
100,4,99,ring,0.4,142532691,60,40,0,9,51,9,9,2,7,4.5,0.0,0.15,0.15,0.15,0.15,0.15,0.15,0.11666666666666667,1,1
100,4,99,small_world,0.4,142532691,60,40,0,7,53,0,0,1,7,7.0,0.0,0.11666666666666667,0.11666666666666667,0.0,0.0,0.0,0.0,0.11666666666666667,0,0
100,4,99,scale_free,0.4,142532691,60,40,1,2,57,2,2,1,2,2.0,0.016666666666666666,0.03333333333333333,0.05,0.05,0.05,0.05,0.05,0.03333333333333333,1,1
100,4,99,er,0.5,142532691,50,50,4,38,8,0,0,1,38,38.0,0.08,0.76,0.84,0.08,0.08,0.08,0.08,0.76,0,0
100,4,99,ring,0.5,142532691,50,50,1,34,15,24,24,6,12,5.666666666666667,0.02,0.68,0.7,0.5,0.5,0.26,0.26,0.24,1,1
100,4,99,small_world,0.5,142532691,50,50,2,13,35,13,13,2,10,6.5,0.04,0.26,0.3,0.3,0.3,0.3,0.3,0.2,1,1
100,4,99,scale_free,0.5,142532691,50,50,2,0,48,0,0,0,0,0.0,0.04,0.0,0.04,0.04,0.04,0.04,0.04,0.0,0,0
100,4,99,er,0.6,142532691,40,60,2,34,4,34,34,1,34,34.0,0.05,0.85,0.9,0.9,0.9,0.05,0.05,0.85,1,1
100,4,99,ring,0.6,142532691,40,60,1,36,3,26,26,10,7,3.6,0.025,0.9,0.925,0.675,0.675,0.675,0.675,0.175,1,1
100,4,99,small_world,0.6,142532691,40,60,2,35,3,22,22,5,10,7.0,0.05,0.875,0.925,0.6,0.6,0.6,0.6,0.25,1,1
100,4,99,scale_free,0.6,142532691,40,60,3,31,6,0,0,1,31,31.0,0.075,0.775,0.85,0.075,0.075,0.075,0.075,0.775,0,0
100,4,99,er,0.7,142532691,30,70,4,24,2,24,24,1,24,24.0,0.13333333333333333,0.8,0.9333333333333333,0.9333333333333333,0.9333333333333333,0.13333333333333333,0.13333333333333333,0.8,1,1
100,4,99,ring,0.7,142532691,30,70,3,25,2,19,19,9,4,2.7777777777777777,0.1,0.8333333333333334,0.9333333333333333,0.7333333333333333,0.7333333333333333,0.7333333333333333,0.7333333333333333,0.13333333333333333,1,1
100,4,99,small_world,0.7,142532691,30,70,3,25,2,21,21,6,6,4.166666666666667,0.1,0.8333333333333334,0.9333333333333333,0.8,0.8,0.8,0.8,0.2,1,1
100,4,99,scale_free,0.7,142532691,30,70,1,29,0,0,0,1,29,29.0,0.03333333333333333,0.9666666666666667,1.0,0.03333333333333333,0.03333333333333333,0.03333333333333333,0.03333333333333333,0.9666666666666667,0,0
100,4,99,er,0.8,142532691,20,80,6,13,1,13,13,4,5,3.25,0.3,0.65,0.95,0.95,0.95,0.95,0.95,0.25,1,1
100,4,99,ring,0.8,142532691,20,80,5,14,1,11,11,5,4,2.8,0.25,0.7,0.95,0.8,0.8,0.8,0.8,0.2,1,1
100,4,99,small_world,0.8,142532691,20,80,5,14,1,14,14,3,9,4.666666666666667,0.25,0.7,0.95,0.95,0.95,0.95,0.95,0.45,1,1
100,4,99,scale_free,0.8,142532691,20,80,1,19,0,5,5,3,14,6.333333333333333,0.05,0.95,1.0,0.3,0.3,0.3,0.3,0.7,1,1
100,4,99,er,0.9,142532691,10,90,5,4,1,4,4,2,2,2.0,0.5,0.4,0.9,0.9,0.9,0.9,0.9,0.2,1,1
100,4,99,ring,0.9,142532691,10,90,5,5,0,5,5,2,3,2.5,0.5,0.5,1.0,1.0,1.0,1.0,1.0,0.3,1,1
100,4,99,small_world,0.9,142532691,10,90,5,5,0,5,5,2,3,2.5,0.5,0.5,1.0,1.0,1.0,1.0,1.0,0.3,1,1
100,4,99,scale_free,0.9,142532691,10,90,3,7,0,0,0,1,7,7.0,0.3,0.7,1.0,0.3,0.3,0.3,0.3,0.7,0,0
200,4,0,er,0.1,1838017743,180,20,1,0,179,0,0,0,0,0.0,0.005555555555555556,0.0,0.005555555555555556,0.005555555555555556,0.005555555555555556,0.005555555555555556,0.005555555555555556,0.0,0,0
200,4,0,ring,0.1,1838017743,180,20,0,0,180,0,0,0,0,0.0,0.0,0.0,0.0,0.0,0.0,0.0,0.0,0.0,0,0
200,4,0,small_world,0.1,1838017743,180,20,0,0,180,0,0,0,0,0.0,0.0,0.0,0.0,0.0,0.0,0.0,0.0,0.0,0,0
200,4,0,scale_free,0.1,1838017743,180,20,0,0,180,0,0,0,0,0.0,0.0,0.0,0.0,0.0,0.0,0.0,0.0,0.0,0,0
200,4,0,er,0.2,1838017743,160,40,3,0,157,0,0,0,0,0.0,0.01875,0.0,0.01875,0.01875,0.01875,0.01875,0.01875,0.0,0,0
200,4,0,ring,0.2,1838017743,160,40,0,4,156,4,4,2,2,2.0,0.0,0.025,0.025,0.025,0.025,0.025,0.025,0.0125,1,1
200,4,0,small_world,0.2,1838017743,160,40,0,2,158,2,2,1,2,2.0,0.0,0.0125,0.0125,0.0125,0.0125,0.0125,0.0125,0.0125,1,1
200,4,0,scale_free,0.2,1838017743,160,40,1,2,157,2,2,1,2,2.0,0.00625,0.0125,0.01875,0.01875,0.01875,0.01875,0.01875,0.0125,1,1
200,4,0,er,0.3,1838017743,140,60,4,0,136,0,0,0,0,0.0,0.02857142857142857,0.0,0.02857142857142857,0.02857142857142857,0.02857142857142857,0.02857142857142857,0.02857142857142857,0.0,0,0
200,4,0,ring,0.3,1838017743,140,60,0,4,136,4,4,2,2,2.0,0.0,0.02857142857142857,0.02857142857142857,0.02857142857142857,0.02857142857142857,0.02857142857142857,0.02857142857142857,0.014285714285714285,1,1
200,4,0,small_world,0.3,1838017743,140,60,1,7,132,7,7,3,3,2.3333333333333335,0.007142857142857143,0.05,0.05714285714285714,0.05714285714285714,0.05714285714285714,0.05714285714285714,0.05714285714285714,0.02142857142857143,1,1
200,4,0,scale_free,0.3,1838017743,140,60,4,0,136,0,0,0,0,0.0,0.02857142857142857,0.0,0.02857142857142857,0.02857142857142857,0.02857142857142857,0.02857142857142857,0.02857142857142857,0.0,0,0
200,4,0,er,0.4,1838017743,120,80,7,0,113,0,0,0,0,0.0,0.058333333333333334,0.0,0.058333333333333334,0.058333333333333334,0.058333333333333334,0.058333333333333334,0.058333333333333334,0.0,0,0
200,4,0,ring,0.4,1838017743,120,80,0,14,106,8,8,3,6,4.666666666666667,0.0,0.11666666666666667,0.11666666666666667,0.06666666666666667,0.06666666666666667,0.06666666666666667,0.06666666666666667,0.05,1,1
200,4,0,small_world,0.4,1838017743,120,80,2,6,112,6,6,2,3,3.0,0.016666666666666666,0.05,0.06666666666666667,0.06666666666666667,0.06666666666666667,0.06666666666666667,0.06666666666666667,0.025,1,1
200,4,0,scale_free,0.4,1838017743,120,80,5,0,115,0,0,0,0,0.0,0.041666666666666664,0.0,0.041666666666666664,0.041666666666666664,0.041666666666666664,0.041666666666666664,0.041666666666666664,0.0,0,0
200,4,0,er,0.5,1838017743,100,100,4,78,18,0,0,1,78,78.0,0.04,0.78,0.82,0.04,0.04,0.04,0.04,0.78,0,0
200,4,0,ring,0.5,1838017743,100,100,0,27,73,27,27,6,8,4.5,0.0,0.27,0.27,0.27,0.27,0.27,0.27,0.08,1,1
200,4,0,small_world,0.5,1838017743,100,100,1,13,86,13,13,3,8,4.333333333333333,0.01,0.13,0.14,0.14,0.14,0.14,0.14,0.08,1,1
200,4,0,scale_free,0.5,1838017743,100,100,3,81,16,0,0,1,81,81.0,0.03,0.81,0.84,0.03,0.03,0.03,0.03,0.81,0,0
200,4,0,er,0.6,1838017743,80,120,4,69,7,0,0,1,69,69.0,0.05,0.8625,0.9125,0.05,0.05,0.05,0.05,0.8625,0,0
200,4,0,ring,0.6,1838017743,80,120,2,62,16,23,23,9,25,6.888888888888889,0.025,0.775,0.8,0.3125,0.3125,0.3125,0.3125,0.3125,1,1
200,4,0,small_world,0.6,1838017743,80,120,1,78,1,10,10,5,52,15.6,0.0125,0.975,0.9875,0.1375,0.1375,0.1375,0.1375,0.65,1,1
200,4,0,scale_free,0.6,1838017743,80,120,5,68,7,0,0,1,68,68.0,0.0625,0.85,0.9125,0.0625,0.0625,0.0625,0.0625,0.85,0,0
200,4,0,er,0.7,1838017743,60,140,5,52,3,52,52,3,48,17.333333333333332,0.08333333333333333,0.8666666666666667,0.95,0.95,0.95,0.15,0.15,0.8,1,1
200,4,0,ring,0.7,1838017743,60,140,4,56,0,43,43,11,11,5.090909090909091,0.06666666666666667,0.9333333333333333,1.0,0.7833333333333333,0.7833333333333333,0.6,0.6,0.18333333333333332,1,1
200,4,0,small_world,0.7,1838017743,60,140,3,56,1,56,56,7,23,8.0,0.05,0.9333333333333333,0.9833333333333333,0.9833333333333333,0.9833333333333333,0.3333333333333333,0.3333333333333333,0.38333333333333336,1,1
200,4,0,scale_free,0.7,1838017743,60,140,2,56,2,0,0,1,56,56.0,0.03333333333333333,0.9333333333333333,0.9666666666666667,0.03333333333333333,0.03333333333333333,0.03333333333333333,0.03333333333333333,0.9333333333333333,0,0
200,4,0,er,0.8,1838017743,40,160,6,33,1,33,33,1,33,33.0,0.15,0.825,0.975,0.975,0.975,0.15,0.15,0.825,1,1
200,4,0,ring,0.8,1838017743,40,160,9,31,0,25,25,9,7,3.4444444444444446,0.225,0.775,1.0,0.85,0.85,0.85,0.85,0.175,1,1
200,4,0,small_world,0.8,1838017743,40,160,7,33,0,33,33,8,10,4.125,0.175,0.825,1.0,1.0,1.0,1.0,1.0,0.25,1,1
200,4,0,scale_free,0.8,1838017743,40,160,4,36,0,36,36,1,36,36.0,0.1,0.9,1.0,1.0,1.0,0.1,0.1,0.9,1,1
200,4,0,er,0.9,1838017743,20,180,7,13,0,13,13,3,8,4.333333333333333,0.35,0.65,1.0,1.0,1.0,1.0,1.0,0.4,1,1
200,4,0,ring,0.9,1838017743,20,180,12,8,0,8,8,3,3,2.6666666666666665,0.6,0.4,1.0,1.0,1.0,1.0,1.0,0.15,1,1
200,4,0,small_world,0.9,1838017743,20,180,10,10,0,10,10,4,3,2.5,0.5,0.5,1.0,1.0,1.0,1.0,1.0,0.15,1,1
200,4,0,scale_free,0.9,1838017743,20,180,4,16,0,16,16,1,16,16.0,0.2,0.8,1.0,1.0,1.0,0.2,0.2,0.8,1,1
200,4,1,er,0.1,1090643372,180,20,0,0,180,0,0,0,0,0.0,0.0,0.0,0.0,0.0,0.0,0.0,0.0,0.0,0,0
200,4,1,ring,0.1,1090643372,180,20,0,0,180,0,0,0,0,0.0,0.0,0.0,0.0,0.0,0.0,0.0,0.0,0.0,0,0
200,4,1,small_world,0.1,1090643372,180,20,0,0,180,0,0,0,0,0.0,0.0,0.0,0.0,0.0,0.0,0.0,0.0,0.0,0,0
200,4,1,scale_free,0.1,1090643372,180,20,0,0,180,0,0,0,0,0.0,0.0,0.0,0.0,0.0,0.0,0.0,0.0,0.0,0,0
200,4,1,er,0.2,1090643372,160,40,1,0,159,0,0,0,0,0.0,0.00625,0.0,0.00625,0.00625,0.00625,0.00625,0.00625,0.0,0,0
200,4,1,ring,0.2,1090643372,160,40,0,4,156,4,4,2,2,2.0,0.0,0.025,0.025,0.025,0.025,0.025,0.025,0.0125,1,1
200,4,1,small_world,0.2,1090643372,160,40,0,2,158,2,2,1,2,2.0,0.0,0.0125,0.0125,0.0125,0.0125,0.0125,0.0125,0.0125,1,1
200,4,1,scale_free,0.2,1090643372,160,40,4,0,156,0,0,0,0,0.0,0.025,0.0,0.025,0.025,0.025,0.025,0.025,0.0,0,0
200,4,1,er,0.3,1090643372,140,60,6,0,134,0,0,0,0,0.0,0.04285714285714286,0.0,0.04285714285714286,0.04285714285714286,0.04285714285714286,0.04285714285714286,0.04285714285714286,0.0,0,0
200,4,1,ring,0.3,1090643372,140,60,0,9,131,2,2,2,7,4.5,0.0,0.06428571428571428,0.06428571428571428,0.014285714285714285,0.014285714285714285,0.014285714285714285,0.014285714285714285,0.05,1,1
200,4,1,small_world,0.3,1090643372,140,60,2,6,132,6,6,1,6,6.0,0.014285714285714285,0.04285714285714286,0.05714285714285714,0.05714285714285714,0.05714285714285714,0.05714285714285714,0.05714285714285714,0.04285714285714286,1,1
200,4,1,scale_free,0.3,1090643372,140,60,4,2,134,2,2,1,2,2.0,0.02857142857142857,0.014285714285714285,0.04285714285714286,0.04285714285714286,0.04285714285714286,0.04285714285714286,0.04285714285714286,0.014285714285714285,1,1
200,4,1,er,0.4,1090643372,120,80,8,2,110,2,2,1,2,2.0,0.06666666666666667,0.016666666666666666,0.08333333333333333,0.08333333333333333,0.08333333333333333,0.08333333333333333,0.08333333333333333,0.016666666666666666,1,1
200,4,1,ring,0.4,1090643372,120,80,0,24,96,10,10,4,14,6.0,0.0,0.2,0.2,0.08333333333333333,0.08333333333333333,0.08333333333333333,0.08333333333333333,0.11666666666666667,1,1
200,4,1,small_world,0.4,1090643372,120,80,0,18,102,14,14,4,7,4.5,0.0,0.15,0.15,0.11666666666666667,0.11666666666666667,0.11666666666666667,0.11666666666666667,0.058333333333333334,1,1
200,4,1,scale_free,0.4,1090643372,120,80,4,0,116,0,0,0,0,0.0,0.03333333333333333,0.0,0.03333333333333333,0.03333333333333333,0.03333333333333333,0.03333333333333333,0.03333333333333333,0.0,0,0
200,4,1,er,0.5,1090643372,100,100,7,80,13,7,7,3,73,26.666666666666668,0.07,0.8,0.87,0.14,0.14,0.14,0.14,0.73,1,1
200,4,1,ring,0.5,1090643372,100,100,1,46,53,23,23,6,16,7.666666666666667,0.01,0.46,0.47,0.24,0.24,0.13,0.13,0.16,1,1
200,4,1,small_world,0.5,1090643372,100,100,0,87,13,21,21,5,66,17.4,0.0,0.87,0.87,0.21,0.21,0.21,0.21,0.66,1,1
200,4,1,scale_free,0.5,1090643372,100,100,5,78,17,0,0,1,78,78.0,0.05,0.78,0.83,0.05,0.05,0.05,0.05,0.78,0,0
200,4,1,er,0.6,1090643372,80,120,6,65,9,3,3,2,62,32.5,0.075,0.8125,0.8875,0.1125,0.1125,0.1125,0.1125,0.775,1,1
200,4,1,ring,0.6,1090643372,80,120,2,70,8,22,22,13,15,5.384615384615385,0.025,0.875,0.9,0.3,0.3,0.3,0.3,0.1875,1,1
200,4,1,small_world,0.6,1090643372,80,120,3,71,6,20,20,6,38,11.833333333333334,0.0375,0.8875,0.925,0.2875,0.2875,0.2875,0.2875,0.475,1,1
200,4,1,scale_free,0.6,1090643372,80,120,5,68,7,0,0,1,68,68.0,0.0625,0.85,0.9125,0.0625,0.0625,0.0625,0.0625,0.85,0,0
200,4,1,er,0.7,1090643372,60,140,2,53,5,5,5,3,48,17.666666666666668,0.03333333333333333,0.8833333333333333,0.9166666666666666,0.11666666666666667,0.11666666666666667,0.11666666666666667,0.11666666666666667,0.8,1,1
200,4,1,ring,0.7,1090643372,60,140,4,55,1,39,39,13,10,4.230769230769231,0.06666666666666667,0.9166666666666666,0.9833333333333333,0.7166666666666667,0.7166666666666667,0.7166666666666667,0.7166666666666667,0.16666666666666666,1,1
200,4,1,small_world,0.7,1090643372,60,140,6,53,1,21,21,6,32,8.833333333333334,0.1,0.8833333333333333,0.9833333333333333,0.45,0.45,0.45,0.45,0.5333333333333333,1,1
200,4,1,scale_free,0.7,1090643372,60,140,4,51,5,51,51,1,51,51.0,0.06666666666666667,0.85,0.9166666666666666,0.9166666666666666,0.9166666666666666,0.06666666666666667,0.06666666666666667,0.85,1,1
200,4,1,er,0.8,1090643372,40,160,5,33,2,33,33,5,24,6.6,0.125,0.825,0.95,0.95,0.95,0.35,0.35,0.6,1,1
200,4,1,ring,0.8,1090643372,40,160,8,32,0,32,32,11,6,2.909090909090909,0.2,0.8,1.0,1.0,1.0,1.0,1.0,0.15,1,1
200,4,1,small_world,0.8,1090643372,40,160,6,34,0,34,34,10,9,3.4,0.15,0.85,1.0,1.0,1.0,1.0,1.0,0.225,1,1
200,4,1,scale_free,0.8,1090643372,40,160,6,31,3,31,31,1,31,31.0,0.15,0.775,0.925,0.925,0.925,0.15,0.15,0.775,1,1
200,4,1,er,0.9,1090643372,20,180,6,13,1,13,13,3,9,4.333333333333333,0.3,0.65,0.95,0.95,0.95,0.95,0.95,0.45,1,1
200,4,1,ring,0.9,1090643372,20,180,11,9,0,9,9,4,3,2.25,0.55,0.45,1.0,1.0,1.0,1.0,1.0,0.15,1,1
200,4,1,small_world,0.9,1090643372,20,180,8,12,0,12,12,4,5,3.0,0.4,0.6,1.0,1.0,1.0,1.0,1.0,0.25,1,1
200,4,1,scale_free,0.9,1090643372,20,180,3,17,0,17,17,2,15,8.5,0.15,0.85,1.0,1.0,1.0,0.25,0.25,0.75,1,1
200,4,2,er,0.1,3612633924,180,20,1,0,179,0,0,0,0,0.0,0.005555555555555556,0.0,0.005555555555555556,0.005555555555555556,0.005555555555555556,0.005555555555555556,0.005555555555555556,0.0,0,0
200,4,2,ring,0.1,3612633924,180,20,0,0,180,0,0,0,0,0.0,0.0,0.0,0.0,0.0,0.0,0.0,0.0,0.0,0,0
200,4,2,small_world,0.1,3612633924,180,20,0,0,180,0,0,0,0,0.0,0.0,0.0,0.0,0.0,0.0,0.0,0.0,0.0,0,0
200,4,2,scale_free,0.1,3612633924,180,20,1,0,179,0,0,0,0,0.0,0.005555555555555556,0.0,0.005555555555555556,0.005555555555555556,0.005555555555555556,0.005555555555555556,0.005555555555555556,0.0,0,0
200,4,2,er,0.2,3612633924,160,40,3,0,157,0,0,0,0,0.0,0.01875,0.0,0.01875,0.01875,0.01875,0.01875,0.01875,0.0,0,0
200,4,2,ring,0.2,3612633924,160,40,0,0,160,0,0,0,0,0.0,0.0,0.0,0.0,0.0,0.0,0.0,0.0,0.0,0,0
200,4,2,small_world,0.2,3612633924,160,40,0,2,158,2,2,1,2,2.0,0.0,0.0125,0.0125,0.0125,0.0125,0.0125,0.0125,0.0125,1,1
200,4,2,scale_free,0.2,3612633924,160,40,2,0,158,0,0,0,0,0.0,0.0125,0.0,0.0125,0.0125,0.0125,0.0125,0.0125,0.0,0,0
200,4,2,er,0.3,3612633924,140,60,3,0,137,0,0,0,0,0.0,0.02142857142857143,0.0,0.02142857142857143,0.02142857142857143,0.02142857142857143,0.02142857142857143,0.02142857142857143,0.0,0,0
200,4,2,ring,0.3,3612633924,140,60,0,24,116,8,8,7,8,3.4285714285714284,0.0,0.17142857142857143,0.17142857142857143,0.05714285714285714,0.05714285714285714,0.05714285714285714,0.05714285714285714,0.05714285714285714,1,1
200,4,2,small_world,0.3,3612633924,140,60,0,10,130,10,10,4,4,2.5,0.0,0.07142857142857142,0.07142857142857142,0.07142857142857142,0.07142857142857142,0.07142857142857142,0.07142857142857142,0.02857142857142857,1,1
200,4,2,scale_free,0.3,3612633924,140,60,2,0,138,0,0,0,0,0.0,0.014285714285714285,0.0,0.014285714285714285,0.014285714285714285,0.014285714285714285,0.014285714285714285,0.014285714285714285,0.0,0,0
200,4,2,er,0.4,3612633924,120,80,5,0,115,0,0,0,0,0.0,0.041666666666666664,0.0,0.041666666666666664,0.041666666666666664,0.041666666666666664,0.041666666666666664,0.041666666666666664,0.0,0,0
200,4,2,ring,0.4,3612633924,120,80,0,19,101,6,6,5,5,3.8,0.0,0.15833333333333333,0.15833333333333333,0.05,0.05,0.05,0.05,0.041666666666666664,1,1
200,4,2,small_world,0.4,3612633924,120,80,1,11,108,6,6,3,5,3.6666666666666665,0.008333333333333333,0.09166666666666666,0.1,0.058333333333333334,0.058333333333333334,0.058333333333333334,0.058333333333333334,0.041666666666666664,1,1
200,4,2,scale_free,0.4,3612633924,120,80,5,0,115,0,0,0,0,0.0,0.041666666666666664,0.0,0.041666666666666664,0.041666666666666664,0.041666666666666664,0.041666666666666664,0.041666666666666664,0.0,0,0
200,4,2,er,0.5,3612633924,100,100,6,77,17,0,0,1,77,77.0,0.06,0.77,0.83,0.06,0.06,0.06,0.06,0.77,0,0
200,4,2,ring,0.5,3612633924,100,100,2,40,58,8,8,8,8,5.0,0.02,0.4,0.42,0.1,0.1,0.1,0.1,0.08,1,1
200,4,2,small_world,0.5,3612633924,100,100,3,26,71,7,7,5,13,5.2,0.03,0.26,0.29,0.1,0.1,0.1,0.1,0.13,1,1
200,4,2,scale_free,0.5,3612633924,100,100,3,73,24,0,0,1,73,73.0,0.03,0.73,0.76,0.03,0.03,0.03,0.03,0.73,0,0
200,4,2,er,0.6,3612633924,80,120,3,70,7,0,0,1,70,70.0,0.0375,0.875,0.9125,0.0375,0.0375,0.0375,0.0375,0.875,0,0
200,4,2,ring,0.6,3612633924,80,120,3,73,4,14,14,13,13,5.615384615384615,0.0375,0.9125,0.95,0.2125,0.2125,0.2125,0.2125,0.1625,1,1
200,4,2,small_world,0.6,3612633924,80,120,3,71,6,15,15,9,27,7.888888888888889,0.0375,0.8875,0.925,0.225,0.225,0.225,0.225,0.3375,1,1
200,4,2,scale_free,0.6,3612633924,80,120,2,67,11,0,0,1,67,67.0,0.025,0.8375,0.8625,0.025,0.025,0.025,0.025,0.8375,0,0
200,4,2,er,0.7,3612633924,60,140,6,52,2,52,52,2,50,26.0,0.1,0.8666666666666667,0.9666666666666667,0.9666666666666667,0.9666666666666667,0.13333333333333333,0.13333333333333333,0.8333333333333334,1,1
200,4,2,ring,0.7,3612633924,60,140,6,54,0,35,35,11,8,4.909090909090909,0.1,0.9,1.0,0.6833333333333333,0.6833333333333333,0.6833333333333333,0.6833333333333333,0.13333333333333333,1,1
200,4,2,small_world,0.7,3612633924,60,140,5,51,4,27,27,5,21,10.2,0.08333333333333333,0.85,0.9333333333333333,0.5333333333333333,0.5333333333333333,0.18333333333333332,0.18333333333333332,0.35,1,1
200,4,2,scale_free,0.7,3612633924,60,140,4,51,5,0,0,1,51,51.0,0.06666666666666667,0.85,0.9166666666666666,0.06666666666666667,0.06666666666666667,0.06666666666666667,0.06666666666666667,0.85,0,0
200,4,2,er,0.8,3612633924,40,160,6,32,2,32,32,2,28,16.0,0.15,0.8,0.95,0.95,0.95,0.25,0.25,0.7,1,1
200,4,2,ring,0.8,3612633924,40,160,7,33,0,33,33,10,7,3.3,0.175,0.825,1.0,1.0,1.0,1.0,1.0,0.175,1,1
200,4,2,small_world,0.8,3612633924,40,160,5,35,0,35,35,7,20,5.0,0.125,0.875,1.0,1.0,1.0,0.5,0.5,0.5,1,1
200,4,2,scale_free,0.8,3612633924,40,160,3,36,1,0,0,1,36,36.0,0.075,0.9,0.975,0.075,0.075,0.075,0.075,0.9,0,0
200,4,2,er,0.9,3612633924,20,180,4,15,1,15,15,4,5,3.75,0.2,0.75,0.95,0.95,0.95,0.95,0.95,0.25,1,1
200,4,2,ring,0.9,3612633924,20,180,11,9,0,9,9,4,3,2.25,0.55,0.45,1.0,1.0,1.0,1.0,1.0,0.15,1,1
200,4,2,small_world,0.9,3612633924,20,180,9,11,0,11,11,4,5,2.75,0.45,0.55,1.0,1.0,1.0,1.0,1.0,0.25,1,1
200,4,2,scale_free,0.9,3612633924,20,180,5,15,0,15,15,2,12,7.5,0.25,0.75,1.0,1.0,1.0,0.4,0.4,0.6,1,1
200,4,3,er,0.1,3679421566,180,20,2,0,178,0,0,0,0,0.0,0.011111111111111112,0.0,0.011111111111111112,0.011111111111111112,0.011111111111111112,0.011111111111111112,0.011111111111111112,0.0,0,0
200,4,3,ring,0.1,3679421566,180,20,0,0,180,0,0,0,0,0.0,0.0,0.0,0.0,0.0,0.0,0.0,0.0,0.0,0,0
200,4,3,small_world,0.1,3679421566,180,20,0,0,180,0,0,0,0,0.0,0.0,0.0,0.0,0.0,0.0,0.0,0.0,0.0,0,0
200,4,3,scale_free,0.1,3679421566,180,20,0,0,180,0,0,0,0,0.0,0.0,0.0,0.0,0.0,0.0,0.0,0.0,0.0,0,0
200,4,3,er,0.2,3679421566,160,40,2,0,158,0,0,0,0,0.0,0.0125,0.0,0.0125,0.0125,0.0125,0.0125,0.0125,0.0,0,0
200,4,3,ring,0.2,3679421566,160,40,0,0,160,0,0,0,0,0.0,0.0,0.0,0.0,0.0,0.0,0.0,0.0,0.0,0,0
200,4,3,small_world,0.2,3679421566,160,40,0,0,160,0,0,0,0,0.0,0.0,0.0,0.0,0.0,0.0,0.0,0.0,0.0,0,0
200,4,3,scale_free,0.2,3679421566,160,40,1,0,159,0,0,0,0,0.0,0.00625,0.0,0.00625,0.00625,0.00625,0.00625,0.00625,0.0,0,0
200,4,3,er,0.3,3679421566,140,60,3,0,137,0,0,0,0,0.0,0.02142857142857143,0.0,0.02142857142857143,0.02142857142857143,0.02142857142857143,0.02142857142857143,0.02142857142857143,0.0,0,0
200,4,3,ring,0.3,3679421566,140,60,0,5,135,5,5,2,3,2.5,0.0,0.03571428571428571,0.03571428571428571,0.03571428571428571,0.03571428571428571,0.03571428571428571,0.03571428571428571,0.02142857142857143,1,1
200,4,3,small_world,0.3,3679421566,140,60,0,0,140,0,0,0,0,0.0,0.0,0.0,0.0,0.0,0.0,0.0,0.0,0.0,0,0
200,4,3,scale_free,0.3,3679421566,140,60,2,0,138,0,0,0,0,0.0,0.014285714285714285,0.0,0.014285714285714285,0.014285714285714285,0.014285714285714285,0.014285714285714285,0.014285714285714285,0.0,0,0
200,4,3,er,0.4,3679421566,120,80,0,0,120,0,0,0,0,0.0,0.0,0.0,0.0,0.0,0.0,0.0,0.0,0.0,0,0
200,4,3,ring,0.4,3679421566,120,80,0,16,104,4,4,5,6,3.2,0.0,0.13333333333333333,0.13333333333333333,0.03333333333333333,0.03333333333333333,0.03333333333333333,0.03333333333333333,0.05,1,1
200,4,3,small_world,0.4,3679421566,120,80,1,3,116,0,0,1,3,3.0,0.008333333333333333,0.025,0.03333333333333333,0.008333333333333333,0.008333333333333333,0.008333333333333333,0.008333333333333333,0.025,0,0
200,4,3,scale_free,0.4,3679421566,120,80,1,0,119,0,0,0,0,0.0,0.008333333333333333,0.0,0.008333333333333333,0.008333333333333333,0.008333333333333333,0.008333333333333333,0.008333333333333333,0.0,0,0
200,4,3,er,0.5,3679421566,100,100,2,79,19,0,0,1,79,79.0,0.02,0.79,0.81,0.02,0.02,0.02,0.02,0.79,0,0
200,4,3,ring,0.5,3679421566,100,100,0,36,64,13,13,7,12,5.142857142857143,0.0,0.36,0.36,0.13,0.13,0.13,0.13,0.12,1,1
200,4,3,small_world,0.5,3679421566,100,100,0,8,92,8,8,3,3,2.6666666666666665,0.0,0.08,0.08,0.08,0.08,0.08,0.08,0.03,1,1
200,4,3,scale_free,0.5,3679421566,100,100,2,78,20,0,0,1,78,78.0,0.02,0.78,0.8,0.02,0.02,0.02,0.02,0.78,0,0
200,4,3,er,0.6,3679421566,80,120,6,63,11,2,2,2,61,31.5,0.075,0.7875,0.8625,0.1,0.1,0.1,0.1,0.7625,1,1
200,4,3,ring,0.6,3679421566,80,120,1,56,23,39,39,9,13,6.222222222222222,0.0125,0.7,0.7125,0.5,0.5,0.3375,0.3375,0.1625,1,1
200,4,3,small_world,0.6,3679421566,80,120,1,73,6,6,6,3,67,24.333333333333332,0.0125,0.9125,0.925,0.0875,0.0875,0.0875,0.0875,0.8375,1,1
200,4,3,scale_free,0.6,3679421566,80,120,3,67,10,0,0,1,67,67.0,0.0375,0.8375,0.875,0.0375,0.0375,0.0375,0.0375,0.8375,0,0
200,4,3,er,0.7,3679421566,60,140,4,51,5,51,51,1,51,51.0,0.06666666666666667,0.85,0.9166666666666666,0.9166666666666666,0.9166666666666666,0.06666666666666667,0.06666666666666667,0.85,1,1
200,4,3,ring,0.7,3679421566,60,140,3,57,0,37,37,12,12,4.75,0.05,0.95,1.0,0.6666666666666666,0.6666666666666666,0.6666666666666666,0.6666666666666666,0.2,1,1
200,4,3,small_world,0.7,3679421566,60,140,2,52,6,52,52,3,47,17.333333333333332,0.03333333333333333,0.8666666666666667,0.9,0.9,0.9,0.11666666666666667,0.11666666666666667,0.7833333333333333,1,1
200,4,3,scale_free,0.7,3679421566,60,140,5,53,2,0,0,1,53,53.0,0.08333333333333333,0.8833333333333333,0.9666666666666667,0.08333333333333333,0.08333333333333333,0.08333333333333333,0.08333333333333333,0.8833333333333333,0,0
200,4,3,er,0.8,3679421566,40,160,4,33,3,33,33,1,33,33.0,0.1,0.825,0.925,0.925,0.925,0.1,0.1,0.825,1,1
200,4,3,ring,0.8,3679421566,40,160,7,33,0,33,33,9,8,3.6666666666666665,0.175,0.825,1.0,1.0,1.0,1.0,1.0,0.2,1,1
200,4,3,small_world,0.8,3679421566,40,160,4,36,0,36,36,8,17,4.5,0.1,0.9,1.0,1.0,1.0,0.575,0.575,0.425,1,1
200,4,3,scale_free,0.8,3679421566,40,160,6,31,3,31,31,1,31,31.0,0.15,0.775,0.925,0.925,0.925,0.15,0.15,0.775,1,1
200,4,3,er,0.9,3679421566,20,180,7,13,0,13,13,1,13,13.0,0.35,0.65,1.0,1.0,1.0,0.35,0.35,0.65,1,1
200,4,3,ring,0.9,3679421566,20,180,13,7,0,7,7,3,3,2.3333333333333335,0.65,0.35,1.0,1.0,1.0,1.0,1.0,0.15,1,1
200,4,3,small_world,0.9,3679421566,20,180,7,13,0,13,13,5,3,2.6,0.35,0.65,1.0,1.0,1.0,1.0,1.0,0.15,1,1
200,4,3,scale_free,0.9,3679421566,20,180,8,12,0,12,12,3,5,4.0,0.4,0.6,1.0,1.0,1.0,1.0,1.0,0.25,1,1
200,4,4,er,0.1,1263744515,180,20,1,0,179,0,0,0,0,0.0,0.005555555555555556,0.0,0.005555555555555556,0.005555555555555556,0.005555555555555556,0.005555555555555556,0.005555555555555556,0.0,0,0
200,4,4,ring,0.1,1263744515,180,20,0,0,180,0,0,0,0,0.0,0.0,0.0,0.0,0.0,0.0,0.0,0.0,0.0,0,0
200,4,4,small_world,0.1,1263744515,180,20,0,0,180,0,0,0,0,0.0,0.0,0.0,0.0,0.0,0.0,0.0,0.0,0.0,0,0
200,4,4,scale_free,0.1,1263744515,180,20,3,0,177,0,0,0,0,0.0,0.016666666666666666,0.0,0.016666666666666666,0.016666666666666666,0.016666666666666666,0.016666666666666666,0.016666666666666666,0.0,0,0
200,4,4,er,0.2,1263744515,160,40,3,0,157,0,0,0,0,0.0,0.01875,0.0,0.01875,0.01875,0.01875,0.01875,0.01875,0.0,0,0
200,4,4,ring,0.2,1263744515,160,40,0,0,160,0,0,0,0,0.0,0.0,0.0,0.0,0.0,0.0,0.0,0.0,0.0,0,0
200,4,4,small_world,0.2,1263744515,160,40,0,0,160,0,0,0,0,0.0,0.0,0.0,0.0,0.0,0.0,0.0,0.0,0.0,0,0
200,4,4,scale_free,0.2,1263744515,160,40,3,0,157,0,0,0,0,0.0,0.01875,0.0,0.01875,0.01875,0.01875,0.01875,0.01875,0.0,0,0
200,4,4,er,0.3,1263744515,140,60,6,0,134,0,0,0,0,0.0,0.04285714285714286,0.0,0.04285714285714286,0.04285714285714286,0.04285714285714286,0.04285714285714286,0.04285714285714286,0.0,0,0
200,4,4,ring,0.3,1263744515,140,60,0,11,129,11,11,4,5,2.75,0.0,0.07857142857142857,0.07857142857142857,0.07857142857142857,0.07857142857142857,0.07857142857142857,0.07857142857142857,0.03571428571428571,1,1
200,4,4,small_world,0.3,1263744515,140,60,1,5,134,5,5,2,3,2.5,0.007142857142857143,0.03571428571428571,0.04285714285714286,0.04285714285714286,0.04285714285714286,0.04285714285714286,0.04285714285714286,0.02142857142857143,1,1
200,4,4,scale_free,0.3,1263744515,140,60,1,2,137,2,2,1,2,2.0,0.007142857142857143,0.014285714285714285,0.02142857142857143,0.02142857142857143,0.02142857142857143,0.02142857142857143,0.02142857142857143,0.014285714285714285,1,1
200,4,4,er,0.4,1263744515,120,80,2,2,116,2,2,1,2,2.0,0.016666666666666666,0.016666666666666666,0.03333333333333333,0.03333333333333333,0.03333333333333333,0.03333333333333333,0.03333333333333333,0.016666666666666666,1,1
200,4,4,ring,0.4,1263744515,120,80,1,22,97,11,11,6,11,3.6666666666666665,0.008333333333333333,0.18333333333333332,0.19166666666666668,0.1,0.1,0.1,0.1,0.09166666666666666,1,1
200,4,4,small_world,0.4,1263744515,120,80,1,23,96,11,11,5,12,4.6,0.008333333333333333,0.19166666666666668,0.2,0.1,0.1,0.1,0.1,0.1,1,1
200,4,4,scale_free,0.4,1263744515,120,80,8,0,112,0,0,0,0,0.0,0.06666666666666667,0.0,0.06666666666666667,0.06666666666666667,0.06666666666666667,0.06666666666666667,0.06666666666666667,0.0,0,0
200,4,4,er,0.5,1263744515,100,100,3,0,97,0,0,0,0,0.0,0.03,0.0,0.03,0.03,0.03,0.03,0.03,0.0,0,0
200,4,4,ring,0.5,1263744515,100,100,1,45,54,23,23,9,14,5.0,0.01,0.45,0.46,0.24,0.24,0.24,0.24,0.14,1,1
200,4,4,small_world,0.5,1263744515,100,100,3,53,44,17,17,6,33,8.833333333333334,0.03,0.53,0.56,0.2,0.2,0.2,0.2,0.33,1,1
200,4,4,scale_free,0.5,1263744515,100,100,7,2,91,2,2,1,2,2.0,0.07,0.02,0.09,0.09,0.09,0.09,0.09,0.02,1,1
200,4,4,er,0.6,1263744515,80,120,5,67,8,0,0,1,67,67.0,0.0625,0.8375,0.9,0.0625,0.0625,0.0625,0.0625,0.8375,0,0
200,4,4,ring,0.6,1263744515,80,120,1,78,1,43,43,11,22,7.090909090909091,0.0125,0.975,0.9875,0.55,0.55,0.55,0.55,0.275,1,1
200,4,4,small_world,0.6,1263744515,80,120,0,76,4,20,20,9,34,8.444444444444445,0.0,0.95,0.95,0.25,0.25,0.25,0.25,0.425,1,1
200,4,4,scale_free,0.6,1263744515,80,120,6,71,3,0,0,1,71,71.0,0.075,0.8875,0.9625,0.075,0.075,0.075,0.075,0.8875,0,0
200,4,4,er,0.7,1263744515,60,140,3,53,4,53,53,1,53,53.0,0.05,0.8833333333333333,0.9333333333333333,0.9333333333333333,0.9333333333333333,0.05,0.05,0.8833333333333333,1,1
200,4,4,ring,0.7,1263744515,60,140,1,59,0,59,59,11,14,5.363636363636363,0.016666666666666666,0.9833333333333333,1.0,1.0,1.0,0.7666666666666667,0.7666666666666667,0.23333333333333334,1,1
200,4,4,small_world,0.7,1263744515,60,140,0,60,0,60,60,7,43,8.571428571428571,0.0,1.0,1.0,1.0,1.0,0.2833333333333333,0.2833333333333333,0.7166666666666667,1,1
200,4,4,scale_free,0.7,1263744515,60,140,6,53,1,0,0,1,53,53.0,0.1,0.8833333333333333,0.9833333333333333,0.1,0.1,0.1,0.1,0.8833333333333333,0,0
200,4,4,er,0.8,1263744515,40,160,3,35,2,35,35,1,35,35.0,0.075,0.875,0.95,0.95,0.95,0.075,0.075,0.875,1,1
200,4,4,ring,0.8,1263744515,40,160,8,32,0,32,32,9,8,3.5555555555555554,0.2,0.8,1.0,1.0,1.0,1.0,1.0,0.2,1,1
200,4,4,small_world,0.8,1263744515,40,160,5,35,0,35,35,7,13,5.0,0.125,0.875,1.0,1.0,1.0,0.675,0.675,0.325,1,1
200,4,4,scale_free,0.8,1263744515,40,160,3,37,0,2,2,2,35,18.5,0.075,0.925,1.0,0.125,0.125,0.125,0.125,0.875,1,1
200,4,4,er,0.9,1263744515,20,180,9,10,1,10,10,2,6,5.0,0.45,0.5,0.95,0.95,0.95,0.95,0.95,0.3,1,1
200,4,4,ring,0.9,1263744515,20,180,7,13,0,13,13,6,3,2.1666666666666665,0.35,0.65,1.0,1.0,1.0,1.0,1.0,0.15,1,1
200,4,4,small_world,0.9,1263744515,20,180,6,14,0,14,14,5,4,2.8,0.3,0.7,1.0,1.0,1.0,1.0,1.0,0.2,1,1
200,4,4,scale_free,0.9,1263744515,20,180,4,16,0,16,16,1,16,16.0,0.2,0.8,1.0,1.0,1.0,0.2,0.2,0.8,1,1
200,4,5,er,0.1,3979401341,180,20,5,0,175,0,0,0,0,0.0,0.027777777777777776,0.0,0.027777777777777776,0.027777777777777776,0.027777777777777776,0.027777777777777776,0.027777777777777776,0.0,0,0
200,4,5,ring,0.1,3979401341,180,20,0,0,180,0,0,0,0,0.0,0.0,0.0,0.0,0.0,0.0,0.0,0.0,0.0,0,0
200,4,5,small_world,0.1,3979401341,180,20,0,0,180,0,0,0,0,0.0,0.0,0.0,0.0,0.0,0.0,0.0,0.0,0.0,0,0
200,4,5,scale_free,0.1,3979401341,180,20,0,2,178,2,2,1,2,2.0,0.0,0.011111111111111112,0.011111111111111112,0.011111111111111112,0.011111111111111112,0.011111111111111112,0.011111111111111112,0.011111111111111112,1,1
200,4,5,er,0.2,3979401341,160,40,4,2,154,2,2,1,2,2.0,0.025,0.0125,0.0375,0.0375,0.0375,0.0375,0.0375,0.0125,1,1
200,4,5,ring,0.2,3979401341,160,40,0,2,158,2,2,1,2,2.0,0.0,0.0125,0.0125,0.0125,0.0125,0.0125,0.0125,0.0125,1,1
200,4,5,small_world,0.2,3979401341,160,40,0,0,160,0,0,0,0,0.0,0.0,0.0,0.0,0.0,0.0,0.0,0.0,0.0,0,0
200,4,5,scale_free,0.2,3979401341,160,40,1,2,157,2,2,1,2,2.0,0.00625,0.0125,0.01875,0.01875,0.01875,0.01875,0.01875,0.0125,1,1
200,4,5,er,0.3,3979401341,140,60,5,0,135,0,0,0,0,0.0,0.03571428571428571,0.0,0.03571428571428571,0.03571428571428571,0.03571428571428571,0.03571428571428571,0.03571428571428571,0.0,0,0
200,4,5,ring,0.3,3979401341,140,60,0,2,138,2,2,1,2,2.0,0.0,0.014285714285714285,0.014285714285714285,0.014285714285714285,0.014285714285714285,0.014285714285714285,0.014285714285714285,0.014285714285714285,1,1
200,4,5,small_world,0.3,3979401341,140,60,1,0,139,0,0,0,0,0.0,0.007142857142857143,0.0,0.007142857142857143,0.007142857142857143,0.007142857142857143,0.007142857142857143,0.007142857142857143,0.0,0,0
200,4,5,scale_free,0.3,3979401341,140,60,0,0,140,0,0,0,0,0.0,0.0,0.0,0.0,0.0,0.0,0.0,0.0,0.0,0,0
200,4,5,er,0.4,3979401341,120,80,4,4,112,4,4,2,2,2.0,0.03333333333333333,0.03333333333333333,0.06666666666666667,0.06666666666666667,0.06666666666666667,0.06666666666666667,0.06666666666666667,0.016666666666666666,1,1
200,4,5,ring,0.4,3979401341,120,80,0,20,100,0,0,2,12,10.0,0.0,0.16666666666666666,0.16666666666666666,0.0,0.0,0.0,0.0,0.1,0,0
200,4,5,small_world,0.4,3979401341,120,80,1,2,117,2,2,1,2,2.0,0.008333333333333333,0.016666666666666666,0.025,0.025,0.025,0.025,0.025,0.016666666666666666,1,1
200,4,5,scale_free,0.4,3979401341,120,80,0,0,120,0,0,0,0,0.0,0.0,0.0,0.0,0.0,0.0,0.0,0.0,0.0,0,0
200,4,5,er,0.5,3979401341,100,100,5,5,90,5,5,2,3,2.5,0.05,0.05,0.1,0.1,0.1,0.1,0.1,0.03,1,1
200,4,5,ring,0.5,3979401341,100,100,0,61,39,15,15,7,20,8.714285714285714,0.0,0.61,0.61,0.15,0.15,0.15,0.15,0.2,1,1
200,4,5,small_world,0.5,3979401341,100,100,1,2,97,2,2,1,2,2.0,0.01,0.02,0.03,0.03,0.03,0.03,0.03,0.02,1,1
200,4,5,scale_free,0.5,3979401341,100,100,1,78,21,0,0,1,78,78.0,0.01,0.78,0.79,0.01,0.01,0.01,0.01,0.78,0,0
200,4,5,er,0.6,3979401341,80,120,10,63,7,2,63,2,61,31.5,0.125,0.7875,0.9125,0.15,0.9125,0.15,0.15,0.7625,1,1
200,4,5,ring,0.6,3979401341,80,120,1,79,0,37,37,11,19,7.181818181818182,0.0125,0.9875,1.0,0.475,0.475,0.475,0.475,0.2375,1,1
200,4,5,small_world,0.6,3979401341,80,120,1,79,0,7,7,3,72,26.333333333333332,0.0125,0.9875,1.0,0.1,0.1,0.1,0.1,0.9,1,1
200,4,5,scale_free,0.6,3979401341,80,120,1,68,11,0,0,1,68,68.0,0.0125,0.85,0.8625,0.0125,0.0125,0.0125,0.0125,0.85,0,0
200,4,5,er,0.7,3979401341,60,140,8,49,3,49,49,3,43,16.333333333333332,0.13333333333333333,0.8166666666666667,0.95,0.95,0.95,0.23333333333333334,0.23333333333333334,0.7166666666666667,1,1
200,4,5,ring,0.7,3979401341,60,140,4,56,0,28,28,9,18,6.222222222222222,0.06666666666666667,0.9333333333333333,1.0,0.5333333333333333,0.5333333333333333,0.5333333333333333,0.5333333333333333,0.3,1,1
200,4,5,small_world,0.7,3979401341,60,140,3,57,0,6,6,3,51,19.0,0.05,0.95,1.0,0.15,0.15,0.15,0.15,0.85,1,1
200,4,5,scale_free,0.7,3979401341,60,140,2,53,5,3,3,2,50,26.5,0.03333333333333333,0.8833333333333333,0.9166666666666666,0.08333333333333333,0.08333333333333333,0.08333333333333333,0.08333333333333333,0.8333333333333334,1,1
200,4,5,er,0.8,3979401341,40,160,6,32,2,32,32,2,30,16.0,0.15,0.8,0.95,0.95,0.95,0.2,0.2,0.75,1,1
200,4,5,ring,0.8,3979401341,40,160,6,34,0,28,28,10,9,3.4,0.15,0.85,1.0,0.85,0.85,0.85,0.85,0.225,1,1
200,4,5,small_world,0.8,3979401341,40,160,4,36,0,29,29,6,19,6.0,0.1,0.9,1.0,0.825,0.825,0.35,0.35,0.475,1,1
200,4,5,scale_free,0.8,3979401341,40,160,1,38,1,0,0,1,38,38.0,0.025,0.95,0.975,0.025,0.025,0.025,0.025,0.95,0,0
200,4,5,er,0.9,3979401341,20,180,3,17,0,17,17,1,17,17.0,0.15,0.85,1.0,1.0,1.0,0.15,0.15,0.85,1,1
200,4,5,ring,0.9,3979401341,20,180,10,10,0,10,10,4,4,2.5,0.5,0.5,1.0,1.0,1.0,1.0,1.0,0.2,1,1
200,4,5,small_world,0.9,3979401341,20,180,4,16,0,16,16,5,6,3.2,0.2,0.8,1.0,1.0,1.0,1.0,1.0,0.3,1,1
200,4,5,scale_free,0.9,3979401341,20,180,1,17,2,17,17,3,12,5.666666666666667,0.05,0.85,0.9,0.9,0.9,0.3,0.3,0.6,1,1
200,4,6,er,0.1,2138978472,180,20,1,0,179,0,0,0,0,0.0,0.005555555555555556,0.0,0.005555555555555556,0.005555555555555556,0.005555555555555556,0.005555555555555556,0.005555555555555556,0.0,0,0
200,4,6,ring,0.1,2138978472,180,20,0,0,180,0,0,0,0,0.0,0.0,0.0,0.0,0.0,0.0,0.0,0.0,0.0,0,0
200,4,6,small_world,0.1,2138978472,180,20,0,0,180,0,0,0,0,0.0,0.0,0.0,0.0,0.0,0.0,0.0,0.0,0.0,0,0
200,4,6,scale_free,0.1,2138978472,180,20,0,0,180,0,0,0,0,0.0,0.0,0.0,0.0,0.0,0.0,0.0,0.0,0.0,0,0
200,4,6,er,0.2,2138978472,160,40,4,0,156,0,0,0,0,0.0,0.025,0.0,0.025,0.025,0.025,0.025,0.025,0.0,0,0
200,4,6,ring,0.2,2138978472,160,40,0,8,152,4,4,2,4,4.0,0.0,0.05,0.05,0.025,0.025,0.025,0.025,0.025,1,1
200,4,6,small_world,0.2,2138978472,160,40,0,6,154,2,2,2,4,3.0,0.0,0.0375,0.0375,0.0125,0.0125,0.0125,0.0125,0.025,1,1
200,4,6,scale_free,0.2,2138978472,160,40,2,0,158,0,0,0,0,0.0,0.0125,0.0,0.0125,0.0125,0.0125,0.0125,0.0125,0.0,0,0
200,4,6,er,0.3,2138978472,140,60,2,0,138,0,0,0,0,0.0,0.014285714285714285,0.0,0.014285714285714285,0.014285714285714285,0.014285714285714285,0.014285714285714285,0.014285714285714285,0.0,0,0
200,4,6,ring,0.3,2138978472,140,60,0,8,132,4,4,2,4,4.0,0.0,0.05714285714285714,0.05714285714285714,0.02857142857142857,0.02857142857142857,0.02857142857142857,0.02857142857142857,0.02857142857142857,1,1
200,4,6,small_world,0.3,2138978472,140,60,0,6,134,2,2,2,4,3.0,0.0,0.04285714285714286,0.04285714285714286,0.014285714285714285,0.014285714285714285,0.014285714285714285,0.014285714285714285,0.02857142857142857,1,1
200,4,6,scale_free,0.3,2138978472,140,60,4,0,136,0,0,0,0,0.0,0.02857142857142857,0.0,0.02857142857142857,0.02857142857142857,0.02857142857142857,0.02857142857142857,0.02857142857142857,0.0,0,0
200,4,6,er,0.4,2138978472,120,80,2,2,116,2,2,1,2,2.0,0.016666666666666666,0.016666666666666666,0.03333333333333333,0.03333333333333333,0.03333333333333333,0.03333333333333333,0.03333333333333333,0.016666666666666666,1,1
200,4,6,ring,0.4,2138978472,120,80,0,17,103,4,4,3,8,5.666666666666667,0.0,0.14166666666666666,0.14166666666666666,0.03333333333333333,0.03333333333333333,0.03333333333333333,0.03333333333333333,0.06666666666666667,1,1
200,4,6,small_world,0.4,2138978472,120,80,0,4,116,4,4,2,2,2.0,0.0,0.03333333333333333,0.03333333333333333,0.03333333333333333,0.03333333333333333,0.03333333333333333,0.03333333333333333,0.016666666666666666,1,1
200,4,6,scale_free,0.4,2138978472,120,80,3,0,117,0,0,0,0,0.0,0.025,0.0,0.025,0.025,0.025,0.025,0.025,0.0,0,0
200,4,6,er,0.5,2138978472,100,100,0,82,18,4,4,3,78,27.333333333333332,0.0,0.82,0.82,0.04,0.04,0.04,0.04,0.78,1,1
200,4,6,ring,0.5,2138978472,100,100,0,74,26,2,2,6,33,12.333333333333334,0.0,0.74,0.74,0.02,0.02,0.02,0.02,0.33,1,1
200,4,6,small_world,0.5,2138978472,100,100,2,80,18,7,7,3,73,26.666666666666668,0.02,0.8,0.82,0.09,0.09,0.09,0.09,0.73,1,1
200,4,6,scale_free,0.5,2138978472,100,100,6,76,18,0,0,1,76,76.0,0.06,0.76,0.82,0.06,0.06,0.06,0.06,0.76,0,0
200,4,6,er,0.6,2138978472,80,120,2,72,6,5,5,3,67,24.0,0.025,0.9,0.925,0.0875,0.0875,0.0875,0.0875,0.8375,1,1
200,4,6,ring,0.6,2138978472,80,120,2,73,5,20,20,9,16,8.11111111111111,0.025,0.9125,0.9375,0.275,0.275,0.125,0.125,0.2,1,1
200,4,6,small_world,0.6,2138978472,80,120,1,74,5,11,11,4,63,18.5,0.0125,0.925,0.9375,0.15,0.15,0.15,0.15,0.7875,1,1
200,4,6,scale_free,0.6,2138978472,80,120,3,66,11,4,4,3,62,22.0,0.0375,0.825,0.8625,0.0875,0.0875,0.0875,0.0875,0.775,1,1
200,4,6,er,0.7,2138978472,60,140,4,54,2,54,54,3,50,18.0,0.06666666666666667,0.9,0.9666666666666667,0.9666666666666667,0.9666666666666667,0.13333333333333333,0.13333333333333333,0.8333333333333334,1,1
200,4,6,ring,0.7,2138978472,60,140,4,56,0,56,56,11,12,5.090909090909091,0.06666666666666667,0.9333333333333333,1.0,1.0,1.0,0.6166666666666667,0.6166666666666667,0.2,1,1
200,4,6,small_world,0.7,2138978472,60,140,2,58,0,24,24,5,34,11.6,0.03333333333333333,0.9666666666666667,1.0,0.43333333333333335,0.43333333333333335,0.18333333333333332,0.18333333333333332,0.5666666666666667,1,1
200,4,6,scale_free,0.7,2138978472,60,140,4,50,6,2,2,2,48,25.0,0.06666666666666667,0.8333333333333334,0.9,0.1,0.1,0.1,0.1,0.8,1,1
200,4,6,er,0.8,2138978472,40,160,6,33,1,33,33,1,33,33.0,0.15,0.825,0.975,0.975,0.975,0.15,0.15,0.825,1,1
200,4,6,ring,0.8,2138978472,40,160,5,35,0,35,35,14,4,2.5,0.125,0.875,1.0,1.0,1.0,1.0,1.0,0.1,1,1
200,4,6,small_world,0.8,2138978472,40,160,5,35,0,35,35,10,7,3.5,0.125,0.875,1.0,1.0,1.0,1.0,1.0,0.175,1,1
200,4,6,scale_free,0.8,2138978472,40,160,4,34,2,3,3,2,31,17.0,0.1,0.85,0.95,0.175,0.175,0.175,0.175,0.775,1,1
200,4,6,er,0.9,2138978472,20,180,9,11,0,11,11,4,4,2.75,0.45,0.55,1.0,1.0,1.0,1.0,1.0,0.2,1,1
200,4,6,ring,0.9,2138978472,20,180,11,9,0,9,9,4,3,2.25,0.55,0.45,1.0,1.0,1.0,1.0,1.0,0.15,1,1
200,4,6,small_world,0.9,2138978472,20,180,8,12,0,12,12,5,3,2.4,0.4,0.6,1.0,1.0,1.0,1.0,1.0,0.15,1,1
200,4,6,scale_free,0.9,2138978472,20,180,6,14,0,14,14,1,14,14.0,0.3,0.7,1.0,1.0,1.0,0.3,0.3,0.7,1,1
200,4,7,er,0.1,4130632612,180,20,3,0,177,0,0,0,0,0.0,0.016666666666666666,0.0,0.016666666666666666,0.016666666666666666,0.016666666666666666,0.016666666666666666,0.016666666666666666,0.0,0,0
200,4,7,ring,0.1,4130632612,180,20,0,2,178,2,2,1,2,2.0,0.0,0.011111111111111112,0.011111111111111112,0.011111111111111112,0.011111111111111112,0.011111111111111112,0.011111111111111112,0.011111111111111112,1,1
200,4,7,small_world,0.1,4130632612,180,20,0,2,178,2,2,1,2,2.0,0.0,0.011111111111111112,0.011111111111111112,0.011111111111111112,0.011111111111111112,0.011111111111111112,0.011111111111111112,0.011111111111111112,1,1
200,4,7,scale_free,0.1,4130632612,180,20,1,0,179,0,0,0,0,0.0,0.005555555555555556,0.0,0.005555555555555556,0.005555555555555556,0.005555555555555556,0.005555555555555556,0.005555555555555556,0.0,0,0
200,4,7,er,0.2,4130632612,160,40,5,0,155,0,0,0,0,0.0,0.03125,0.0,0.03125,0.03125,0.03125,0.03125,0.03125,0.0,0,0
200,4,7,ring,0.2,4130632612,160,40,0,5,155,5,5,2,3,2.5,0.0,0.03125,0.03125,0.03125,0.03125,0.03125,0.03125,0.01875,1,1
200,4,7,small_world,0.2,4130632612,160,40,0,2,158,2,2,1,2,2.0,0.0,0.0125,0.0125,0.0125,0.0125,0.0125,0.0125,0.0125,1,1
200,4,7,scale_free,0.2,4130632612,160,40,2,0,158,0,0,0,0,0.0,0.0125,0.0,0.0125,0.0125,0.0125,0.0125,0.0125,0.0,0,0
200,4,7,er,0.3,4130632612,140,60,3,0,137,0,0,0,0,0.0,0.02142857142857143,0.0,0.02142857142857143,0.02142857142857143,0.02142857142857143,0.02142857142857143,0.02142857142857143,0.0,0,0
200,4,7,ring,0.3,4130632612,140,60,0,11,129,4,4,4,4,2.75,0.0,0.07857142857142857,0.07857142857142857,0.02857142857142857,0.02857142857142857,0.02857142857142857,0.02857142857142857,0.02857142857142857,1,1
200,4,7,small_world,0.3,4130632612,140,60,3,4,133,4,4,2,2,2.0,0.02142857142857143,0.02857142857142857,0.05,0.05,0.05,0.05,0.05,0.014285714285714285,1,1
200,4,7,scale_free,0.3,4130632612,140,60,4,0,136,0,0,0,0,0.0,0.02857142857142857,0.0,0.02857142857142857,0.02857142857142857,0.02857142857142857,0.02857142857142857,0.02857142857142857,0.0,0,0
200,4,7,er,0.4,4130632612,120,80,4,4,112,4,4,2,2,2.0,0.03333333333333333,0.03333333333333333,0.06666666666666667,0.06666666666666667,0.06666666666666667,0.06666666666666667,0.06666666666666667,0.016666666666666666,1,1
200,4,7,ring,0.4,4130632612,120,80,0,28,92,25,25,5,15,5.6,0.0,0.23333333333333334,0.23333333333333334,0.20833333333333334,0.20833333333333334,0.08333333333333333,0.08333333333333333,0.125,1,1
200,4,7,small_world,0.4,4130632612,120,80,2,16,102,0,0,3,8,5.333333333333333,0.016666666666666666,0.13333333333333333,0.15,0.016666666666666666,0.016666666666666666,0.016666666666666666,0.016666666666666666,0.06666666666666667,0,0
200,4,7,scale_free,0.4,4130632612,120,80,3,0,117,0,0,0,0,0.0,0.025,0.0,0.025,0.025,0.025,0.025,0.025,0.0,0,0
200,4,7,er,0.5,4130632612,100,100,2,80,18,4,4,3,76,26.666666666666668,0.02,0.8,0.82,0.06,0.06,0.06,0.06,0.76,1,1
200,4,7,ring,0.5,4130632612,100,100,0,41,59,36,36,8,11,5.125,0.0,0.41,0.41,0.36,0.36,0.25,0.25,0.11,1,1
200,4,7,small_world,0.5,4130632612,100,100,2,51,47,7,7,4,31,12.75,0.02,0.51,0.53,0.09,0.09,0.09,0.09,0.31,1,1
200,4,7,scale_free,0.5,4130632612,100,100,3,0,97,0,0,0,0,0.0,0.03,0.0,0.03,0.03,0.03,0.03,0.03,0.0,0,0
200,4,7,er,0.6,4130632612,80,120,4,68,8,68,68,3,62,22.666666666666668,0.05,0.85,0.9,0.9,0.9,0.125,0.125,0.775,1,1
200,4,7,ring,0.6,4130632612,80,120,0,76,4,46,46,11,30,6.909090909090909,0.0,0.95,0.95,0.575,0.575,0.575,0.575,0.375,1,1
200,4,7,small_world,0.6,4130632612,80,120,1,68,11,14,14,5,54,13.6,0.0125,0.85,0.8625,0.1875,0.1875,0.1875,0.1875,0.675,1,1
200,4,7,scale_free,0.6,4130632612,80,120,2,69,9,0,0,1,69,69.0,0.025,0.8625,0.8875,0.025,0.025,0.025,0.025,0.8625,0,0
200,4,7,er,0.7,4130632612,60,140,3,54,3,54,54,2,51,27.0,0.05,0.9,0.95,0.95,0.95,0.1,0.1,0.85,1,1
200,4,7,ring,0.7,4130632612,60,140,5,55,0,55,55,10,13,5.5,0.08333333333333333,0.9166666666666666,1.0,1.0,1.0,0.5833333333333334,0.5833333333333334,0.21666666666666667,1,1
200,4,7,small_world,0.7,4130632612,60,140,5,55,0,55,55,4,34,13.75,0.08333333333333333,0.9166666666666666,1.0,1.0,1.0,0.23333333333333334,0.23333333333333334,0.5666666666666667,1,1
200,4,7,scale_free,0.7,4130632612,60,140,3,54,3,2,2,2,52,27.0,0.05,0.9,0.95,0.08333333333333333,0.08333333333333333,0.08333333333333333,0.08333333333333333,0.8666666666666667,1,1
200,4,7,er,0.8,4130632612,40,160,6,33,1,33,33,3,29,11.0,0.15,0.825,0.975,0.975,0.975,0.25,0.25,0.725,1,1
200,4,7,ring,0.8,4130632612,40,160,8,32,0,32,32,6,11,5.333333333333333,0.2,0.8,1.0,1.0,1.0,0.725,0.725,0.275,1,1
200,4,7,small_world,0.8,4130632612,40,160,4,36,0,36,36,6,12,6.0,0.1,0.9,1.0,1.0,1.0,0.425,0.425,0.3,1,1
200,4,7,scale_free,0.8,4130632612,40,160,5,33,2,33,33,1,33,33.0,0.125,0.825,0.95,0.95,0.95,0.125,0.125,0.825,1,1
200,4,7,er,0.9,4130632612,20,180,5,15,0,15,15,1,15,15.0,0.25,0.75,1.0,1.0,1.0,0.25,0.25,0.75,1,1
200,4,7,ring,0.9,4130632612,20,180,5,15,0,15,15,6,4,2.5,0.25,0.75,1.0,1.0,1.0,1.0,1.0,0.2,1,1
200,4,7,small_world,0.9,4130632612,20,180,2,18,0,18,18,7,5,2.5714285714285716,0.1,0.9,1.0,1.0,1.0,1.0,1.0,0.25,1,1
200,4,7,scale_free,0.9,4130632612,20,180,4,16,0,16,16,1,16,16.0,0.2,0.8,1.0,1.0,1.0,0.2,0.2,0.8,1,1
200,4,8,er,0.1,4187542900,180,20,0,0,180,0,0,0,0,0.0,0.0,0.0,0.0,0.0,0.0,0.0,0.0,0.0,0,0
200,4,8,ring,0.1,4187542900,180,20,0,0,180,0,0,0,0,0.0,0.0,0.0,0.0,0.0,0.0,0.0,0.0,0.0,0,0
200,4,8,small_world,0.1,4187542900,180,20,0,0,180,0,0,0,0,0.0,0.0,0.0,0.0,0.0,0.0,0.0,0.0,0.0,0,0
200,4,8,scale_free,0.1,4187542900,180,20,1,0,179,0,0,0,0,0.0,0.005555555555555556,0.0,0.005555555555555556,0.005555555555555556,0.005555555555555556,0.005555555555555556,0.005555555555555556,0.0,0,0
200,4,8,er,0.2,4187542900,160,40,3,0,157,0,0,0,0,0.0,0.01875,0.0,0.01875,0.01875,0.01875,0.01875,0.01875,0.0,0,0
200,4,8,ring,0.2,4187542900,160,40,0,0,160,0,0,0,0,0.0,0.0,0.0,0.0,0.0,0.0,0.0,0.0,0.0,0,0
200,4,8,small_world,0.2,4187542900,160,40,0,0,160,0,0,0,0,0.0,0.0,0.0,0.0,0.0,0.0,0.0,0.0,0.0,0,0
200,4,8,scale_free,0.2,4187542900,160,40,1,0,159,0,0,0,0,0.0,0.00625,0.0,0.00625,0.00625,0.00625,0.00625,0.00625,0.0,0,0
200,4,8,er,0.3,4187542900,140,60,2,0,138,0,0,0,0,0.0,0.014285714285714285,0.0,0.014285714285714285,0.014285714285714285,0.014285714285714285,0.014285714285714285,0.014285714285714285,0.0,0,0
200,4,8,ring,0.3,4187542900,140,60,0,6,134,6,6,3,2,2.0,0.0,0.04285714285714286,0.04285714285714286,0.04285714285714286,0.04285714285714286,0.04285714285714286,0.04285714285714286,0.014285714285714285,1,1
200,4,8,small_world,0.3,4187542900,140,60,2,0,138,0,0,0,0,0.0,0.014285714285714285,0.0,0.014285714285714285,0.014285714285714285,0.014285714285714285,0.014285714285714285,0.014285714285714285,0.0,0,0
200,4,8,scale_free,0.3,4187542900,140,60,2,0,138,0,0,0,0,0.0,0.014285714285714285,0.0,0.014285714285714285,0.014285714285714285,0.014285714285714285,0.014285714285714285,0.014285714285714285,0.0,0,0
200,4,8,er,0.4,4187542900,120,80,2,0,118,0,0,0,0,0.0,0.016666666666666666,0.0,0.016666666666666666,0.016666666666666666,0.016666666666666666,0.016666666666666666,0.016666666666666666,0.0,0,0
200,4,8,ring,0.4,4187542900,120,80,0,10,110,7,7,4,3,2.5,0.0,0.08333333333333333,0.08333333333333333,0.058333333333333334,0.058333333333333334,0.058333333333333334,0.058333333333333334,0.025,1,1
200,4,8,small_world,0.4,4187542900,120,80,0,5,115,2,2,2,3,2.5,0.0,0.041666666666666664,0.041666666666666664,0.016666666666666666,0.016666666666666666,0.016666666666666666,0.016666666666666666,0.025,1,1
200,4,8,scale_free,0.4,4187542900,120,80,2,0,118,0,0,0,0,0.0,0.016666666666666666,0.0,0.016666666666666666,0.016666666666666666,0.016666666666666666,0.016666666666666666,0.016666666666666666,0.0,0,0
200,4,8,er,0.5,4187542900,100,100,4,85,11,0,0,1,85,85.0,0.04,0.85,0.89,0.04,0.04,0.04,0.04,0.85,0,0
200,4,8,ring,0.5,4187542900,100,100,0,60,40,25,25,12,13,5.0,0.0,0.6,0.6,0.25,0.25,0.25,0.25,0.13,1,1
200,4,8,small_world,0.5,4187542900,100,100,0,81,19,6,6,5,72,16.2,0.0,0.81,0.81,0.06,0.06,0.06,0.06,0.72,1,1
200,4,8,scale_free,0.5,4187542900,100,100,4,0,96,0,0,0,0,0.0,0.04,0.0,0.04,0.04,0.04,0.04,0.04,0.0,0,0
200,4,8,er,0.6,4187542900,80,120,5,70,5,0,0,1,70,70.0,0.0625,0.875,0.9375,0.0625,0.0625,0.0625,0.0625,0.875,0,0
200,4,8,ring,0.6,4187542900,80,120,4,52,24,34,34,8,18,6.5,0.05,0.65,0.7,0.475,0.475,0.475,0.475,0.225,1,1
200,4,8,small_world,0.6,4187542900,80,120,2,76,2,0,0,2,64,38.0,0.025,0.95,0.975,0.025,0.025,0.025,0.025,0.8,0,0
200,4,8,scale_free,0.6,4187542900,80,120,3,71,6,0,0,1,71,71.0,0.0375,0.8875,0.925,0.0375,0.0375,0.0375,0.0375,0.8875,0,0
200,4,8,er,0.7,4187542900,60,140,6,51,3,51,51,2,48,25.5,0.1,0.85,0.95,0.95,0.95,0.15,0.15,0.8,1,1
200,4,8,ring,0.7,4187542900,60,140,6,49,5,33,33,10,16,4.9,0.1,0.8166666666666667,0.9166666666666666,0.65,0.65,0.65,0.65,0.26666666666666666,1,1
200,4,8,small_world,0.7,4187542900,60,140,5,54,1,16,16,5,38,10.8,0.08333333333333333,0.9,0.9833333333333333,0.35,0.35,0.35,0.35,0.6333333333333333,1,1
200,4,8,scale_free,0.7,4187542900,60,140,2,54,4,0,0,1,54,54.0,0.03333333333333333,0.9,0.9333333333333333,0.03333333333333333,0.03333333333333333,0.03333333333333333,0.03333333333333333,0.9,0,0
200,4,8,er,0.8,4187542900,40,160,6,33,1,33,33,3,27,11.0,0.15,0.825,0.975,0.975,0.975,0.3,0.3,0.675,1,1
200,4,8,ring,0.8,4187542900,40,160,9,31,0,31,31,8,5,3.875,0.225,0.775,1.0,1.0,1.0,1.0,1.0,0.125,1,1
200,4,8,small_world,0.8,4187542900,40,160,6,34,0,34,34,6,18,5.666666666666667,0.15,0.85,1.0,1.0,1.0,0.55,0.55,0.45,1,1
200,4,8,scale_free,0.8,4187542900,40,160,2,38,0,0,0,1,38,38.0,0.05,0.95,1.0,0.05,0.05,0.05,0.05,0.95,0,0
200,4,8,er,0.9,4187542900,20,180,3,17,0,17,17,2,15,8.5,0.15,0.85,1.0,1.0,1.0,0.25,0.25,0.75,1,1
200,4,8,ring,0.9,4187542900,20,180,10,10,0,10,10,4,3,2.5,0.5,0.5,1.0,1.0,1.0,1.0,1.0,0.15,1,1
200,4,8,small_world,0.9,4187542900,20,180,6,14,0,14,14,3,7,4.666666666666667,0.3,0.7,1.0,1.0,1.0,1.0,1.0,0.35,1,1
200,4,8,scale_free,0.9,4187542900,20,180,4,16,0,16,16,1,16,16.0,0.2,0.8,1.0,1.0,1.0,0.2,0.2,0.8,1,1
200,4,9,er,0.1,1252842989,180,20,2,0,178,0,0,0,0,0.0,0.011111111111111112,0.0,0.011111111111111112,0.011111111111111112,0.011111111111111112,0.011111111111111112,0.011111111111111112,0.0,0,0
200,4,9,ring,0.1,1252842989,180,20,0,0,180,0,0,0,0,0.0,0.0,0.0,0.0,0.0,0.0,0.0,0.0,0.0,0,0
200,4,9,small_world,0.1,1252842989,180,20,0,0,180,0,0,0,0,0.0,0.0,0.0,0.0,0.0,0.0,0.0,0.0,0.0,0,0
200,4,9,scale_free,0.1,1252842989,180,20,0,0,180,0,0,0,0,0.0,0.0,0.0,0.0,0.0,0.0,0.0,0.0,0.0,0,0
200,4,9,er,0.2,1252842989,160,40,4,2,154,2,2,1,2,2.0,0.025,0.0125,0.0375,0.0375,0.0375,0.0375,0.0375,0.0125,1,1
200,4,9,ring,0.2,1252842989,160,40,0,0,160,0,0,0,0,0.0,0.0,0.0,0.0,0.0,0.0,0.0,0.0,0.0,0,0
200,4,9,small_world,0.2,1252842989,160,40,0,0,160,0,0,0,0,0.0,0.0,0.0,0.0,0.0,0.0,0.0,0.0,0.0,0,0
200,4,9,scale_free,0.2,1252842989,160,40,2,0,158,0,0,0,0,0.0,0.0125,0.0,0.0125,0.0125,0.0125,0.0125,0.0125,0.0,0,0
200,4,9,er,0.3,1252842989,140,60,5,6,129,6,6,3,2,2.0,0.03571428571428571,0.04285714285714286,0.07857142857142857,0.07857142857142857,0.07857142857142857,0.07857142857142857,0.07857142857142857,0.014285714285714285,1,1
200,4,9,ring,0.3,1252842989,140,60,0,9,131,0,0,2,6,4.5,0.0,0.06428571428571428,0.06428571428571428,0.0,0.0,0.0,0.0,0.04285714285714286,0,0
200,4,9,small_world,0.3,1252842989,140,60,1,0,139,0,0,0,0,0.0,0.007142857142857143,0.0,0.007142857142857143,0.007142857142857143,0.007142857142857143,0.007142857142857143,0.007142857142857143,0.0,0,0
200,4,9,scale_free,0.3,1252842989,140,60,5,0,135,0,0,0,0,0.0,0.03571428571428571,0.0,0.03571428571428571,0.03571428571428571,0.03571428571428571,0.03571428571428571,0.03571428571428571,0.0,0,0
200,4,9,er,0.4,1252842989,120,80,7,2,111,2,2,1,2,2.0,0.058333333333333334,0.016666666666666666,0.075,0.075,0.075,0.075,0.075,0.016666666666666666,1,1
200,4,9,ring,0.4,1252842989,120,80,0,40,80,0,0,4,23,10.0,0.0,0.3333333333333333,0.3333333333333333,0.0,0.0,0.0,0.0,0.19166666666666668,0,0
200,4,9,small_world,0.4,1252842989,120,80,1,9,110,4,4,2,5,4.5,0.008333333333333333,0.075,0.08333333333333333,0.041666666666666664,0.041666666666666664,0.041666666666666664,0.041666666666666664,0.041666666666666664,1,1
200,4,9,scale_free,0.4,1252842989,120,80,6,0,114,0,0,0,0,0.0,0.05,0.0,0.05,0.05,0.05,0.05,0.05,0.0,0,0
200,4,9,er,0.5,1252842989,100,100,6,79,15,2,2,2,77,39.5,0.06,0.79,0.85,0.08,0.08,0.08,0.08,0.77,1,1
200,4,9,ring,0.5,1252842989,100,100,0,43,57,5,5,6,21,7.166666666666667,0.0,0.43,0.43,0.05,0.05,0.05,0.05,0.21,1,1
200,4,9,small_world,0.5,1252842989,100,100,1,68,31,4,4,3,59,22.666666666666668,0.01,0.68,0.69,0.05,0.05,0.05,0.05,0.59,1,1
200,4,9,scale_free,0.5,1252842989,100,100,2,75,23,0,0,1,75,75.0,0.02,0.75,0.77,0.02,0.02,0.02,0.02,0.75,0,0
200,4,9,er,0.6,1252842989,80,120,5,67,8,4,4,3,63,22.333333333333332,0.0625,0.8375,0.9,0.1125,0.1125,0.1125,0.1125,0.7875,1,1
200,4,9,ring,0.6,1252842989,80,120,2,68,10,29,29,10,22,6.8,0.025,0.85,0.875,0.3875,0.3875,0.2375,0.2375,0.275,1,1
200,4,9,small_world,0.6,1252842989,80,120,2,69,9,9,12,6,52,11.5,0.025,0.8625,0.8875,0.1375,0.175,0.1375,0.175,0.65,1,1
200,4,9,scale_free,0.6,1252842989,80,120,1,69,10,0,0,1,69,69.0,0.0125,0.8625,0.875,0.0125,0.0125,0.0125,0.0125,0.8625,0,0
200,4,9,er,0.7,1252842989,60,140,7,47,6,47,47,2,45,23.5,0.11666666666666667,0.7833333333333333,0.9,0.9,0.9,0.15,0.15,0.75,1,1
200,4,9,ring,0.7,1252842989,60,140,3,53,4,36,36,12,8,4.416666666666667,0.05,0.8833333333333333,0.9333333333333333,0.65,0.65,0.65,0.65,0.13333333333333333,1,1
200,4,9,small_world,0.7,1252842989,60,140,3,54,3,29,29,11,12,4.909090909090909,0.05,0.9,0.95,0.5333333333333333,0.5333333333333333,0.5333333333333333,0.5333333333333333,0.2,1,1
200,4,9,scale_free,0.7,1252842989,60,140,3,54,3,0,0,1,54,54.0,0.05,0.9,0.95,0.05,0.05,0.05,0.05,0.9,0,0
200,4,9,er,0.8,1252842989,40,160,8,31,1,31,31,1,31,31.0,0.2,0.775,0.975,0.975,0.975,0.2,0.2,0.775,1,1
200,4,9,ring,0.8,1252842989,40,160,7,28,5,28,28,9,4,3.111111111111111,0.175,0.7,0.875,0.875,0.875,0.875,0.875,0.1,1,1
200,4,9,small_world,0.8,1252842989,40,160,6,33,1,33,33,10,5,3.3,0.15,0.825,0.975,0.975,0.975,0.975,0.975,0.125,1,1
200,4,9,scale_free,0.8,1252842989,40,160,3,37,0,37,37,2,35,18.5,0.075,0.925,1.0,1.0,1.0,0.125,0.125,0.875,1,1
200,4,9,er,0.9,1252842989,20,180,5,15,0,15,15,3,9,5.0,0.25,0.75,1.0,1.0,1.0,1.0,1.0,0.45,1,1
200,4,9,ring,0.9,1252842989,20,180,11,9,0,9,9,3,4,3.0,0.55,0.45,1.0,1.0,1.0,1.0,1.0,0.2,1,1
200,4,9,small_world,0.9,1252842989,20,180,12,8,0,8,8,3,4,2.6666666666666665,0.6,0.4,1.0,1.0,1.0,1.0,1.0,0.2,1,1
200,4,9,scale_free,0.9,1252842989,20,180,2,18,0,18,18,1,18,18.0,0.1,0.9,1.0,1.0,1.0,0.1,0.1,0.9,1,1
200,4,10,er,0.1,1105475730,180,20,0,0,180,0,0,0,0,0.0,0.0,0.0,0.0,0.0,0.0,0.0,0.0,0.0,0,0
200,4,10,ring,0.1,1105475730,180,20,0,0,180,0,0,0,0,0.0,0.0,0.0,0.0,0.0,0.0,0.0,0.0,0.0,0,0
200,4,10,small_world,0.1,1105475730,180,20,0,0,180,0,0,0,0,0.0,0.0,0.0,0.0,0.0,0.0,0.0,0.0,0.0,0,0
200,4,10,scale_free,0.1,1105475730,180,20,0,0,180,0,0,0,0,0.0,0.0,0.0,0.0,0.0,0.0,0.0,0.0,0.0,0,0
200,4,10,er,0.2,1105475730,160,40,2,0,158,0,0,0,0,0.0,0.0125,0.0,0.0125,0.0125,0.0125,0.0125,0.0125,0.0,0,0
200,4,10,ring,0.2,1105475730,160,40,0,0,160,0,0,0,0,0.0,0.0,0.0,0.0,0.0,0.0,0.0,0.0,0.0,0,0
200,4,10,small_world,0.2,1105475730,160,40,0,0,160,0,0,0,0,0.0,0.0,0.0,0.0,0.0,0.0,0.0,0.0,0.0,0,0
200,4,10,scale_free,0.2,1105475730,160,40,2,0,158,0,0,0,0,0.0,0.0125,0.0,0.0125,0.0125,0.0125,0.0125,0.0125,0.0,0,0
200,4,10,er,0.3,1105475730,140,60,3,0,137,0,0,0,0,0.0,0.02142857142857143,0.0,0.02142857142857143,0.02142857142857143,0.02142857142857143,0.02142857142857143,0.02142857142857143,0.0,0,0
200,4,10,ring,0.3,1105475730,140,60,0,19,121,0,0,2,14,9.5,0.0,0.1357142857142857,0.1357142857142857,0.0,0.0,0.0,0.0,0.1,0,0
200,4,10,small_world,0.3,1105475730,140,60,0,5,135,0,0,1,5,5.0,0.0,0.03571428571428571,0.03571428571428571,0.0,0.0,0.0,0.0,0.03571428571428571,0,0
200,4,10,scale_free,0.3,1105475730,140,60,1,0,139,0,0,0,0,0.0,0.007142857142857143,0.0,0.007142857142857143,0.007142857142857143,0.007142857142857143,0.007142857142857143,0.007142857142857143,0.0,0,0
200,4,10,er,0.4,1105475730,120,80,3,2,115,2,2,1,2,2.0,0.025,0.016666666666666666,0.041666666666666664,0.041666666666666664,0.041666666666666664,0.041666666666666664,0.041666666666666664,0.016666666666666666,1,1
200,4,10,ring,0.4,1105475730,120,80,0,15,105,8,8,3,8,5.0,0.0,0.125,0.125,0.06666666666666667,0.06666666666666667,0.06666666666666667,0.06666666666666667,0.06666666666666667,1,1
200,4,10,small_world,0.4,1105475730,120,80,1,17,102,0,0,2,14,8.5,0.008333333333333333,0.14166666666666666,0.15,0.008333333333333333,0.008333333333333333,0.008333333333333333,0.008333333333333333,0.11666666666666667,0,0
200,4,10,scale_free,0.4,1105475730,120,80,1,0,119,0,0,0,0,0.0,0.008333333333333333,0.0,0.008333333333333333,0.008333333333333333,0.008333333333333333,0.008333333333333333,0.008333333333333333,0.0,0,0
200,4,10,er,0.5,1105475730,100,100,3,76,21,6,6,4,70,19.0,0.03,0.76,0.79,0.09,0.09,0.09,0.09,0.7,1,1
200,4,10,ring,0.5,1105475730,100,100,1,73,26,13,13,10,19,7.3,0.01,0.73,0.74,0.14,0.14,0.14,0.14,0.19,1,1
200,4,10,small_world,0.5,1105475730,100,100,1,76,23,0,0,4,61,19.0,0.01,0.76,0.77,0.01,0.01,0.01,0.01,0.61,0,0
200,4,10,scale_free,0.5,1105475730,100,100,4,0,96,0,0,0,0,0.0,0.04,0.0,0.04,0.04,0.04,0.04,0.04,0.0,0,0
200,4,10,er,0.6,1105475730,80,120,3,65,12,2,2,2,63,32.5,0.0375,0.8125,0.85,0.0625,0.0625,0.0625,0.0625,0.7875,1,1
200,4,10,ring,0.6,1105475730,80,120,2,69,9,16,16,11,21,6.2727272727272725,0.025,0.8625,0.8875,0.225,0.225,0.225,0.225,0.2625,1,1
200,4,10,small_world,0.6,1105475730,80,120,0,75,5,8,8,6,48,12.5,0.0,0.9375,0.9375,0.1,0.1,0.1,0.1,0.6,1,1
200,4,10,scale_free,0.6,1105475730,80,120,2,67,11,0,0,1,67,67.0,0.025,0.8375,0.8625,0.025,0.025,0.025,0.025,0.8375,0,0
200,4,10,er,0.7,1105475730,60,140,6,49,5,49,49,2,47,24.5,0.1,0.8166666666666667,0.9166666666666666,0.9166666666666666,0.9166666666666666,0.13333333333333333,0.13333333333333333,0.7833333333333333,1,1
200,4,10,ring,0.7,1105475730,60,140,6,50,4,34,34,12,11,4.166666666666667,0.1,0.8333333333333334,0.9333333333333333,0.6666666666666666,0.6666666666666666,0.6666666666666666,0.6666666666666666,0.18333333333333332,1,1
200,4,10,small_world,0.7,1105475730,60,140,2,58,0,43,43,7,29,8.285714285714286,0.03333333333333333,0.9666666666666667,1.0,0.75,0.75,0.26666666666666666,0.26666666666666666,0.48333333333333334,1,1
200,4,10,scale_free,0.7,1105475730,60,140,0,55,5,0,0,1,55,55.0,0.0,0.9166666666666666,0.9166666666666666,0.0,0.0,0.0,0.0,0.9166666666666666,0,0
200,4,10,er,0.8,1105475730,40,160,3,35,2,35,35,1,35,35.0,0.075,0.875,0.95,0.95,0.95,0.075,0.075,0.875,1,1
200,4,10,ring,0.8,1105475730,40,160,7,33,0,28,28,10,7,3.3,0.175,0.825,1.0,0.875,0.875,0.875,0.875,0.175,1,1
200,4,10,small_world,0.8,1105475730,40,160,2,38,0,38,38,10,9,3.8,0.05,0.95,1.0,1.0,1.0,1.0,1.0,0.225,1,1
200,4,10,scale_free,0.8,1105475730,40,160,3,35,2,35,35,1,35,35.0,0.075,0.875,0.95,0.95,0.95,0.075,0.075,0.875,1,1
200,4,10,er,0.9,1105475730,20,180,9,10,1,10,10,2,8,5.0,0.45,0.5,0.95,0.95,0.95,0.95,0.95,0.4,1,1
200,4,10,ring,0.9,1105475730,20,180,8,12,0,12,12,5,4,2.4,0.4,0.6,1.0,1.0,1.0,1.0,1.0,0.2,1,1
200,4,10,small_world,0.9,1105475730,20,180,6,14,0,14,14,6,4,2.3333333333333335,0.3,0.7,1.0,1.0,1.0,1.0,1.0,0.2,1,1
200,4,10,scale_free,0.9,1105475730,20,180,1,18,1,18,18,1,18,18.0,0.05,0.9,0.95,0.95,0.95,0.05,0.05,0.9,1,1
200,4,11,er,0.1,698091068,180,20,1,0,179,0,0,0,0,0.0,0.005555555555555556,0.0,0.005555555555555556,0.005555555555555556,0.005555555555555556,0.005555555555555556,0.005555555555555556,0.0,0,0
200,4,11,ring,0.1,698091068,180,20,0,0,180,0,0,0,0,0.0,0.0,0.0,0.0,0.0,0.0,0.0,0.0,0.0,0,0
200,4,11,small_world,0.1,698091068,180,20,0,0,180,0,0,0,0,0.0,0.0,0.0,0.0,0.0,0.0,0.0,0.0,0.0,0,0
200,4,11,scale_free,0.1,698091068,180,20,0,0,180,0,0,0,0,0.0,0.0,0.0,0.0,0.0,0.0,0.0,0.0,0.0,0,0
200,4,11,er,0.2,698091068,160,40,1,0,159,0,0,0,0,0.0,0.00625,0.0,0.00625,0.00625,0.00625,0.00625,0.00625,0.0,0,0
200,4,11,ring,0.2,698091068,160,40,0,0,160,0,0,0,0,0.0,0.0,0.0,0.0,0.0,0.0,0.0,0.0,0.0,0,0
200,4,11,small_world,0.2,698091068,160,40,0,0,160,0,0,0,0,0.0,0.0,0.0,0.0,0.0,0.0,0.0,0.0,0.0,0,0
200,4,11,scale_free,0.2,698091068,160,40,2,0,158,0,0,0,0,0.0,0.0125,0.0,0.0125,0.0125,0.0125,0.0125,0.0125,0.0,0,0
200,4,11,er,0.3,698091068,140,60,4,2,134,2,2,1,2,2.0,0.02857142857142857,0.014285714285714285,0.04285714285714286,0.04285714285714286,0.04285714285714286,0.04285714285714286,0.04285714285714286,0.014285714285714285,1,1
200,4,11,ring,0.3,698091068,140,60,0,0,140,0,0,0,0,0.0,0.0,0.0,0.0,0.0,0.0,0.0,0.0,0.0,0,0
200,4,11,small_world,0.3,698091068,140,60,0,0,140,0,0,0,0,0.0,0.0,0.0,0.0,0.0,0.0,0.0,0.0,0.0,0,0
200,4,11,scale_free,0.3,698091068,140,60,1,0,139,0,0,0,0,0.0,0.007142857142857143,0.0,0.007142857142857143,0.007142857142857143,0.007142857142857143,0.007142857142857143,0.007142857142857143,0.0,0,0
200,4,11,er,0.4,698091068,120,80,6,2,112,2,2,1,2,2.0,0.05,0.016666666666666666,0.06666666666666667,0.06666666666666667,0.06666666666666667,0.06666666666666667,0.06666666666666667,0.016666666666666666,1,1
200,4,11,ring,0.4,698091068,120,80,0,6,114,6,6,1,6,6.0,0.0,0.05,0.05,0.05,0.05,0.05,0.05,0.05,1,1
200,4,11,small_world,0.4,698091068,120,80,0,0,120,0,0,0,0,0.0,0.0,0.0,0.0,0.0,0.0,0.0,0.0,0.0,0,0
200,4,11,scale_free,0.4,698091068,120,80,1,2,117,2,2,1,2,2.0,0.008333333333333333,0.016666666666666666,0.025,0.025,0.025,0.025,0.025,0.016666666666666666,1,1
200,4,11,er,0.5,698091068,100,100,6,77,17,4,4,3,73,25.666666666666668,0.06,0.77,0.83,0.1,0.1,0.1,0.1,0.73,1,1
200,4,11,ring,0.5,698091068,100,100,0,88,12,7,7,9,43,9.777777777777779,0.0,0.88,0.88,0.07,0.07,0.07,0.07,0.43,1,1
200,4,11,small_world,0.5,698091068,100,100,2,71,27,12,12,6,49,11.833333333333334,0.02,0.71,0.73,0.14,0.14,0.14,0.14,0.49,1,1
200,4,11,scale_free,0.5,698091068,100,100,1,2,97,2,2,1,2,2.0,0.01,0.02,0.03,0.03,0.03,0.03,0.03,0.02,1,1
200,4,11,er,0.6,698091068,80,120,6,66,8,66,66,3,61,22.0,0.075,0.825,0.9,0.9,0.9,0.1375,0.1375,0.7625,1,1
200,4,11,ring,0.6,698091068,80,120,1,76,3,41,41,10,17,7.6,0.0125,0.95,0.9625,0.525,0.525,0.325,0.325,0.2125,1,1
200,4,11,small_world,0.6,698091068,80,120,3,72,5,13,13,6,42,12.0,0.0375,0.9,0.9375,0.2,0.2,0.2,0.2,0.525,1,1
200,4,11,scale_free,0.6,698091068,80,120,6,63,11,2,2,2,61,31.5,0.075,0.7875,0.8625,0.1,0.1,0.1,0.1,0.7625,1,1
200,4,11,er,0.7,698091068,60,140,9,47,4,47,47,3,42,15.666666666666666,0.15,0.7833333333333333,0.9333333333333333,0.9333333333333333,0.9333333333333333,0.23333333333333334,0.23333333333333334,0.7,1,1
200,4,11,ring,0.7,698091068,60,140,5,53,2,42,42,12,10,4.416666666666667,0.08333333333333333,0.8833333333333333,0.9666666666666667,0.7833333333333333,0.7833333333333333,0.7833333333333333,0.7833333333333333,0.16666666666666666,1,1
200,4,11,small_world,0.7,698091068,60,140,5,50,5,9,9,5,41,10.0,0.08333333333333333,0.8333333333333334,0.9166666666666666,0.23333333333333334,0.23333333333333334,0.23333333333333334,0.23333333333333334,0.6833333333333333,1,1
200,4,11,scale_free,0.7,698091068,60,140,5,51,4,0,0,1,51,51.0,0.08333333333333333,0.85,0.9333333333333333,0.08333333333333333,0.08333333333333333,0.08333333333333333,0.08333333333333333,0.85,0,0
200,4,11,er,0.8,698091068,40,160,7,33,0,33,33,1,33,33.0,0.175,0.825,1.0,1.0,1.0,0.175,0.175,0.825,1,1
200,4,11,ring,0.8,698091068,40,160,7,33,0,26,26,9,7,3.6666666666666665,0.175,0.825,1.0,0.825,0.825,0.825,0.825,0.175,1,1
200,4,11,small_world,0.8,698091068,40,160,7,33,0,22,22,6,11,5.5,0.175,0.825,1.0,0.725,0.725,0.725,0.725,0.275,1,1
200,4,11,scale_free,0.8,698091068,40,160,5,35,0,0,0,1,35,35.0,0.125,0.875,1.0,0.125,0.125,0.125,0.125,0.875,0,0
200,4,11,er,0.9,698091068,20,180,8,12,0,12,12,3,5,4.0,0.4,0.6,1.0,1.0,1.0,1.0,1.0,0.25,1,1
200,4,11,ring,0.9,698091068,20,180,10,10,0,10,10,4,3,2.5,0.5,0.5,1.0,1.0,1.0,1.0,1.0,0.15,1,1
200,4,11,small_world,0.9,698091068,20,180,7,13,0,13,13,4,4,3.25,0.35,0.65,1.0,1.0,1.0,1.0,1.0,0.2,1,1
200,4,11,scale_free,0.9,698091068,20,180,4,16,0,16,16,3,12,5.333333333333333,0.2,0.8,1.0,1.0,1.0,0.4,0.4,0.6,1,1
200,4,12,er,0.1,464229323,180,20,1,0,179,0,0,0,0,0.0,0.005555555555555556,0.0,0.005555555555555556,0.005555555555555556,0.005555555555555556,0.005555555555555556,0.005555555555555556,0.0,0,0
200,4,12,ring,0.1,464229323,180,20,0,0,180,0,0,0,0,0.0,0.0,0.0,0.0,0.0,0.0,0.0,0.0,0.0,0,0
200,4,12,small_world,0.1,464229323,180,20,0,0,180,0,0,0,0,0.0,0.0,0.0,0.0,0.0,0.0,0.0,0.0,0.0,0,0
200,4,12,scale_free,0.1,464229323,180,20,2,0,178,0,0,0,0,0.0,0.011111111111111112,0.0,0.011111111111111112,0.011111111111111112,0.011111111111111112,0.011111111111111112,0.011111111111111112,0.0,0,0
200,4,12,er,0.2,464229323,160,40,4,0,156,0,0,0,0,0.0,0.025,0.0,0.025,0.025,0.025,0.025,0.025,0.0,0,0
200,4,12,ring,0.2,464229323,160,40,0,0,160,0,0,0,0,0.0,0.0,0.0,0.0,0.0,0.0,0.0,0.0,0.0,0,0
200,4,12,small_world,0.2,464229323,160,40,0,0,160,0,0,0,0,0.0,0.0,0.0,0.0,0.0,0.0,0.0,0.0,0.0,0,0
200,4,12,scale_free,0.2,464229323,160,40,1,0,159,0,0,0,0,0.0,0.00625,0.0,0.00625,0.00625,0.00625,0.00625,0.00625,0.0,0,0
200,4,12,er,0.3,464229323,140,60,4,0,136,0,0,0,0,0.0,0.02857142857142857,0.0,0.02857142857142857,0.02857142857142857,0.02857142857142857,0.02857142857142857,0.02857142857142857,0.0,0,0
200,4,12,ring,0.3,464229323,140,60,0,3,137,0,0,1,3,3.0,0.0,0.02142857142857143,0.02142857142857143,0.0,0.0,0.0,0.0,0.02142857142857143,0,0
200,4,12,small_world,0.3,464229323,140,60,0,0,140,0,0,0,0,0.0,0.0,0.0,0.0,0.0,0.0,0.0,0.0,0.0,0,0
200,4,12,scale_free,0.3,464229323,140,60,2,0,138,0,0,0,0,0.0,0.014285714285714285,0.0,0.014285714285714285,0.014285714285714285,0.014285714285714285,0.014285714285714285,0.014285714285714285,0.0,0,0
200,4,12,er,0.4,464229323,120,80,3,0,117,0,0,0,0,0.0,0.025,0.0,0.025,0.025,0.025,0.025,0.025,0.0,0,0
200,4,12,ring,0.4,464229323,120,80,0,16,104,0,0,2,12,8.0,0.0,0.13333333333333333,0.13333333333333333,0.0,0.0,0.0,0.0,0.1,0,0
200,4,12,small_world,0.4,464229323,120,80,0,11,109,11,11,4,4,2.75,0.0,0.09166666666666666,0.09166666666666666,0.09166666666666666,0.09166666666666666,0.09166666666666666,0.09166666666666666,0.03333333333333333,1,1
200,4,12,scale_free,0.4,464229323,120,80,4,3,113,3,3,1,3,3.0,0.03333333333333333,0.025,0.058333333333333334,0.058333333333333334,0.058333333333333334,0.058333333333333334,0.058333333333333334,0.025,1,1
200,4,12,er,0.5,464229323,100,100,6,78,16,0,0,1,78,78.0,0.06,0.78,0.84,0.06,0.06,0.06,0.06,0.78,0,0
200,4,12,ring,0.5,464229323,100,100,2,49,49,23,23,7,19,7.0,0.02,0.49,0.51,0.25,0.25,0.25,0.25,0.19,1,1
200,4,12,small_world,0.5,464229323,100,100,1,69,30,11,11,8,41,8.625,0.01,0.69,0.7,0.12,0.12,0.12,0.12,0.41,1,1
200,4,12,scale_free,0.5,464229323,100,100,2,0,98,0,0,0,0,0.0,0.02,0.0,0.02,0.02,0.02,0.02,0.02,0.0,0,0
200,4,12,er,0.6,464229323,80,120,4,69,7,0,0,1,69,69.0,0.05,0.8625,0.9125,0.05,0.05,0.05,0.05,0.8625,0,0
200,4,12,ring,0.6,464229323,80,120,1,43,36,22,22,6,16,7.166666666666667,0.0125,0.5375,0.55,0.2875,0.2875,0.2875,0.2875,0.2,1,1
200,4,12,small_world,0.6,464229323,80,120,4,75,1,8,8,6,51,12.5,0.05,0.9375,0.9875,0.15,0.15,0.15,0.15,0.6375,1,1
200,4,12,scale_free,0.6,464229323,80,120,4,2,74,2,2,1,2,2.0,0.05,0.025,0.075,0.075,0.075,0.075,0.075,0.025,1,1
200,4,12,er,0.7,464229323,60,140,2,54,4,0,0,1,54,54.0,0.03333333333333333,0.9,0.9333333333333333,0.03333333333333333,0.03333333333333333,0.03333333333333333,0.03333333333333333,0.9,0,0
200,4,12,ring,0.7,464229323,60,140,2,52,6,45,45,10,9,5.2,0.03333333333333333,0.8666666666666667,0.9,0.7833333333333333,0.7833333333333333,0.7833333333333333,0.7833333333333333,0.15,1,1
200,4,12,small_world,0.7,464229323,60,140,2,57,1,25,25,7,32,8.142857142857142,0.03333333333333333,0.95,0.9833333333333333,0.45,0.45,0.45,0.45,0.5333333333333333,1,1
200,4,12,scale_free,0.7,464229323,60,140,2,57,1,4,4,3,53,19.0,0.03333333333333333,0.95,0.9833333333333333,0.1,0.1,0.1,0.1,0.8833333333333333,1,1
200,4,12,er,0.8,464229323,40,160,4,34,2,34,34,1,34,34.0,0.1,0.85,0.95,0.95,0.95,0.1,0.1,0.85,1,1
200,4,12,ring,0.8,464229323,40,160,5,35,0,31,31,11,5,3.1818181818181817,0.125,0.875,1.0,0.9,0.9,0.9,0.9,0.125,1,1
200,4,12,small_world,0.8,464229323,40,160,8,32,0,28,28,8,6,4.0,0.2,0.8,1.0,0.9,0.9,0.9,0.9,0.15,1,1
200,4,12,scale_free,0.8,464229323,40,160,2,38,0,2,2,2,36,19.0,0.05,0.95,1.0,0.1,0.1,0.1,0.1,0.9,1,1
200,4,12,er,0.9,464229323,20,180,3,17,0,17,17,2,14,8.5,0.15,0.85,1.0,1.0,1.0,0.3,0.3,0.7,1,1
200,4,12,ring,0.9,464229323,20,180,10,10,0,10,10,5,2,2.0,0.5,0.5,1.0,1.0,1.0,1.0,1.0,0.1,1,1
200,4,12,small_world,0.9,464229323,20,180,11,9,0,9,9,4,3,2.25,0.55,0.45,1.0,1.0,1.0,1.0,1.0,0.15,1,1
200,4,12,scale_free,0.9,464229323,20,180,5,15,0,15,15,2,13,7.5,0.25,0.75,1.0,1.0,1.0,0.35,0.35,0.65,1,1
200,4,13,er,0.1,320328439,180,20,3,0,177,0,0,0,0,0.0,0.016666666666666666,0.0,0.016666666666666666,0.016666666666666666,0.016666666666666666,0.016666666666666666,0.016666666666666666,0.0,0,0
200,4,13,ring,0.1,320328439,180,20,0,0,180,0,0,0,0,0.0,0.0,0.0,0.0,0.0,0.0,0.0,0.0,0.0,0,0
200,4,13,small_world,0.1,320328439,180,20,0,0,180,0,0,0,0,0.0,0.0,0.0,0.0,0.0,0.0,0.0,0.0,0.0,0,0
200,4,13,scale_free,0.1,320328439,180,20,2,0,178,0,0,0,0,0.0,0.011111111111111112,0.0,0.011111111111111112,0.011111111111111112,0.011111111111111112,0.011111111111111112,0.011111111111111112,0.0,0,0
200,4,13,er,0.2,320328439,160,40,2,0,158,0,0,0,0,0.0,0.0125,0.0,0.0125,0.0125,0.0125,0.0125,0.0125,0.0,0,0
200,4,13,ring,0.2,320328439,160,40,0,0,160,0,0,0,0,0.0,0.0,0.0,0.0,0.0,0.0,0.0,0.0,0.0,0,0
200,4,13,small_world,0.2,320328439,160,40,0,0,160,0,0,0,0,0.0,0.0,0.0,0.0,0.0,0.0,0.0,0.0,0.0,0,0
200,4,13,scale_free,0.2,320328439,160,40,1,0,159,0,0,0,0,0.0,0.00625,0.0,0.00625,0.00625,0.00625,0.00625,0.00625,0.0,0,0
200,4,13,er,0.3,320328439,140,60,0,0,140,0,0,0,0,0.0,0.0,0.0,0.0,0.0,0.0,0.0,0.0,0.0,0,0
200,4,13,ring,0.3,320328439,140,60,0,2,138,2,2,1,2,2.0,0.0,0.014285714285714285,0.014285714285714285,0.014285714285714285,0.014285714285714285,0.014285714285714285,0.014285714285714285,0.014285714285714285,1,1
200,4,13,small_world,0.3,320328439,140,60,0,0,140,0,0,0,0,0.0,0.0,0.0,0.0,0.0,0.0,0.0,0.0,0.0,0,0
200,4,13,scale_free,0.3,320328439,140,60,2,0,138,0,0,0,0,0.0,0.014285714285714285,0.0,0.014285714285714285,0.014285714285714285,0.014285714285714285,0.014285714285714285,0.014285714285714285,0.0,0,0
200,4,13,er,0.4,320328439,120,80,0,0,120,0,0,0,0,0.0,0.0,0.0,0.0,0.0,0.0,0.0,0.0,0.0,0,0
200,4,13,ring,0.4,320328439,120,80,0,15,105,11,11,5,4,3.0,0.0,0.125,0.125,0.09166666666666666,0.09166666666666666,0.09166666666666666,0.09166666666666666,0.03333333333333333,1,1
200,4,13,small_world,0.4,320328439,120,80,0,9,111,9,9,3,4,3.0,0.0,0.075,0.075,0.075,0.075,0.075,0.075,0.03333333333333333,1,1
200,4,13,scale_free,0.4,320328439,120,80,5,2,113,2,2,1,2,2.0,0.041666666666666664,0.016666666666666666,0.058333333333333334,0.058333333333333334,0.058333333333333334,0.058333333333333334,0.058333333333333334,0.016666666666666666,1,1
200,4,13,er,0.5,320328439,100,100,2,79,19,2,2,2,77,39.5,0.02,0.79,0.81,0.04,0.04,0.04,0.04,0.77,1,1
200,4,13,ring,0.5,320328439,100,100,0,53,47,23,23,10,17,5.3,0.0,0.53,0.53,0.23,0.23,0.23,0.23,0.17,1,1
200,4,13,small_world,0.5,320328439,100,100,2,70,28,8,8,4,62,17.5,0.02,0.7,0.72,0.1,0.1,0.1,0.1,0.62,1,1
200,4,13,scale_free,0.5,320328439,100,100,5,2,93,2,2,1,2,2.0,0.05,0.02,0.07,0.07,0.07,0.07,0.07,0.02,1,1
200,4,13,er,0.6,320328439,80,120,3,66,11,0,0,1,66,66.0,0.0375,0.825,0.8625,0.0375,0.0375,0.0375,0.0375,0.825,0,0
200,4,13,ring,0.6,320328439,80,120,1,77,2,59,59,13,11,5.923076923076923,0.0125,0.9625,0.975,0.75,0.75,0.6125,0.6125,0.1375,1,1
200,4,13,small_world,0.6,320328439,80,120,1,67,12,16,16,7,51,9.571428571428571,0.0125,0.8375,0.85,0.2125,0.2125,0.2125,0.2125,0.6375,1,1
200,4,13,scale_free,0.6,320328439,80,120,6,69,5,0,0,1,69,69.0,0.075,0.8625,0.9375,0.075,0.075,0.075,0.075,0.8625,0,0
200,4,13,er,0.7,320328439,60,140,3,51,6,2,2,2,49,25.5,0.05,0.85,0.9,0.08333333333333333,0.08333333333333333,0.08333333333333333,0.08333333333333333,0.8166666666666667,1,1
200,4,13,ring,0.7,320328439,60,140,3,57,0,46,46,12,9,4.75,0.05,0.95,1.0,0.8166666666666667,0.8166666666666667,0.8166666666666667,0.8166666666666667,0.15,1,1
200,4,13,small_world,0.7,320328439,60,140,3,57,0,53,53,6,34,9.5,0.05,0.95,1.0,0.9333333333333333,0.9333333333333333,0.36666666666666664,0.36666666666666664,0.5666666666666667,1,1
200,4,13,scale_free,0.7,320328439,60,140,6,52,2,2,2,2,50,26.0,0.1,0.8666666666666667,0.9666666666666667,0.13333333333333333,0.13333333333333333,0.13333333333333333,0.13333333333333333,0.8333333333333334,1,1
200,4,13,er,0.8,320328439,40,160,7,30,3,30,30,3,26,10.0,0.175,0.75,0.925,0.925,0.925,0.275,0.275,0.65,1,1
200,4,13,ring,0.8,320328439,40,160,8,32,0,32,32,11,4,2.909090909090909,0.2,0.8,1.0,1.0,1.0,1.0,1.0,0.1,1,1
200,4,13,small_world,0.8,320328439,40,160,8,32,0,32,32,10,8,3.2,0.2,0.8,1.0,1.0,1.0,1.0,1.0,0.2,1,1
200,4,13,scale_free,0.8,320328439,40,160,1,39,0,39,39,3,35,13.0,0.025,0.975,1.0,1.0,1.0,0.125,0.125,0.875,1,1
200,4,13,er,0.9,320328439,20,180,4,15,1,15,15,3,6,5.0,0.2,0.75,0.95,0.95,0.95,0.95,0.95,0.3,1,1
200,4,13,ring,0.9,320328439,20,180,11,9,0,9,9,3,4,3.0,0.55,0.45,1.0,1.0,1.0,1.0,1.0,0.2,1,1
200,4,13,small_world,0.9,320328439,20,180,10,10,0,10,10,4,4,2.5,0.5,0.5,1.0,1.0,1.0,1.0,1.0,0.2,1,1
200,4,13,scale_free,0.9,320328439,20,180,2,18,0,18,18,4,9,4.5,0.1,0.9,1.0,1.0,1.0,1.0,1.0,0.45,1,1
200,4,14,er,0.1,3130596825,180,20,2,0,178,0,0,0,0,0.0,0.011111111111111112,0.0,0.011111111111111112,0.011111111111111112,0.011111111111111112,0.011111111111111112,0.011111111111111112,0.0,0,0
200,4,14,ring,0.1,3130596825,180,20,0,0,180,0,0,0,0,0.0,0.0,0.0,0.0,0.0,0.0,0.0,0.0,0.0,0,0
200,4,14,small_world,0.1,3130596825,180,20,0,0,180,0,0,0,0,0.0,0.0,0.0,0.0,0.0,0.0,0.0,0.0,0.0,0,0
200,4,14,scale_free,0.1,3130596825,180,20,1,0,179,0,0,0,0,0.0,0.005555555555555556,0.0,0.005555555555555556,0.005555555555555556,0.005555555555555556,0.005555555555555556,0.005555555555555556,0.0,0,0
200,4,14,er,0.2,3130596825,160,40,2,0,158,0,0,0,0,0.0,0.0125,0.0,0.0125,0.0125,0.0125,0.0125,0.0125,0.0,0,0
200,4,14,ring,0.2,3130596825,160,40,0,0,160,0,0,0,0,0.0,0.0,0.0,0.0,0.0,0.0,0.0,0.0,0.0,0,0
200,4,14,small_world,0.2,3130596825,160,40,0,0,160,0,0,0,0,0.0,0.0,0.0,0.0,0.0,0.0,0.0,0.0,0.0,0,0
200,4,14,scale_free,0.2,3130596825,160,40,2,2,156,2,2,1,2,2.0,0.0125,0.0125,0.025,0.025,0.025,0.025,0.025,0.0125,1,1
200,4,14,er,0.3,3130596825,140,60,3,0,137,0,0,0,0,0.0,0.02142857142857143,0.0,0.02142857142857143,0.02142857142857143,0.02142857142857143,0.02142857142857143,0.02142857142857143,0.0,0,0
200,4,14,ring,0.3,3130596825,140,60,0,9,131,6,6,4,3,2.25,0.0,0.06428571428571428,0.06428571428571428,0.04285714285714286,0.04285714285714286,0.04285714285714286,0.04285714285714286,0.02142857142857143,1,1
200,4,14,small_world,0.3,3130596825,140,60,1,5,134,5,5,2,3,2.5,0.007142857142857143,0.03571428571428571,0.04285714285714286,0.04285714285714286,0.04285714285714286,0.04285714285714286,0.04285714285714286,0.02142857142857143,1,1
200,4,14,scale_free,0.3,3130596825,140,60,0,0,140,0,0,0,0,0.0,0.0,0.0,0.0,0.0,0.0,0.0,0.0,0.0,0,0
200,4,14,er,0.4,3130596825,120,80,3,0,117,0,0,0,0,0.0,0.025,0.0,0.025,0.025,0.025,0.025,0.025,0.0,0,0
200,4,14,ring,0.4,3130596825,120,80,0,41,79,21,21,10,8,4.1,0.0,0.3416666666666667,0.3416666666666667,0.175,0.175,0.175,0.175,0.06666666666666667,1,1
200,4,14,small_world,0.4,3130596825,120,80,1,11,108,7,7,4,4,2.75,0.008333333333333333,0.09166666666666666,0.1,0.06666666666666667,0.06666666666666667,0.06666666666666667,0.06666666666666667,0.03333333333333333,1,1
200,4,14,scale_free,0.4,3130596825,120,80,3,0,117,0,0,0,0,0.0,0.025,0.0,0.025,0.025,0.025,0.025,0.025,0.0,0,0
200,4,14,er,0.5,3130596825,100,100,2,89,9,0,0,1,89,89.0,0.02,0.89,0.91,0.02,0.02,0.02,0.02,0.89,0,0
200,4,14,ring,0.5,3130596825,100,100,1,49,50,33,33,7,16,7.0,0.01,0.49,0.5,0.34,0.34,0.34,0.34,0.16,1,1
200,4,14,small_world,0.5,3130596825,100,100,3,9,88,5,5,3,4,3.0,0.03,0.09,0.12,0.08,0.08,0.08,0.08,0.04,1,1
200,4,14,scale_free,0.5,3130596825,100,100,5,0,95,0,0,0,0,0.0,0.05,0.0,0.05,0.05,0.05,0.05,0.05,0.0,0,0
200,4,14,er,0.6,3130596825,80,120,4,71,5,0,0,1,71,71.0,0.05,0.8875,0.9375,0.05,0.05,0.05,0.05,0.8875,0,0
200,4,14,ring,0.6,3130596825,80,120,1,57,22,43,43,10,11,5.7,0.0125,0.7125,0.725,0.55,0.55,0.55,0.55,0.1375,1,1
200,4,14,small_world,0.6,3130596825,80,120,2,74,4,10,10,5,51,14.8,0.025,0.925,0.95,0.15,0.15,0.15,0.15,0.6375,1,1
200,4,14,scale_free,0.6,3130596825,80,120,4,65,11,2,2,2,63,32.5,0.05,0.8125,0.8625,0.075,0.075,0.075,0.075,0.7875,1,1
200,4,14,er,0.7,3130596825,60,140,5,54,1,54,54,2,52,27.0,0.08333333333333333,0.9,0.9833333333333333,0.9833333333333333,0.9833333333333333,0.11666666666666667,0.11666666666666667,0.8666666666666667,1,1
200,4,14,ring,0.7,3130596825,60,140,3,47,10,47,47,12,10,3.9166666666666665,0.05,0.7833333333333333,0.8333333333333334,0.8333333333333334,0.8333333333333334,0.8333333333333334,0.8333333333333334,0.16666666666666666,1,1
200,4,14,small_world,0.7,3130596825,60,140,7,40,13,40,40,6,17,6.666666666666667,0.11666666666666667,0.6666666666666666,0.7833333333333333,0.7833333333333333,0.7833333333333333,0.5,0.5,0.2833333333333333,1,1
200,4,14,scale_free,0.7,3130596825,60,140,4,53,3,2,2,2,51,26.5,0.06666666666666667,0.8833333333333333,0.95,0.1,0.1,0.1,0.1,0.85,1,1
200,4,14,er,0.8,3130596825,40,160,9,31,0,31,31,2,29,15.5,0.225,0.775,1.0,1.0,1.0,0.275,0.275,0.725,1,1
200,4,14,ring,0.8,3130596825,40,160,8,32,0,28,28,10,4,3.2,0.2,0.8,1.0,0.9,0.9,0.9,0.9,0.1,1,1
200,4,14,small_world,0.8,3130596825,40,160,6,33,1,33,33,8,10,4.125,0.15,0.825,0.975,0.975,0.975,0.975,0.975,0.25,1,1
200,4,14,scale_free,0.8,3130596825,40,160,8,27,5,0,0,1,27,27.0,0.2,0.675,0.875,0.2,0.2,0.2,0.2,0.675,0,0
200,4,14,er,0.9,3130596825,20,180,4,16,0,16,16,3,10,5.333333333333333,0.2,0.8,1.0,1.0,1.0,1.0,1.0,0.5,1,1
200,4,14,ring,0.9,3130596825,20,180,9,11,0,11,11,4,4,2.75,0.45,0.55,1.0,1.0,1.0,1.0,1.0,0.2,1,1
200,4,14,small_world,0.9,3130596825,20,180,8,12,0,12,12,3,4,4.0,0.4,0.6,1.0,1.0,1.0,1.0,1.0,0.2,1,1
200,4,14,scale_free,0.9,3130596825,20,180,2,18,0,18,18,2,16,9.0,0.1,0.9,1.0,1.0,1.0,0.2,0.2,0.8,1,1
200,4,15,er,0.1,2442420432,180,20,0,0,180,0,0,0,0,0.0,0.0,0.0,0.0,0.0,0.0,0.0,0.0,0.0,0,0
200,4,15,ring,0.1,2442420432,180,20,0,0,180,0,0,0,0,0.0,0.0,0.0,0.0,0.0,0.0,0.0,0.0,0.0,0,0
200,4,15,small_world,0.1,2442420432,180,20,0,0,180,0,0,0,0,0.0,0.0,0.0,0.0,0.0,0.0,0.0,0.0,0.0,0,0
200,4,15,scale_free,0.1,2442420432,180,20,0,0,180,0,0,0,0,0.0,0.0,0.0,0.0,0.0,0.0,0.0,0.0,0.0,0,0
200,4,15,er,0.2,2442420432,160,40,3,0,157,0,0,0,0,0.0,0.01875,0.0,0.01875,0.01875,0.01875,0.01875,0.01875,0.0,0,0
200,4,15,ring,0.2,2442420432,160,40,0,0,160,0,0,0,0,0.0,0.0,0.0,0.0,0.0,0.0,0.0,0.0,0.0,0,0
200,4,15,small_world,0.2,2442420432,160,40,0,2,158,2,2,1,2,2.0,0.0,0.0125,0.0125,0.0125,0.0125,0.0125,0.0125,0.0125,1,1
200,4,15,scale_free,0.2,2442420432,160,40,1,0,159,0,0,0,0,0.0,0.00625,0.0,0.00625,0.00625,0.00625,0.00625,0.00625,0.0,0,0
200,4,15,er,0.3,2442420432,140,60,5,2,133,2,2,1,2,2.0,0.03571428571428571,0.014285714285714285,0.05,0.05,0.05,0.05,0.05,0.014285714285714285,1,1
200,4,15,ring,0.3,2442420432,140,60,0,0,140,0,0,0,0,0.0,0.0,0.0,0.0,0.0,0.0,0.0,0.0,0.0,0,0
200,4,15,small_world,0.3,2442420432,140,60,0,2,138,2,2,1,2,2.0,0.0,0.014285714285714285,0.014285714285714285,0.014285714285714285,0.014285714285714285,0.014285714285714285,0.014285714285714285,0.014285714285714285,1,1
200,4,15,scale_free,0.3,2442420432,140,60,1,0,139,0,0,0,0,0.0,0.007142857142857143,0.0,0.007142857142857143,0.007142857142857143,0.007142857142857143,0.007142857142857143,0.007142857142857143,0.0,0,0
200,4,15,er,0.4,2442420432,120,80,4,4,112,4,4,2,2,2.0,0.03333333333333333,0.03333333333333333,0.06666666666666667,0.06666666666666667,0.06666666666666667,0.06666666666666667,0.06666666666666667,0.016666666666666666,1,1
200,4,15,ring,0.4,2442420432,120,80,0,5,115,5,5,1,5,5.0,0.0,0.041666666666666664,0.041666666666666664,0.041666666666666664,0.041666666666666664,0.041666666666666664,0.041666666666666664,0.041666666666666664,1,1
200,4,15,small_world,0.4,2442420432,120,80,0,24,96,3,3,2,21,12.0,0.0,0.2,0.2,0.025,0.025,0.025,0.025,0.175,1,1
200,4,15,scale_free,0.4,2442420432,120,80,2,0,118,0,0,0,0,0.0,0.016666666666666666,0.0,0.016666666666666666,0.016666666666666666,0.016666666666666666,0.016666666666666666,0.016666666666666666,0.0,0,0
200,4,15,er,0.5,2442420432,100,100,6,80,14,4,4,3,76,26.666666666666668,0.06,0.8,0.86,0.1,0.1,0.1,0.1,0.76,1,1
200,4,15,ring,0.5,2442420432,100,100,0,52,48,23,23,10,13,5.2,0.0,0.52,0.52,0.23,0.23,0.23,0.23,0.13,1,1
200,4,15,small_world,0.5,2442420432,100,100,1,59,40,5,5,3,32,19.666666666666668,0.01,0.59,0.6,0.06,0.06,0.06,0.06,0.32,1,1
200,4,15,scale_free,0.5,2442420432,100,100,4,81,15,0,0,1,81,81.0,0.04,0.81,0.85,0.04,0.04,0.04,0.04,0.81,0,0
200,4,15,er,0.6,2442420432,80,120,3,70,7,2,2,2,68,35.0,0.0375,0.875,0.9125,0.0625,0.0625,0.0625,0.0625,0.85,1,1
200,4,15,ring,0.6,2442420432,80,120,1,66,13,10,10,12,13,5.5,0.0125,0.825,0.8375,0.1375,0.1375,0.1375,0.1375,0.1625,1,1
200,4,15,small_world,0.6,2442420432,80,120,3,72,5,4,4,5,26,14.4,0.0375,0.9,0.9375,0.0875,0.0875,0.0875,0.0875,0.325,1,1
200,4,15,scale_free,0.6,2442420432,80,120,4,68,8,0,0,1,68,68.0,0.05,0.85,0.9,0.05,0.05,0.05,0.05,0.85,0,0
200,4,15,er,0.7,2442420432,60,140,1,57,2,57,57,2,55,28.5,0.016666666666666666,0.95,0.9666666666666667,0.9666666666666667,0.9666666666666667,0.05,0.05,0.9166666666666666,1,1
200,4,15,ring,0.7,2442420432,60,140,3,55,2,28,28,10,12,5.5,0.05,0.9166666666666666,0.9666666666666667,0.5166666666666667,0.5166666666666667,0.5166666666666667,0.5166666666666667,0.2,1,1
200,4,15,small_world,0.7,2442420432,60,140,2,55,3,7,7,5,45,11.0,0.03333333333333333,0.9166666666666666,0.95,0.15,0.15,0.15,0.15,0.75,1,1
200,4,15,scale_free,0.7,2442420432,60,140,5,50,5,0,0,1,50,50.0,0.08333333333333333,0.8333333333333334,0.9166666666666666,0.08333333333333333,0.08333333333333333,0.08333333333333333,0.08333333333333333,0.8333333333333334,0,0
200,4,15,er,0.8,2442420432,40,160,2,37,1,37,37,1,37,37.0,0.05,0.925,0.975,0.975,0.975,0.05,0.05,0.925,1,1
200,4,15,ring,0.8,2442420432,40,160,4,35,1,32,32,11,5,3.1818181818181817,0.1,0.875,0.975,0.9,0.9,0.9,0.9,0.125,1,1
200,4,15,small_world,0.8,2442420432,40,160,4,34,2,34,34,8,8,4.25,0.1,0.85,0.95,0.95,0.95,0.95,0.95,0.2,1,1
200,4,15,scale_free,0.8,2442420432,40,160,6,34,0,2,2,2,32,17.0,0.15,0.85,1.0,0.2,0.2,0.2,0.2,0.8,1,1
200,4,15,er,0.9,2442420432,20,180,1,19,0,19,19,4,10,4.75,0.05,0.95,1.0,1.0,1.0,1.0,1.0,0.5,1,1
200,4,15,ring,0.9,2442420432,20,180,8,11,1,8,8,5,3,2.2,0.4,0.55,0.95,0.8,0.8,0.8,0.8,0.15,1,1
200,4,15,small_world,0.9,2442420432,20,180,7,11,2,11,11,4,4,2.75,0.35,0.55,0.9,0.9,0.9,0.9,0.9,0.2,1,1
200,4,15,scale_free,0.9,2442420432,20,180,7,13,0,13,13,2,10,6.5,0.35,0.65,1.0,1.0,1.0,1.0,1.0,0.5,1,1
200,4,16,er,0.1,547159183,180,20,3,0,177,0,0,0,0,0.0,0.016666666666666666,0.0,0.016666666666666666,0.016666666666666666,0.016666666666666666,0.016666666666666666,0.016666666666666666,0.0,0,0
200,4,16,ring,0.1,547159183,180,20,0,0,180,0,0,0,0,0.0,0.0,0.0,0.0,0.0,0.0,0.0,0.0,0.0,0,0
200,4,16,small_world,0.1,547159183,180,20,0,0,180,0,0,0,0,0.0,0.0,0.0,0.0,0.0,0.0,0.0,0.0,0.0,0,0
200,4,16,scale_free,0.1,547159183,180,20,0,0,180,0,0,0,0,0.0,0.0,0.0,0.0,0.0,0.0,0.0,0.0,0.0,0,0
200,4,16,er,0.2,547159183,160,40,5,0,155,0,0,0,0,0.0,0.03125,0.0,0.03125,0.03125,0.03125,0.03125,0.03125,0.0,0,0
200,4,16,ring,0.2,547159183,160,40,0,0,160,0,0,0,0,0.0,0.0,0.0,0.0,0.0,0.0,0.0,0.0,0.0,0,0
200,4,16,small_world,0.2,547159183,160,40,0,0,160,0,0,0,0,0.0,0.0,0.0,0.0,0.0,0.0,0.0,0.0,0.0,0,0
200,4,16,scale_free,0.2,547159183,160,40,1,0,159,0,0,0,0,0.0,0.00625,0.0,0.00625,0.00625,0.00625,0.00625,0.00625,0.0,0,0
200,4,16,er,0.3,547159183,140,60,3,0,137,0,0,0,0,0.0,0.02142857142857143,0.0,0.02142857142857143,0.02142857142857143,0.02142857142857143,0.02142857142857143,0.02142857142857143,0.0,0,0
200,4,16,ring,0.3,547159183,140,60,0,0,140,0,0,0,0,0.0,0.0,0.0,0.0,0.0,0.0,0.0,0.0,0.0,0,0
200,4,16,small_world,0.3,547159183,140,60,0,0,140,0,0,0,0,0.0,0.0,0.0,0.0,0.0,0.0,0.0,0.0,0.0,0,0
200,4,16,scale_free,0.3,547159183,140,60,2,2,136,2,2,1,2,2.0,0.014285714285714285,0.014285714285714285,0.02857142857142857,0.02857142857142857,0.02857142857142857,0.02857142857142857,0.02857142857142857,0.014285714285714285,1,1
200,4,16,er,0.4,547159183,120,80,3,2,115,2,2,1,2,2.0,0.025,0.016666666666666666,0.041666666666666664,0.041666666666666664,0.041666666666666664,0.041666666666666664,0.041666666666666664,0.016666666666666666,1,1
200,4,16,ring,0.4,547159183,120,80,0,13,107,6,6,4,4,3.25,0.0,0.10833333333333334,0.10833333333333334,0.05,0.05,0.05,0.05,0.03333333333333333,1,1
200,4,16,small_world,0.4,547159183,120,80,0,6,114,6,6,2,4,3.0,0.0,0.05,0.05,0.05,0.05,0.05,0.05,0.03333333333333333,1,1
200,4,16,scale_free,0.4,547159183,120,80,4,2,114,2,2,1,2,2.0,0.03333333333333333,0.016666666666666666,0.05,0.05,0.05,0.05,0.05,0.016666666666666666,1,1
200,4,16,er,0.5,547159183,100,100,4,79,17,2,2,2,77,39.5,0.04,0.79,0.83,0.06,0.06,0.06,0.06,0.77,1,1
200,4,16,ring,0.5,547159183,100,100,0,84,16,5,5,6,46,14.0,0.0,0.84,0.84,0.05,0.05,0.05,0.05,0.46,1,1
200,4,16,small_world,0.5,547159183,100,100,0,9,91,0,0,1,9,9.0,0.0,0.09,0.09,0.0,0.0,0.0,0.0,0.09,0,0
200,4,16,scale_free,0.5,547159183,100,100,5,77,18,2,2,2,75,38.5,0.05,0.77,0.82,0.07,0.07,0.07,0.07,0.75,1,1
200,4,16,er,0.6,547159183,80,120,2,71,7,2,2,2,69,35.5,0.025,0.8875,0.9125,0.05,0.05,0.05,0.05,0.8625,1,1
200,4,16,ring,0.6,547159183,80,120,0,72,8,21,21,9,22,8.0,0.0,0.9,0.9,0.2625,0.2625,0.2625,0.2625,0.275,1,1
200,4,16,small_world,0.6,547159183,80,120,1,79,0,11,11,4,68,19.75,0.0125,0.9875,1.0,0.15,0.15,0.15,0.15,0.85,1,1
200,4,16,scale_free,0.6,547159183,80,120,3,70,7,0,0,1,70,70.0,0.0375,0.875,0.9125,0.0375,0.0375,0.0375,0.0375,0.875,0,0
200,4,16,er,0.7,547159183,60,140,3,54,3,54,54,2,50,27.0,0.05,0.9,0.95,0.95,0.95,0.11666666666666667,0.11666666666666667,0.8333333333333334,1,1
200,4,16,ring,0.7,547159183,60,140,4,56,0,40,40,11,10,5.090909090909091,0.06666666666666667,0.9333333333333333,1.0,0.7333333333333333,0.7333333333333333,0.7333333333333333,0.7333333333333333,0.16666666666666666,1,1
200,4,16,small_world,0.7,547159183,60,140,6,54,0,10,10,4,44,13.5,0.1,0.9,1.0,0.26666666666666666,0.26666666666666666,0.26666666666666666,0.26666666666666666,0.7333333333333333,1,1
200,4,16,scale_free,0.7,547159183,60,140,3,56,1,0,0,1,56,56.0,0.05,0.9333333333333333,0.9833333333333333,0.05,0.05,0.05,0.05,0.9333333333333333,0,0
200,4,16,er,0.8,547159183,40,160,8,31,1,31,31,1,31,31.0,0.2,0.775,0.975,0.975,0.975,0.2,0.2,0.775,1,1
200,4,16,ring,0.8,547159183,40,160,8,32,0,32,32,8,8,4.0,0.2,0.8,1.0,1.0,1.0,1.0,1.0,0.2,1,1
200,4,16,small_world,0.8,547159183,40,160,8,32,0,32,32,6,12,5.333333333333333,0.2,0.8,1.0,1.0,1.0,0.7,0.7,0.3,1,1
200,4,16,scale_free,0.8,547159183,40,160,6,34,0,34,34,2,32,17.0,0.15,0.85,1.0,1.0,1.0,0.2,0.2,0.8,1,1
200,4,16,er,0.9,547159183,20,180,7,13,0,13,13,2,11,6.5,0.35,0.65,1.0,1.0,1.0,0.45,0.45,0.55,1,1
200,4,16,ring,0.9,547159183,20,180,11,9,0,9,9,4,3,2.25,0.55,0.45,1.0,1.0,1.0,1.0,1.0,0.15,1,1
200,4,16,small_world,0.9,547159183,20,180,9,11,0,11,11,5,3,2.2,0.45,0.55,1.0,1.0,1.0,1.0,1.0,0.15,1,1
200,4,16,scale_free,0.9,547159183,20,180,7,13,0,13,13,1,13,13.0,0.35,0.65,1.0,1.0,1.0,0.35,0.35,0.65,1,1
200,4,17,er,0.1,1325409642,180,20,1,0,179,0,0,0,0,0.0,0.005555555555555556,0.0,0.005555555555555556,0.005555555555555556,0.005555555555555556,0.005555555555555556,0.005555555555555556,0.0,0,0
200,4,17,ring,0.1,1325409642,180,20,0,0,180,0,0,0,0,0.0,0.0,0.0,0.0,0.0,0.0,0.0,0.0,0.0,0,0
200,4,17,small_world,0.1,1325409642,180,20,0,0,180,0,0,0,0,0.0,0.0,0.0,0.0,0.0,0.0,0.0,0.0,0.0,0,0
200,4,17,scale_free,0.1,1325409642,180,20,1,3,176,3,3,1,3,3.0,0.005555555555555556,0.016666666666666666,0.022222222222222223,0.022222222222222223,0.022222222222222223,0.022222222222222223,0.022222222222222223,0.016666666666666666,1,1
200,4,17,er,0.2,1325409642,160,40,5,0,155,0,0,0,0,0.0,0.03125,0.0,0.03125,0.03125,0.03125,0.03125,0.03125,0.0,0,0
200,4,17,ring,0.2,1325409642,160,40,0,0,160,0,0,0,0,0.0,0.0,0.0,0.0,0.0,0.0,0.0,0.0,0.0,0,0
200,4,17,small_world,0.2,1325409642,160,40,0,0,160,0,0,0,0,0.0,0.0,0.0,0.0,0.0,0.0,0.0,0.0,0.0,0,0
200,4,17,scale_free,0.2,1325409642,160,40,0,4,156,4,4,1,4,4.0,0.0,0.025,0.025,0.025,0.025,0.025,0.025,0.025,1,1
200,4,17,er,0.3,1325409642,140,60,5,0,135,0,0,0,0,0.0,0.03571428571428571,0.0,0.03571428571428571,0.03571428571428571,0.03571428571428571,0.03571428571428571,0.03571428571428571,0.0,0,0
200,4,17,ring,0.3,1325409642,140,60,0,34,106,11,11,6,23,5.666666666666667,0.0,0.24285714285714285,0.24285714285714285,0.07857142857142857,0.07857142857142857,0.07857142857142857,0.07857142857142857,0.16428571428571428,1,1
200,4,17,small_world,0.3,1325409642,140,60,2,9,129,9,9,4,3,2.25,0.014285714285714285,0.06428571428571428,0.07857142857142857,0.07857142857142857,0.07857142857142857,0.07857142857142857,0.07857142857142857,0.02142857142857143,1,1
200,4,17,scale_free,0.3,1325409642,140,60,4,9,127,6,6,3,4,3.0,0.02857142857142857,0.06428571428571428,0.09285714285714286,0.07142857142857142,0.07142857142857142,0.07142857142857142,0.07142857142857142,0.02857142857142857,1,1
200,4,17,er,0.4,1325409642,120,80,6,0,114,0,0,0,0,0.0,0.05,0.0,0.05,0.05,0.05,0.05,0.05,0.0,0,0
200,4,17,ring,0.4,1325409642,120,80,0,39,81,12,12,5,27,7.8,0.0,0.325,0.325,0.1,0.1,0.1,0.1,0.225,1,1
200,4,17,small_world,0.4,1325409642,120,80,3,9,108,9,9,2,6,4.5,0.025,0.075,0.1,0.1,0.1,0.1,0.1,0.05,1,1
200,4,17,scale_free,0.4,1325409642,120,80,3,2,115,2,2,1,2,2.0,0.025,0.016666666666666666,0.041666666666666664,0.041666666666666664,0.041666666666666664,0.041666666666666664,0.041666666666666664,0.016666666666666666,1,1
200,4,17,er,0.5,1325409642,100,100,2,82,16,0,0,1,82,82.0,0.02,0.82,0.84,0.02,0.02,0.02,0.02,0.82,0,0
200,4,17,ring,0.5,1325409642,100,100,1,37,62,25,25,8,10,4.625,0.01,0.37,0.38,0.26,0.26,0.26,0.26,0.1,1,1
200,4,17,small_world,0.5,1325409642,100,100,4,20,76,5,5,3,15,6.666666666666667,0.04,0.2,0.24,0.09,0.09,0.09,0.09,0.15,1,1
200,4,17,scale_free,0.5,1325409642,100,100,6,75,19,0,0,1,75,75.0,0.06,0.75,0.81,0.06,0.06,0.06,0.06,0.75,0,0
200,4,17,er,0.6,1325409642,80,120,3,71,6,71,71,2,68,35.5,0.0375,0.8875,0.925,0.925,0.925,0.075,0.075,0.85,1,1
200,4,17,ring,0.6,1325409642,80,120,3,67,10,30,30,11,24,6.090909090909091,0.0375,0.8375,0.875,0.4125,0.4125,0.4125,0.4125,0.3,1,1
200,4,17,small_world,0.6,1325409642,80,120,5,71,4,18,18,8,48,8.875,0.0625,0.8875,0.95,0.2875,0.2875,0.2875,0.2875,0.6,1,1
200,4,17,scale_free,0.6,1325409642,80,120,4,65,11,0,0,1,65,65.0,0.05,0.8125,0.8625,0.05,0.05,0.05,0.05,0.8125,0,0
200,4,17,er,0.7,1325409642,60,140,4,54,2,54,54,3,49,18.0,0.06666666666666667,0.9,0.9666666666666667,0.9666666666666667,0.9666666666666667,0.15,0.15,0.8166666666666667,1,1
200,4,17,ring,0.7,1325409642,60,140,3,57,0,45,45,13,8,4.384615384615385,0.05,0.95,1.0,0.8,0.8,0.8,0.8,0.13333333333333333,1,1
200,4,17,small_world,0.7,1325409642,60,140,3,57,0,19,19,9,34,6.333333333333333,0.05,0.95,1.0,0.36666666666666664,0.36666666666666664,0.36666666666666664,0.36666666666666664,0.5666666666666667,1,1
200,4,17,scale_free,0.7,1325409642,60,140,8,45,7,45,45,1,45,45.0,0.13333333333333333,0.75,0.8833333333333333,0.8833333333333333,0.8833333333333333,0.13333333333333333,0.13333333333333333,0.75,1,1
200,4,17,er,0.8,1325409642,40,160,4,35,1,35,35,4,28,8.75,0.1,0.875,0.975,0.975,0.975,0.275,0.275,0.7,1,1
200,4,17,ring,0.8,1325409642,40,160,4,36,0,36,36,12,5,3.0,0.1,0.9,1.0,1.0,1.0,1.0,1.0,0.125,1,1
200,4,17,small_world,0.8,1325409642,40,160,6,34,0,34,34,8,19,4.25,0.15,0.85,1.0,1.0,1.0,0.525,0.525,0.475,1,1
200,4,17,scale_free,0.8,1325409642,40,160,7,30,3,30,30,1,30,30.0,0.175,0.75,0.925,0.925,0.925,0.175,0.175,0.75,1,1
200,4,17,er,0.9,1325409642,20,180,7,13,0,13,13,4,7,3.25,0.35,0.65,1.0,1.0,1.0,1.0,1.0,0.35,1,1
200,4,17,ring,0.9,1325409642,20,180,6,14,0,14,14,6,3,2.3333333333333335,0.3,0.7,1.0,1.0,1.0,1.0,1.0,0.15,1,1
200,4,17,small_world,0.9,1325409642,20,180,8,12,0,12,12,4,5,3.0,0.4,0.6,1.0,1.0,1.0,1.0,1.0,0.25,1,1
200,4,17,scale_free,0.9,1325409642,20,180,5,15,0,15,15,2,13,7.5,0.25,0.75,1.0,1.0,1.0,0.35,0.35,0.65,1,1
200,4,18,er,0.1,135977782,180,20,1,3,176,3,3,1,3,3.0,0.005555555555555556,0.016666666666666666,0.022222222222222223,0.022222222222222223,0.022222222222222223,0.022222222222222223,0.022222222222222223,0.016666666666666666,1,1
200,4,18,ring,0.1,135977782,180,20,0,0,180,0,0,0,0,0.0,0.0,0.0,0.0,0.0,0.0,0.0,0.0,0.0,0,0
200,4,18,small_world,0.1,135977782,180,20,1,0,179,0,0,0,0,0.0,0.005555555555555556,0.0,0.005555555555555556,0.005555555555555556,0.005555555555555556,0.005555555555555556,0.005555555555555556,0.0,0,0
200,4,18,scale_free,0.1,135977782,180,20,0,2,178,2,2,1,2,2.0,0.0,0.011111111111111112,0.011111111111111112,0.011111111111111112,0.011111111111111112,0.011111111111111112,0.011111111111111112,0.011111111111111112,1,1
200,4,18,er,0.2,135977782,160,40,2,0,158,0,0,0,0,0.0,0.0125,0.0,0.0125,0.0125,0.0125,0.0125,0.0125,0.0,0,0
200,4,18,ring,0.2,135977782,160,40,0,0,160,0,0,0,0,0.0,0.0,0.0,0.0,0.0,0.0,0.0,0.0,0.0,0,0
200,4,18,small_world,0.2,135977782,160,40,0,0,160,0,0,0,0,0.0,0.0,0.0,0.0,0.0,0.0,0.0,0.0,0.0,0,0
200,4,18,scale_free,0.2,135977782,160,40,2,2,156,2,2,1,2,2.0,0.0125,0.0125,0.025,0.025,0.025,0.025,0.025,0.0125,1,1
200,4,18,er,0.3,135977782,140,60,2,0,138,0,0,0,0,0.0,0.014285714285714285,0.0,0.014285714285714285,0.014285714285714285,0.014285714285714285,0.014285714285714285,0.014285714285714285,0.0,0,0
200,4,18,ring,0.3,135977782,140,60,0,9,131,0,0,1,9,9.0,0.0,0.06428571428571428,0.06428571428571428,0.0,0.0,0.0,0.0,0.06428571428571428,0,0
200,4,18,small_world,0.3,135977782,140,60,0,2,138,2,2,1,2,2.0,0.0,0.014285714285714285,0.014285714285714285,0.014285714285714285,0.014285714285714285,0.014285714285714285,0.014285714285714285,0.014285714285714285,1,1
200,4,18,scale_free,0.3,135977782,140,60,1,0,139,0,0,0,0,0.0,0.007142857142857143,0.0,0.007142857142857143,0.007142857142857143,0.007142857142857143,0.007142857142857143,0.007142857142857143,0.0,0,0
200,4,18,er,0.4,135977782,120,80,3,0,117,0,0,0,0,0.0,0.025,0.0,0.025,0.025,0.025,0.025,0.025,0.0,0,0
200,4,18,ring,0.4,135977782,120,80,0,29,91,4,4,4,18,7.25,0.0,0.24166666666666667,0.24166666666666667,0.03333333333333333,0.03333333333333333,0.03333333333333333,0.03333333333333333,0.15,1,1
200,4,18,small_world,0.4,135977782,120,80,0,9,111,2,2,2,7,4.5,0.0,0.075,0.075,0.016666666666666666,0.016666666666666666,0.016666666666666666,0.016666666666666666,0.058333333333333334,1,1
200,4,18,scale_free,0.4,135977782,120,80,1,2,117,2,2,1,2,2.0,0.008333333333333333,0.016666666666666666,0.025,0.025,0.025,0.025,0.025,0.016666666666666666,1,1
200,4,18,er,0.5,135977782,100,100,6,82,12,0,0,1,82,82.0,0.06,0.82,0.88,0.06,0.06,0.06,0.06,0.82,0,0
200,4,18,ring,0.5,135977782,100,100,0,64,36,19,19,5,25,12.8,0.0,0.64,0.64,0.19,0.19,0.04,0.04,0.25,1,1
200,4,18,small_world,0.5,135977782,100,100,0,78,22,2,2,2,76,39.0,0.0,0.78,0.78,0.02,0.02,0.02,0.02,0.76,1,1
200,4,18,scale_free,0.5,135977782,100,100,2,84,14,0,0,1,84,84.0,0.02,0.84,0.86,0.02,0.02,0.02,0.02,0.84,0,0
200,4,18,er,0.6,135977782,80,120,7,64,9,0,0,1,64,64.0,0.0875,0.8,0.8875,0.0875,0.0875,0.0875,0.0875,0.8,0,0
200,4,18,ring,0.6,135977782,80,120,0,79,1,63,63,13,15,6.076923076923077,0.0,0.9875,0.9875,0.7875,0.7875,0.3125,0.3125,0.1875,1,1
200,4,18,small_world,0.6,135977782,80,120,0,75,5,12,12,6,60,12.5,0.0,0.9375,0.9375,0.15,0.15,0.15,0.15,0.75,1,1
200,4,18,scale_free,0.6,135977782,80,120,1,71,8,0,0,1,71,71.0,0.0125,0.8875,0.9,0.0125,0.0125,0.0125,0.0125,0.8875,0,0
200,4,18,er,0.7,135977782,60,140,9,43,8,2,2,2,41,21.5,0.15,0.7166666666666667,0.8666666666666667,0.18333333333333332,0.18333333333333332,0.18333333333333332,0.18333333333333332,0.6833333333333333,1,1
200,4,18,ring,0.7,135977782,60,140,4,56,0,46,46,14,10,4.0,0.06666666666666667,0.9333333333333333,1.0,0.8333333333333334,0.8333333333333334,0.8333333333333334,0.8333333333333334,0.16666666666666666,1,1
200,4,18,small_world,0.7,135977782,60,140,4,54,2,22,22,7,32,7.714285714285714,0.06666666666666667,0.9,0.9666666666666667,0.43333333333333335,0.43333333333333335,0.43333333333333335,0.43333333333333335,0.5333333333333333,1,1
200,4,18,scale_free,0.7,135977782,60,140,3,53,4,0,0,1,53,53.0,0.05,0.8833333333333333,0.9333333333333333,0.05,0.05,0.05,0.05,0.8833333333333333,0,0
200,4,18,er,0.8,135977782,40,160,7,32,1,32,32,1,32,32.0,0.175,0.8,0.975,0.975,0.975,0.175,0.175,0.8,1,1
200,4,18,ring,0.8,135977782,40,160,12,28,0,28,28,11,4,2.5454545454545454,0.3,0.7,1.0,1.0,1.0,1.0,1.0,0.1,1,1
200,4,18,small_world,0.8,135977782,40,160,8,30,2,30,30,9,7,3.3333333333333335,0.2,0.75,0.95,0.95,0.95,0.95,0.95,0.175,1,1
200,4,18,scale_free,0.8,135977782,40,160,3,37,0,0,0,1,37,37.0,0.075,0.925,1.0,0.075,0.075,0.075,0.075,0.925,0,0
200,4,18,er,0.9,135977782,20,180,3,17,0,17,17,4,8,4.25,0.15,0.85,1.0,1.0,1.0,1.0,1.0,0.4,1,1
200,4,18,ring,0.9,135977782,20,180,11,9,0,9,9,4,3,2.25,0.55,0.45,1.0,1.0,1.0,1.0,1.0,0.15,1,1
200,4,18,small_world,0.9,135977782,20,180,9,11,0,8,8,3,5,3.6666666666666665,0.45,0.55,1.0,0.85,0.85,0.85,0.85,0.25,1,1
200,4,18,scale_free,0.9,135977782,20,180,3,17,0,17,17,4,7,4.25,0.15,0.85,1.0,1.0,1.0,1.0,1.0,0.35,1,1
200,4,19,er,0.1,2715421067,180,20,0,0,180,0,0,0,0,0.0,0.0,0.0,0.0,0.0,0.0,0.0,0.0,0.0,0,0
200,4,19,ring,0.1,2715421067,180,20,0,0,180,0,0,0,0,0.0,0.0,0.0,0.0,0.0,0.0,0.0,0.0,0.0,0,0
200,4,19,small_world,0.1,2715421067,180,20,0,0,180,0,0,0,0,0.0,0.0,0.0,0.0,0.0,0.0,0.0,0.0,0.0,0,0
200,4,19,scale_free,0.1,2715421067,180,20,0,0,180,0,0,0,0,0.0,0.0,0.0,0.0,0.0,0.0,0.0,0.0,0.0,0,0
200,4,19,er,0.2,2715421067,160,40,0,2,158,2,2,1,2,2.0,0.0,0.0125,0.0125,0.0125,0.0125,0.0125,0.0125,0.0125,1,1
200,4,19,ring,0.2,2715421067,160,40,0,2,158,2,2,1,2,2.0,0.0,0.0125,0.0125,0.0125,0.0125,0.0125,0.0125,0.0125,1,1
200,4,19,small_world,0.2,2715421067,160,40,0,2,158,2,2,1,2,2.0,0.0,0.0125,0.0125,0.0125,0.0125,0.0125,0.0125,0.0125,1,1
200,4,19,scale_free,0.2,2715421067,160,40,1,0,159,0,0,0,0,0.0,0.00625,0.0,0.00625,0.00625,0.00625,0.00625,0.00625,0.0,0,0
200,4,19,er,0.3,2715421067,140,60,3,2,135,2,2,1,2,2.0,0.02142857142857143,0.014285714285714285,0.03571428571428571,0.03571428571428571,0.03571428571428571,0.03571428571428571,0.03571428571428571,0.014285714285714285,1,1
200,4,19,ring,0.3,2715421067,140,60,0,2,138,2,2,1,2,2.0,0.0,0.014285714285714285,0.014285714285714285,0.014285714285714285,0.014285714285714285,0.014285714285714285,0.014285714285714285,0.014285714285714285,1,1
200,4,19,small_world,0.3,2715421067,140,60,0,5,135,5,5,2,3,2.5,0.0,0.03571428571428571,0.03571428571428571,0.03571428571428571,0.03571428571428571,0.03571428571428571,0.03571428571428571,0.02142857142857143,1,1
200,4,19,scale_free,0.3,2715421067,140,60,3,0,137,0,0,0,0,0.0,0.02142857142857143,0.0,0.02142857142857143,0.02142857142857143,0.02142857142857143,0.02142857142857143,0.02142857142857143,0.0,0,0
200,4,19,er,0.4,2715421067,120,80,1,2,117,2,2,1,2,2.0,0.008333333333333333,0.016666666666666666,0.025,0.025,0.025,0.025,0.025,0.016666666666666666,1,1
200,4,19,ring,0.4,2715421067,120,80,0,25,95,8,8,6,9,4.166666666666667,0.0,0.20833333333333334,0.20833333333333334,0.06666666666666667,0.06666666666666667,0.06666666666666667,0.06666666666666667,0.075,1,1
200,4,19,small_world,0.4,2715421067,120,80,2,5,113,5,5,2,3,2.5,0.016666666666666666,0.041666666666666664,0.058333333333333334,0.058333333333333334,0.058333333333333334,0.058333333333333334,0.058333333333333334,0.025,1,1
200,4,19,scale_free,0.4,2715421067,120,80,3,0,117,0,0,0,0,0.0,0.025,0.0,0.025,0.025,0.025,0.025,0.025,0.0,0,0
200,4,19,er,0.5,2715421067,100,100,5,6,89,6,6,3,2,2.0,0.05,0.06,0.11,0.11,0.11,0.11,0.11,0.02,1,1
200,4,19,ring,0.5,2715421067,100,100,0,71,29,19,19,12,15,5.916666666666667,0.0,0.71,0.71,0.19,0.19,0.19,0.19,0.15,1,1
200,4,19,small_world,0.5,2715421067,100,100,2,75,23,14,14,6,58,12.5,0.02,0.75,0.77,0.16,0.16,0.16,0.16,0.58,1,1
200,4,19,scale_free,0.5,2715421067,100,100,3,0,97,0,0,0,0,0.0,0.03,0.0,0.03,0.03,0.03,0.03,0.03,0.0,0,0
200,4,19,er,0.6,2715421067,80,120,3,69,8,6,6,3,63,23.0,0.0375,0.8625,0.9,0.1125,0.1125,0.1125,0.1125,0.7875,1,1
200,4,19,ring,0.6,2715421067,80,120,0,68,12,39,39,14,14,4.857142857142857,0.0,0.85,0.85,0.4875,0.4875,0.4875,0.4875,0.175,1,1
200,4,19,small_world,0.6,2715421067,80,120,1,74,5,28,28,11,28,6.7272727272727275,0.0125,0.925,0.9375,0.3625,0.3625,0.3625,0.3625,0.35,1,1
200,4,19,scale_free,0.6,2715421067,80,120,5,68,7,0,0,1,68,68.0,0.0625,0.85,0.9125,0.0625,0.0625,0.0625,0.0625,0.85,0,0
200,4,19,er,0.7,2715421067,60,140,3,52,5,52,52,4,45,13.0,0.05,0.8666666666666667,0.9166666666666666,0.9166666666666666,0.9166666666666666,0.16666666666666666,0.16666666666666666,0.75,1,1
200,4,19,ring,0.7,2715421067,60,140,2,48,10,45,45,12,10,4.0,0.03333333333333333,0.8,0.8333333333333334,0.7833333333333333,0.7833333333333333,0.7833333333333333,0.7833333333333333,0.16666666666666666,1,1
200,4,19,small_world,0.7,2715421067,60,140,2,54,4,21,21,9,30,6.0,0.03333333333333333,0.9,0.9333333333333333,0.38333333333333336,0.38333333333333336,0.38333333333333336,0.38333333333333336,0.5,1,1
200,4,19,scale_free,0.7,2715421067,60,140,2,56,2,0,0,1,56,56.0,0.03333333333333333,0.9333333333333333,0.9666666666666667,0.03333333333333333,0.03333333333333333,0.03333333333333333,0.03333333333333333,0.9333333333333333,0,0
200,4,19,er,0.8,2715421067,40,160,6,33,1,33,33,3,29,11.0,0.15,0.825,0.975,0.975,0.975,0.25,0.25,0.725,1,1
200,4,19,ring,0.8,2715421067,40,160,7,32,1,32,32,12,5,2.6666666666666665,0.175,0.8,0.975,0.975,0.975,0.975,0.975,0.125,1,1
200,4,19,small_world,0.8,2715421067,40,160,7,32,1,32,32,7,8,4.571428571428571,0.175,0.8,0.975,0.975,0.975,0.975,0.975,0.2,1,1
200,4,19,scale_free,0.8,2715421067,40,160,5,35,0,35,35,1,35,35.0,0.125,0.875,1.0,1.0,1.0,0.125,0.125,0.875,1,1
200,4,19,er,0.9,2715421067,20,180,6,13,1,13,13,3,9,4.333333333333333,0.3,0.65,0.95,0.95,0.95,0.95,0.95,0.45,1,1
200,4,19,ring,0.9,2715421067,20,180,11,9,0,9,9,4,3,2.25,0.55,0.45,1.0,1.0,1.0,1.0,1.0,0.15,1,1
200,4,19,small_world,0.9,2715421067,20,180,11,9,0,9,9,4,3,2.25,0.55,0.45,1.0,1.0,1.0,1.0,1.0,0.15,1,1
200,4,19,scale_free,0.9,2715421067,20,180,3,17,0,17,17,1,17,17.0,0.15,0.85,1.0,1.0,1.0,0.15,0.15,0.85,1,1
200,4,20,er,0.1,2045657469,180,20,1,0,179,0,0,0,0,0.0,0.005555555555555556,0.0,0.005555555555555556,0.005555555555555556,0.005555555555555556,0.005555555555555556,0.005555555555555556,0.0,0,0
200,4,20,ring,0.1,2045657469,180,20,0,0,180,0,0,0,0,0.0,0.0,0.0,0.0,0.0,0.0,0.0,0.0,0.0,0,0
200,4,20,small_world,0.1,2045657469,180,20,1,0,179,0,0,0,0,0.0,0.005555555555555556,0.0,0.005555555555555556,0.005555555555555556,0.005555555555555556,0.005555555555555556,0.005555555555555556,0.0,0,0
200,4,20,scale_free,0.1,2045657469,180,20,1,0,179,0,0,0,0,0.0,0.005555555555555556,0.0,0.005555555555555556,0.005555555555555556,0.005555555555555556,0.005555555555555556,0.005555555555555556,0.0,0,0
200,4,20,er,0.2,2045657469,160,40,3,0,157,0,0,0,0,0.0,0.01875,0.0,0.01875,0.01875,0.01875,0.01875,0.01875,0.0,0,0
200,4,20,ring,0.2,2045657469,160,40,0,0,160,0,0,0,0,0.0,0.0,0.0,0.0,0.0,0.0,0.0,0.0,0.0,0,0
200,4,20,small_world,0.2,2045657469,160,40,1,0,159,0,0,0,0,0.0,0.00625,0.0,0.00625,0.00625,0.00625,0.00625,0.00625,0.0,0,0
200,4,20,scale_free,0.2,2045657469,160,40,1,0,159,0,0,0,0,0.0,0.00625,0.0,0.00625,0.00625,0.00625,0.00625,0.00625,0.0,0,0
200,4,20,er,0.3,2045657469,140,60,4,5,131,5,5,2,3,2.5,0.02857142857142857,0.03571428571428571,0.06428571428571428,0.06428571428571428,0.06428571428571428,0.06428571428571428,0.06428571428571428,0.02142857142857143,1,1
200,4,20,ring,0.3,2045657469,140,60,0,5,135,2,2,2,3,2.5,0.0,0.03571428571428571,0.03571428571428571,0.014285714285714285,0.014285714285714285,0.014285714285714285,0.014285714285714285,0.02142857142857143,1,1
200,4,20,small_world,0.3,2045657469,140,60,0,2,138,2,2,1,2,2.0,0.0,0.014285714285714285,0.014285714285714285,0.014285714285714285,0.014285714285714285,0.014285714285714285,0.014285714285714285,0.014285714285714285,1,1
200,4,20,scale_free,0.3,2045657469,140,60,4,0,136,0,0,0,0,0.0,0.02857142857142857,0.0,0.02857142857142857,0.02857142857142857,0.02857142857142857,0.02857142857142857,0.02857142857142857,0.0,0,0
200,4,20,er,0.4,2045657469,120,80,3,0,117,0,0,0,0,0.0,0.025,0.0,0.025,0.025,0.025,0.025,0.025,0.0,0,0
200,4,20,ring,0.4,2045657469,120,80,0,29,91,15,15,7,7,4.142857142857143,0.0,0.24166666666666667,0.24166666666666667,0.125,0.125,0.125,0.125,0.058333333333333334,1,1
200,4,20,small_world,0.4,2045657469,120,80,0,2,118,2,2,1,2,2.0,0.0,0.016666666666666666,0.016666666666666666,0.016666666666666666,0.016666666666666666,0.016666666666666666,0.016666666666666666,0.016666666666666666,1,1
200,4,20,scale_free,0.4,2045657469,120,80,6,2,112,2,2,1,2,2.0,0.05,0.016666666666666666,0.06666666666666667,0.06666666666666667,0.06666666666666667,0.06666666666666667,0.06666666666666667,0.016666666666666666,1,1
200,4,20,er,0.5,2045657469,100,100,5,75,20,0,0,1,75,75.0,0.05,0.75,0.8,0.05,0.05,0.05,0.05,0.75,0,0
200,4,20,ring,0.5,2045657469,100,100,0,58,42,19,19,8,20,7.25,0.0,0.58,0.58,0.19,0.19,0.19,0.19,0.2,1,1
200,4,20,small_world,0.5,2045657469,100,100,0,87,13,7,7,3,80,29.0,0.0,0.87,0.87,0.07,0.07,0.07,0.07,0.8,1,1
200,4,20,scale_free,0.5,2045657469,100,100,5,81,14,0,0,1,81,81.0,0.05,0.81,0.86,0.05,0.05,0.05,0.05,0.81,0,0
200,4,20,er,0.6,2045657469,80,120,7,67,6,0,0,1,67,67.0,0.0875,0.8375,0.925,0.0875,0.0875,0.0875,0.0875,0.8375,0,0
200,4,20,ring,0.6,2045657469,80,120,2,60,18,45,45,10,9,6.0,0.025,0.75,0.775,0.5875,0.5875,0.5875,0.5875,0.1125,1,1
200,4,20,small_world,0.6,2045657469,80,120,0,76,4,6,6,3,70,25.333333333333332,0.0,0.95,0.95,0.075,0.075,0.075,0.075,0.875,1,1
200,4,20,scale_free,0.6,2045657469,80,120,4,69,7,0,0,1,69,69.0,0.05,0.8625,0.9125,0.05,0.05,0.05,0.05,0.8625,0,0
200,4,20,er,0.7,2045657469,60,140,8,48,4,3,3,2,45,24.0,0.13333333333333333,0.8,0.9333333333333333,0.18333333333333332,0.18333333333333332,0.18333333333333332,0.18333333333333332,0.75,1,1
200,4,20,ring,0.7,2045657469,60,140,3,57,0,51,51,12,17,4.75,0.05,0.95,1.0,0.9,0.9,0.6166666666666667,0.6166666666666667,0.2833333333333333,1,1
200,4,20,small_world,0.7,2045657469,60,140,1,59,0,59,59,5,42,11.8,0.016666666666666666,0.9833333333333333,1.0,1.0,1.0,0.3,0.3,0.7,1,1
200,4,20,scale_free,0.7,2045657469,60,140,6,50,4,0,0,1,50,50.0,0.1,0.8333333333333334,0.9333333333333333,0.1,0.1,0.1,0.1,0.8333333333333334,0,0
200,4,20,er,0.8,2045657469,40,160,5,33,2,33,33,5,24,6.6,0.125,0.825,0.95,0.95,0.95,0.35,0.35,0.6,1,1
200,4,20,ring,0.8,2045657469,40,160,8,32,0,32,32,11,4,2.909090909090909,0.2,0.8,1.0,1.0,1.0,1.0,1.0,0.1,1,1
200,4,20,small_world,0.8,2045657469,40,160,5,35,0,35,35,7,19,5.0,0.125,0.875,1.0,1.0,1.0,0.525,0.525,0.475,1,1
200,4,20,scale_free,0.8,2045657469,40,160,7,32,1,0,0,1,32,32.0,0.175,0.8,0.975,0.175,0.175,0.175,0.175,0.8,0,0
200,4,20,er,0.9,2045657469,20,180,8,12,0,12,12,3,7,4.0,0.4,0.6,1.0,1.0,1.0,1.0,1.0,0.35,1,1
200,4,20,ring,0.9,2045657469,20,180,9,11,0,11,11,4,4,2.75,0.45,0.55,1.0,1.0,1.0,1.0,1.0,0.2,1,1
200,4,20,small_world,0.9,2045657469,20,180,7,13,0,13,13,3,6,4.333333333333333,0.35,0.65,1.0,1.0,1.0,1.0,1.0,0.3,1,1
200,4,20,scale_free,0.9,2045657469,20,180,4,16,0,16,16,2,14,8.0,0.2,0.8,1.0,1.0,1.0,0.3,0.3,0.7,1,1
200,4,21,er,0.1,3675224664,180,20,2,0,178,0,0,0,0,0.0,0.011111111111111112,0.0,0.011111111111111112,0.011111111111111112,0.011111111111111112,0.011111111111111112,0.011111111111111112,0.0,0,0
200,4,21,ring,0.1,3675224664,180,20,0,0,180,0,0,0,0,0.0,0.0,0.0,0.0,0.0,0.0,0.0,0.0,0.0,0,0
200,4,21,small_world,0.1,3675224664,180,20,0,0,180,0,0,0,0,0.0,0.0,0.0,0.0,0.0,0.0,0.0,0.0,0.0,0,0
200,4,21,scale_free,0.1,3675224664,180,20,0,0,180,0,0,0,0,0.0,0.0,0.0,0.0,0.0,0.0,0.0,0.0,0.0,0,0
200,4,21,er,0.2,3675224664,160,40,3,0,157,0,0,0,0,0.0,0.01875,0.0,0.01875,0.01875,0.01875,0.01875,0.01875,0.0,0,0
200,4,21,ring,0.2,3675224664,160,40,0,0,160,0,0,0,0,0.0,0.0,0.0,0.0,0.0,0.0,0.0,0.0,0.0,0,0
200,4,21,small_world,0.2,3675224664,160,40,0,0,160,0,0,0,0,0.0,0.0,0.0,0.0,0.0,0.0,0.0,0.0,0.0,0,0
200,4,21,scale_free,0.2,3675224664,160,40,0,0,160,0,0,0,0,0.0,0.0,0.0,0.0,0.0,0.0,0.0,0.0,0.0,0,0
200,4,21,er,0.3,3675224664,140,60,4,0,136,0,0,0,0,0.0,0.02857142857142857,0.0,0.02857142857142857,0.02857142857142857,0.02857142857142857,0.02857142857142857,0.02857142857142857,0.0,0,0
200,4,21,ring,0.3,3675224664,140,60,0,0,140,0,0,0,0,0.0,0.0,0.0,0.0,0.0,0.0,0.0,0.0,0.0,0,0
200,4,21,small_world,0.3,3675224664,140,60,0,0,140,0,0,0,0,0.0,0.0,0.0,0.0,0.0,0.0,0.0,0.0,0.0,0,0
200,4,21,scale_free,0.3,3675224664,140,60,2,0,138,0,0,0,0,0.0,0.014285714285714285,0.0,0.014285714285714285,0.014285714285714285,0.014285714285714285,0.014285714285714285,0.014285714285714285,0.0,0,0
200,4,21,er,0.4,3675224664,120,80,3,0,117,0,0,0,0,0.0,0.025,0.0,0.025,0.025,0.025,0.025,0.025,0.0,0,0
200,4,21,ring,0.4,3675224664,120,80,0,19,101,8,8,4,8,4.75,0.0,0.15833333333333333,0.15833333333333333,0.06666666666666667,0.06666666666666667,0.06666666666666667,0.06666666666666667,0.06666666666666667,1,1
200,4,21,small_world,0.4,3675224664,120,80,0,0,120,0,0,0,0,0.0,0.0,0.0,0.0,0.0,0.0,0.0,0.0,0.0,0,0
200,4,21,scale_free,0.4,3675224664,120,80,5,0,115,0,0,0,0,0.0,0.041666666666666664,0.0,0.041666666666666664,0.041666666666666664,0.041666666666666664,0.041666666666666664,0.041666666666666664,0.0,0,0
200,4,21,er,0.5,3675224664,100,100,3,0,97,0,0,0,0,0.0,0.03,0.0,0.03,0.03,0.03,0.03,0.03,0.0,0,0
200,4,21,ring,0.5,3675224664,100,100,0,36,64,29,29,8,9,4.5,0.0,0.36,0.36,0.29,0.29,0.29,0.29,0.09,1,1
200,4,21,small_world,0.5,3675224664,100,100,0,80,20,0,0,2,76,40.0,0.0,0.8,0.8,0.0,0.0,0.0,0.0,0.76,0,0
200,4,21,scale_free,0.5,3675224664,100,100,6,0,94,0,0,0,0,0.0,0.06,0.0,0.06,0.06,0.06,0.06,0.06,0.0,0,0
200,4,21,er,0.6,3675224664,80,120,5,69,6,0,0,1,69,69.0,0.0625,0.8625,0.925,0.0625,0.0625,0.0625,0.0625,0.8625,0,0
200,4,21,ring,0.6,3675224664,80,120,3,77,0,36,36,9,33,8.555555555555555,0.0375,0.9625,1.0,0.4875,0.4875,0.4875,0.4875,0.4125,1,1
200,4,21,small_world,0.6,3675224664,80,120,2,74,4,6,6,3,68,24.666666666666668,0.025,0.925,0.95,0.1,0.1,0.1,0.1,0.85,1,1
200,4,21,scale_free,0.6,3675224664,80,120,7,64,9,0,0,1,64,64.0,0.0875,0.8,0.8875,0.0875,0.0875,0.0875,0.0875,0.8,0,0
200,4,21,er,0.7,3675224664,60,140,4,53,3,0,0,1,53,53.0,0.06666666666666667,0.8833333333333333,0.95,0.06666666666666667,0.06666666666666667,0.06666666666666667,0.06666666666666667,0.8833333333333333,0,0
200,4,21,ring,0.7,3675224664,60,140,5,55,0,36,36,11,11,5.0,0.08333333333333333,0.9166666666666666,1.0,0.6833333333333333,0.6833333333333333,0.6833333333333333,0.6833333333333333,0.18333333333333332,1,1
200,4,21,small_world,0.7,3675224664,60,140,3,52,5,40,40,5,32,10.4,0.05,0.8666666666666667,0.9166666666666666,0.7166666666666667,0.7166666666666667,0.18333333333333332,0.18333333333333332,0.5333333333333333,1,1
200,4,21,scale_free,0.7,3675224664,60,140,7,51,2,0,0,1,51,51.0,0.11666666666666667,0.85,0.9666666666666667,0.11666666666666667,0.11666666666666667,0.11666666666666667,0.11666666666666667,0.85,0,0
200,4,21,er,0.8,3675224664,40,160,6,34,0,34,34,3,28,11.333333333333334,0.15,0.85,1.0,1.0,1.0,0.3,0.3,0.7,1,1
200,4,21,ring,0.8,3675224664,40,160,3,37,0,37,37,10,7,3.7,0.075,0.925,1.0,1.0,1.0,1.0,1.0,0.175,1,1
200,4,21,small_world,0.8,3675224664,40,160,4,33,3,22,22,6,11,5.5,0.1,0.825,0.925,0.65,0.65,0.65,0.65,0.275,1,1
200,4,21,scale_free,0.8,3675224664,40,160,4,34,2,34,34,1,34,34.0,0.1,0.85,0.95,0.95,0.95,0.1,0.1,0.85,1,1
200,4,21,er,0.9,3675224664,20,180,8,12,0,12,12,5,3,2.4,0.4,0.6,1.0,1.0,1.0,1.0,1.0,0.15,1,1
200,4,21,ring,0.9,3675224664,20,180,8,12,0,12,12,5,4,2.4,0.4,0.6,1.0,1.0,1.0,1.0,1.0,0.2,1,1
200,4,21,small_world,0.9,3675224664,20,180,6,14,0,11,11,6,3,2.3333333333333335,0.3,0.7,1.0,0.85,0.85,0.85,0.85,0.15,1,1
200,4,21,scale_free,0.9,3675224664,20,180,2,18,0,18,18,1,18,18.0,0.1,0.9,1.0,1.0,1.0,0.1,0.1,0.9,1,1
200,4,22,er,0.1,1000096467,180,20,0,0,180,0,0,0,0,0.0,0.0,0.0,0.0,0.0,0.0,0.0,0.0,0.0,0,0
200,4,22,ring,0.1,1000096467,180,20,0,0,180,0,0,0,0,0.0,0.0,0.0,0.0,0.0,0.0,0.0,0.0,0.0,0,0
200,4,22,small_world,0.1,1000096467,180,20,0,0,180,0,0,0,0,0.0,0.0,0.0,0.0,0.0,0.0,0.0,0.0,0.0,0,0
200,4,22,scale_free,0.1,1000096467,180,20,1,0,179,0,0,0,0,0.0,0.005555555555555556,0.0,0.005555555555555556,0.005555555555555556,0.005555555555555556,0.005555555555555556,0.005555555555555556,0.0,0,0
200,4,22,er,0.2,1000096467,160,40,1,0,159,0,0,0,0,0.0,0.00625,0.0,0.00625,0.00625,0.00625,0.00625,0.00625,0.0,0,0
200,4,22,ring,0.2,1000096467,160,40,0,0,160,0,0,0,0,0.0,0.0,0.0,0.0,0.0,0.0,0.0,0.0,0.0,0,0
200,4,22,small_world,0.2,1000096467,160,40,0,0,160,0,0,0,0,0.0,0.0,0.0,0.0,0.0,0.0,0.0,0.0,0.0,0,0
200,4,22,scale_free,0.2,1000096467,160,40,2,0,158,0,0,0,0,0.0,0.0125,0.0,0.0125,0.0125,0.0125,0.0125,0.0125,0.0,0,0
200,4,22,er,0.3,1000096467,140,60,2,0,138,0,0,0,0,0.0,0.014285714285714285,0.0,0.014285714285714285,0.014285714285714285,0.014285714285714285,0.014285714285714285,0.014285714285714285,0.0,0,0
200,4,22,ring,0.3,1000096467,140,60,0,3,137,3,3,1,3,3.0,0.0,0.02142857142857143,0.02142857142857143,0.02142857142857143,0.02142857142857143,0.02142857142857143,0.02142857142857143,0.02142857142857143,1,1
200,4,22,small_world,0.3,1000096467,140,60,1,3,136,3,3,1,3,3.0,0.007142857142857143,0.02142857142857143,0.02857142857142857,0.02857142857142857,0.02857142857142857,0.02857142857142857,0.02857142857142857,0.02142857142857143,1,1
200,4,22,scale_free,0.3,1000096467,140,60,4,0,136,0,0,0,0,0.0,0.02857142857142857,0.0,0.02857142857142857,0.02857142857142857,0.02857142857142857,0.02857142857142857,0.02857142857142857,0.0,0,0
200,4,22,er,0.4,1000096467,120,80,2,0,118,0,0,0,0,0.0,0.016666666666666666,0.0,0.016666666666666666,0.016666666666666666,0.016666666666666666,0.016666666666666666,0.016666666666666666,0.0,0,0
200,4,22,ring,0.4,1000096467,120,80,0,18,102,7,7,4,11,4.5,0.0,0.15,0.15,0.058333333333333334,0.058333333333333334,0.058333333333333334,0.058333333333333334,0.09166666666666666,1,1
200,4,22,small_world,0.4,1000096467,120,80,0,5,115,5,5,2,3,2.5,0.0,0.041666666666666664,0.041666666666666664,0.041666666666666664,0.041666666666666664,0.041666666666666664,0.041666666666666664,0.025,1,1
200,4,22,scale_free,0.4,1000096467,120,80,4,0,116,0,0,0,0,0.0,0.03333333333333333,0.0,0.03333333333333333,0.03333333333333333,0.03333333333333333,0.03333333333333333,0.03333333333333333,0.0,0,0
200,4,22,er,0.5,1000096467,100,100,2,77,21,0,0,1,77,77.0,0.02,0.77,0.79,0.02,0.02,0.02,0.02,0.77,0,0
200,4,22,ring,0.5,1000096467,100,100,0,38,62,18,18,6,13,6.333333333333333,0.0,0.38,0.38,0.18,0.18,0.07,0.07,0.13,1,1
200,4,22,small_world,0.5,1000096467,100,100,0,30,70,13,13,4,17,7.5,0.0,0.3,0.3,0.13,0.13,0.13,0.13,0.17,1,1
200,4,22,scale_free,0.5,1000096467,100,100,6,78,16,0,0,1,78,78.0,0.06,0.78,0.84,0.06,0.06,0.06,0.06,0.78,0,0
200,4,22,er,0.6,1000096467,80,120,4,69,7,0,0,1,69,69.0,0.05,0.8625,0.9125,0.05,0.05,0.05,0.05,0.8625,0,0
200,4,22,ring,0.6,1000096467,80,120,0,72,8,46,46,9,23,8.0,0.0,0.9,0.9,0.575,0.575,0.2875,0.2875,0.2875,1,1
200,4,22,small_world,0.6,1000096467,80,120,0,77,3,12,12,3,65,25.666666666666668,0.0,0.9625,0.9625,0.15,0.15,0.15,0.15,0.8125,1,1
200,4,22,scale_free,0.6,1000096467,80,120,7,69,4,2,2,2,67,34.5,0.0875,0.8625,0.95,0.1125,0.1125,0.1125,0.1125,0.8375,1,1
200,4,22,er,0.7,1000096467,60,140,5,52,3,0,0,1,52,52.0,0.08333333333333333,0.8666666666666667,0.95,0.08333333333333333,0.08333333333333333,0.08333333333333333,0.08333333333333333,0.8666666666666667,0,0
200,4,22,ring,0.7,1000096467,60,140,4,56,0,49,49,10,16,5.6,0.06666666666666667,0.9333333333333333,1.0,0.8833333333333333,0.8833333333333333,0.43333333333333335,0.43333333333333335,0.26666666666666666,1,1
200,4,22,small_world,0.7,1000096467,60,140,3,57,0,20,20,5,37,11.4,0.05,0.95,1.0,0.38333333333333336,0.38333333333333336,0.2,0.2,0.6166666666666667,1,1
200,4,22,scale_free,0.7,1000096467,60,140,4,55,1,0,0,1,55,55.0,0.06666666666666667,0.9166666666666666,0.9833333333333333,0.06666666666666667,0.06666666666666667,0.06666666666666667,0.06666666666666667,0.9166666666666666,0,0
200,4,22,er,0.8,1000096467,40,160,4,36,0,36,36,3,31,12.0,0.1,0.9,1.0,1.0,1.0,0.225,0.225,0.775,1,1
200,4,22,ring,0.8,1000096467,40,160,5,35,0,35,35,9,6,3.888888888888889,0.125,0.875,1.0,1.0,1.0,1.0,1.0,0.15,1,1
200,4,22,small_world,0.8,1000096467,40,160,6,34,0,34,34,6,11,5.666666666666667,0.15,0.85,1.0,1.0,1.0,0.725,0.725,0.275,1,1
200,4,22,scale_free,0.8,1000096467,40,160,2,38,0,38,38,4,30,9.5,0.05,0.95,1.0,1.0,1.0,0.25,0.25,0.75,1,1
200,4,22,er,0.9,1000096467,20,180,5,15,0,15,15,3,10,5.0,0.25,0.75,1.0,1.0,1.0,1.0,1.0,0.5,1,1
200,4,22,ring,0.9,1000096467,20,180,6,14,0,14,14,5,4,2.8,0.3,0.7,1.0,1.0,1.0,1.0,1.0,0.2,1,1
200,4,22,small_world,0.9,1000096467,20,180,6,14,0,14,14,4,6,3.5,0.3,0.7,1.0,1.0,1.0,1.0,1.0,0.3,1,1
200,4,22,scale_free,0.9,1000096467,20,180,6,14,0,14,14,1,14,14.0,0.3,0.7,1.0,1.0,1.0,0.3,0.3,0.7,1,1
200,4,23,er,0.1,818068789,180,20,2,0,178,0,0,0,0,0.0,0.011111111111111112,0.0,0.011111111111111112,0.011111111111111112,0.011111111111111112,0.011111111111111112,0.011111111111111112,0.0,0,0
200,4,23,ring,0.1,818068789,180,20,0,0,180,0,0,0,0,0.0,0.0,0.0,0.0,0.0,0.0,0.0,0.0,0.0,0,0
200,4,23,small_world,0.1,818068789,180,20,0,0,180,0,0,0,0,0.0,0.0,0.0,0.0,0.0,0.0,0.0,0.0,0.0,0,0
200,4,23,scale_free,0.1,818068789,180,20,0,0,180,0,0,0,0,0.0,0.0,0.0,0.0,0.0,0.0,0.0,0.0,0.0,0,0
200,4,23,er,0.2,818068789,160,40,7,2,151,2,2,1,2,2.0,0.04375,0.0125,0.05625,0.05625,0.05625,0.05625,0.05625,0.0125,1,1
200,4,23,ring,0.2,818068789,160,40,0,0,160,0,0,0,0,0.0,0.0,0.0,0.0,0.0,0.0,0.0,0.0,0.0,0,0
200,4,23,small_world,0.2,818068789,160,40,0,0,160,0,0,0,0,0.0,0.0,0.0,0.0,0.0,0.0,0.0,0.0,0.0,0,0
200,4,23,scale_free,0.2,818068789,160,40,3,0,157,0,0,0,0,0.0,0.01875,0.0,0.01875,0.01875,0.01875,0.01875,0.01875,0.0,0,0
200,4,23,er,0.3,818068789,140,60,5,0,135,0,0,0,0,0.0,0.03571428571428571,0.0,0.03571428571428571,0.03571428571428571,0.03571428571428571,0.03571428571428571,0.03571428571428571,0.0,0,0
200,4,23,ring,0.3,818068789,140,60,0,0,140,0,0,0,0,0.0,0.0,0.0,0.0,0.0,0.0,0.0,0.0,0.0,0,0
200,4,23,small_world,0.3,818068789,140,60,0,2,138,2,2,1,2,2.0,0.0,0.014285714285714285,0.014285714285714285,0.014285714285714285,0.014285714285714285,0.014285714285714285,0.014285714285714285,0.014285714285714285,1,1
200,4,23,scale_free,0.3,818068789,140,60,4,0,136,0,0,0,0,0.0,0.02857142857142857,0.0,0.02857142857142857,0.02857142857142857,0.02857142857142857,0.02857142857142857,0.02857142857142857,0.0,0,0
200,4,23,er,0.4,818068789,120,80,6,0,114,0,0,0,0,0.0,0.05,0.0,0.05,0.05,0.05,0.05,0.05,0.0,0,0
200,4,23,ring,0.4,818068789,120,80,0,25,95,0,0,2,13,12.5,0.0,0.20833333333333334,0.20833333333333334,0.0,0.0,0.0,0.0,0.10833333333333334,0,0
200,4,23,small_world,0.4,818068789,120,80,0,0,120,0,0,0,0,0.0,0.0,0.0,0.0,0.0,0.0,0.0,0.0,0.0,0,0
200,4,23,scale_free,0.4,818068789,120,80,2,0,118,0,0,0,0,0.0,0.016666666666666666,0.0,0.016666666666666666,0.016666666666666666,0.016666666666666666,0.016666666666666666,0.016666666666666666,0.0,0,0
200,4,23,er,0.5,818068789,100,100,7,76,17,0,0,1,76,76.0,0.07,0.76,0.83,0.07,0.07,0.07,0.07,0.76,0,0
200,4,23,ring,0.5,818068789,100,100,0,72,28,25,25,7,25,10.285714285714286,0.0,0.72,0.72,0.25,0.25,0.1,0.1,0.25,1,1
200,4,23,small_world,0.5,818068789,100,100,0,6,94,6,6,2,3,3.0,0.0,0.06,0.06,0.06,0.06,0.06,0.06,0.03,1,1
200,4,23,scale_free,0.5,818068789,100,100,7,0,93,0,0,0,0,0.0,0.07,0.0,0.07,0.07,0.07,0.07,0.07,0.0,0,0
200,4,23,er,0.6,818068789,80,120,6,66,8,66,66,1,66,66.0,0.075,0.825,0.9,0.9,0.9,0.075,0.075,0.825,1,1
200,4,23,ring,0.6,818068789,80,120,0,65,15,43,43,7,22,9.285714285714286,0.0,0.8125,0.8125,0.5375,0.5375,0.2375,0.2375,0.275,1,1
200,4,23,small_world,0.6,818068789,80,120,0,80,0,3,3,2,77,40.0,0.0,1.0,1.0,0.0375,0.0375,0.0375,0.0375,0.9625,1,1
200,4,23,scale_free,0.6,818068789,80,120,5,68,7,2,2,2,66,34.0,0.0625,0.85,0.9125,0.0875,0.0875,0.0875,0.0875,0.825,1,1
200,4,23,er,0.7,818068789,60,140,4,56,0,56,56,1,56,56.0,0.06666666666666667,0.9333333333333333,1.0,1.0,1.0,0.06666666666666667,0.06666666666666667,0.9333333333333333,1,1
200,4,23,ring,0.7,818068789,60,140,3,57,0,53,53,10,13,5.7,0.05,0.95,1.0,0.9333333333333333,0.9333333333333333,0.3333333333333333,0.3333333333333333,0.21666666666666667,1,1
200,4,23,small_world,0.7,818068789,60,140,2,58,0,53,53,4,48,14.5,0.03333333333333333,0.9666666666666667,1.0,0.9166666666666666,0.9166666666666666,0.11666666666666667,0.11666666666666667,0.8,1,1
200,4,23,scale_free,0.7,818068789,60,140,7,51,2,0,0,1,51,51.0,0.11666666666666667,0.85,0.9666666666666667,0.11666666666666667,0.11666666666666667,0.11666666666666667,0.11666666666666667,0.85,0,0
200,4,23,er,0.8,818068789,40,160,5,35,0,35,35,2,33,17.5,0.125,0.875,1.0,1.0,1.0,0.175,0.175,0.825,1,1
200,4,23,ring,0.8,818068789,40,160,5,35,0,35,35,9,10,3.888888888888889,0.125,0.875,1.0,1.0,1.0,1.0,1.0,0.25,1,1
200,4,23,small_world,0.8,818068789,40,160,4,36,0,36,36,7,10,5.142857142857143,0.1,0.9,1.0,1.0,1.0,1.0,1.0,0.25,1,1
200,4,23,scale_free,0.8,818068789,40,160,7,32,1,0,0,1,32,32.0,0.175,0.8,0.975,0.175,0.175,0.175,0.175,0.8,0,0
200,4,23,er,0.9,818068789,20,180,7,13,0,13,13,2,11,6.5,0.35,0.65,1.0,1.0,1.0,0.45,0.45,0.55,1,1
200,4,23,ring,0.9,818068789,20,180,6,14,0,14,14,5,5,2.8,0.3,0.7,1.0,1.0,1.0,1.0,1.0,0.25,1,1
200,4,23,small_world,0.9,818068789,20,180,4,16,0,16,16,6,5,2.6666666666666665,0.2,0.8,1.0,1.0,1.0,1.0,1.0,0.25,1,1
200,4,23,scale_free,0.9,818068789,20,180,6,14,0,14,14,3,7,4.666666666666667,0.3,0.7,1.0,1.0,1.0,1.0,1.0,0.35,1,1
200,4,24,er,0.1,874510408,180,20,2,0,178,0,0,0,0,0.0,0.011111111111111112,0.0,0.011111111111111112,0.011111111111111112,0.011111111111111112,0.011111111111111112,0.011111111111111112,0.0,0,0
200,4,24,ring,0.1,874510408,180,20,0,0,180,0,0,0,0,0.0,0.0,0.0,0.0,0.0,0.0,0.0,0.0,0.0,0,0
200,4,24,small_world,0.1,874510408,180,20,0,0,180,0,0,0,0,0.0,0.0,0.0,0.0,0.0,0.0,0.0,0.0,0.0,0,0
200,4,24,scale_free,0.1,874510408,180,20,0,0,180,0,0,0,0,0.0,0.0,0.0,0.0,0.0,0.0,0.0,0.0,0.0,0,0
200,4,24,er,0.2,874510408,160,40,5,0,155,0,0,0,0,0.0,0.03125,0.0,0.03125,0.03125,0.03125,0.03125,0.03125,0.0,0,0
200,4,24,ring,0.2,874510408,160,40,0,0,160,0,0,0,0,0.0,0.0,0.0,0.0,0.0,0.0,0.0,0.0,0.0,0,0
200,4,24,small_world,0.2,874510408,160,40,0,0,160,0,0,0,0,0.0,0.0,0.0,0.0,0.0,0.0,0.0,0.0,0.0,0,0
200,4,24,scale_free,0.2,874510408,160,40,2,0,158,0,0,0,0,0.0,0.0125,0.0,0.0125,0.0125,0.0125,0.0125,0.0125,0.0,0,0
200,4,24,er,0.3,874510408,140,60,5,0,135,0,0,0,0,0.0,0.03571428571428571,0.0,0.03571428571428571,0.03571428571428571,0.03571428571428571,0.03571428571428571,0.03571428571428571,0.0,0,0
200,4,24,ring,0.3,874510408,140,60,0,3,137,0,0,1,3,3.0,0.0,0.02142857142857143,0.02142857142857143,0.0,0.0,0.0,0.0,0.02142857142857143,0,0
200,4,24,small_world,0.3,874510408,140,60,0,0,140,0,0,0,0,0.0,0.0,0.0,0.0,0.0,0.0,0.0,0.0,0.0,0,0
200,4,24,scale_free,0.3,874510408,140,60,3,0,137,0,0,0,0,0.0,0.02142857142857143,0.0,0.02142857142857143,0.02142857142857143,0.02142857142857143,0.02142857142857143,0.02142857142857143,0.0,0,0
200,4,24,er,0.4,874510408,120,80,5,0,115,0,0,0,0,0.0,0.041666666666666664,0.0,0.041666666666666664,0.041666666666666664,0.041666666666666664,0.041666666666666664,0.041666666666666664,0.0,0,0
200,4,24,ring,0.4,874510408,120,80,0,3,117,0,0,1,3,3.0,0.0,0.025,0.025,0.0,0.0,0.0,0.0,0.025,0,0
200,4,24,small_world,0.4,874510408,120,80,2,0,118,0,0,0,0,0.0,0.016666666666666666,0.0,0.016666666666666666,0.016666666666666666,0.016666666666666666,0.016666666666666666,0.016666666666666666,0.0,0,0
200,4,24,scale_free,0.4,874510408,120,80,4,0,116,0,0,0,0,0.0,0.03333333333333333,0.0,0.03333333333333333,0.03333333333333333,0.03333333333333333,0.03333333333333333,0.03333333333333333,0.0,0,0
200,4,24,er,0.5,874510408,100,100,7,80,13,0,0,1,80,80.0,0.07,0.8,0.87,0.07,0.07,0.07,0.07,0.8,0,0
200,4,24,ring,0.5,874510408,100,100,1,12,87,9,9,3,5,4.0,0.01,0.12,0.13,0.1,0.1,0.1,0.1,0.05,1,1
200,4,24,small_world,0.5,874510408,100,100,1,4,95,4,4,2,2,2.0,0.01,0.04,0.05,0.05,0.05,0.05,0.05,0.02,1,1
200,4,24,scale_free,0.5,874510408,100,100,4,70,26,0,0,1,70,70.0,0.04,0.7,0.74,0.04,0.04,0.04,0.04,0.7,0,0
200,4,24,er,0.6,874510408,80,120,6,67,7,2,2,2,65,33.5,0.075,0.8375,0.9125,0.1,0.1,0.1,0.1,0.8125,1,1
200,4,24,ring,0.6,874510408,80,120,2,74,4,26,26,10,23,7.4,0.025,0.925,0.95,0.35,0.35,0.35,0.35,0.2875,1,1
200,4,24,small_world,0.6,874510408,80,120,0,73,7,16,16,5,57,14.6,0.0,0.9125,0.9125,0.2,0.2,0.2,0.2,0.7125,1,1
200,4,24,scale_free,0.6,874510408,80,120,6,59,15,2,2,2,57,29.5,0.075,0.7375,0.8125,0.1,0.1,0.1,0.1,0.7125,1,1
200,4,24,er,0.7,874510408,60,140,5,54,1,54,54,1,54,54.0,0.08333333333333333,0.9,0.9833333333333333,0.9833333333333333,0.9833333333333333,0.08333333333333333,0.08333333333333333,0.9,1,1
200,4,24,ring,0.7,874510408,60,140,5,55,0,39,39,12,16,4.583333333333333,0.08333333333333333,0.9166666666666666,1.0,0.7333333333333333,0.7333333333333333,0.7333333333333333,0.7333333333333333,0.26666666666666666,1,1
200,4,24,small_world,0.7,874510408,60,140,2,58,0,51,51,12,13,4.833333333333333,0.03333333333333333,0.9666666666666667,1.0,0.8833333333333333,0.8833333333333333,0.6666666666666666,0.6666666666666666,0.21666666666666667,1,1
200,4,24,scale_free,0.7,874510408,60,140,2,55,3,0,0,1,55,55.0,0.03333333333333333,0.9166666666666666,0.95,0.03333333333333333,0.03333333333333333,0.03333333333333333,0.03333333333333333,0.9166666666666666,0,0
200,4,24,er,0.8,874510408,40,160,8,32,0,32,32,1,32,32.0,0.2,0.8,1.0,1.0,1.0,0.2,0.2,0.8,1,1
200,4,24,ring,0.8,874510408,40,160,5,35,0,35,35,11,8,3.1818181818181817,0.125,0.875,1.0,1.0,1.0,1.0,1.0,0.2,1,1
200,4,24,small_world,0.8,874510408,40,160,2,38,0,38,38,10,13,3.8,0.05,0.95,1.0,1.0,1.0,0.675,0.675,0.325,1,1
200,4,24,scale_free,0.8,874510408,40,160,1,39,0,39,39,1,39,39.0,0.025,0.975,1.0,1.0,1.0,0.025,0.025,0.975,1,1
200,4,24,er,0.9,874510408,20,180,4,16,0,16,16,2,14,8.0,0.2,0.8,1.0,1.0,1.0,0.3,0.3,0.7,1,1
200,4,24,ring,0.9,874510408,20,180,8,12,0,12,12,5,4,2.4,0.4,0.6,1.0,1.0,1.0,1.0,1.0,0.2,1,1
200,4,24,small_world,0.9,874510408,20,180,6,14,0,14,14,5,4,2.8,0.3,0.7,1.0,1.0,1.0,1.0,1.0,0.2,1,1
200,4,24,scale_free,0.9,874510408,20,180,5,15,0,15,15,2,13,7.5,0.25,0.75,1.0,1.0,1.0,0.35,0.35,0.65,1,1
200,4,25,er,0.1,1609773175,180,20,1,0,179,0,0,0,0,0.0,0.005555555555555556,0.0,0.005555555555555556,0.005555555555555556,0.005555555555555556,0.005555555555555556,0.005555555555555556,0.0,0,0
200,4,25,ring,0.1,1609773175,180,20,0,0,180,0,0,0,0,0.0,0.0,0.0,0.0,0.0,0.0,0.0,0.0,0.0,0,0
200,4,25,small_world,0.1,1609773175,180,20,0,0,180,0,0,0,0,0.0,0.0,0.0,0.0,0.0,0.0,0.0,0.0,0.0,0,0
200,4,25,scale_free,0.1,1609773175,180,20,4,0,176,0,0,0,0,0.0,0.022222222222222223,0.0,0.022222222222222223,0.022222222222222223,0.022222222222222223,0.022222222222222223,0.022222222222222223,0.0,0,0
200,4,25,er,0.2,1609773175,160,40,4,0,156,0,0,0,0,0.0,0.025,0.0,0.025,0.025,0.025,0.025,0.025,0.0,0,0
200,4,25,ring,0.2,1609773175,160,40,0,0,160,0,0,0,0,0.0,0.0,0.0,0.0,0.0,0.0,0.0,0.0,0.0,0,0
200,4,25,small_world,0.2,1609773175,160,40,0,3,157,3,3,1,3,3.0,0.0,0.01875,0.01875,0.01875,0.01875,0.01875,0.01875,0.01875,1,1
200,4,25,scale_free,0.2,1609773175,160,40,3,0,157,0,0,0,0,0.0,0.01875,0.0,0.01875,0.01875,0.01875,0.01875,0.01875,0.0,0,0
200,4,25,er,0.3,1609773175,140,60,3,0,137,0,0,0,0,0.0,0.02142857142857143,0.0,0.02142857142857143,0.02142857142857143,0.02142857142857143,0.02142857142857143,0.02142857142857143,0.0,0,0
200,4,25,ring,0.3,1609773175,140,60,0,0,140,0,0,0,0,0.0,0.0,0.0,0.0,0.0,0.0,0.0,0.0,0.0,0,0
200,4,25,small_world,0.3,1609773175,140,60,0,0,140,0,0,0,0,0.0,0.0,0.0,0.0,0.0,0.0,0.0,0.0,0.0,0,0
200,4,25,scale_free,0.3,1609773175,140,60,5,0,135,0,0,0,0,0.0,0.03571428571428571,0.0,0.03571428571428571,0.03571428571428571,0.03571428571428571,0.03571428571428571,0.03571428571428571,0.0,0,0
200,4,25,er,0.4,1609773175,120,80,2,0,118,0,0,0,0,0.0,0.016666666666666666,0.0,0.016666666666666666,0.016666666666666666,0.016666666666666666,0.016666666666666666,0.016666666666666666,0.0,0,0
200,4,25,ring,0.4,1609773175,120,80,0,21,99,21,21,5,8,4.2,0.0,0.175,0.175,0.175,0.175,0.175,0.175,0.06666666666666667,1,1
200,4,25,small_world,0.4,1609773175,120,80,0,6,114,6,6,3,2,2.0,0.0,0.05,0.05,0.05,0.05,0.05,0.05,0.016666666666666666,1,1
200,4,25,scale_free,0.4,1609773175,120,80,2,0,118,0,0,0,0,0.0,0.016666666666666666,0.0,0.016666666666666666,0.016666666666666666,0.016666666666666666,0.016666666666666666,0.016666666666666666,0.0,0,0
200,4,25,er,0.5,1609773175,100,100,3,3,94,3,3,1,3,3.0,0.03,0.03,0.06,0.06,0.06,0.06,0.06,0.03,1,1
200,4,25,ring,0.5,1609773175,100,100,0,50,50,33,33,7,12,7.142857142857143,0.0,0.5,0.5,0.33,0.33,0.21,0.21,0.12,1,1
200,4,25,small_world,0.5,1609773175,100,100,1,22,77,6,6,4,8,5.5,0.01,0.22,0.23,0.07,0.07,0.07,0.07,0.08,1,1
200,4,25,scale_free,0.5,1609773175,100,100,3,0,97,0,0,0,0,0.0,0.03,0.0,0.03,0.03,0.03,0.03,0.03,0.0,0,0
200,4,25,er,0.6,1609773175,80,120,4,68,8,68,68,1,68,68.0,0.05,0.85,0.9,0.9,0.9,0.05,0.05,0.85,1,1
200,4,25,ring,0.6,1609773175,80,120,3,77,0,27,27,10,17,7.7,0.0375,0.9625,1.0,0.375,0.375,0.225,0.225,0.2125,1,1
200,4,25,small_world,0.6,1609773175,80,120,2,78,0,5,5,3,63,26.0,0.025,0.975,1.0,0.0875,0.0875,0.0875,0.0875,0.7875,1,1
200,4,25,scale_free,0.6,1609773175,80,120,3,74,3,0,0,1,74,74.0,0.0375,0.925,0.9625,0.0375,0.0375,0.0375,0.0375,0.925,0,0
200,4,25,er,0.7,1609773175,60,140,3,53,4,53,53,1,53,53.0,0.05,0.8833333333333333,0.9333333333333333,0.9333333333333333,0.9333333333333333,0.05,0.05,0.8833333333333333,1,1
200,4,25,ring,0.7,1609773175,60,140,7,53,0,53,53,13,13,4.076923076923077,0.11666666666666667,0.8833333333333333,1.0,1.0,1.0,0.7833333333333333,0.7833333333333333,0.21666666666666667,1,1
200,4,25,small_world,0.7,1609773175,60,140,3,57,0,57,57,8,34,7.125,0.05,0.95,1.0,1.0,1.0,0.43333333333333335,0.43333333333333335,0.5666666666666667,1,1
200,4,25,scale_free,0.7,1609773175,60,140,1,58,1,0,0,1,58,58.0,0.016666666666666666,0.9666666666666667,0.9833333333333333,0.016666666666666666,0.016666666666666666,0.016666666666666666,0.016666666666666666,0.9666666666666667,0,0
200,4,25,er,0.8,1609773175,40,160,3,35,2,35,35,2,33,17.5,0.075,0.875,0.95,0.95,0.95,0.125,0.125,0.825,1,1
200,4,25,ring,0.8,1609773175,40,160,11,29,0,29,29,9,6,3.2222222222222223,0.275,0.725,1.0,1.0,1.0,1.0,1.0,0.15,1,1
200,4,25,small_world,0.8,1609773175,40,160,7,33,0,33,33,8,11,4.125,0.175,0.825,1.0,1.0,1.0,0.725,0.725,0.275,1,1
200,4,25,scale_free,0.8,1609773175,40,160,4,35,1,0,0,1,35,35.0,0.1,0.875,0.975,0.1,0.1,0.1,0.1,0.875,0,0
200,4,25,er,0.9,1609773175,20,180,3,16,1,16,16,6,4,2.6666666666666665,0.15,0.8,0.95,0.95,0.95,0.95,0.95,0.2,1,1
200,4,25,ring,0.9,1609773175,20,180,9,11,0,11,11,4,5,2.75,0.45,0.55,1.0,1.0,1.0,1.0,1.0,0.25,1,1
200,4,25,small_world,0.9,1609773175,20,180,9,11,0,11,11,3,5,3.6666666666666665,0.45,0.55,1.0,1.0,1.0,1.0,1.0,0.25,1,1
200,4,25,scale_free,0.9,1609773175,20,180,2,18,0,18,18,3,14,6.0,0.1,0.9,1.0,1.0,1.0,0.3,0.3,0.7,1,1
200,4,26,er,0.1,2935844528,180,20,3,0,177,0,0,0,0,0.0,0.016666666666666666,0.0,0.016666666666666666,0.016666666666666666,0.016666666666666666,0.016666666666666666,0.016666666666666666,0.0,0,0
200,4,26,ring,0.1,2935844528,180,20,0,0,180,0,0,0,0,0.0,0.0,0.0,0.0,0.0,0.0,0.0,0.0,0.0,0,0
200,4,26,small_world,0.1,2935844528,180,20,0,0,180,0,0,0,0,0.0,0.0,0.0,0.0,0.0,0.0,0.0,0.0,0.0,0,0
200,4,26,scale_free,0.1,2935844528,180,20,1,0,179,0,0,0,0,0.0,0.005555555555555556,0.0,0.005555555555555556,0.005555555555555556,0.005555555555555556,0.005555555555555556,0.005555555555555556,0.0,0,0
200,4,26,er,0.2,2935844528,160,40,4,0,156,0,0,0,0,0.0,0.025,0.0,0.025,0.025,0.025,0.025,0.025,0.0,0,0
200,4,26,ring,0.2,2935844528,160,40,0,0,160,0,0,0,0,0.0,0.0,0.0,0.0,0.0,0.0,0.0,0.0,0.0,0,0
200,4,26,small_world,0.2,2935844528,160,40,0,0,160,0,0,0,0,0.0,0.0,0.0,0.0,0.0,0.0,0.0,0.0,0.0,0,0
200,4,26,scale_free,0.2,2935844528,160,40,3,0,157,0,0,0,0,0.0,0.01875,0.0,0.01875,0.01875,0.01875,0.01875,0.01875,0.0,0,0
200,4,26,er,0.3,2935844528,140,60,4,3,133,3,3,1,3,3.0,0.02857142857142857,0.02142857142857143,0.05,0.05,0.05,0.05,0.05,0.02142857142857143,1,1
200,4,26,ring,0.3,2935844528,140,60,0,11,129,11,11,3,5,3.6666666666666665,0.0,0.07857142857142857,0.07857142857142857,0.07857142857142857,0.07857142857142857,0.07857142857142857,0.07857142857142857,0.03571428571428571,1,1
200,4,26,small_world,0.3,2935844528,140,60,2,2,136,2,2,1,2,2.0,0.014285714285714285,0.014285714285714285,0.02857142857142857,0.02857142857142857,0.02857142857142857,0.02857142857142857,0.02857142857142857,0.014285714285714285,1,1
200,4,26,scale_free,0.3,2935844528,140,60,1,0,139,0,0,0,0,0.0,0.007142857142857143,0.0,0.007142857142857143,0.007142857142857143,0.007142857142857143,0.007142857142857143,0.007142857142857143,0.0,0,0
200,4,26,er,0.4,2935844528,120,80,5,0,115,0,0,0,0,0.0,0.041666666666666664,0.0,0.041666666666666664,0.041666666666666664,0.041666666666666664,0.041666666666666664,0.041666666666666664,0.0,0,0
200,4,26,ring,0.4,2935844528,120,80,0,2,118,2,2,1,2,2.0,0.0,0.016666666666666666,0.016666666666666666,0.016666666666666666,0.016666666666666666,0.016666666666666666,0.016666666666666666,0.016666666666666666,1,1
200,4,26,small_world,0.4,2935844528,120,80,1,2,117,2,2,1,2,2.0,0.008333333333333333,0.016666666666666666,0.025,0.025,0.025,0.025,0.025,0.016666666666666666,1,1
200,4,26,scale_free,0.4,2935844528,120,80,1,0,119,0,0,0,0,0.0,0.008333333333333333,0.0,0.008333333333333333,0.008333333333333333,0.008333333333333333,0.008333333333333333,0.008333333333333333,0.0,0,0
200,4,26,er,0.5,2935844528,100,100,5,80,15,0,0,1,80,80.0,0.05,0.8,0.85,0.05,0.05,0.05,0.05,0.8,0,0
200,4,26,ring,0.5,2935844528,100,100,0,33,67,14,14,6,19,5.5,0.0,0.33,0.33,0.14,0.14,0.14,0.14,0.19,1,1
200,4,26,small_world,0.5,2935844528,100,100,1,5,94,5,5,2,3,2.5,0.01,0.05,0.06,0.06,0.06,0.06,0.06,0.03,1,1
200,4,26,scale_free,0.5,2935844528,100,100,2,0,98,0,0,0,0,0.0,0.02,0.0,0.02,0.02,0.02,0.02,0.02,0.0,0,0
200,4,26,er,0.6,2935844528,80,120,4,67,9,0,0,1,67,67.0,0.05,0.8375,0.8875,0.05,0.05,0.05,0.05,0.8375,0,0
200,4,26,ring,0.6,2935844528,80,120,2,77,1,29,29,12,20,6.416666666666667,0.025,0.9625,0.9875,0.3875,0.3875,0.3875,0.3875,0.25,1,1
200,4,26,small_world,0.6,2935844528,80,120,1,78,1,21,21,6,57,13.0,0.0125,0.975,0.9875,0.275,0.275,0.275,0.275,0.7125,1,1
200,4,26,scale_free,0.6,2935844528,80,120,4,66,10,0,0,1,66,66.0,0.05,0.825,0.875,0.05,0.05,0.05,0.05,0.825,0,0
200,4,26,er,0.7,2935844528,60,140,3,49,8,2,2,2,47,24.5,0.05,0.8166666666666667,0.8666666666666667,0.08333333333333333,0.08333333333333333,0.08333333333333333,0.08333333333333333,0.7833333333333333,1,1
200,4,26,ring,0.7,2935844528,60,140,6,53,1,42,42,10,16,5.3,0.1,0.8833333333333333,0.9833333333333333,0.8,0.8,0.5333333333333333,0.5333333333333333,0.26666666666666666,1,1
200,4,26,small_world,0.7,2935844528,60,140,6,53,1,53,53,7,28,7.571428571428571,0.1,0.8833333333333333,0.9833333333333333,0.9833333333333333,0.9833333333333333,0.5166666666666667,0.5166666666666667,0.4666666666666667,1,1
200,4,26,scale_free,0.7,2935844528,60,140,2,57,1,0,0,1,57,57.0,0.03333333333333333,0.95,0.9833333333333333,0.03333333333333333,0.03333333333333333,0.03333333333333333,0.03333333333333333,0.95,0,0
200,4,26,er,0.8,2935844528,40,160,4,30,6,8,8,3,22,10.0,0.1,0.75,0.85,0.3,0.3,0.3,0.3,0.55,1,1
200,4,26,ring,0.8,2935844528,40,160,11,29,0,29,29,8,7,3.625,0.275,0.725,1.0,1.0,1.0,1.0,1.0,0.175,1,1
200,4,26,small_world,0.8,2935844528,40,160,10,30,0,30,30,7,9,4.285714285714286,0.25,0.75,1.0,1.0,1.0,1.0,1.0,0.225,1,1
200,4,26,scale_free,0.8,2935844528,40,160,5,35,0,35,35,2,32,17.5,0.125,0.875,1.0,1.0,1.0,0.2,0.2,0.8,1,1
200,4,26,er,0.9,2935844528,20,180,6,13,1,13,13,3,8,4.333333333333333,0.3,0.65,0.95,0.95,0.95,0.95,0.95,0.4,1,1
200,4,26,ring,0.9,2935844528,20,180,7,13,0,13,13,6,3,2.1666666666666665,0.35,0.65,1.0,1.0,1.0,1.0,1.0,0.15,1,1
200,4,26,small_world,0.9,2935844528,20,180,6,14,0,14,14,5,5,2.8,0.3,0.7,1.0,1.0,1.0,1.0,1.0,0.25,1,1
200,4,26,scale_free,0.9,2935844528,20,180,7,13,0,13,13,3,7,4.333333333333333,0.35,0.65,1.0,1.0,1.0,1.0,1.0,0.35,1,1
200,4,27,er,0.1,1411355445,180,20,1,0,179,0,0,0,0,0.0,0.005555555555555556,0.0,0.005555555555555556,0.005555555555555556,0.005555555555555556,0.005555555555555556,0.005555555555555556,0.0,0,0
200,4,27,ring,0.1,1411355445,180,20,0,0,180,0,0,0,0,0.0,0.0,0.0,0.0,0.0,0.0,0.0,0.0,0.0,0,0
200,4,27,small_world,0.1,1411355445,180,20,0,0,180,0,0,0,0,0.0,0.0,0.0,0.0,0.0,0.0,0.0,0.0,0.0,0,0
200,4,27,scale_free,0.1,1411355445,180,20,2,0,178,0,0,0,0,0.0,0.011111111111111112,0.0,0.011111111111111112,0.011111111111111112,0.011111111111111112,0.011111111111111112,0.011111111111111112,0.0,0,0
200,4,27,er,0.2,1411355445,160,40,0,0,160,0,0,0,0,0.0,0.0,0.0,0.0,0.0,0.0,0.0,0.0,0.0,0,0
200,4,27,ring,0.2,1411355445,160,40,0,0,160,0,0,0,0,0.0,0.0,0.0,0.0,0.0,0.0,0.0,0.0,0.0,0,0
200,4,27,small_world,0.2,1411355445,160,40,0,0,160,0,0,0,0,0.0,0.0,0.0,0.0,0.0,0.0,0.0,0.0,0.0,0,0
200,4,27,scale_free,0.2,1411355445,160,40,1,0,159,0,0,0,0,0.0,0.00625,0.0,0.00625,0.00625,0.00625,0.00625,0.00625,0.0,0,0
200,4,27,er,0.3,1411355445,140,60,2,0,138,0,0,0,0,0.0,0.014285714285714285,0.0,0.014285714285714285,0.014285714285714285,0.014285714285714285,0.014285714285714285,0.014285714285714285,0.0,0,0
200,4,27,ring,0.3,1411355445,140,60,0,0,140,0,0,0,0,0.0,0.0,0.0,0.0,0.0,0.0,0.0,0.0,0.0,0,0
200,4,27,small_world,0.3,1411355445,140,60,0,0,140,0,0,0,0,0.0,0.0,0.0,0.0,0.0,0.0,0.0,0.0,0.0,0,0
200,4,27,scale_free,0.3,1411355445,140,60,1,0,139,0,0,0,0,0.0,0.007142857142857143,0.0,0.007142857142857143,0.007142857142857143,0.007142857142857143,0.007142857142857143,0.007142857142857143,0.0,0,0
200,4,27,er,0.4,1411355445,120,80,3,2,115,2,2,1,2,2.0,0.025,0.016666666666666666,0.041666666666666664,0.041666666666666664,0.041666666666666664,0.041666666666666664,0.041666666666666664,0.016666666666666666,1,1
200,4,27,ring,0.4,1411355445,120,80,0,17,103,0,0,3,9,5.666666666666667,0.0,0.14166666666666666,0.14166666666666666,0.0,0.0,0.0,0.0,0.075,0,0
200,4,27,small_world,0.4,1411355445,120,80,1,0,119,0,0,0,0,0.0,0.008333333333333333,0.0,0.008333333333333333,0.008333333333333333,0.008333333333333333,0.008333333333333333,0.008333333333333333,0.0,0,0
200,4,27,scale_free,0.4,1411355445,120,80,0,0,120,0,0,0,0,0.0,0.0,0.0,0.0,0.0,0.0,0.0,0.0,0.0,0,0
200,4,27,er,0.5,1411355445,100,100,2,0,98,0,0,0,0,0.0,0.02,0.0,0.02,0.02,0.02,0.02,0.02,0.0,0,0
200,4,27,ring,0.5,1411355445,100,100,0,61,39,13,13,9,20,6.777777777777778,0.0,0.61,0.61,0.13,0.13,0.13,0.13,0.2,1,1
200,4,27,small_world,0.5,1411355445,100,100,2,83,15,0,0,2,79,41.5,0.02,0.83,0.85,0.02,0.02,0.02,0.02,0.79,0,0
200,4,27,scale_free,0.5,1411355445,100,100,0,2,98,2,2,1,2,2.0,0.0,0.02,0.02,0.02,0.02,0.02,0.02,0.02,1,1
200,4,27,er,0.6,1411355445,80,120,1,72,7,0,0,1,72,72.0,0.0125,0.9,0.9125,0.0125,0.0125,0.0125,0.0125,0.9,0,0
200,4,27,ring,0.6,1411355445,80,120,0,60,20,46,46,11,12,5.454545454545454,0.0,0.75,0.75,0.575,0.575,0.425,0.425,0.15,1,1
200,4,27,small_world,0.6,1411355445,80,120,2,74,4,4,4,2,70,37.0,0.025,0.925,0.95,0.075,0.075,0.075,0.075,0.875,1,1
200,4,27,scale_free,0.6,1411355445,80,120,2,71,7,2,2,2,69,35.5,0.025,0.8875,0.9125,0.05,0.05,0.05,0.05,0.8625,1,1
200,4,27,er,0.7,1411355445,60,140,3,50,7,50,50,1,50,50.0,0.05,0.8333333333333334,0.8833333333333333,0.8833333333333333,0.8833333333333333,0.05,0.05,0.8333333333333334,1,1
200,4,27,ring,0.7,1411355445,60,140,3,56,1,49,49,11,12,5.090909090909091,0.05,0.9333333333333333,0.9833333333333333,0.8666666666666667,0.8666666666666667,0.6666666666666666,0.6666666666666666,0.2,1,1
200,4,27,small_world,0.7,1411355445,60,140,4,55,1,52,52,5,32,11.0,0.06666666666666667,0.9166666666666666,0.9833333333333333,0.9333333333333333,0.9333333333333333,0.15,0.15,0.5333333333333333,1,1
200,4,27,scale_free,0.7,1411355445,60,140,2,58,0,8,8,4,50,14.5,0.03333333333333333,0.9666666666666667,1.0,0.16666666666666666,0.16666666666666666,0.16666666666666666,0.16666666666666666,0.8333333333333334,1,1
200,4,27,er,0.8,1411355445,40,160,8,32,0,32,32,4,19,8.0,0.2,0.8,1.0,1.0,1.0,0.525,0.525,0.475,1,1
200,4,27,ring,0.8,1411355445,40,160,6,34,0,34,34,10,6,3.4,0.15,0.85,1.0,1.0,1.0,1.0,1.0,0.15,1,1
200,4,27,small_world,0.8,1411355445,40,160,4,36,0,36,36,5,12,7.2,0.1,0.9,1.0,1.0,1.0,0.7,0.7,0.3,1,1
200,4,27,scale_free,0.8,1411355445,40,160,3,37,0,37,37,1,37,37.0,0.075,0.925,1.0,1.0,1.0,0.075,0.075,0.925,1,1
200,4,27,er,0.9,1411355445,20,180,10,10,0,10,10,4,3,2.5,0.5,0.5,1.0,1.0,1.0,1.0,1.0,0.15,1,1
200,4,27,ring,0.9,1411355445,20,180,10,10,0,10,10,4,3,2.5,0.5,0.5,1.0,1.0,1.0,1.0,1.0,0.15,1,1
200,4,27,small_world,0.9,1411355445,20,180,12,8,0,8,8,3,3,2.6666666666666665,0.6,0.4,1.0,1.0,1.0,1.0,1.0,0.15,1,1
200,4,27,scale_free,0.9,1411355445,20,180,2,18,0,18,18,2,16,9.0,0.1,0.9,1.0,1.0,1.0,0.2,0.2,0.8,1,1
200,4,28,er,0.1,2982800671,180,20,1,0,179,0,0,0,0,0.0,0.005555555555555556,0.0,0.005555555555555556,0.005555555555555556,0.005555555555555556,0.005555555555555556,0.005555555555555556,0.0,0,0
200,4,28,ring,0.1,2982800671,180,20,0,0,180,0,0,0,0,0.0,0.0,0.0,0.0,0.0,0.0,0.0,0.0,0.0,0,0
200,4,28,small_world,0.1,2982800671,180,20,0,0,180,0,0,0,0,0.0,0.0,0.0,0.0,0.0,0.0,0.0,0.0,0.0,0,0
200,4,28,scale_free,0.1,2982800671,180,20,1,0,179,0,0,0,0,0.0,0.005555555555555556,0.0,0.005555555555555556,0.005555555555555556,0.005555555555555556,0.005555555555555556,0.005555555555555556,0.0,0,0
200,4,28,er,0.2,2982800671,160,40,1,0,159,0,0,0,0,0.0,0.00625,0.0,0.00625,0.00625,0.00625,0.00625,0.00625,0.0,0,0
200,4,28,ring,0.2,2982800671,160,40,0,0,160,0,0,0,0,0.0,0.0,0.0,0.0,0.0,0.0,0.0,0.0,0.0,0,0
200,4,28,small_world,0.2,2982800671,160,40,0,0,160,0,0,0,0,0.0,0.0,0.0,0.0,0.0,0.0,0.0,0.0,0.0,0,0
200,4,28,scale_free,0.2,2982800671,160,40,2,0,158,0,0,0,0,0.0,0.0125,0.0,0.0125,0.0125,0.0125,0.0125,0.0125,0.0,0,0
200,4,28,er,0.3,2982800671,140,60,2,0,138,0,0,0,0,0.0,0.014285714285714285,0.0,0.014285714285714285,0.014285714285714285,0.014285714285714285,0.014285714285714285,0.014285714285714285,0.0,0,0
200,4,28,ring,0.3,2982800671,140,60,0,0,140,0,0,0,0,0.0,0.0,0.0,0.0,0.0,0.0,0.0,0.0,0.0,0,0
200,4,28,small_world,0.3,2982800671,140,60,0,0,140,0,0,0,0,0.0,0.0,0.0,0.0,0.0,0.0,0.0,0.0,0.0,0,0
200,4,28,scale_free,0.3,2982800671,140,60,3,0,137,0,0,0,0,0.0,0.02142857142857143,0.0,0.02142857142857143,0.02142857142857143,0.02142857142857143,0.02142857142857143,0.02142857142857143,0.0,0,0
200,4,28,er,0.4,2982800671,120,80,6,0,114,0,0,0,0,0.0,0.05,0.0,0.05,0.05,0.05,0.05,0.05,0.0,0,0
200,4,28,ring,0.4,2982800671,120,80,0,18,102,2,2,2,16,9.0,0.0,0.15,0.15,0.016666666666666666,0.016666666666666666,0.016666666666666666,0.016666666666666666,0.13333333333333333,1,1
200,4,28,small_world,0.4,2982800671,120,80,1,21,98,0,0,1,21,21.0,0.008333333333333333,0.175,0.18333333333333332,0.008333333333333333,0.008333333333333333,0.008333333333333333,0.008333333333333333,0.175,0,0
200,4,28,scale_free,0.4,2982800671,120,80,5,0,115,0,0,0,0,0.0,0.041666666666666664,0.0,0.041666666666666664,0.041666666666666664,0.041666666666666664,0.041666666666666664,0.041666666666666664,0.0,0,0
200,4,28,er,0.5,2982800671,100,100,4,76,20,0,0,1,76,76.0,0.04,0.76,0.8,0.04,0.04,0.04,0.04,0.76,0,0
200,4,28,ring,0.5,2982800671,100,100,0,33,67,18,18,7,8,4.714285714285714,0.0,0.33,0.33,0.18,0.18,0.18,0.18,0.08,1,1
200,4,28,small_world,0.5,2982800671,100,100,1,48,51,2,2,3,39,16.0,0.01,0.48,0.49,0.03,0.03,0.03,0.03,0.39,1,1
200,4,28,scale_free,0.5,2982800671,100,100,5,0,95,0,0,0,0,0.0,0.05,0.0,0.05,0.05,0.05,0.05,0.05,0.0,0,0
200,4,28,er,0.6,2982800671,80,120,3,69,8,0,0,1,69,69.0,0.0375,0.8625,0.9,0.0375,0.0375,0.0375,0.0375,0.8625,0,0
200,4,28,ring,0.6,2982800671,80,120,0,67,13,26,26,9,22,7.444444444444445,0.0,0.8375,0.8375,0.325,0.325,0.325,0.325,0.275,1,1
200,4,28,small_world,0.6,2982800671,80,120,0,76,4,18,18,5,58,15.2,0.0,0.95,0.95,0.225,0.225,0.225,0.225,0.725,1,1
200,4,28,scale_free,0.6,2982800671,80,120,4,69,7,2,2,2,67,34.5,0.05,0.8625,0.9125,0.075,0.075,0.075,0.075,0.8375,1,1
200,4,28,er,0.7,2982800671,60,140,3,52,5,52,52,1,52,52.0,0.05,0.8666666666666667,0.9166666666666666,0.9166666666666666,0.9166666666666666,0.05,0.05,0.8666666666666667,1,1
200,4,28,ring,0.7,2982800671,60,140,1,59,0,50,50,12,11,4.916666666666667,0.016666666666666666,0.9833333333333333,1.0,0.85,0.85,0.6666666666666666,0.6666666666666666,0.18333333333333332,1,1
200,4,28,small_world,0.7,2982800671,60,140,1,59,0,59,59,9,34,6.555555555555555,0.016666666666666666,0.9833333333333333,1.0,1.0,1.0,0.43333333333333335,0.43333333333333335,0.5666666666666667,1,1
200,4,28,scale_free,0.7,2982800671,60,140,7,49,4,0,0,1,49,49.0,0.11666666666666667,0.8166666666666667,0.9333333333333333,0.11666666666666667,0.11666666666666667,0.11666666666666667,0.11666666666666667,0.8166666666666667,0,0
200,4,28,er,0.8,2982800671,40,160,6,31,3,31,31,1,31,31.0,0.15,0.775,0.925,0.925,0.925,0.15,0.15,0.775,1,1
200,4,28,ring,0.8,2982800671,40,160,6,34,0,34,34,11,8,3.090909090909091,0.15,0.85,1.0,1.0,1.0,1.0,1.0,0.2,1,1
200,4,28,small_world,0.8,2982800671,40,160,4,36,0,36,36,9,10,4.0,0.1,0.9,1.0,1.0,1.0,1.0,1.0,0.25,1,1
200,4,28,scale_free,0.8,2982800671,40,160,5,33,2,33,33,1,33,33.0,0.125,0.825,0.95,0.95,0.95,0.125,0.125,0.825,1,1
200,4,28,er,0.9,2982800671,20,180,8,12,0,12,12,2,7,6.0,0.4,0.6,1.0,1.0,1.0,1.0,1.0,0.35,1,1
200,4,28,ring,0.9,2982800671,20,180,7,13,0,13,13,5,4,2.6,0.35,0.65,1.0,1.0,1.0,1.0,1.0,0.2,1,1
200,4,28,small_world,0.9,2982800671,20,180,5,15,0,15,15,5,5,3.0,0.25,0.75,1.0,1.0,1.0,1.0,1.0,0.25,1,1
200,4,28,scale_free,0.9,2982800671,20,180,4,16,0,16,16,2,14,8.0,0.2,0.8,1.0,1.0,1.0,0.3,0.3,0.7,1,1
200,4,29,er,0.1,3710274284,180,20,2,0,178,0,0,0,0,0.0,0.011111111111111112,0.0,0.011111111111111112,0.011111111111111112,0.011111111111111112,0.011111111111111112,0.011111111111111112,0.0,0,0
200,4,29,ring,0.1,3710274284,180,20,0,0,180,0,0,0,0,0.0,0.0,0.0,0.0,0.0,0.0,0.0,0.0,0.0,0,0
200,4,29,small_world,0.1,3710274284,180,20,0,0,180,0,0,0,0,0.0,0.0,0.0,0.0,0.0,0.0,0.0,0.0,0.0,0,0
200,4,29,scale_free,0.1,3710274284,180,20,0,0,180,0,0,0,0,0.0,0.0,0.0,0.0,0.0,0.0,0.0,0.0,0.0,0,0
200,4,29,er,0.2,3710274284,160,40,4,0,156,0,0,0,0,0.0,0.025,0.0,0.025,0.025,0.025,0.025,0.025,0.0,0,0
200,4,29,ring,0.2,3710274284,160,40,0,0,160,0,0,0,0,0.0,0.0,0.0,0.0,0.0,0.0,0.0,0.0,0.0,0,0
200,4,29,small_world,0.2,3710274284,160,40,0,2,158,2,2,1,2,2.0,0.0,0.0125,0.0125,0.0125,0.0125,0.0125,0.0125,0.0125,1,1
200,4,29,scale_free,0.2,3710274284,160,40,0,0,160,0,0,0,0,0.0,0.0,0.0,0.0,0.0,0.0,0.0,0.0,0.0,0,0
200,4,29,er,0.3,3710274284,140,60,1,0,139,0,0,0,0,0.0,0.007142857142857143,0.0,0.007142857142857143,0.007142857142857143,0.007142857142857143,0.007142857142857143,0.007142857142857143,0.0,0,0
200,4,29,ring,0.3,3710274284,140,60,0,0,140,0,0,0,0,0.0,0.0,0.0,0.0,0.0,0.0,0.0,0.0,0.0,0,0
200,4,29,small_world,0.3,3710274284,140,60,0,2,138,2,2,1,2,2.0,0.0,0.014285714285714285,0.014285714285714285,0.014285714285714285,0.014285714285714285,0.014285714285714285,0.014285714285714285,0.014285714285714285,1,1
200,4,29,scale_free,0.3,3710274284,140,60,2,0,138,0,0,0,0,0.0,0.014285714285714285,0.0,0.014285714285714285,0.014285714285714285,0.014285714285714285,0.014285714285714285,0.014285714285714285,0.0,0,0
200,4,29,er,0.4,3710274284,120,80,3,0,117,0,0,0,0,0.0,0.025,0.0,0.025,0.025,0.025,0.025,0.025,0.0,0,0
200,4,29,ring,0.4,3710274284,120,80,0,33,87,6,6,6,9,5.5,0.0,0.275,0.275,0.05,0.05,0.05,0.05,0.075,1,1
200,4,29,small_world,0.4,3710274284,120,80,2,2,116,2,2,1,2,2.0,0.016666666666666666,0.016666666666666666,0.03333333333333333,0.03333333333333333,0.03333333333333333,0.03333333333333333,0.03333333333333333,0.016666666666666666,1,1
200,4,29,scale_free,0.4,3710274284,120,80,2,0,118,0,0,0,0,0.0,0.016666666666666666,0.0,0.016666666666666666,0.016666666666666666,0.016666666666666666,0.016666666666666666,0.016666666666666666,0.0,0,0
200,4,29,er,0.5,3710274284,100,100,6,78,16,0,0,1,78,78.0,0.06,0.78,0.84,0.06,0.06,0.06,0.06,0.78,0,0
200,4,29,ring,0.5,3710274284,100,100,1,50,49,18,18,9,9,5.555555555555555,0.01,0.5,0.51,0.19,0.19,0.19,0.19,0.09,1,1
200,4,29,small_world,0.5,3710274284,100,100,4,7,89,4,4,3,3,2.3333333333333335,0.04,0.07,0.11,0.08,0.08,0.08,0.08,0.03,1,1
200,4,29,scale_free,0.5,3710274284,100,100,1,80,19,0,0,1,80,80.0,0.01,0.8,0.81,0.01,0.01,0.01,0.01,0.8,0,0
200,4,29,er,0.6,3710274284,80,120,4,72,4,8,8,3,64,24.0,0.05,0.9,0.95,0.15,0.15,0.15,0.15,0.8,1,1
200,4,29,ring,0.6,3710274284,80,120,3,72,5,26,26,10,17,7.2,0.0375,0.9,0.9375,0.3625,0.3625,0.1625,0.1625,0.2125,1,1
200,4,29,small_world,0.6,3710274284,80,120,5,69,6,7,7,6,30,11.5,0.0625,0.8625,0.925,0.15,0.15,0.15,0.15,0.375,1,1
200,4,29,scale_free,0.6,3710274284,80,120,1,70,9,0,0,1,70,70.0,0.0125,0.875,0.8875,0.0125,0.0125,0.0125,0.0125,0.875,0,0
200,4,29,er,0.7,3710274284,60,140,7,53,0,2,2,2,51,26.5,0.11666666666666667,0.8833333333333333,1.0,0.15,0.15,0.15,0.15,0.85,1,1
200,4,29,ring,0.7,3710274284,60,140,2,58,0,45,45,11,13,5.2727272727272725,0.03333333333333333,0.9666666666666667,1.0,0.7833333333333333,0.7833333333333333,0.7833333333333333,0.7833333333333333,0.21666666666666667,1,1
200,4,29,small_world,0.7,3710274284,60,140,2,58,0,58,58,4,30,14.5,0.03333333333333333,0.9666666666666667,1.0,1.0,1.0,0.1,0.1,0.5,1,1
200,4,29,scale_free,0.7,3710274284,60,140,4,54,2,0,0,1,54,54.0,0.06666666666666667,0.9,0.9666666666666667,0.06666666666666667,0.06666666666666667,0.06666666666666667,0.06666666666666667,0.9,0,0
200,4,29,er,0.8,3710274284,40,160,7,33,0,33,33,1,33,33.0,0.175,0.825,1.0,1.0,1.0,0.175,0.175,0.825,1,1
200,4,29,ring,0.8,3710274284,40,160,7,33,0,33,33,12,5,2.75,0.175,0.825,1.0,1.0,1.0,1.0,1.0,0.125,1,1
200,4,29,small_world,0.8,3710274284,40,160,4,36,0,36,36,9,8,4.0,0.1,0.9,1.0,1.0,1.0,1.0,1.0,0.2,1,1
200,4,29,scale_free,0.8,3710274284,40,160,6,33,1,0,0,1,33,33.0,0.15,0.825,0.975,0.15,0.15,0.15,0.15,0.825,0,0
200,4,29,er,0.9,3710274284,20,180,7,13,0,13,13,2,10,6.5,0.35,0.65,1.0,1.0,1.0,1.0,1.0,0.5,1,1
200,4,29,ring,0.9,3710274284,20,180,13,7,0,7,7,3,3,2.3333333333333335,0.65,0.35,1.0,1.0,1.0,1.0,1.0,0.15,1,1
200,4,29,small_world,0.9,3710274284,20,180,7,13,0,13,13,5,4,2.6,0.35,0.65,1.0,1.0,1.0,1.0,1.0,0.2,1,1
200,4,29,scale_free,0.9,3710274284,20,180,5,15,0,15,15,2,13,7.5,0.25,0.75,1.0,1.0,1.0,0.35,0.35,0.65,1,1
200,4,30,er,0.1,4036263063,180,20,0,0,180,0,0,0,0,0.0,0.0,0.0,0.0,0.0,0.0,0.0,0.0,0.0,0,0
200,4,30,ring,0.1,4036263063,180,20,0,0,180,0,0,0,0,0.0,0.0,0.0,0.0,0.0,0.0,0.0,0.0,0.0,0,0
200,4,30,small_world,0.1,4036263063,180,20,0,0,180,0,0,0,0,0.0,0.0,0.0,0.0,0.0,0.0,0.0,0.0,0.0,0,0
200,4,30,scale_free,0.1,4036263063,180,20,0,0,180,0,0,0,0,0.0,0.0,0.0,0.0,0.0,0.0,0.0,0.0,0.0,0,0
200,4,30,er,0.2,4036263063,160,40,4,0,156,0,0,0,0,0.0,0.025,0.0,0.025,0.025,0.025,0.025,0.025,0.0,0,0
200,4,30,ring,0.2,4036263063,160,40,0,8,152,0,0,1,8,8.0,0.0,0.05,0.05,0.0,0.0,0.0,0.0,0.05,0,0
200,4,30,small_world,0.2,4036263063,160,40,0,0,160,0,0,0,0,0.0,0.0,0.0,0.0,0.0,0.0,0.0,0.0,0.0,0,0
200,4,30,scale_free,0.2,4036263063,160,40,1,0,159,0,0,0,0,0.0,0.00625,0.0,0.00625,0.00625,0.00625,0.00625,0.00625,0.0,0,0
200,4,30,er,0.3,4036263063,140,60,5,0,135,0,0,0,0,0.0,0.03571428571428571,0.0,0.03571428571428571,0.03571428571428571,0.03571428571428571,0.03571428571428571,0.03571428571428571,0.0,0,0
200,4,30,ring,0.3,4036263063,140,60,0,7,133,0,0,1,7,7.0,0.0,0.05,0.05,0.0,0.0,0.0,0.0,0.05,0,0
200,4,30,small_world,0.3,4036263063,140,60,1,0,139,0,0,0,0,0.0,0.007142857142857143,0.0,0.007142857142857143,0.007142857142857143,0.007142857142857143,0.007142857142857143,0.007142857142857143,0.0,0,0
200,4,30,scale_free,0.3,4036263063,140,60,4,0,136,0,0,0,0,0.0,0.02857142857142857,0.0,0.02857142857142857,0.02857142857142857,0.02857142857142857,0.02857142857142857,0.02857142857142857,0.0,0,0
200,4,30,er,0.4,4036263063,120,80,4,2,114,2,2,1,2,2.0,0.03333333333333333,0.016666666666666666,0.05,0.05,0.05,0.05,0.05,0.016666666666666666,1,1
200,4,30,ring,0.4,4036263063,120,80,0,17,103,4,4,4,10,4.25,0.0,0.14166666666666666,0.14166666666666666,0.03333333333333333,0.03333333333333333,0.03333333333333333,0.03333333333333333,0.08333333333333333,1,1
200,4,30,small_world,0.4,4036263063,120,80,0,2,118,2,2,1,2,2.0,0.0,0.016666666666666666,0.016666666666666666,0.016666666666666666,0.016666666666666666,0.016666666666666666,0.016666666666666666,0.016666666666666666,1,1
200,4,30,scale_free,0.4,4036263063,120,80,7,0,113,0,0,0,0,0.0,0.058333333333333334,0.0,0.058333333333333334,0.058333333333333334,0.058333333333333334,0.058333333333333334,0.058333333333333334,0.0,0,0
200,4,30,er,0.5,4036263063,100,100,5,79,16,2,2,2,77,39.5,0.05,0.79,0.84,0.07,0.07,0.07,0.07,0.77,1,1
200,4,30,ring,0.5,4036263063,100,100,0,33,67,14,14,8,12,4.125,0.0,0.33,0.33,0.14,0.14,0.14,0.14,0.12,1,1
200,4,30,small_world,0.5,4036263063,100,100,3,4,93,4,4,2,2,2.0,0.03,0.04,0.07,0.07,0.07,0.07,0.07,0.02,1,1
200,4,30,scale_free,0.5,4036263063,100,100,7,72,21,0,0,1,72,72.0,0.07,0.72,0.79,0.07,0.07,0.07,0.07,0.72,0,0
200,4,30,er,0.6,4036263063,80,120,5,70,5,2,2,2,68,35.0,0.0625,0.875,0.9375,0.0875,0.0875,0.0875,0.0875,0.85,1,1
200,4,30,ring,0.6,4036263063,80,120,0,74,6,37,37,13,11,5.6923076923076925,0.0,0.925,0.925,0.4625,0.4625,0.4625,0.4625,0.1375,1,1
200,4,30,small_world,0.6,4036263063,80,120,4,75,1,19,19,5,56,15.0,0.05,0.9375,0.9875,0.2875,0.2875,0.125,0.125,0.7,1,1
200,4,30,scale_free,0.6,4036263063,80,120,8,58,14,0,0,1,58,58.0,0.1,0.725,0.825,0.1,0.1,0.1,0.1,0.725,0,0
200,4,30,er,0.7,4036263063,60,140,7,52,1,2,2,2,50,26.0,0.11666666666666667,0.8666666666666667,0.9833333333333333,0.15,0.15,0.15,0.15,0.8333333333333334,1,1
200,4,30,ring,0.7,4036263063,60,140,1,59,0,36,36,12,12,4.916666666666667,0.016666666666666666,0.9833333333333333,1.0,0.6166666666666667,0.6166666666666667,0.6166666666666667,0.6166666666666667,0.2,1,1
200,4,30,small_world,0.7,4036263063,60,140,5,55,0,15,15,5,40,11.0,0.08333333333333333,0.9166666666666666,1.0,0.3333333333333333,0.3333333333333333,0.3333333333333333,0.3333333333333333,0.6666666666666666,1,1
200,4,30,scale_free,0.7,4036263063,60,140,6,52,2,0,0,1,52,52.0,0.1,0.8666666666666667,0.9666666666666667,0.1,0.1,0.1,0.1,0.8666666666666667,0,0
200,4,30,er,0.8,4036263063,40,160,6,33,1,33,33,2,31,16.5,0.15,0.825,0.975,0.975,0.975,0.2,0.2,0.775,1,1
200,4,30,ring,0.8,4036263063,40,160,6,34,0,34,34,11,6,3.090909090909091,0.15,0.85,1.0,1.0,1.0,1.0,1.0,0.15,1,1
200,4,30,small_world,0.8,4036263063,40,160,5,35,0,35,35,5,17,7.0,0.125,0.875,1.0,1.0,1.0,0.575,0.575,0.425,1,1
200,4,30,scale_free,0.8,4036263063,40,160,4,35,1,0,0,1,35,35.0,0.1,0.875,0.975,0.1,0.1,0.1,0.1,0.875,0,0
200,4,30,er,0.9,4036263063,20,180,6,14,0,14,14,4,7,3.5,0.3,0.7,1.0,1.0,1.0,1.0,1.0,0.35,1,1
200,4,30,ring,0.9,4036263063,20,180,4,16,0,16,16,7,3,2.2857142857142856,0.2,0.8,1.0,1.0,1.0,1.0,1.0,0.15,1,1
200,4,30,small_world,0.9,4036263063,20,180,5,15,0,15,15,4,8,3.75,0.25,0.75,1.0,1.0,1.0,1.0,1.0,0.4,1,1
200,4,30,scale_free,0.9,4036263063,20,180,7,13,0,13,13,1,13,13.0,0.35,0.65,1.0,1.0,1.0,0.35,0.35,0.65,1,1
200,4,31,er,0.1,1195831402,180,20,2,0,178,0,0,0,0,0.0,0.011111111111111112,0.0,0.011111111111111112,0.011111111111111112,0.011111111111111112,0.011111111111111112,0.011111111111111112,0.0,0,0
200,4,31,ring,0.1,1195831402,180,20,0,0,180,0,0,0,0,0.0,0.0,0.0,0.0,0.0,0.0,0.0,0.0,0.0,0,0
200,4,31,small_world,0.1,1195831402,180,20,0,0,180,0,0,0,0,0.0,0.0,0.0,0.0,0.0,0.0,0.0,0.0,0.0,0,0
200,4,31,scale_free,0.1,1195831402,180,20,2,0,178,0,0,0,0,0.0,0.011111111111111112,0.0,0.011111111111111112,0.011111111111111112,0.011111111111111112,0.011111111111111112,0.011111111111111112,0.0,0,0
200,4,31,er,0.2,1195831402,160,40,3,0,157,0,0,0,0,0.0,0.01875,0.0,0.01875,0.01875,0.01875,0.01875,0.01875,0.0,0,0
200,4,31,ring,0.2,1195831402,160,40,0,4,156,4,4,2,2,2.0,0.0,0.025,0.025,0.025,0.025,0.025,0.025,0.0125,1,1
200,4,31,small_world,0.2,1195831402,160,40,0,0,160,0,0,0,0,0.0,0.0,0.0,0.0,0.0,0.0,0.0,0.0,0.0,0,0
200,4,31,scale_free,0.2,1195831402,160,40,4,2,154,2,2,1,2,2.0,0.025,0.0125,0.0375,0.0375,0.0375,0.0375,0.0375,0.0125,1,1
200,4,31,er,0.3,1195831402,140,60,4,0,136,0,0,0,0,0.0,0.02857142857142857,0.0,0.02857142857142857,0.02857142857142857,0.02857142857142857,0.02857142857142857,0.02857142857142857,0.0,0,0
200,4,31,ring,0.3,1195831402,140,60,0,14,126,14,14,4,8,3.5,0.0,0.1,0.1,0.1,0.1,0.1,0.1,0.05714285714285714,1,1
200,4,31,small_world,0.3,1195831402,140,60,0,0,140,0,0,0,0,0.0,0.0,0.0,0.0,0.0,0.0,0.0,0.0,0.0,0,0
200,4,31,scale_free,0.3,1195831402,140,60,5,2,133,2,2,1,2,2.0,0.03571428571428571,0.014285714285714285,0.05,0.05,0.05,0.05,0.05,0.014285714285714285,1,1
200,4,31,er,0.4,1195831402,120,80,10,0,110,0,0,0,0,0.0,0.08333333333333333,0.0,0.08333333333333333,0.08333333333333333,0.08333333333333333,0.08333333333333333,0.08333333333333333,0.0,0,0
200,4,31,ring,0.4,1195831402,120,80,0,26,94,13,13,6,7,4.333333333333333,0.0,0.21666666666666667,0.21666666666666667,0.10833333333333334,0.10833333333333334,0.10833333333333334,0.10833333333333334,0.058333333333333334,1,1
200,4,31,small_world,0.4,1195831402,120,80,1,0,119,0,0,0,0,0.0,0.008333333333333333,0.0,0.008333333333333333,0.008333333333333333,0.008333333333333333,0.008333333333333333,0.008333333333333333,0.0,0,0
200,4,31,scale_free,0.4,1195831402,120,80,5,2,113,2,2,1,2,2.0,0.041666666666666664,0.016666666666666666,0.058333333333333334,0.058333333333333334,0.058333333333333334,0.058333333333333334,0.058333333333333334,0.016666666666666666,1,1
200,4,31,er,0.5,1195831402,100,100,5,76,19,6,6,3,70,25.333333333333332,0.05,0.76,0.81,0.11,0.11,0.11,0.11,0.7,1,1
200,4,31,ring,0.5,1195831402,100,100,0,51,49,29,29,5,22,10.2,0.0,0.51,0.51,0.29,0.29,0.13,0.13,0.22,1,1
200,4,31,small_world,0.5,1195831402,100,100,0,85,15,0,0,2,77,42.5,0.0,0.85,0.85,0.0,0.0,0.0,0.0,0.77,0,0
200,4,31,scale_free,0.5,1195831402,100,100,5,2,93,2,2,1,2,2.0,0.05,0.02,0.07,0.07,0.07,0.07,0.07,0.02,1,1
200,4,31,er,0.6,1195831402,80,120,6,66,8,2,2,2,64,33.0,0.075,0.825,0.9,0.1,0.1,0.1,0.1,0.8,1,1
200,4,31,ring,0.6,1195831402,80,120,0,79,1,51,51,9,25,8.777777777777779,0.0,0.9875,0.9875,0.6375,0.6375,0.45,0.45,0.3125,1,1
200,4,31,small_world,0.6,1195831402,80,120,1,75,4,0,0,1,75,75.0,0.0125,0.9375,0.95,0.0125,0.0125,0.0125,0.0125,0.9375,0,0
200,4,31,scale_free,0.6,1195831402,80,120,4,60,16,2,2,2,58,30.0,0.05,0.75,0.8,0.075,0.075,0.075,0.075,0.725,1,1
200,4,31,er,0.7,1195831402,60,140,4,52,4,52,52,2,50,26.0,0.06666666666666667,0.8666666666666667,0.9333333333333333,0.9333333333333333,0.9333333333333333,0.1,0.1,0.8333333333333334,1,1
200,4,31,ring,0.7,1195831402,60,140,4,55,1,50,50,11,10,5.0,0.06666666666666667,0.9166666666666666,0.9833333333333333,0.9,0.9,0.9,0.9,0.16666666666666666,1,1
200,4,31,small_world,0.7,1195831402,60,140,3,56,1,30,30,5,24,11.2,0.05,0.9333333333333333,0.9833333333333333,0.55,0.55,0.15,0.15,0.4,1,1
200,4,31,scale_free,0.7,1195831402,60,140,4,47,9,47,47,1,47,47.0,0.06666666666666667,0.7833333333333333,0.85,0.85,0.85,0.06666666666666667,0.06666666666666667,0.7833333333333333,1,1
200,4,31,er,0.8,1195831402,40,160,7,32,1,32,32,2,30,16.0,0.175,0.8,0.975,0.975,0.975,0.225,0.225,0.75,1,1
200,4,31,ring,0.8,1195831402,40,160,6,34,0,34,34,10,7,3.4,0.15,0.85,1.0,1.0,1.0,1.0,1.0,0.175,1,1
200,4,31,small_world,0.8,1195831402,40,160,6,34,0,34,34,7,12,4.857142857142857,0.15,0.85,1.0,1.0,1.0,0.7,0.7,0.3,1,1
200,4,31,scale_free,0.8,1195831402,40,160,5,34,1,34,34,1,34,34.0,0.125,0.85,0.975,0.975,0.975,0.125,0.125,0.85,1,1
200,4,31,er,0.9,1195831402,20,180,9,11,0,11,11,3,7,3.6666666666666665,0.45,0.55,1.0,1.0,1.0,1.0,1.0,0.35,1,1
200,4,31,ring,0.9,1195831402,20,180,7,13,0,13,13,5,3,2.6,0.35,0.65,1.0,1.0,1.0,1.0,1.0,0.15,1,1
200,4,31,small_world,0.9,1195831402,20,180,7,13,0,13,13,5,4,2.6,0.35,0.65,1.0,1.0,1.0,1.0,1.0,0.2,1,1
200,4,31,scale_free,0.9,1195831402,20,180,1,19,0,19,19,2,17,9.5,0.05,0.95,1.0,1.0,1.0,0.15,0.15,0.85,1,1
200,4,32,er,0.1,2491870921,180,20,2,0,178,0,0,0,0,0.0,0.011111111111111112,0.0,0.011111111111111112,0.011111111111111112,0.011111111111111112,0.011111111111111112,0.011111111111111112,0.0,0,0
200,4,32,ring,0.1,2491870921,180,20,0,0,180,0,0,0,0,0.0,0.0,0.0,0.0,0.0,0.0,0.0,0.0,0.0,0,0
200,4,32,small_world,0.1,2491870921,180,20,0,0,180,0,0,0,0,0.0,0.0,0.0,0.0,0.0,0.0,0.0,0.0,0.0,0,0
200,4,32,scale_free,0.1,2491870921,180,20,0,0,180,0,0,0,0,0.0,0.0,0.0,0.0,0.0,0.0,0.0,0.0,0.0,0,0
200,4,32,er,0.2,2491870921,160,40,5,0,155,0,0,0,0,0.0,0.03125,0.0,0.03125,0.03125,0.03125,0.03125,0.03125,0.0,0,0
200,4,32,ring,0.2,2491870921,160,40,0,0,160,0,0,0,0,0.0,0.0,0.0,0.0,0.0,0.0,0.0,0.0,0.0,0,0
200,4,32,small_world,0.2,2491870921,160,40,1,0,159,0,0,0,0,0.0,0.00625,0.0,0.00625,0.00625,0.00625,0.00625,0.00625,0.0,0,0
200,4,32,scale_free,0.2,2491870921,160,40,2,0,158,0,0,0,0,0.0,0.0125,0.0,0.0125,0.0125,0.0125,0.0125,0.0125,0.0,0,0
200,4,32,er,0.3,2491870921,140,60,5,0,135,0,0,0,0,0.0,0.03571428571428571,0.0,0.03571428571428571,0.03571428571428571,0.03571428571428571,0.03571428571428571,0.03571428571428571,0.0,0,0
200,4,32,ring,0.3,2491870921,140,60,0,4,136,4,4,2,2,2.0,0.0,0.02857142857142857,0.02857142857142857,0.02857142857142857,0.02857142857142857,0.02857142857142857,0.02857142857142857,0.014285714285714285,1,1
200,4,32,small_world,0.3,2491870921,140,60,0,0,140,0,0,0,0,0.0,0.0,0.0,0.0,0.0,0.0,0.0,0.0,0.0,0,0
200,4,32,scale_free,0.3,2491870921,140,60,0,0,140,0,0,0,0,0.0,0.0,0.0,0.0,0.0,0.0,0.0,0.0,0.0,0,0
200,4,32,er,0.4,2491870921,120,80,3,0,117,0,0,0,0,0.0,0.025,0.0,0.025,0.025,0.025,0.025,0.025,0.0,0,0
200,4,32,ring,0.4,2491870921,120,80,0,29,91,2,2,4,16,7.25,0.0,0.24166666666666667,0.24166666666666667,0.016666666666666666,0.016666666666666666,0.016666666666666666,0.016666666666666666,0.13333333333333333,1,1
200,4,32,small_world,0.4,2491870921,120,80,0,6,114,0,3,2,3,3.0,0.0,0.05,0.05,0.0,0.025,0.0,0.025,0.025,0,1
200,4,32,scale_free,0.4,2491870921,120,80,1,0,119,0,0,0,0,0.0,0.008333333333333333,0.0,0.008333333333333333,0.008333333333333333,0.008333333333333333,0.008333333333333333,0.008333333333333333,0.0,0,0
200,4,32,er,0.5,2491870921,100,100,3,0,97,0,0,0,0,0.0,0.03,0.0,0.03,0.03,0.03,0.03,0.03,0.0,0,0
200,4,32,ring,0.5,2491870921,100,100,0,59,41,6,6,7,21,8.428571428571429,0.0,0.59,0.59,0.06,0.06,0.06,0.06,0.21,1,1
200,4,32,small_world,0.5,2491870921,100,100,0,86,14,2,2,3,81,28.666666666666668,0.0,0.86,0.86,0.02,0.02,0.02,0.02,0.81,1,1
200,4,32,scale_free,0.5,2491870921,100,100,3,78,19,0,0,1,78,78.0,0.03,0.78,0.81,0.03,0.03,0.03,0.03,0.78,0,0
200,4,32,er,0.6,2491870921,80,120,3,70,7,0,0,1,70,70.0,0.0375,0.875,0.9125,0.0375,0.0375,0.0375,0.0375,0.875,0,0
200,4,32,ring,0.6,2491870921,80,120,2,66,12,25,25,9,18,7.333333333333333,0.025,0.825,0.85,0.3375,0.3375,0.3375,0.3375,0.225,1,1
200,4,32,small_world,0.6,2491870921,80,120,0,77,3,12,12,4,60,19.25,0.0,0.9625,0.9625,0.15,0.15,0.15,0.15,0.75,1,1
200,4,32,scale_free,0.6,2491870921,80,120,1,69,10,0,0,1,69,69.0,0.0125,0.8625,0.875,0.0125,0.0125,0.0125,0.0125,0.8625,0,0
200,4,32,er,0.7,2491870921,60,140,3,54,3,0,0,1,54,54.0,0.05,0.9,0.95,0.05,0.05,0.05,0.05,0.9,0,0
200,4,32,ring,0.7,2491870921,60,140,2,58,0,45,45,12,13,4.833333333333333,0.03333333333333333,0.9666666666666667,1.0,0.7833333333333333,0.7833333333333333,0.7833333333333333,0.7833333333333333,0.21666666666666667,1,1
200,4,32,small_world,0.7,2491870921,60,140,2,58,0,0,0,1,58,58.0,0.03333333333333333,0.9666666666666667,1.0,0.03333333333333333,0.03333333333333333,0.03333333333333333,0.03333333333333333,0.9666666666666667,0,0
200,4,32,scale_free,0.7,2491870921,60,140,0,52,8,0,0,1,52,52.0,0.0,0.8666666666666667,0.8666666666666667,0.0,0.0,0.0,0.0,0.8666666666666667,0,0
200,4,32,er,0.8,2491870921,40,160,3,36,1,36,36,2,32,18.0,0.075,0.9,0.975,0.975,0.975,0.175,0.175,0.8,1,1
200,4,32,ring,0.8,2491870921,40,160,8,32,0,26,26,10,6,3.2,0.2,0.8,1.0,0.85,0.85,0.85,0.85,0.15,1,1
200,4,32,small_world,0.8,2491870921,40,160,5,35,0,35,35,5,23,7.0,0.125,0.875,1.0,1.0,1.0,0.425,0.425,0.575,1,1
200,4,32,scale_free,0.8,2491870921,40,160,1,36,3,36,36,1,36,36.0,0.025,0.9,0.925,0.925,0.925,0.025,0.025,0.9,1,1
200,4,32,er,0.9,2491870921,20,180,10,10,0,10,10,3,4,3.3333333333333335,0.5,0.5,1.0,1.0,1.0,1.0,1.0,0.2,1,1
200,4,32,ring,0.9,2491870921,20,180,12,8,0,8,8,4,2,2.0,0.6,0.4,1.0,1.0,1.0,1.0,1.0,0.1,1,1
200,4,32,small_world,0.9,2491870921,20,180,6,14,0,14,14,6,4,2.3333333333333335,0.3,0.7,1.0,1.0,1.0,1.0,1.0,0.2,1,1
200,4,32,scale_free,0.9,2491870921,20,180,0,20,0,20,20,1,20,20.0,0.0,1.0,1.0,1.0,1.0,0.0,0.0,1.0,1,1
200,4,33,er,0.1,2865898526,180,20,0,0,180,0,0,0,0,0.0,0.0,0.0,0.0,0.0,0.0,0.0,0.0,0.0,0,0
200,4,33,ring,0.1,2865898526,180,20,0,0,180,0,0,0,0,0.0,0.0,0.0,0.0,0.0,0.0,0.0,0.0,0.0,0,0
200,4,33,small_world,0.1,2865898526,180,20,0,0,180,0,0,0,0,0.0,0.0,0.0,0.0,0.0,0.0,0.0,0.0,0.0,0,0
200,4,33,scale_free,0.1,2865898526,180,20,1,0,179,0,0,0,0,0.0,0.005555555555555556,0.0,0.005555555555555556,0.005555555555555556,0.005555555555555556,0.005555555555555556,0.005555555555555556,0.0,0,0
200,4,33,er,0.2,2865898526,160,40,1,0,159,0,0,0,0,0.0,0.00625,0.0,0.00625,0.00625,0.00625,0.00625,0.00625,0.0,0,0
200,4,33,ring,0.2,2865898526,160,40,0,5,155,5,5,2,3,2.5,0.0,0.03125,0.03125,0.03125,0.03125,0.03125,0.03125,0.01875,1,1
200,4,33,small_world,0.2,2865898526,160,40,0,2,158,2,2,1,2,2.0,0.0,0.0125,0.0125,0.0125,0.0125,0.0125,0.0125,0.0125,1,1
200,4,33,scale_free,0.2,2865898526,160,40,3,0,157,0,0,0,0,0.0,0.01875,0.0,0.01875,0.01875,0.01875,0.01875,0.01875,0.0,0,0
200,4,33,er,0.3,2865898526,140,60,2,0,138,0,0,0,0,0.0,0.014285714285714285,0.0,0.014285714285714285,0.014285714285714285,0.014285714285714285,0.014285714285714285,0.014285714285714285,0.0,0,0
200,4,33,ring,0.3,2865898526,140,60,0,16,124,16,16,5,6,3.2,0.0,0.11428571428571428,0.11428571428571428,0.11428571428571428,0.11428571428571428,0.11428571428571428,0.11428571428571428,0.04285714285714286,1,1
200,4,33,small_world,0.3,2865898526,140,60,0,16,124,9,9,3,7,5.333333333333333,0.0,0.11428571428571428,0.11428571428571428,0.06428571428571428,0.06428571428571428,0.06428571428571428,0.06428571428571428,0.05,1,1
200,4,33,scale_free,0.3,2865898526,140,60,3,0,137,0,0,0,0,0.0,0.02142857142857143,0.0,0.02142857142857143,0.02142857142857143,0.02142857142857143,0.02142857142857143,0.02142857142857143,0.0,0,0
200,4,33,er,0.4,2865898526,120,80,2,3,115,3,3,1,3,3.0,0.016666666666666666,0.025,0.041666666666666664,0.041666666666666664,0.041666666666666664,0.041666666666666664,0.041666666666666664,0.025,1,1
200,4,33,ring,0.4,2865898526,120,80,0,24,96,9,9,6,9,4.0,0.0,0.2,0.2,0.075,0.075,0.075,0.075,0.075,1,1
200,4,33,small_world,0.4,2865898526,120,80,3,10,107,10,10,2,6,5.0,0.025,0.08333333333333333,0.10833333333333334,0.10833333333333334,0.10833333333333334,0.10833333333333334,0.10833333333333334,0.05,1,1
200,4,33,scale_free,0.4,2865898526,120,80,2,0,118,0,0,0,0,0.0,0.016666666666666666,0.0,0.016666666666666666,0.016666666666666666,0.016666666666666666,0.016666666666666666,0.016666666666666666,0.0,0,0
200,4,33,er,0.5,2865898526,100,100,4,3,93,3,3,1,3,3.0,0.04,0.03,0.07,0.07,0.07,0.07,0.07,0.03,1,1
200,4,33,ring,0.5,2865898526,100,100,0,70,30,37,37,12,11,5.833333333333333,0.0,0.7,0.7,0.37,0.37,0.26,0.26,0.11,1,1
200,4,33,small_world,0.5,2865898526,100,100,4,5,91,5,5,2,3,2.5,0.04,0.05,0.09,0.09,0.09,0.09,0.09,0.03,1,1
200,4,33,scale_free,0.5,2865898526,100,100,3,0,97,0,0,0,0,0.0,0.03,0.0,0.03,0.03,0.03,0.03,0.03,0.0,0,0
200,4,33,er,0.6,2865898526,80,120,6,67,7,0,0,1,67,67.0,0.075,0.8375,0.9125,0.075,0.075,0.075,0.075,0.8375,0,0
200,4,33,ring,0.6,2865898526,80,120,1,70,9,60,60,13,13,5.384615384615385,0.0125,0.875,0.8875,0.7625,0.7625,0.4625,0.4625,0.1625,1,1
200,4,33,small_world,0.6,2865898526,80,120,3,73,4,13,13,5,53,14.6,0.0375,0.9125,0.95,0.2,0.2,0.2,0.2,0.6625,1,1
200,4,33,scale_free,0.6,2865898526,80,120,2,73,5,0,0,1,73,73.0,0.025,0.9125,0.9375,0.025,0.025,0.025,0.025,0.9125,0,0
200,4,33,er,0.7,2865898526,60,140,4,52,4,52,52,3,48,17.333333333333332,0.06666666666666667,0.8666666666666667,0.9333333333333333,0.9333333333333333,0.9333333333333333,0.13333333333333333,0.13333333333333333,0.8,1,1
200,4,33,ring,0.7,2865898526,60,140,2,50,8,46,46,11,8,4.545454545454546,0.03333333333333333,0.8333333333333334,0.8666666666666667,0.8,0.8,0.8,0.8,0.13333333333333333,1,1
200,4,33,small_world,0.7,2865898526,60,140,4,54,2,46,46,6,34,9.0,0.06666666666666667,0.9,0.9666666666666667,0.8333333333333334,0.8333333333333334,0.26666666666666666,0.26666666666666666,0.5666666666666667,1,1
200,4,33,scale_free,0.7,2865898526,60,140,2,57,1,0,0,1,57,57.0,0.03333333333333333,0.95,0.9833333333333333,0.03333333333333333,0.03333333333333333,0.03333333333333333,0.03333333333333333,0.95,0,0
200,4,33,er,0.8,2865898526,40,160,6,32,2,32,32,2,28,16.0,0.15,0.8,0.95,0.95,0.95,0.25,0.25,0.7,1,1
200,4,33,ring,0.8,2865898526,40,160,7,33,0,33,33,9,7,3.6666666666666665,0.175,0.825,1.0,1.0,1.0,1.0,1.0,0.175,1,1
200,4,33,small_world,0.8,2865898526,40,160,6,34,0,34,34,8,10,4.25,0.15,0.85,1.0,1.0,1.0,1.0,1.0,0.25,1,1
200,4,33,scale_free,0.8,2865898526,40,160,5,35,0,35,35,1,35,35.0,0.125,0.875,1.0,1.0,1.0,0.125,0.125,0.875,1,1
200,4,33,er,0.9,2865898526,20,180,8,11,1,11,11,1,11,11.0,0.4,0.55,0.95,0.95,0.95,0.4,0.4,0.55,1,1
200,4,33,ring,0.9,2865898526,20,180,8,12,0,12,12,6,2,2.0,0.4,0.6,1.0,1.0,1.0,1.0,1.0,0.1,1,1
200,4,33,small_world,0.9,2865898526,20,180,6,14,0,14,14,5,4,2.8,0.3,0.7,1.0,1.0,1.0,1.0,1.0,0.2,1,1
200,4,33,scale_free,0.9,2865898526,20,180,6,14,0,14,14,3,8,4.666666666666667,0.3,0.7,1.0,1.0,1.0,1.0,1.0,0.4,1,1
200,4,34,er,0.1,3892683814,180,20,1,0,179,0,0,0,0,0.0,0.005555555555555556,0.0,0.005555555555555556,0.005555555555555556,0.005555555555555556,0.005555555555555556,0.005555555555555556,0.0,0,0
200,4,34,ring,0.1,3892683814,180,20,0,0,180,0,0,0,0,0.0,0.0,0.0,0.0,0.0,0.0,0.0,0.0,0.0,0,0
200,4,34,small_world,0.1,3892683814,180,20,0,0,180,0,0,0,0,0.0,0.0,0.0,0.0,0.0,0.0,0.0,0.0,0.0,0,0
200,4,34,scale_free,0.1,3892683814,180,20,0,0,180,0,0,0,0,0.0,0.0,0.0,0.0,0.0,0.0,0.0,0.0,0.0,0,0
200,4,34,er,0.2,3892683814,160,40,4,0,156,0,0,0,0,0.0,0.025,0.0,0.025,0.025,0.025,0.025,0.025,0.0,0,0
200,4,34,ring,0.2,3892683814,160,40,0,0,160,0,0,0,0,0.0,0.0,0.0,0.0,0.0,0.0,0.0,0.0,0.0,0,0
200,4,34,small_world,0.2,3892683814,160,40,0,0,160,0,0,0,0,0.0,0.0,0.0,0.0,0.0,0.0,0.0,0.0,0.0,0,0
200,4,34,scale_free,0.2,3892683814,160,40,3,0,157,0,0,0,0,0.0,0.01875,0.0,0.01875,0.01875,0.01875,0.01875,0.01875,0.0,0,0
200,4,34,er,0.3,3892683814,140,60,3,0,137,0,0,0,0,0.0,0.02142857142857143,0.0,0.02142857142857143,0.02142857142857143,0.02142857142857143,0.02142857142857143,0.02142857142857143,0.0,0,0
200,4,34,ring,0.3,3892683814,140,60,0,6,134,6,6,3,2,2.0,0.0,0.04285714285714286,0.04285714285714286,0.04285714285714286,0.04285714285714286,0.04285714285714286,0.04285714285714286,0.014285714285714285,1,1
200,4,34,small_world,0.3,3892683814,140,60,0,7,133,7,7,3,3,2.3333333333333335,0.0,0.05,0.05,0.05,0.05,0.05,0.05,0.02142857142857143,1,1
200,4,34,scale_free,0.3,3892683814,140,60,4,0,136,0,0,0,0,0.0,0.02857142857142857,0.0,0.02857142857142857,0.02857142857142857,0.02857142857142857,0.02857142857142857,0.02857142857142857,0.0,0,0
200,4,34,er,0.4,3892683814,120,80,2,0,118,0,0,0,0,0.0,0.016666666666666666,0.0,0.016666666666666666,0.016666666666666666,0.016666666666666666,0.016666666666666666,0.016666666666666666,0.0,0,0
200,4,34,ring,0.4,3892683814,120,80,0,19,101,7,7,3,12,6.333333333333333,0.0,0.15833333333333333,0.15833333333333333,0.058333333333333334,0.058333333333333334,0.058333333333333334,0.058333333333333334,0.1,1,1
200,4,34,small_world,0.4,3892683814,120,80,0,5,115,5,5,2,3,2.5,0.0,0.041666666666666664,0.041666666666666664,0.041666666666666664,0.041666666666666664,0.041666666666666664,0.041666666666666664,0.025,1,1
200,4,34,scale_free,0.4,3892683814,120,80,2,2,116,2,2,1,2,2.0,0.016666666666666666,0.016666666666666666,0.03333333333333333,0.03333333333333333,0.03333333333333333,0.03333333333333333,0.03333333333333333,0.016666666666666666,1,1
200,4,34,er,0.5,3892683814,100,100,3,80,17,0,0,1,80,80.0,0.03,0.8,0.83,0.03,0.03,0.03,0.03,0.8,0,0
200,4,34,ring,0.5,3892683814,100,100,1,44,55,26,26,6,18,7.333333333333333,0.01,0.44,0.45,0.27,0.27,0.27,0.27,0.18,1,1
200,4,34,small_world,0.5,3892683814,100,100,1,17,82,11,11,4,6,4.25,0.01,0.17,0.18,0.12,0.12,0.12,0.12,0.06,1,1
200,4,34,scale_free,0.5,3892683814,100,100,0,4,96,4,4,2,2,2.0,0.0,0.04,0.04,0.04,0.04,0.04,0.04,0.02,1,1
200,4,34,er,0.6,3892683814,80,120,1,71,8,71,71,1,71,71.0,0.0125,0.8875,0.9,0.9,0.9,0.0125,0.0125,0.8875,1,1
200,4,34,ring,0.6,3892683814,80,120,2,66,12,66,66,11,8,6.0,0.025,0.825,0.85,0.85,0.85,0.85,0.85,0.1,1,1
200,4,34,small_world,0.6,3892683814,80,120,3,71,6,34,34,4,37,17.75,0.0375,0.8875,0.925,0.4625,0.4625,0.1125,0.1125,0.4625,1,1
200,4,34,scale_free,0.6,3892683814,80,120,4,67,9,0,0,1,67,67.0,0.05,0.8375,0.8875,0.05,0.05,0.05,0.05,0.8375,0,0
200,4,34,er,0.7,3892683814,60,140,1,56,3,56,56,1,56,56.0,0.016666666666666666,0.9333333333333333,0.95,0.95,0.95,0.016666666666666666,0.016666666666666666,0.9333333333333333,1,1
200,4,34,ring,0.7,3892683814,60,140,5,54,1,54,54,13,9,4.153846153846154,0.08333333333333333,0.9,0.9833333333333333,0.9833333333333333,0.9833333333333333,0.9833333333333333,0.9833333333333333,0.15,1,1
200,4,34,small_world,0.7,3892683814,60,140,6,53,1,53,53,8,21,6.625,0.1,0.8833333333333333,0.9833333333333333,0.9833333333333333,0.9833333333333333,0.4166666666666667,0.4166666666666667,0.35,1,1
200,4,34,scale_free,0.7,3892683814,60,140,6,47,7,0,0,1,47,47.0,0.1,0.7833333333333333,0.8833333333333333,0.1,0.1,0.1,0.1,0.7833333333333333,0,0
200,4,34,er,0.8,3892683814,40,160,4,35,1,35,35,2,33,17.5,0.1,0.875,0.975,0.975,0.975,0.15,0.15,0.825,1,1
200,4,34,ring,0.8,3892683814,40,160,11,28,1,28,28,11,6,2.5454545454545454,0.275,0.7,0.975,0.975,0.975,0.975,0.975,0.15,1,1
200,4,34,small_world,0.8,3892683814,40,160,9,30,1,30,30,7,11,4.285714285714286,0.225,0.75,0.975,0.975,0.975,0.7,0.7,0.275,1,1
200,4,34,scale_free,0.8,3892683814,40,160,4,34,2,34,34,1,34,34.0,0.1,0.85,0.95,0.95,0.95,0.1,0.1,0.85,1,1
200,4,34,er,0.9,3892683814,20,180,5,15,0,15,15,2,13,7.5,0.25,0.75,1.0,1.0,1.0,0.35,0.35,0.65,1,1
200,4,34,ring,0.9,3892683814,20,180,10,10,0,10,10,5,2,2.0,0.5,0.5,1.0,1.0,1.0,1.0,1.0,0.1,1,1
200,4,34,small_world,0.9,3892683814,20,180,7,13,0,13,13,4,7,3.25,0.35,0.65,1.0,1.0,1.0,1.0,1.0,0.35,1,1
200,4,34,scale_free,0.9,3892683814,20,180,1,19,0,19,19,1,19,19.0,0.05,0.95,1.0,1.0,1.0,0.05,0.05,0.95,1,1
200,4,35,er,0.1,3092592135,180,20,0,0,180,0,0,0,0,0.0,0.0,0.0,0.0,0.0,0.0,0.0,0.0,0.0,0,0
200,4,35,ring,0.1,3092592135,180,20,0,0,180,0,0,0,0,0.0,0.0,0.0,0.0,0.0,0.0,0.0,0.0,0.0,0,0
200,4,35,small_world,0.1,3092592135,180,20,0,0,180,0,0,0,0,0.0,0.0,0.0,0.0,0.0,0.0,0.0,0.0,0.0,0,0
200,4,35,scale_free,0.1,3092592135,180,20,0,0,180,0,0,0,0,0.0,0.0,0.0,0.0,0.0,0.0,0.0,0.0,0.0,0,0
200,4,35,er,0.2,3092592135,160,40,2,0,158,0,0,0,0,0.0,0.0125,0.0,0.0125,0.0125,0.0125,0.0125,0.0125,0.0,0,0
200,4,35,ring,0.2,3092592135,160,40,0,0,160,0,0,0,0,0.0,0.0,0.0,0.0,0.0,0.0,0.0,0.0,0.0,0,0
200,4,35,small_world,0.2,3092592135,160,40,0,0,160,0,0,0,0,0.0,0.0,0.0,0.0,0.0,0.0,0.0,0.0,0.0,0,0
200,4,35,scale_free,0.2,3092592135,160,40,1,0,159,0,0,0,0,0.0,0.00625,0.0,0.00625,0.00625,0.00625,0.00625,0.00625,0.0,0,0
200,4,35,er,0.3,3092592135,140,60,2,0,138,0,0,0,0,0.0,0.014285714285714285,0.0,0.014285714285714285,0.014285714285714285,0.014285714285714285,0.014285714285714285,0.014285714285714285,0.0,0,0
200,4,35,ring,0.3,3092592135,140,60,0,2,138,2,2,1,2,2.0,0.0,0.014285714285714285,0.014285714285714285,0.014285714285714285,0.014285714285714285,0.014285714285714285,0.014285714285714285,0.014285714285714285,1,1
200,4,35,small_world,0.3,3092592135,140,60,0,0,140,0,0,0,0,0.0,0.0,0.0,0.0,0.0,0.0,0.0,0.0,0.0,0,0
200,4,35,scale_free,0.3,3092592135,140,60,2,0,138,0,0,0,0,0.0,0.014285714285714285,0.0,0.014285714285714285,0.014285714285714285,0.014285714285714285,0.014285714285714285,0.014285714285714285,0.0,0,0
200,4,35,er,0.4,3092592135,120,80,1,0,119,0,0,0,0,0.0,0.008333333333333333,0.0,0.008333333333333333,0.008333333333333333,0.008333333333333333,0.008333333333333333,0.008333333333333333,0.0,0,0
200,4,35,ring,0.4,3092592135,120,80,0,12,108,0,0,2,8,6.0,0.0,0.1,0.1,0.0,0.0,0.0,0.0,0.06666666666666667,0,0
200,4,35,small_world,0.4,3092592135,120,80,1,10,109,2,2,2,8,5.0,0.008333333333333333,0.08333333333333333,0.09166666666666666,0.025,0.025,0.025,0.025,0.06666666666666667,1,1
200,4,35,scale_free,0.4,3092592135,120,80,0,0,120,0,0,0,0,0.0,0.0,0.0,0.0,0.0,0.0,0.0,0.0,0.0,0,0
200,4,35,er,0.5,3092592135,100,100,5,0,95,0,0,0,0,0.0,0.05,0.0,0.05,0.05,0.05,0.05,0.05,0.0,0,0
200,4,35,ring,0.5,3092592135,100,100,0,57,43,21,21,9,16,6.333333333333333,0.0,0.57,0.57,0.21,0.21,0.21,0.21,0.16,1,1
200,4,35,small_world,0.5,3092592135,100,100,2,70,28,7,7,2,63,35.0,0.02,0.7,0.72,0.09,0.09,0.09,0.09,0.63,1,1
200,4,35,scale_free,0.5,3092592135,100,100,1,80,19,0,0,1,80,80.0,0.01,0.8,0.81,0.01,0.01,0.01,0.01,0.8,0,0
200,4,35,er,0.6,3092592135,80,120,3,72,5,0,0,1,72,72.0,0.0375,0.9,0.9375,0.0375,0.0375,0.0375,0.0375,0.9,0,0
200,4,35,ring,0.6,3092592135,80,120,1,67,12,56,56,13,8,5.153846153846154,0.0125,0.8375,0.85,0.7125,0.7125,0.7125,0.7125,0.1,1,1
200,4,35,small_world,0.6,3092592135,80,120,1,74,5,9,9,3,65,24.666666666666668,0.0125,0.925,0.9375,0.125,0.125,0.125,0.125,0.8125,1,1
200,4,35,scale_free,0.6,3092592135,80,120,1,70,9,0,0,1,70,70.0,0.0125,0.875,0.8875,0.0125,0.0125,0.0125,0.0125,0.875,0,0
200,4,35,er,0.7,3092592135,60,140,4,53,3,53,53,1,53,53.0,0.06666666666666667,0.8833333333333333,0.95,0.95,0.95,0.06666666666666667,0.06666666666666667,0.8833333333333333,1,1
200,4,35,ring,0.7,3092592135,60,140,4,56,0,56,56,15,7,3.7333333333333334,0.06666666666666667,0.9333333333333333,1.0,1.0,1.0,1.0,1.0,0.11666666666666667,1,1
200,4,35,small_world,0.7,3092592135,60,140,4,56,0,56,56,6,43,9.333333333333334,0.06666666666666667,0.9333333333333333,1.0,1.0,1.0,0.2833333333333333,0.2833333333333333,0.7166666666666667,1,1
200,4,35,scale_free,0.7,3092592135,60,140,1,57,2,57,57,2,55,28.5,0.016666666666666666,0.95,0.9666666666666667,0.9666666666666667,0.9666666666666667,0.05,0.05,0.9166666666666666,1,1
200,4,35,er,0.8,3092592135,40,160,3,36,1,36,36,3,32,12.0,0.075,0.9,0.975,0.975,0.975,0.175,0.175,0.8,1,1
200,4,35,ring,0.8,3092592135,40,160,6,34,0,34,34,12,5,2.8333333333333335,0.15,0.85,1.0,1.0,1.0,1.0,1.0,0.125,1,1
200,4,35,small_world,0.8,3092592135,40,160,5,35,0,35,35,6,19,5.833333333333333,0.125,0.875,1.0,1.0,1.0,0.525,0.525,0.475,1,1
200,4,35,scale_free,0.8,3092592135,40,160,5,34,1,34,34,1,34,34.0,0.125,0.85,0.975,0.975,0.975,0.125,0.125,0.85,1,1
200,4,35,er,0.9,3092592135,20,180,11,9,0,9,9,3,5,3.0,0.55,0.45,1.0,1.0,1.0,1.0,1.0,0.25,1,1
200,4,35,ring,0.9,3092592135,20,180,9,11,0,11,11,5,3,2.2,0.45,0.55,1.0,1.0,1.0,1.0,1.0,0.15,1,1
200,4,35,small_world,0.9,3092592135,20,180,9,11,0,11,11,4,4,2.75,0.45,0.55,1.0,1.0,1.0,1.0,1.0,0.2,1,1
200,4,35,scale_free,0.9,3092592135,20,180,6,14,0,14,14,2,12,7.0,0.3,0.7,1.0,1.0,1.0,0.4,0.4,0.6,1,1
200,4,36,er,0.1,106562385,180,20,2,0,178,0,0,0,0,0.0,0.011111111111111112,0.0,0.011111111111111112,0.011111111111111112,0.011111111111111112,0.011111111111111112,0.011111111111111112,0.0,0,0
200,4,36,ring,0.1,106562385,180,20,0,0,180,0,0,0,0,0.0,0.0,0.0,0.0,0.0,0.0,0.0,0.0,0.0,0,0
200,4,36,small_world,0.1,106562385,180,20,0,0,180,0,0,0,0,0.0,0.0,0.0,0.0,0.0,0.0,0.0,0.0,0.0,0,0
200,4,36,scale_free,0.1,106562385,180,20,0,0,180,0,0,0,0,0.0,0.0,0.0,0.0,0.0,0.0,0.0,0.0,0.0,0,0
200,4,36,er,0.2,106562385,160,40,3,3,154,3,3,1,3,3.0,0.01875,0.01875,0.0375,0.0375,0.0375,0.0375,0.0375,0.01875,1,1
200,4,36,ring,0.2,106562385,160,40,0,0,160,0,0,0,0,0.0,0.0,0.0,0.0,0.0,0.0,0.0,0.0,0.0,0,0
200,4,36,small_world,0.2,106562385,160,40,0,0,160,0,0,0,0,0.0,0.0,0.0,0.0,0.0,0.0,0.0,0.0,0.0,0,0
200,4,36,scale_free,0.2,106562385,160,40,6,2,152,2,2,1,2,2.0,0.0375,0.0125,0.05,0.05,0.05,0.05,0.05,0.0125,1,1
200,4,36,er,0.3,106562385,140,60,4,5,131,5,5,2,3,2.5,0.02857142857142857,0.03571428571428571,0.06428571428571428,0.06428571428571428,0.06428571428571428,0.06428571428571428,0.06428571428571428,0.02142857142857143,1,1
200,4,36,ring,0.3,106562385,140,60,0,0,140,0,0,0,0,0.0,0.0,0.0,0.0,0.0,0.0,0.0,0.0,0.0,0,0
200,4,36,small_world,0.3,106562385,140,60,0,0,140,0,0,0,0,0.0,0.0,0.0,0.0,0.0,0.0,0.0,0.0,0.0,0,0
200,4,36,scale_free,0.3,106562385,140,60,4,2,134,2,2,1,2,2.0,0.02857142857142857,0.014285714285714285,0.04285714285714286,0.04285714285714286,0.04285714285714286,0.04285714285714286,0.04285714285714286,0.014285714285714285,1,1
200,4,36,er,0.4,106562385,120,80,2,2,116,2,2,1,2,2.0,0.016666666666666666,0.016666666666666666,0.03333333333333333,0.03333333333333333,0.03333333333333333,0.03333333333333333,0.03333333333333333,0.016666666666666666,1,1
200,4,36,ring,0.4,106562385,120,80,0,17,103,0,0,1,17,17.0,0.0,0.14166666666666666,0.14166666666666666,0.0,0.0,0.0,0.0,0.14166666666666666,0,0
200,4,36,small_world,0.4,106562385,120,80,0,0,120,0,0,0,0,0.0,0.0,0.0,0.0,0.0,0.0,0.0,0.0,0.0,0,0
200,4,36,scale_free,0.4,106562385,120,80,3,0,117,0,0,0,0,0.0,0.025,0.0,0.025,0.025,0.025,0.025,0.025,0.0,0,0
200,4,36,er,0.5,106562385,100,100,2,84,14,2,2,2,82,42.0,0.02,0.84,0.86,0.04,0.04,0.04,0.04,0.82,1,1
200,4,36,ring,0.5,106562385,100,100,0,21,79,11,11,3,10,7.0,0.0,0.21,0.21,0.11,0.11,0.11,0.11,0.1,1,1
200,4,36,small_world,0.5,106562385,100,100,0,4,96,0,0,1,4,4.0,0.0,0.04,0.04,0.0,0.0,0.0,0.0,0.04,0,0
200,4,36,scale_free,0.5,106562385,100,100,4,0,96,0,0,0,0,0.0,0.04,0.0,0.04,0.04,0.04,0.04,0.04,0.0,0,0
200,4,36,er,0.6,106562385,80,120,2,68,10,2,2,2,66,34.0,0.025,0.85,0.875,0.05,0.05,0.05,0.05,0.825,1,1
200,4,36,ring,0.6,106562385,80,120,0,64,16,31,31,9,25,7.111111111111111,0.0,0.8,0.8,0.3875,0.3875,0.3875,0.3875,0.3125,1,1
200,4,36,small_world,0.6,106562385,80,120,1,78,1,0,0,2,74,39.0,0.0125,0.975,0.9875,0.0125,0.0125,0.0125,0.0125,0.925,0,0
200,4,36,scale_free,0.6,106562385,80,120,4,0,76,0,0,0,0,0.0,0.05,0.0,0.05,0.05,0.05,0.05,0.05,0.0,0,0
200,4,36,er,0.7,106562385,60,140,4,52,4,2,2,2,50,26.0,0.06666666666666667,0.8666666666666667,0.9333333333333333,0.1,0.1,0.1,0.1,0.8333333333333334,1,1
200,4,36,ring,0.7,106562385,60,140,2,58,0,46,46,11,18,5.2727272727272725,0.03333333333333333,0.9666666666666667,1.0,0.8,0.8,0.5,0.5,0.3,1,1
200,4,36,small_world,0.7,106562385,60,140,3,57,0,57,57,3,45,19.0,0.05,0.95,1.0,1.0,1.0,0.25,0.25,0.75,1,1
200,4,36,scale_free,0.7,106562385,60,140,2,56,2,2,2,2,54,28.0,0.03333333333333333,0.9333333333333333,0.9666666666666667,0.06666666666666667,0.06666666666666667,0.06666666666666667,0.06666666666666667,0.9,1,1
200,4,36,er,0.8,106562385,40,160,5,33,2,33,33,2,31,16.5,0.125,0.825,0.95,0.95,0.95,0.175,0.175,0.775,1,1
200,4,36,ring,0.8,106562385,40,160,3,37,0,37,37,12,7,3.0833333333333335,0.075,0.925,1.0,1.0,1.0,1.0,1.0,0.175,1,1
200,4,36,small_world,0.8,106562385,40,160,3,37,0,37,37,9,10,4.111111111111111,0.075,0.925,1.0,1.0,1.0,1.0,1.0,0.25,1,1
200,4,36,scale_free,0.8,106562385,40,160,3,37,0,0,0,1,37,37.0,0.075,0.925,1.0,0.075,0.075,0.075,0.075,0.925,0,0
200,4,36,er,0.9,106562385,20,180,9,11,0,11,11,2,9,5.5,0.45,0.55,1.0,1.0,1.0,1.0,1.0,0.45,1,1
200,4,36,ring,0.9,106562385,20,180,7,13,0,13,13,5,4,2.6,0.35,0.65,1.0,1.0,1.0,1.0,1.0,0.2,1,1
200,4,36,small_world,0.9,106562385,20,180,6,14,0,14,14,5,4,2.8,0.3,0.7,1.0,1.0,1.0,1.0,1.0,0.2,1,1
200,4,36,scale_free,0.9,106562385,20,180,5,15,0,15,15,2,12,7.5,0.25,0.75,1.0,1.0,1.0,0.4,0.4,0.6,1,1
200,4,37,er,0.1,3945820920,180,20,2,0,178,0,0,0,0,0.0,0.011111111111111112,0.0,0.011111111111111112,0.011111111111111112,0.011111111111111112,0.011111111111111112,0.011111111111111112,0.0,0,0
200,4,37,ring,0.1,3945820920,180,20,0,0,180,0,0,0,0,0.0,0.0,0.0,0.0,0.0,0.0,0.0,0.0,0.0,0,0
200,4,37,small_world,0.1,3945820920,180,20,0,0,180,0,0,0,0,0.0,0.0,0.0,0.0,0.0,0.0,0.0,0.0,0.0,0,0
200,4,37,scale_free,0.1,3945820920,180,20,1,0,179,0,0,0,0,0.0,0.005555555555555556,0.0,0.005555555555555556,0.005555555555555556,0.005555555555555556,0.005555555555555556,0.005555555555555556,0.0,0,0
200,4,37,er,0.2,3945820920,160,40,4,0,156,0,0,0,0,0.0,0.025,0.0,0.025,0.025,0.025,0.025,0.025,0.0,0,0
200,4,37,ring,0.2,3945820920,160,40,0,0,160,0,0,0,0,0.0,0.0,0.0,0.0,0.0,0.0,0.0,0.0,0.0,0,0
200,4,37,small_world,0.2,3945820920,160,40,0,0,160,0,0,0,0,0.0,0.0,0.0,0.0,0.0,0.0,0.0,0.0,0.0,0,0
200,4,37,scale_free,0.2,3945820920,160,40,1,0,159,0,0,0,0,0.0,0.00625,0.0,0.00625,0.00625,0.00625,0.00625,0.00625,0.0,0,0
200,4,37,er,0.3,3945820920,140,60,6,0,134,0,0,0,0,0.0,0.04285714285714286,0.0,0.04285714285714286,0.04285714285714286,0.04285714285714286,0.04285714285714286,0.04285714285714286,0.0,0,0
200,4,37,ring,0.3,3945820920,140,60,0,0,140,0,0,0,0,0.0,0.0,0.0,0.0,0.0,0.0,0.0,0.0,0.0,0,0
200,4,37,small_world,0.3,3945820920,140,60,0,0,140,0,0,0,0,0.0,0.0,0.0,0.0,0.0,0.0,0.0,0.0,0.0,0,0
200,4,37,scale_free,0.3,3945820920,140,60,3,0,137,0,0,0,0,0.0,0.02142857142857143,0.0,0.02142857142857143,0.02142857142857143,0.02142857142857143,0.02142857142857143,0.02142857142857143,0.0,0,0
200,4,37,er,0.4,3945820920,120,80,4,0,116,0,0,0,0,0.0,0.03333333333333333,0.0,0.03333333333333333,0.03333333333333333,0.03333333333333333,0.03333333333333333,0.03333333333333333,0.0,0,0
200,4,37,ring,0.4,3945820920,120,80,0,9,111,9,9,1,9,9.0,0.0,0.075,0.075,0.075,0.075,0.075,0.075,0.075,1,1
200,4,37,small_world,0.4,3945820920,120,80,0,0,120,0,0,0,0,0.0,0.0,0.0,0.0,0.0,0.0,0.0,0.0,0.0,0,0
200,4,37,scale_free,0.4,3945820920,120,80,5,0,115,0,0,0,0,0.0,0.041666666666666664,0.0,0.041666666666666664,0.041666666666666664,0.041666666666666664,0.041666666666666664,0.041666666666666664,0.0,0,0
200,4,37,er,0.5,3945820920,100,100,3,82,15,0,0,1,82,82.0,0.03,0.82,0.85,0.03,0.03,0.03,0.03,0.82,0,0
200,4,37,ring,0.5,3945820920,100,100,0,77,23,0,0,2,51,38.5,0.0,0.77,0.77,0.0,0.0,0.0,0.0,0.51,0,0
200,4,37,small_world,0.5,3945820920,100,100,1,0,99,0,0,0,0,0.0,0.01,0.0,0.01,0.01,0.01,0.01,0.01,0.0,0,0
200,4,37,scale_free,0.5,3945820920,100,100,5,4,91,4,4,1,4,4.0,0.05,0.04,0.09,0.09,0.09,0.09,0.09,0.04,1,1
200,4,37,er,0.6,3945820920,80,120,5,64,11,0,0,1,64,64.0,0.0625,0.8,0.8625,0.0625,0.0625,0.0625,0.0625,0.8,0,0
200,4,37,ring,0.6,3945820920,80,120,0,78,2,47,47,8,23,9.75,0.0,0.975,0.975,0.5875,0.5875,0.4125,0.4125,0.2875,1,1
200,4,37,small_world,0.6,3945820920,80,120,1,77,2,4,4,2,73,38.5,0.0125,0.9625,0.975,0.0625,0.0625,0.0625,0.0625,0.9125,1,1
200,4,37,scale_free,0.6,3945820920,80,120,4,71,5,4,4,2,67,35.5,0.05,0.8875,0.9375,0.1,0.1,0.1,0.1,0.8375,1,1
200,4,37,er,0.7,3945820920,60,140,4,53,3,53,53,2,48,26.5,0.06666666666666667,0.8833333333333333,0.95,0.95,0.95,0.15,0.15,0.8,1,1
200,4,37,ring,0.7,3945820920,60,140,1,59,0,59,59,12,12,4.916666666666667,0.016666666666666666,0.9833333333333333,1.0,1.0,1.0,0.8,0.8,0.2,1,1
200,4,37,small_world,0.7,3945820920,60,140,1,59,0,59,59,6,39,9.833333333333334,0.016666666666666666,0.9833333333333333,1.0,1.0,1.0,0.35,0.35,0.65,1,1
200,4,37,scale_free,0.7,3945820920,60,140,5,52,3,0,0,1,52,52.0,0.08333333333333333,0.8666666666666667,0.95,0.08333333333333333,0.08333333333333333,0.08333333333333333,0.08333333333333333,0.8666666666666667,0,0
200,4,37,er,0.8,3945820920,40,160,3,36,1,36,36,1,36,36.0,0.075,0.9,0.975,0.975,0.975,0.075,0.075,0.9,1,1
200,4,37,ring,0.8,3945820920,40,160,7,33,0,33,33,10,8,3.3,0.175,0.825,1.0,1.0,1.0,1.0,1.0,0.2,1,1
200,4,37,small_world,0.8,3945820920,40,160,4,36,0,36,36,12,6,3.0,0.1,0.9,1.0,1.0,1.0,1.0,1.0,0.15,1,1
200,4,37,scale_free,0.8,3945820920,40,160,2,38,0,0,0,1,38,38.0,0.05,0.95,1.0,0.05,0.05,0.05,0.05,0.95,0,0
200,4,37,er,0.9,3945820920,20,180,8,11,1,11,11,2,6,5.5,0.4,0.55,0.95,0.95,0.95,0.95,0.95,0.3,1,1
200,4,37,ring,0.9,3945820920,20,180,9,11,0,11,11,5,3,2.2,0.45,0.55,1.0,1.0,1.0,1.0,1.0,0.15,1,1
200,4,37,small_world,0.9,3945820920,20,180,7,13,0,13,13,6,3,2.1666666666666665,0.35,0.65,1.0,1.0,1.0,1.0,1.0,0.15,1,1
200,4,37,scale_free,0.9,3945820920,20,180,2,18,0,6,6,4,12,4.5,0.1,0.9,1.0,0.4,0.4,0.4,0.4,0.6,1,1
200,4,38,er,0.1,334444947,180,20,2,0,178,0,0,0,0,0.0,0.011111111111111112,0.0,0.011111111111111112,0.011111111111111112,0.011111111111111112,0.011111111111111112,0.011111111111111112,0.0,0,0
200,4,38,ring,0.1,334444947,180,20,0,0,180,0,0,0,0,0.0,0.0,0.0,0.0,0.0,0.0,0.0,0.0,0.0,0,0
200,4,38,small_world,0.1,334444947,180,20,0,0,180,0,0,0,0,0.0,0.0,0.0,0.0,0.0,0.0,0.0,0.0,0.0,0,0
200,4,38,scale_free,0.1,334444947,180,20,1,2,177,2,2,1,2,2.0,0.005555555555555556,0.011111111111111112,0.016666666666666666,0.016666666666666666,0.016666666666666666,0.016666666666666666,0.016666666666666666,0.011111111111111112,1,1
200,4,38,er,0.2,334444947,160,40,1,0,159,0,0,0,0,0.0,0.00625,0.0,0.00625,0.00625,0.00625,0.00625,0.00625,0.0,0,0
200,4,38,ring,0.2,334444947,160,40,0,0,160,0,0,0,0,0.0,0.0,0.0,0.0,0.0,0.0,0.0,0.0,0.0,0,0
200,4,38,small_world,0.2,334444947,160,40,0,0,160,0,0,0,0,0.0,0.0,0.0,0.0,0.0,0.0,0.0,0.0,0.0,0,0
200,4,38,scale_free,0.2,334444947,160,40,1,4,155,4,4,1,4,4.0,0.00625,0.025,0.03125,0.03125,0.03125,0.03125,0.03125,0.025,1,1
200,4,38,er,0.3,334444947,140,60,2,0,138,0,0,0,0,0.0,0.014285714285714285,0.0,0.014285714285714285,0.014285714285714285,0.014285714285714285,0.014285714285714285,0.014285714285714285,0.0,0,0
200,4,38,ring,0.3,334444947,140,60,1,6,133,6,6,2,4,3.0,0.007142857142857143,0.04285714285714286,0.05,0.05,0.05,0.05,0.05,0.02857142857142857,1,1
200,4,38,small_world,0.3,334444947,140,60,0,2,138,2,2,1,2,2.0,0.0,0.014285714285714285,0.014285714285714285,0.014285714285714285,0.014285714285714285,0.014285714285714285,0.014285714285714285,0.014285714285714285,1,1
200,4,38,scale_free,0.3,334444947,140,60,3,2,135,2,2,1,2,2.0,0.02142857142857143,0.014285714285714285,0.03571428571428571,0.03571428571428571,0.03571428571428571,0.03571428571428571,0.03571428571428571,0.014285714285714285,1,1
200,4,38,er,0.4,334444947,120,80,7,2,111,2,2,1,2,2.0,0.058333333333333334,0.016666666666666666,0.075,0.075,0.075,0.075,0.075,0.016666666666666666,1,1
200,4,38,ring,0.4,334444947,120,80,1,13,106,13,13,2,11,6.5,0.008333333333333333,0.10833333333333334,0.11666666666666667,0.11666666666666667,0.11666666666666667,0.025,0.025,0.09166666666666666,1,1
200,4,38,small_world,0.4,334444947,120,80,0,4,116,4,4,2,2,2.0,0.0,0.03333333333333333,0.03333333333333333,0.03333333333333333,0.03333333333333333,0.03333333333333333,0.03333333333333333,0.016666666666666666,1,1
200,4,38,scale_free,0.4,334444947,120,80,6,0,114,0,0,0,0,0.0,0.05,0.0,0.05,0.05,0.05,0.05,0.05,0.0,0,0
200,4,38,er,0.5,334444947,100,100,5,84,11,0,0,1,84,84.0,0.05,0.84,0.89,0.05,0.05,0.05,0.05,0.84,0,0
200,4,38,ring,0.5,334444947,100,100,2,29,69,21,21,5,10,5.8,0.02,0.29,0.31,0.23,0.23,0.23,0.23,0.1,1,1
200,4,38,small_world,0.5,334444947,100,100,1,90,9,2,2,4,74,22.5,0.01,0.9,0.91,0.03,0.03,0.03,0.03,0.74,1,1
200,4,38,scale_free,0.5,334444947,100,100,9,67,24,0,0,1,67,67.0,0.09,0.67,0.76,0.09,0.09,0.09,0.09,0.67,0,0
200,4,38,er,0.6,334444947,80,120,4,67,9,0,0,1,67,67.0,0.05,0.8375,0.8875,0.05,0.05,0.05,0.05,0.8375,0,0
200,4,38,ring,0.6,334444947,80,120,3,40,37,13,13,5,14,8.0,0.0375,0.5,0.5375,0.2,0.2,0.2,0.2,0.175,1,1
200,4,38,small_world,0.6,334444947,80,120,1,77,2,8,10,5,67,15.4,0.0125,0.9625,0.975,0.1125,0.1375,0.1125,0.1375,0.8375,1,1
200,4,38,scale_free,0.6,334444947,80,120,4,67,9,0,0,1,67,67.0,0.05,0.8375,0.8875,0.05,0.05,0.05,0.05,0.8375,0,0
200,4,38,er,0.7,334444947,60,140,3,54,3,54,54,2,52,27.0,0.05,0.9,0.95,0.95,0.95,0.08333333333333333,0.08333333333333333,0.8666666666666667,1,1
200,4,38,ring,0.7,334444947,60,140,5,55,0,45,45,10,10,5.5,0.08333333333333333,0.9166666666666666,1.0,0.8333333333333334,0.8333333333333334,0.8333333333333334,0.8333333333333334,0.16666666666666666,1,1
200,4,38,small_world,0.7,334444947,60,140,6,54,0,16,16,6,38,9.0,0.1,0.9,1.0,0.36666666666666664,0.36666666666666664,0.36666666666666664,0.36666666666666664,0.6333333333333333,1,1
200,4,38,scale_free,0.7,334444947,60,140,2,54,4,0,0,1,54,54.0,0.03333333333333333,0.9,0.9333333333333333,0.03333333333333333,0.03333333333333333,0.03333333333333333,0.03333333333333333,0.9,0,0
200,4,38,er,0.8,334444947,40,160,4,34,2,34,34,3,28,11.333333333333334,0.1,0.85,0.95,0.95,0.95,0.25,0.25,0.7,1,1
200,4,38,ring,0.8,334444947,40,160,8,32,0,32,32,8,6,4.0,0.2,0.8,1.0,1.0,1.0,1.0,1.0,0.15,1,1
200,4,38,small_world,0.8,334444947,40,160,6,34,0,34,34,7,16,4.857142857142857,0.15,0.85,1.0,1.0,1.0,0.6,0.6,0.4,1,1
200,4,38,scale_free,0.8,334444947,40,160,4,33,3,33,33,1,33,33.0,0.1,0.825,0.925,0.925,0.925,0.1,0.1,0.825,1,1
200,4,38,er,0.9,334444947,20,180,6,14,0,14,14,1,14,14.0,0.3,0.7,1.0,1.0,1.0,0.3,0.3,0.7,1,1
200,4,38,ring,0.9,334444947,20,180,10,10,0,10,10,4,3,2.5,0.5,0.5,1.0,1.0,1.0,1.0,1.0,0.15,1,1
200,4,38,small_world,0.9,334444947,20,180,11,9,0,9,9,3,3,3.0,0.55,0.45,1.0,1.0,1.0,1.0,1.0,0.15,1,1
200,4,38,scale_free,0.9,334444947,20,180,7,12,1,12,12,2,9,6.0,0.35,0.6,0.95,0.95,0.95,0.95,0.95,0.45,1,1
200,4,39,er,0.1,368649421,180,20,0,0,180,0,0,0,0,0.0,0.0,0.0,0.0,0.0,0.0,0.0,0.0,0.0,0,0
200,4,39,ring,0.1,368649421,180,20,0,0,180,0,0,0,0,0.0,0.0,0.0,0.0,0.0,0.0,0.0,0.0,0.0,0,0
200,4,39,small_world,0.1,368649421,180,20,0,0,180,0,0,0,0,0.0,0.0,0.0,0.0,0.0,0.0,0.0,0.0,0.0,0,0
200,4,39,scale_free,0.1,368649421,180,20,0,0,180,0,0,0,0,0.0,0.0,0.0,0.0,0.0,0.0,0.0,0.0,0.0,0,0
200,4,39,er,0.2,368649421,160,40,0,0,160,0,0,0,0,0.0,0.0,0.0,0.0,0.0,0.0,0.0,0.0,0.0,0,0
200,4,39,ring,0.2,368649421,160,40,0,0,160,0,0,0,0,0.0,0.0,0.0,0.0,0.0,0.0,0.0,0.0,0.0,0,0
200,4,39,small_world,0.2,368649421,160,40,0,0,160,0,0,0,0,0.0,0.0,0.0,0.0,0.0,0.0,0.0,0.0,0.0,0,0
200,4,39,scale_free,0.2,368649421,160,40,3,0,157,0,0,0,0,0.0,0.01875,0.0,0.01875,0.01875,0.01875,0.01875,0.01875,0.0,0,0
200,4,39,er,0.3,368649421,140,60,1,3,136,0,0,1,3,3.0,0.007142857142857143,0.02142857142857143,0.02857142857142857,0.007142857142857143,0.007142857142857143,0.007142857142857143,0.007142857142857143,0.02142857142857143,0,0
200,4,39,ring,0.3,368649421,140,60,0,3,137,0,0,1,3,3.0,0.0,0.02142857142857143,0.02142857142857143,0.0,0.0,0.0,0.0,0.02142857142857143,0,0
200,4,39,small_world,0.3,368649421,140,60,0,3,137,0,0,1,3,3.0,0.0,0.02142857142857143,0.02142857142857143,0.0,0.0,0.0,0.0,0.02142857142857143,0,0
200,4,39,scale_free,0.3,368649421,140,60,2,0,138,0,0,0,0,0.0,0.014285714285714285,0.0,0.014285714285714285,0.014285714285714285,0.014285714285714285,0.014285714285714285,0.014285714285714285,0.0,0,0
200,4,39,er,0.4,368649421,120,80,2,2,116,2,2,1,2,2.0,0.016666666666666666,0.016666666666666666,0.03333333333333333,0.03333333333333333,0.03333333333333333,0.03333333333333333,0.03333333333333333,0.016666666666666666,1,1
200,4,39,ring,0.4,368649421,120,80,0,9,111,6,6,3,4,3.0,0.0,0.075,0.075,0.05,0.05,0.05,0.05,0.03333333333333333,1,1
200,4,39,small_world,0.4,368649421,120,80,0,2,118,2,2,1,2,2.0,0.0,0.016666666666666666,0.016666666666666666,0.016666666666666666,0.016666666666666666,0.016666666666666666,0.016666666666666666,0.016666666666666666,1,1
200,4,39,scale_free,0.4,368649421,120,80,3,0,117,0,0,0,0,0.0,0.025,0.0,0.025,0.025,0.025,0.025,0.025,0.0,0,0
200,4,39,er,0.5,368649421,100,100,4,81,15,0,0,1,81,81.0,0.04,0.81,0.85,0.04,0.04,0.04,0.04,0.81,0,0
200,4,39,ring,0.5,368649421,100,100,0,55,45,4,4,6,16,9.166666666666666,0.0,0.55,0.55,0.04,0.04,0.04,0.04,0.16,1,1
200,4,39,small_world,0.5,368649421,100,100,0,76,24,2,2,2,74,38.0,0.0,0.76,0.76,0.02,0.02,0.02,0.02,0.74,1,1
200,4,39,scale_free,0.5,368649421,100,100,4,0,96,0,0,0,0,0.0,0.04,0.0,0.04,0.04,0.04,0.04,0.04,0.0,0,0
200,4,39,er,0.6,368649421,80,120,5,65,10,0,0,1,65,65.0,0.0625,0.8125,0.875,0.0625,0.0625,0.0625,0.0625,0.8125,0,0
200,4,39,ring,0.6,368649421,80,120,2,53,25,29,29,7,13,7.571428571428571,0.025,0.6625,0.6875,0.3875,0.3875,0.225,0.225,0.1625,1,1
200,4,39,small_world,0.6,368649421,80,120,4,64,12,6,6,5,52,12.8,0.05,0.8,0.85,0.125,0.125,0.125,0.125,0.65,1,1
200,4,39,scale_free,0.6,368649421,80,120,3,70,7,0,0,1,70,70.0,0.0375,0.875,0.9125,0.0375,0.0375,0.0375,0.0375,0.875,0,0
200,4,39,er,0.7,368649421,60,140,8,49,3,49,49,3,44,16.333333333333332,0.13333333333333333,0.8166666666666667,0.95,0.95,0.95,0.21666666666666667,0.21666666666666667,0.7333333333333333,1,1
200,4,39,ring,0.7,368649421,60,140,5,45,10,23,23,10,12,4.5,0.08333333333333333,0.75,0.8333333333333334,0.4666666666666667,0.4666666666666667,0.4666666666666667,0.4666666666666667,0.2,1,1
200,4,39,small_world,0.7,368649421,60,140,8,51,1,45,45,8,18,6.375,0.13333333333333333,0.85,0.9833333333333333,0.8833333333333333,0.8833333333333333,0.3333333333333333,0.3333333333333333,0.3,1,1
200,4,39,scale_free,0.7,368649421,60,140,4,52,4,0,0,1,52,52.0,0.06666666666666667,0.8666666666666667,0.9333333333333333,0.06666666666666667,0.06666666666666667,0.06666666666666667,0.06666666666666667,0.8666666666666667,0,0
200,4,39,er,0.8,368649421,40,160,11,29,0,29,29,4,13,7.25,0.275,0.725,1.0,1.0,1.0,0.675,0.675,0.325,1,1
200,4,39,ring,0.8,368649421,40,160,9,31,0,24,24,7,7,4.428571428571429,0.225,0.775,1.0,0.825,0.825,0.825,0.825,0.175,1,1
200,4,39,small_world,0.8,368649421,40,160,7,33,0,33,33,8,10,4.125,0.175,0.825,1.0,1.0,1.0,1.0,1.0,0.25,1,1
200,4,39,scale_free,0.8,368649421,40,160,2,37,1,0,0,1,37,37.0,0.05,0.925,0.975,0.05,0.05,0.05,0.05,0.925,0,0
200,4,39,er,0.9,368649421,20,180,12,8,0,8,8,3,4,2.6666666666666665,0.6,0.4,1.0,1.0,1.0,1.0,1.0,0.2,1,1
200,4,39,ring,0.9,368649421,20,180,10,10,0,10,10,3,4,3.3333333333333335,0.5,0.5,1.0,1.0,1.0,1.0,1.0,0.2,1,1
200,4,39,small_world,0.9,368649421,20,180,9,11,0,11,11,3,4,3.6666666666666665,0.45,0.55,1.0,1.0,1.0,1.0,1.0,0.2,1,1
200,4,39,scale_free,0.9,368649421,20,180,3,12,5,12,12,2,10,6.0,0.15,0.6,0.75,0.75,0.75,0.75,0.75,0.5,1,1
200,4,40,er,0.1,1704360957,180,20,2,0,178,0,0,0,0,0.0,0.011111111111111112,0.0,0.011111111111111112,0.011111111111111112,0.011111111111111112,0.011111111111111112,0.011111111111111112,0.0,0,0
200,4,40,ring,0.1,1704360957,180,20,0,0,180,0,0,0,0,0.0,0.0,0.0,0.0,0.0,0.0,0.0,0.0,0.0,0,0
200,4,40,small_world,0.1,1704360957,180,20,0,0,180,0,0,0,0,0.0,0.0,0.0,0.0,0.0,0.0,0.0,0.0,0.0,0,0
200,4,40,scale_free,0.1,1704360957,180,20,1,0,179,0,0,0,0,0.0,0.005555555555555556,0.0,0.005555555555555556,0.005555555555555556,0.005555555555555556,0.005555555555555556,0.005555555555555556,0.0,0,0
200,4,40,er,0.2,1704360957,160,40,2,0,158,0,0,0,0,0.0,0.0125,0.0,0.0125,0.0125,0.0125,0.0125,0.0125,0.0,0,0
200,4,40,ring,0.2,1704360957,160,40,0,5,155,5,5,1,5,5.0,0.0,0.03125,0.03125,0.03125,0.03125,0.03125,0.03125,0.03125,1,1
200,4,40,small_world,0.2,1704360957,160,40,0,0,160,0,0,0,0,0.0,0.0,0.0,0.0,0.0,0.0,0.0,0.0,0.0,0,0
200,4,40,scale_free,0.2,1704360957,160,40,2,0,158,0,0,0,0,0.0,0.0125,0.0,0.0125,0.0125,0.0125,0.0125,0.0125,0.0,0,0
200,4,40,er,0.3,1704360957,140,60,1,0,139,0,0,0,0,0.0,0.007142857142857143,0.0,0.007142857142857143,0.007142857142857143,0.007142857142857143,0.007142857142857143,0.007142857142857143,0.0,0,0
200,4,40,ring,0.3,1704360957,140,60,0,9,131,9,9,3,5,3.0,0.0,0.06428571428571428,0.06428571428571428,0.06428571428571428,0.06428571428571428,0.06428571428571428,0.06428571428571428,0.03571428571428571,1,1
200,4,40,small_world,0.3,1704360957,140,60,0,4,136,4,4,2,2,2.0,0.0,0.02857142857142857,0.02857142857142857,0.02857142857142857,0.02857142857142857,0.02857142857142857,0.02857142857142857,0.014285714285714285,1,1
200,4,40,scale_free,0.3,1704360957,140,60,2,0,138,0,0,0,0,0.0,0.014285714285714285,0.0,0.014285714285714285,0.014285714285714285,0.014285714285714285,0.014285714285714285,0.014285714285714285,0.0,0,0
200,4,40,er,0.4,1704360957,120,80,4,0,116,0,0,0,0,0.0,0.03333333333333333,0.0,0.03333333333333333,0.03333333333333333,0.03333333333333333,0.03333333333333333,0.03333333333333333,0.0,0,0
200,4,40,ring,0.4,1704360957,120,80,0,27,93,19,19,8,5,3.375,0.0,0.225,0.225,0.15833333333333333,0.15833333333333333,0.15833333333333333,0.15833333333333333,0.041666666666666664,1,1
200,4,40,small_world,0.4,1704360957,120,80,1,15,104,15,15,4,6,3.75,0.008333333333333333,0.125,0.13333333333333333,0.13333333333333333,0.13333333333333333,0.13333333333333333,0.13333333333333333,0.05,1,1
200,4,40,scale_free,0.4,1704360957,120,80,2,0,118,0,0,0,0,0.0,0.016666666666666666,0.0,0.016666666666666666,0.016666666666666666,0.016666666666666666,0.016666666666666666,0.016666666666666666,0.0,0,0
200,4,40,er,0.5,1704360957,100,100,9,79,12,0,0,1,79,79.0,0.09,0.79,0.88,0.09,0.09,0.09,0.09,0.79,0,0
200,4,40,ring,0.5,1704360957,100,100,0,50,50,37,37,11,8,4.545454545454546,0.0,0.5,0.5,0.37,0.37,0.37,0.37,0.08,1,1
200,4,40,small_world,0.5,1704360957,100,100,2,26,72,19,19,9,4,2.888888888888889,0.02,0.26,0.28,0.21,0.21,0.21,0.21,0.04,1,1
200,4,40,scale_free,0.5,1704360957,100,100,1,0,99,0,0,0,0,0.0,0.01,0.0,0.01,0.01,0.01,0.01,0.01,0.0,0,0
200,4,40,er,0.6,1704360957,80,120,7,66,7,0,0,1,66,66.0,0.0875,0.825,0.9125,0.0875,0.0875,0.0875,0.0875,0.825,0,0
200,4,40,ring,0.6,1704360957,80,120,0,63,17,42,42,13,10,4.846153846153846,0.0,0.7875,0.7875,0.525,0.525,0.525,0.525,0.125,1,1
200,4,40,small_world,0.6,1704360957,80,120,2,78,0,16,16,10,38,7.8,0.025,0.975,1.0,0.225,0.225,0.225,0.225,0.475,1,1
200,4,40,scale_free,0.6,1704360957,80,120,4,69,7,0,0,1,69,69.0,0.05,0.8625,0.9125,0.05,0.05,0.05,0.05,0.8625,0,0
200,4,40,er,0.7,1704360957,60,140,6,52,2,2,2,2,50,26.0,0.1,0.8666666666666667,0.9666666666666667,0.13333333333333333,0.13333333333333333,0.13333333333333333,0.13333333333333333,0.8333333333333334,1,1
200,4,40,ring,0.7,1704360957,60,140,1,59,0,44,44,13,12,4.538461538461538,0.016666666666666666,0.9833333333333333,1.0,0.75,0.75,0.55,0.55,0.2,1,1
200,4,40,small_world,0.7,1704360957,60,140,2,58,0,26,26,5,32,11.6,0.03333333333333333,0.9666666666666667,1.0,0.4666666666666667,0.4666666666666667,0.21666666666666667,0.21666666666666667,0.5333333333333333,1,1
200,4,40,scale_free,0.7,1704360957,60,140,1,57,2,2,2,2,55,28.5,0.016666666666666666,0.95,0.9666666666666667,0.05,0.05,0.05,0.05,0.9166666666666666,1,1
200,4,40,er,0.8,1704360957,40,160,7,31,2,31,31,2,29,15.5,0.175,0.775,0.95,0.95,0.95,0.225,0.225,0.725,1,1
200,4,40,ring,0.8,1704360957,40,160,7,33,0,33,33,10,6,3.3,0.175,0.825,1.0,1.0,1.0,1.0,1.0,0.15,1,1
200,4,40,small_world,0.8,1704360957,40,160,6,34,0,34,34,6,11,5.666666666666667,0.15,0.85,1.0,1.0,1.0,0.725,0.725,0.275,1,1
200,4,40,scale_free,0.8,1704360957,40,160,2,38,0,38,38,1,38,38.0,0.05,0.95,1.0,1.0,1.0,0.05,0.05,0.95,1,1
200,4,40,er,0.9,1704360957,20,180,6,14,0,14,14,1,14,14.0,0.3,0.7,1.0,1.0,1.0,0.3,0.3,0.7,1,1
200,4,40,ring,0.9,1704360957,20,180,8,12,0,12,12,4,4,3.0,0.4,0.6,1.0,1.0,1.0,1.0,1.0,0.2,1,1
200,4,40,small_world,0.9,1704360957,20,180,9,11,0,11,11,3,5,3.6666666666666665,0.45,0.55,1.0,1.0,1.0,1.0,1.0,0.25,1,1
200,4,40,scale_free,0.9,1704360957,20,180,1,19,0,19,19,1,19,19.0,0.05,0.95,1.0,1.0,1.0,0.05,0.05,0.95,1,1
200,4,41,er,0.1,2517177160,180,20,0,0,180,0,0,0,0,0.0,0.0,0.0,0.0,0.0,0.0,0.0,0.0,0.0,0,0
200,4,41,ring,0.1,2517177160,180,20,0,0,180,0,0,0,0,0.0,0.0,0.0,0.0,0.0,0.0,0.0,0.0,0.0,0,0
200,4,41,small_world,0.1,2517177160,180,20,0,0,180,0,0,0,0,0.0,0.0,0.0,0.0,0.0,0.0,0.0,0.0,0.0,0,0
200,4,41,scale_free,0.1,2517177160,180,20,0,0,180,0,0,0,0,0.0,0.0,0.0,0.0,0.0,0.0,0.0,0.0,0.0,0,0
200,4,41,er,0.2,2517177160,160,40,1,0,159,0,0,0,0,0.0,0.00625,0.0,0.00625,0.00625,0.00625,0.00625,0.00625,0.0,0,0
200,4,41,ring,0.2,2517177160,160,40,0,0,160,0,0,0,0,0.0,0.0,0.0,0.0,0.0,0.0,0.0,0.0,0.0,0,0
200,4,41,small_world,0.2,2517177160,160,40,0,0,160,0,0,0,0,0.0,0.0,0.0,0.0,0.0,0.0,0.0,0.0,0.0,0,0
200,4,41,scale_free,0.2,2517177160,160,40,3,0,157,0,0,0,0,0.0,0.01875,0.0,0.01875,0.01875,0.01875,0.01875,0.01875,0.0,0,0
200,4,41,er,0.3,2517177160,140,60,2,2,136,2,2,1,2,2.0,0.014285714285714285,0.014285714285714285,0.02857142857142857,0.02857142857142857,0.02857142857142857,0.02857142857142857,0.02857142857142857,0.014285714285714285,1,1
200,4,41,ring,0.3,2517177160,140,60,0,0,140,0,0,0,0,0.0,0.0,0.0,0.0,0.0,0.0,0.0,0.0,0.0,0,0
200,4,41,small_world,0.3,2517177160,140,60,1,0,139,0,0,0,0,0.0,0.007142857142857143,0.0,0.007142857142857143,0.007142857142857143,0.007142857142857143,0.007142857142857143,0.007142857142857143,0.0,0,0
200,4,41,scale_free,0.3,2517177160,140,60,3,0,137,0,0,0,0,0.0,0.02142857142857143,0.0,0.02142857142857143,0.02142857142857143,0.02142857142857143,0.02142857142857143,0.02142857142857143,0.0,0,0
200,4,41,er,0.4,2517177160,120,80,3,4,113,4,4,2,2,2.0,0.025,0.03333333333333333,0.058333333333333334,0.058333333333333334,0.058333333333333334,0.058333333333333334,0.058333333333333334,0.016666666666666666,1,1
200,4,41,ring,0.4,2517177160,120,80,0,4,116,0,0,1,4,4.0,0.0,0.03333333333333333,0.03333333333333333,0.0,0.0,0.0,0.0,0.03333333333333333,0,0
200,4,41,small_world,0.4,2517177160,120,80,0,6,114,2,2,2,4,3.0,0.0,0.05,0.05,0.016666666666666666,0.016666666666666666,0.016666666666666666,0.016666666666666666,0.03333333333333333,1,1
200,4,41,scale_free,0.4,2517177160,120,80,3,0,117,0,0,0,0,0.0,0.025,0.0,0.025,0.025,0.025,0.025,0.025,0.0,0,0
200,4,41,er,0.5,2517177160,100,100,3,82,15,4,4,3,78,27.333333333333332,0.03,0.82,0.85,0.07,0.07,0.07,0.07,0.78,1,1
200,4,41,ring,0.5,2517177160,100,100,0,32,68,15,15,5,11,6.4,0.0,0.32,0.32,0.15,0.15,0.15,0.15,0.11,1,1
200,4,41,small_world,0.5,2517177160,100,100,1,16,83,4,4,4,6,4.0,0.01,0.16,0.17,0.05,0.05,0.05,0.05,0.06,1,1
200,4,41,scale_free,0.5,2517177160,100,100,4,75,21,0,0,1,75,75.0,0.04,0.75,0.79,0.04,0.04,0.04,0.04,0.75,0,0
200,4,41,er,0.6,2517177160,80,120,6,63,11,63,63,3,59,21.0,0.075,0.7875,0.8625,0.8625,0.8625,0.125,0.125,0.7375,1,1
200,4,41,ring,0.6,2517177160,80,120,0,80,0,40,40,10,25,8.0,0.0,1.0,1.0,0.5,0.5,0.3125,0.3125,0.3125,1,1
200,4,41,small_world,0.6,2517177160,80,120,0,80,0,10,10,5,67,16.0,0.0,1.0,1.0,0.125,0.125,0.125,0.125,0.8375,1,1
200,4,41,scale_free,0.6,2517177160,80,120,3,65,12,2,2,2,63,32.5,0.0375,0.8125,0.85,0.0625,0.0625,0.0625,0.0625,0.7875,1,1
200,4,41,er,0.7,2517177160,60,140,10,46,4,46,46,1,46,46.0,0.16666666666666666,0.7666666666666667,0.9333333333333333,0.9333333333333333,0.9333333333333333,0.16666666666666666,0.16666666666666666,0.7666666666666667,1,1
200,4,41,ring,0.7,2517177160,60,140,2,58,0,58,58,12,8,4.833333333333333,0.03333333333333333,0.9666666666666667,1.0,1.0,1.0,1.0,1.0,0.13333333333333333,1,1
200,4,41,small_world,0.7,2517177160,60,140,3,57,0,57,57,9,18,6.333333333333333,0.05,0.95,1.0,1.0,1.0,0.48333333333333334,0.48333333333333334,0.3,1,1
200,4,41,scale_free,0.7,2517177160,60,140,7,51,2,0,0,1,51,51.0,0.11666666666666667,0.85,0.9666666666666667,0.11666666666666667,0.11666666666666667,0.11666666666666667,0.11666666666666667,0.85,0,0
200,4,41,er,0.8,2517177160,40,160,8,32,0,32,32,6,13,5.333333333333333,0.2,0.8,1.0,1.0,1.0,0.675,0.675,0.325,1,1
200,4,41,ring,0.8,2517177160,40,160,6,34,0,34,34,10,7,3.4,0.15,0.85,1.0,1.0,1.0,1.0,1.0,0.175,1,1
200,4,41,small_world,0.8,2517177160,40,160,8,32,0,32,32,10,6,3.2,0.2,0.8,1.0,1.0,1.0,1.0,1.0,0.15,1,1
200,4,41,scale_free,0.8,2517177160,40,160,3,37,0,0,0,1,37,37.0,0.075,0.925,1.0,0.075,0.075,0.075,0.075,0.925,0,0
200,4,41,er,0.9,2517177160,20,180,7,13,0,13,13,4,7,3.25,0.35,0.65,1.0,1.0,1.0,1.0,1.0,0.35,1,1
200,4,41,ring,0.9,2517177160,20,180,8,12,0,12,12,4,5,3.0,0.4,0.6,1.0,1.0,1.0,1.0,1.0,0.25,1,1
200,4,41,small_world,0.9,2517177160,20,180,10,10,0,10,10,4,3,2.5,0.5,0.5,1.0,1.0,1.0,1.0,1.0,0.15,1,1
200,4,41,scale_free,0.9,2517177160,20,180,1,19,0,0,0,1,19,19.0,0.05,0.95,1.0,0.05,0.05,0.05,0.05,0.95,0,0
200,4,42,er,0.1,2130149713,180,20,2,2,176,2,2,1,2,2.0,0.011111111111111112,0.011111111111111112,0.022222222222222223,0.022222222222222223,0.022222222222222223,0.022222222222222223,0.022222222222222223,0.011111111111111112,1,1
200,4,42,ring,0.1,2130149713,180,20,0,0,180,0,0,0,0,0.0,0.0,0.0,0.0,0.0,0.0,0.0,0.0,0.0,0,0
200,4,42,small_world,0.1,2130149713,180,20,0,0,180,0,0,0,0,0.0,0.0,0.0,0.0,0.0,0.0,0.0,0.0,0.0,0,0
200,4,42,scale_free,0.1,2130149713,180,20,1,2,177,2,2,1,2,2.0,0.005555555555555556,0.011111111111111112,0.016666666666666666,0.016666666666666666,0.016666666666666666,0.016666666666666666,0.016666666666666666,0.011111111111111112,1,1
200,4,42,er,0.2,2130149713,160,40,3,2,155,2,2,1,2,2.0,0.01875,0.0125,0.03125,0.03125,0.03125,0.03125,0.03125,0.0125,1,1
200,4,42,ring,0.2,2130149713,160,40,0,0,160,0,0,0,0,0.0,0.0,0.0,0.0,0.0,0.0,0.0,0.0,0.0,0,0
200,4,42,small_world,0.2,2130149713,160,40,0,0,160,0,0,0,0,0.0,0.0,0.0,0.0,0.0,0.0,0.0,0.0,0.0,0,0
200,4,42,scale_free,0.2,2130149713,160,40,1,4,155,4,4,2,2,2.0,0.00625,0.025,0.03125,0.03125,0.03125,0.03125,0.03125,0.0125,1,1
200,4,42,er,0.3,2130149713,140,60,2,0,138,0,0,0,0,0.0,0.014285714285714285,0.0,0.014285714285714285,0.014285714285714285,0.014285714285714285,0.014285714285714285,0.014285714285714285,0.0,0,0
200,4,42,ring,0.3,2130149713,140,60,0,0,140,0,0,0,0,0.0,0.0,0.0,0.0,0.0,0.0,0.0,0.0,0.0,0,0
200,4,42,small_world,0.3,2130149713,140,60,0,0,140,0,0,0,0,0.0,0.0,0.0,0.0,0.0,0.0,0.0,0.0,0.0,0,0
200,4,42,scale_free,0.3,2130149713,140,60,2,6,132,6,6,3,2,2.0,0.014285714285714285,0.04285714285714286,0.05714285714285714,0.05714285714285714,0.05714285714285714,0.05714285714285714,0.05714285714285714,0.014285714285714285,1,1
200,4,42,er,0.4,2130149713,120,80,3,0,117,0,0,0,0,0.0,0.025,0.0,0.025,0.025,0.025,0.025,0.025,0.0,0,0
200,4,42,ring,0.4,2130149713,120,80,0,31,89,8,8,5,14,6.2,0.0,0.25833333333333336,0.25833333333333336,0.06666666666666667,0.06666666666666667,0.06666666666666667,0.06666666666666667,0.11666666666666667,1,1
200,4,42,small_world,0.4,2130149713,120,80,0,0,120,0,0,0,0,0.0,0.0,0.0,0.0,0.0,0.0,0.0,0.0,0.0,0,0
200,4,42,scale_free,0.4,2130149713,120,80,6,0,114,0,0,0,0,0.0,0.05,0.0,0.05,0.05,0.05,0.05,0.05,0.0,0,0
200,4,42,er,0.5,2130149713,100,100,5,76,19,0,0,1,76,76.0,0.05,0.76,0.81,0.05,0.05,0.05,0.05,0.76,0,0
200,4,42,ring,0.5,2130149713,100,100,0,56,44,40,40,10,12,5.6,0.0,0.56,0.56,0.4,0.4,0.28,0.28,0.12,1,1
200,4,42,small_world,0.5,2130149713,100,100,0,84,16,4,4,3,80,28.0,0.0,0.84,0.84,0.04,0.04,0.04,0.04,0.8,1,1
200,4,42,scale_free,0.5,2130149713,100,100,8,67,25,0,0,1,67,67.0,0.08,0.67,0.75,0.08,0.08,0.08,0.08,0.67,0,0
200,4,42,er,0.6,2130149713,80,120,5,67,8,0,0,1,67,67.0,0.0625,0.8375,0.9,0.0625,0.0625,0.0625,0.0625,0.8375,0,0
200,4,42,ring,0.6,2130149713,80,120,2,70,8,52,52,12,18,5.833333333333333,0.025,0.875,0.9,0.675,0.675,0.675,0.675,0.225,1,1
200,4,42,small_world,0.6,2130149713,80,120,1,79,0,6,6,5,63,15.8,0.0125,0.9875,1.0,0.0875,0.0875,0.0875,0.0875,0.7875,1,1
200,4,42,scale_free,0.6,2130149713,80,120,5,66,9,0,0,1,66,66.0,0.0625,0.825,0.8875,0.0625,0.0625,0.0625,0.0625,0.825,0,0
200,4,42,er,0.7,2130149713,60,140,4,52,4,52,52,1,52,52.0,0.06666666666666667,0.8666666666666667,0.9333333333333333,0.9333333333333333,0.9333333333333333,0.06666666666666667,0.06666666666666667,0.8666666666666667,1,1
200,4,42,ring,0.7,2130149713,60,140,4,56,0,53,53,14,11,4.0,0.06666666666666667,0.9333333333333333,1.0,0.95,0.95,0.7666666666666667,0.7666666666666667,0.18333333333333332,1,1
200,4,42,small_world,0.7,2130149713,60,140,3,57,0,22,22,6,35,9.5,0.05,0.95,1.0,0.4166666666666667,0.4166666666666667,0.23333333333333334,0.23333333333333334,0.5833333333333334,1,1
200,4,42,scale_free,0.7,2130149713,60,140,2,53,5,0,0,1,53,53.0,0.03333333333333333,0.8833333333333333,0.9166666666666666,0.03333333333333333,0.03333333333333333,0.03333333333333333,0.03333333333333333,0.8833333333333333,0,0
200,4,42,er,0.8,2130149713,40,160,9,31,0,31,31,1,31,31.0,0.225,0.775,1.0,1.0,1.0,0.225,0.225,0.775,1,1
200,4,42,ring,0.8,2130149713,40,160,11,29,0,29,29,9,8,3.2222222222222223,0.275,0.725,1.0,1.0,1.0,1.0,1.0,0.2,1,1
200,4,42,small_world,0.8,2130149713,40,160,7,33,0,33,33,7,14,4.714285714285714,0.175,0.825,1.0,1.0,1.0,0.65,0.65,0.35,1,1
200,4,42,scale_free,0.8,2130149713,40,160,6,34,0,31,31,2,31,17.0,0.15,0.85,1.0,0.925,0.925,0.15,0.15,0.775,1,1
200,4,42,er,0.9,2130149713,20,180,4,16,0,16,16,3,7,5.333333333333333,0.2,0.8,1.0,1.0,1.0,1.0,1.0,0.35,1,1
200,4,42,ring,0.9,2130149713,20,180,10,10,0,10,10,4,4,2.5,0.5,0.5,1.0,1.0,1.0,1.0,1.0,0.2,1,1
200,4,42,small_world,0.9,2130149713,20,180,6,14,0,14,14,4,5,3.5,0.3,0.7,1.0,1.0,1.0,1.0,1.0,0.25,1,1
200,4,42,scale_free,0.9,2130149713,20,180,5,15,0,15,15,1,15,15.0,0.25,0.75,1.0,1.0,1.0,0.25,0.25,0.75,1,1
200,4,43,er,0.1,1389652640,180,20,0,0,180,0,0,0,0,0.0,0.0,0.0,0.0,0.0,0.0,0.0,0.0,0.0,0,0
200,4,43,ring,0.1,1389652640,180,20,0,0,180,0,0,0,0,0.0,0.0,0.0,0.0,0.0,0.0,0.0,0.0,0.0,0,0
200,4,43,small_world,0.1,1389652640,180,20,0,0,180,0,0,0,0,0.0,0.0,0.0,0.0,0.0,0.0,0.0,0.0,0.0,0,0
200,4,43,scale_free,0.1,1389652640,180,20,1,0,179,0,0,0,0,0.0,0.005555555555555556,0.0,0.005555555555555556,0.005555555555555556,0.005555555555555556,0.005555555555555556,0.005555555555555556,0.0,0,0
200,4,43,er,0.2,1389652640,160,40,2,0,158,0,0,0,0,0.0,0.0125,0.0,0.0125,0.0125,0.0125,0.0125,0.0125,0.0,0,0
200,4,43,ring,0.2,1389652640,160,40,0,0,160,0,0,0,0,0.0,0.0,0.0,0.0,0.0,0.0,0.0,0.0,0.0,0,0
200,4,43,small_world,0.2,1389652640,160,40,0,0,160,0,0,0,0,0.0,0.0,0.0,0.0,0.0,0.0,0.0,0.0,0.0,0,0
200,4,43,scale_free,0.2,1389652640,160,40,5,2,153,2,2,1,2,2.0,0.03125,0.0125,0.04375,0.04375,0.04375,0.04375,0.04375,0.0125,1,1
200,4,43,er,0.3,1389652640,140,60,2,0,138,0,0,0,0,0.0,0.014285714285714285,0.0,0.014285714285714285,0.014285714285714285,0.014285714285714285,0.014285714285714285,0.014285714285714285,0.0,0,0
200,4,43,ring,0.3,1389652640,140,60,0,4,136,4,4,2,2,2.0,0.0,0.02857142857142857,0.02857142857142857,0.02857142857142857,0.02857142857142857,0.02857142857142857,0.02857142857142857,0.014285714285714285,1,1
200,4,43,small_world,0.3,1389652640,140,60,0,0,140,0,0,0,0,0.0,0.0,0.0,0.0,0.0,0.0,0.0,0.0,0.0,0,0
200,4,43,scale_free,0.3,1389652640,140,60,4,0,136,0,0,0,0,0.0,0.02857142857142857,0.0,0.02857142857142857,0.02857142857142857,0.02857142857142857,0.02857142857142857,0.02857142857142857,0.0,0,0
200,4,43,er,0.4,1389652640,120,80,4,0,116,0,0,0,0,0.0,0.03333333333333333,0.0,0.03333333333333333,0.03333333333333333,0.03333333333333333,0.03333333333333333,0.03333333333333333,0.0,0,0
200,4,43,ring,0.4,1389652640,120,80,1,24,95,15,15,7,9,3.4285714285714284,0.008333333333333333,0.2,0.20833333333333334,0.13333333333333333,0.13333333333333333,0.13333333333333333,0.13333333333333333,0.075,1,1
200,4,43,small_world,0.4,1389652640,120,80,1,2,117,2,2,1,2,2.0,0.008333333333333333,0.016666666666666666,0.025,0.025,0.025,0.025,0.025,0.016666666666666666,1,1
200,4,43,scale_free,0.4,1389652640,120,80,3,0,117,0,0,0,0,0.0,0.025,0.0,0.025,0.025,0.025,0.025,0.025,0.0,0,0
200,4,43,er,0.5,1389652640,100,100,9,0,91,0,0,0,0,0.0,0.09,0.0,0.09,0.09,0.09,0.09,0.09,0.0,0,0
200,4,43,ring,0.5,1389652640,100,100,1,29,70,17,17,7,9,4.142857142857143,0.01,0.29,0.3,0.18,0.18,0.18,0.18,0.09,1,1
200,4,43,small_world,0.5,1389652640,100,100,1,83,16,13,13,4,61,20.75,0.01,0.83,0.84,0.14,0.14,0.14,0.14,0.61,1,1
200,4,43,scale_free,0.5,1389652640,100,100,2,81,17,0,0,1,81,81.0,0.02,0.81,0.83,0.02,0.02,0.02,0.02,0.81,0,0
200,4,43,er,0.6,1389652640,80,120,8,67,5,0,0,1,67,67.0,0.1,0.8375,0.9375,0.1,0.1,0.1,0.1,0.8375,0,0
200,4,43,ring,0.6,1389652640,80,120,1,63,16,44,44,12,15,5.25,0.0125,0.7875,0.8,0.5625,0.5625,0.375,0.375,0.1875,1,1
200,4,43,small_world,0.6,1389652640,80,120,2,71,7,33,33,7,30,10.142857142857142,0.025,0.8875,0.9125,0.4375,0.4375,0.1875,0.1875,0.375,1,1
200,4,43,scale_free,0.6,1389652640,80,120,2,70,8,0,0,1,70,70.0,0.025,0.875,0.9,0.025,0.025,0.025,0.025,0.875,0,0
200,4,43,er,0.7,1389652640,60,140,8,49,3,49,49,2,47,24.5,0.13333333333333333,0.8166666666666667,0.95,0.95,0.95,0.16666666666666666,0.16666666666666666,0.7833333333333333,1,1
200,4,43,ring,0.7,1389652640,60,140,3,55,2,50,50,16,9,3.4375,0.05,0.9166666666666666,0.9666666666666667,0.8833333333333333,0.8833333333333333,0.8833333333333333,0.8833333333333333,0.15,1,1
200,4,43,small_world,0.7,1389652640,60,140,8,49,3,42,42,9,17,5.444444444444445,0.13333333333333333,0.8166666666666667,0.95,0.8333333333333334,0.8333333333333334,0.55,0.55,0.2833333333333333,1,1
200,4,43,scale_free,0.7,1389652640,60,140,3,52,5,0,0,1,52,52.0,0.05,0.8666666666666667,0.9166666666666666,0.05,0.05,0.05,0.05,0.8666666666666667,0,0
200,4,43,er,0.8,1389652640,40,160,7,32,1,32,32,4,24,8.0,0.175,0.8,0.975,0.975,0.975,0.375,0.375,0.6,1,1
200,4,43,ring,0.8,1389652640,40,160,5,35,0,35,35,11,6,3.1818181818181817,0.125,0.875,1.0,1.0,1.0,1.0,1.0,0.15,1,1
200,4,43,small_world,0.8,1389652640,40,160,6,34,0,34,34,5,16,6.8,0.15,0.85,1.0,1.0,1.0,0.6,0.6,0.4,1,1
200,4,43,scale_free,0.8,1389652640,40,160,3,36,1,2,2,2,34,18.0,0.075,0.9,0.975,0.125,0.125,0.125,0.125,0.85,1,1
200,4,43,er,0.9,1389652640,20,180,11,9,0,9,9,3,4,3.0,0.55,0.45,1.0,1.0,1.0,1.0,1.0,0.2,1,1
200,4,43,ring,0.9,1389652640,20,180,5,15,0,15,15,6,4,2.5,0.25,0.75,1.0,1.0,1.0,1.0,1.0,0.2,1,1
200,4,43,small_world,0.9,1389652640,20,180,5,15,0,15,15,6,4,2.5,0.25,0.75,1.0,1.0,1.0,1.0,1.0,0.2,1,1
200,4,43,scale_free,0.9,1389652640,20,180,4,16,0,16,16,1,16,16.0,0.2,0.8,1.0,1.0,1.0,0.2,0.2,0.8,1,1
200,4,44,er,0.1,2849602867,180,20,3,0,177,0,0,0,0,0.0,0.016666666666666666,0.0,0.016666666666666666,0.016666666666666666,0.016666666666666666,0.016666666666666666,0.016666666666666666,0.0,0,0
200,4,44,ring,0.1,2849602867,180,20,0,0,180,0,0,0,0,0.0,0.0,0.0,0.0,0.0,0.0,0.0,0.0,0.0,0,0
200,4,44,small_world,0.1,2849602867,180,20,0,0,180,0,0,0,0,0.0,0.0,0.0,0.0,0.0,0.0,0.0,0.0,0.0,0,0
200,4,44,scale_free,0.1,2849602867,180,20,2,2,176,2,2,1,2,2.0,0.011111111111111112,0.011111111111111112,0.022222222222222223,0.022222222222222223,0.022222222222222223,0.022222222222222223,0.022222222222222223,0.011111111111111112,1,1
200,4,44,er,0.2,2849602867,160,40,3,0,157,0,0,0,0,0.0,0.01875,0.0,0.01875,0.01875,0.01875,0.01875,0.01875,0.0,0,0
200,4,44,ring,0.2,2849602867,160,40,0,5,155,5,5,1,5,5.0,0.0,0.03125,0.03125,0.03125,0.03125,0.03125,0.03125,0.03125,1,1
200,4,44,small_world,0.2,2849602867,160,40,0,0,160,0,0,0,0,0.0,0.0,0.0,0.0,0.0,0.0,0.0,0.0,0.0,0,0
200,4,44,scale_free,0.2,2849602867,160,40,3,2,155,2,2,1,2,2.0,0.01875,0.0125,0.03125,0.03125,0.03125,0.03125,0.03125,0.0125,1,1
200,4,44,er,0.3,2849602867,140,60,3,0,137,0,0,0,0,0.0,0.02142857142857143,0.0,0.02142857142857143,0.02142857142857143,0.02142857142857143,0.02142857142857143,0.02142857142857143,0.0,0,0
200,4,44,ring,0.3,2849602867,140,60,0,5,135,5,5,1,5,5.0,0.0,0.03571428571428571,0.03571428571428571,0.03571428571428571,0.03571428571428571,0.03571428571428571,0.03571428571428571,0.03571428571428571,1,1
200,4,44,small_world,0.3,2849602867,140,60,0,0,140,0,0,0,0,0.0,0.0,0.0,0.0,0.0,0.0,0.0,0.0,0.0,0,0
200,4,44,scale_free,0.3,2849602867,140,60,4,0,136,0,0,0,0,0.0,0.02857142857142857,0.0,0.02857142857142857,0.02857142857142857,0.02857142857142857,0.02857142857142857,0.02857142857142857,0.0,0,0
200,4,44,er,0.4,2849602867,120,80,4,0,116,0,0,0,0,0.0,0.03333333333333333,0.0,0.03333333333333333,0.03333333333333333,0.03333333333333333,0.03333333333333333,0.03333333333333333,0.0,0,0
200,4,44,ring,0.4,2849602867,120,80,0,31,89,2,2,4,11,7.75,0.0,0.25833333333333336,0.25833333333333336,0.016666666666666666,0.016666666666666666,0.016666666666666666,0.016666666666666666,0.09166666666666666,1,1
200,4,44,small_world,0.4,2849602867,120,80,0,2,118,2,2,1,2,2.0,0.0,0.016666666666666666,0.016666666666666666,0.016666666666666666,0.016666666666666666,0.016666666666666666,0.016666666666666666,0.016666666666666666,1,1
200,4,44,scale_free,0.4,2849602867,120,80,3,2,115,2,2,1,2,2.0,0.025,0.016666666666666666,0.041666666666666664,0.041666666666666664,0.041666666666666664,0.041666666666666664,0.041666666666666664,0.016666666666666666,1,1
200,4,44,er,0.5,2849602867,100,100,2,0,98,0,0,0,0,0.0,0.02,0.0,0.02,0.02,0.02,0.02,0.02,0.0,0,0
200,4,44,ring,0.5,2849602867,100,100,0,62,38,15,15,11,18,5.636363636363637,0.0,0.62,0.62,0.15,0.15,0.15,0.15,0.18,1,1
200,4,44,small_world,0.5,2849602867,100,100,1,92,7,2,2,3,79,30.666666666666668,0.01,0.92,0.93,0.03,0.03,0.03,0.03,0.79,1,1
200,4,44,scale_free,0.5,2849602867,100,100,4,76,20,0,0,1,76,76.0,0.04,0.76,0.8,0.04,0.04,0.04,0.04,0.76,0,0
200,4,44,er,0.6,2849602867,80,120,5,71,4,2,2,2,69,35.5,0.0625,0.8875,0.95,0.0875,0.0875,0.0875,0.0875,0.8625,1,1
200,4,44,ring,0.6,2849602867,80,120,1,70,9,46,46,15,14,4.666666666666667,0.0125,0.875,0.8875,0.5875,0.5875,0.45,0.45,0.175,1,1
200,4,44,small_world,0.6,2849602867,80,120,2,75,3,12,12,5,63,15.0,0.025,0.9375,0.9625,0.175,0.175,0.175,0.175,0.7875,1,1
200,4,44,scale_free,0.6,2849602867,80,120,5,68,7,0,0,1,68,68.0,0.0625,0.85,0.9125,0.0625,0.0625,0.0625,0.0625,0.85,0,0
200,4,44,er,0.7,2849602867,60,140,4,56,0,2,2,2,54,28.0,0.06666666666666667,0.9333333333333333,1.0,0.1,0.1,0.1,0.1,0.9,1,1
200,4,44,ring,0.7,2849602867,60,140,3,55,2,49,49,16,6,3.4375,0.05,0.9166666666666666,0.9666666666666667,0.8666666666666667,0.8666666666666667,0.8666666666666667,0.8666666666666667,0.1,1,1
200,4,44,small_world,0.7,2849602867,60,140,1,58,1,58,58,7,35,8.285714285714286,0.016666666666666666,0.9666666666666667,0.9833333333333333,0.9833333333333333,0.9833333333333333,0.4,0.4,0.5833333333333334,1,1
200,4,44,scale_free,0.7,2849602867,60,140,5,55,0,0,0,1,55,55.0,0.08333333333333333,0.9166666666666666,1.0,0.08333333333333333,0.08333333333333333,0.08333333333333333,0.08333333333333333,0.9166666666666666,0,0
200,4,44,er,0.8,2849602867,40,160,4,36,0,36,36,1,36,36.0,0.1,0.9,1.0,1.0,1.0,0.1,0.1,0.9,1,1
200,4,44,ring,0.8,2849602867,40,160,5,35,0,35,35,12,5,2.9166666666666665,0.125,0.875,1.0,1.0,1.0,1.0,1.0,0.125,1,1
200,4,44,small_world,0.8,2849602867,40,160,2,38,0,38,38,5,19,7.6,0.05,0.95,1.0,1.0,1.0,0.525,0.525,0.475,1,1
200,4,44,scale_free,0.8,2849602867,40,160,1,39,0,0,0,1,39,39.0,0.025,0.975,1.0,0.025,0.025,0.025,0.025,0.975,0,0
200,4,44,er,0.9,2849602867,20,180,10,10,0,10,10,3,4,3.3333333333333335,0.5,0.5,1.0,1.0,1.0,1.0,1.0,0.2,1,1
200,4,44,ring,0.9,2849602867,20,180,8,12,0,12,12,5,4,2.4,0.4,0.6,1.0,1.0,1.0,1.0,1.0,0.2,1,1
200,4,44,small_world,0.9,2849602867,20,180,7,13,0,13,13,4,5,3.25,0.35,0.65,1.0,1.0,1.0,1.0,1.0,0.25,1,1
200,4,44,scale_free,0.9,2849602867,20,180,1,19,0,0,0,1,19,19.0,0.05,0.95,1.0,0.05,0.05,0.05,0.05,0.95,0,0
200,4,45,er,0.1,3118795510,180,20,1,0,179,0,0,0,0,0.0,0.005555555555555556,0.0,0.005555555555555556,0.005555555555555556,0.005555555555555556,0.005555555555555556,0.005555555555555556,0.0,0,0
200,4,45,ring,0.1,3118795510,180,20,0,0,180,0,0,0,0,0.0,0.0,0.0,0.0,0.0,0.0,0.0,0.0,0.0,0,0
200,4,45,small_world,0.1,3118795510,180,20,0,0,180,0,0,0,0,0.0,0.0,0.0,0.0,0.0,0.0,0.0,0.0,0.0,0,0
200,4,45,scale_free,0.1,3118795510,180,20,1,0,179,0,0,0,0,0.0,0.005555555555555556,0.0,0.005555555555555556,0.005555555555555556,0.005555555555555556,0.005555555555555556,0.005555555555555556,0.0,0,0
200,4,45,er,0.2,3118795510,160,40,5,0,155,0,0,0,0,0.0,0.03125,0.0,0.03125,0.03125,0.03125,0.03125,0.03125,0.0,0,0
200,4,45,ring,0.2,3118795510,160,40,0,0,160,0,0,0,0,0.0,0.0,0.0,0.0,0.0,0.0,0.0,0.0,0.0,0,0
200,4,45,small_world,0.2,3118795510,160,40,0,0,160,0,0,0,0,0.0,0.0,0.0,0.0,0.0,0.0,0.0,0.0,0.0,0,0
200,4,45,scale_free,0.2,3118795510,160,40,4,0,156,0,0,0,0,0.0,0.025,0.0,0.025,0.025,0.025,0.025,0.025,0.0,0,0
200,4,45,er,0.3,3118795510,140,60,5,0,135,0,0,0,0,0.0,0.03571428571428571,0.0,0.03571428571428571,0.03571428571428571,0.03571428571428571,0.03571428571428571,0.03571428571428571,0.0,0,0
200,4,45,ring,0.3,3118795510,140,60,0,5,135,2,2,2,3,2.5,0.0,0.03571428571428571,0.03571428571428571,0.014285714285714285,0.014285714285714285,0.014285714285714285,0.014285714285714285,0.02142857142857143,1,1
200,4,45,small_world,0.3,3118795510,140,60,0,0,140,0,0,0,0,0.0,0.0,0.0,0.0,0.0,0.0,0.0,0.0,0.0,0,0
200,4,45,scale_free,0.3,3118795510,140,60,4,0,136,0,0,0,0,0.0,0.02857142857142857,0.0,0.02857142857142857,0.02857142857142857,0.02857142857142857,0.02857142857142857,0.02857142857142857,0.0,0,0
200,4,45,er,0.4,3118795510,120,80,4,2,114,2,2,1,2,2.0,0.03333333333333333,0.016666666666666666,0.05,0.05,0.05,0.05,0.05,0.016666666666666666,1,1
200,4,45,ring,0.4,3118795510,120,80,0,8,112,0,0,1,8,8.0,0.0,0.06666666666666667,0.06666666666666667,0.0,0.0,0.0,0.0,0.06666666666666667,0,0
200,4,45,small_world,0.4,3118795510,120,80,1,21,98,0,0,1,21,21.0,0.008333333333333333,0.175,0.18333333333333332,0.008333333333333333,0.008333333333333333,0.008333333333333333,0.008333333333333333,0.175,0,0
200,4,45,scale_free,0.4,3118795510,120,80,6,2,112,2,2,1,2,2.0,0.05,0.016666666666666666,0.06666666666666667,0.06666666666666667,0.06666666666666667,0.06666666666666667,0.06666666666666667,0.016666666666666666,1,1
200,4,45,er,0.5,3118795510,100,100,4,4,92,4,4,2,2,2.0,0.04,0.04,0.08,0.08,0.08,0.08,0.08,0.02,1,1
200,4,45,ring,0.5,3118795510,100,100,0,59,41,10,10,6,19,9.833333333333334,0.0,0.59,0.59,0.1,0.1,0.1,0.1,0.19,1,1
200,4,45,small_world,0.5,3118795510,100,100,0,79,21,10,10,6,65,13.166666666666666,0.0,0.79,0.79,0.1,0.1,0.1,0.1,0.65,1,1
200,4,45,scale_free,0.5,3118795510,100,100,6,80,14,2,2,2,78,40.0,0.06,0.8,0.86,0.08,0.08,0.08,0.08,0.78,1,1
200,4,45,er,0.6,3118795510,80,120,3,70,7,10,10,4,60,17.5,0.0375,0.875,0.9125,0.1625,0.1625,0.1625,0.1625,0.75,1,1
200,4,45,ring,0.6,3118795510,80,120,2,76,2,36,36,10,18,7.6,0.025,0.95,0.975,0.475,0.475,0.325,0.325,0.225,1,1
200,4,45,small_world,0.6,3118795510,80,120,2,75,3,9,9,4,36,18.75,0.025,0.9375,0.9625,0.1375,0.1375,0.1375,0.1375,0.45,1,1
200,4,45,scale_free,0.6,3118795510,80,120,7,66,7,0,0,1,66,66.0,0.0875,0.825,0.9125,0.0875,0.0875,0.0875,0.0875,0.825,0,0
200,4,45,er,0.7,3118795510,60,140,3,56,1,0,0,1,56,56.0,0.05,0.9333333333333333,0.9833333333333333,0.05,0.05,0.05,0.05,0.9333333333333333,0,0
200,4,45,ring,0.7,3118795510,60,140,5,55,0,31,31,10,15,5.5,0.08333333333333333,0.9166666666666666,1.0,0.6,0.6,0.6,0.6,0.25,1,1
200,4,45,small_world,0.7,3118795510,60,140,2,57,1,21,21,9,27,6.333333333333333,0.03333333333333333,0.95,0.9833333333333333,0.38333333333333336,0.38333333333333336,0.38333333333333336,0.38333333333333336,0.45,1,1
200,4,45,scale_free,0.7,3118795510,60,140,10,46,4,0,0,1,46,46.0,0.16666666666666666,0.7666666666666667,0.9333333333333333,0.16666666666666666,0.16666666666666666,0.16666666666666666,0.16666666666666666,0.7666666666666667,0,0
200,4,45,er,0.8,3118795510,40,160,2,36,2,36,36,2,34,18.0,0.05,0.9,0.95,0.95,0.95,0.1,0.1,0.85,1,1
200,4,45,ring,0.8,3118795510,40,160,4,36,0,24,24,8,12,4.5,0.1,0.9,1.0,0.7,0.7,0.7,0.7,0.3,1,1
200,4,45,small_world,0.8,3118795510,40,160,3,37,0,37,37,5,18,7.4,0.075,0.925,1.0,1.0,1.0,0.55,0.55,0.45,1,1
200,4,45,scale_free,0.8,3118795510,40,160,5,33,2,0,0,1,33,33.0,0.125,0.825,0.95,0.125,0.125,0.125,0.125,0.825,0,0
200,4,45,er,0.9,3118795510,20,180,3,17,0,17,17,5,6,3.4,0.15,0.85,1.0,1.0,1.0,1.0,1.0,0.3,1,1
200,4,45,ring,0.9,3118795510,20,180,9,11,0,11,11,5,3,2.2,0.45,0.55,1.0,1.0,1.0,1.0,1.0,0.15,1,1
200,4,45,small_world,0.9,3118795510,20,180,8,12,0,12,12,5,4,2.4,0.4,0.6,1.0,1.0,1.0,1.0,1.0,0.2,1,1
200,4,45,scale_free,0.9,3118795510,20,180,4,16,0,16,16,2,14,8.0,0.2,0.8,1.0,1.0,1.0,0.3,0.3,0.7,1,1
200,4,46,er,0.1,2524110138,180,20,1,0,179,0,0,0,0,0.0,0.005555555555555556,0.0,0.005555555555555556,0.005555555555555556,0.005555555555555556,0.005555555555555556,0.005555555555555556,0.0,0,0
200,4,46,ring,0.1,2524110138,180,20,0,0,180,0,0,0,0,0.0,0.0,0.0,0.0,0.0,0.0,0.0,0.0,0.0,0,0
200,4,46,small_world,0.1,2524110138,180,20,0,0,180,0,0,0,0,0.0,0.0,0.0,0.0,0.0,0.0,0.0,0.0,0.0,0,0
200,4,46,scale_free,0.1,2524110138,180,20,1,0,179,0,0,0,0,0.0,0.005555555555555556,0.0,0.005555555555555556,0.005555555555555556,0.005555555555555556,0.005555555555555556,0.005555555555555556,0.0,0,0
200,4,46,er,0.2,2524110138,160,40,2,0,158,0,0,0,0,0.0,0.0125,0.0,0.0125,0.0125,0.0125,0.0125,0.0125,0.0,0,0
200,4,46,ring,0.2,2524110138,160,40,0,0,160,0,0,0,0,0.0,0.0,0.0,0.0,0.0,0.0,0.0,0.0,0.0,0,0
200,4,46,small_world,0.2,2524110138,160,40,0,0,160,0,0,0,0,0.0,0.0,0.0,0.0,0.0,0.0,0.0,0.0,0.0,0,0
200,4,46,scale_free,0.2,2524110138,160,40,0,0,160,0,0,0,0,0.0,0.0,0.0,0.0,0.0,0.0,0.0,0.0,0.0,0,0
200,4,46,er,0.3,2524110138,140,60,2,2,136,2,2,1,2,2.0,0.014285714285714285,0.014285714285714285,0.02857142857142857,0.02857142857142857,0.02857142857142857,0.02857142857142857,0.02857142857142857,0.014285714285714285,1,1
200,4,46,ring,0.3,2524110138,140,60,0,3,137,0,0,1,3,3.0,0.0,0.02142857142857143,0.02142857142857143,0.0,0.0,0.0,0.0,0.02142857142857143,0,0
200,4,46,small_world,0.3,2524110138,140,60,0,0,140,0,0,0,0,0.0,0.0,0.0,0.0,0.0,0.0,0.0,0.0,0.0,0,0
200,4,46,scale_free,0.3,2524110138,140,60,1,0,139,0,0,0,0,0.0,0.007142857142857143,0.0,0.007142857142857143,0.007142857142857143,0.007142857142857143,0.007142857142857143,0.007142857142857143,0.0,0,0
200,4,46,er,0.4,2524110138,120,80,3,2,115,2,2,1,2,2.0,0.025,0.016666666666666666,0.041666666666666664,0.041666666666666664,0.041666666666666664,0.041666666666666664,0.041666666666666664,0.016666666666666666,1,1
200,4,46,ring,0.4,2524110138,120,80,0,17,103,14,14,3,12,5.666666666666667,0.0,0.14166666666666666,0.14166666666666666,0.11666666666666667,0.11666666666666667,0.016666666666666666,0.016666666666666666,0.1,1,1
200,4,46,small_world,0.4,2524110138,120,80,1,2,117,2,2,1,2,2.0,0.008333333333333333,0.016666666666666666,0.025,0.025,0.025,0.025,0.025,0.016666666666666666,1,1
200,4,46,scale_free,0.4,2524110138,120,80,1,0,119,0,0,0,0,0.0,0.008333333333333333,0.0,0.008333333333333333,0.008333333333333333,0.008333333333333333,0.008333333333333333,0.008333333333333333,0.0,0,0
200,4,46,er,0.5,2524110138,100,100,3,0,97,0,0,0,0,0.0,0.03,0.0,0.03,0.03,0.03,0.03,0.03,0.0,0,0
200,4,46,ring,0.5,2524110138,100,100,1,30,69,11,11,4,12,7.5,0.01,0.3,0.31,0.12,0.12,0.12,0.12,0.12,1,1
200,4,46,small_world,0.5,2524110138,100,100,4,0,96,0,0,0,0,0.0,0.04,0.0,0.04,0.04,0.04,0.04,0.04,0.0,0,0
200,4,46,scale_free,0.5,2524110138,100,100,2,79,19,2,2,2,77,39.5,0.02,0.79,0.81,0.04,0.04,0.04,0.04,0.77,1,1
200,4,46,er,0.6,2524110138,80,120,1,78,1,0,0,1,78,78.0,0.0125,0.975,0.9875,0.0125,0.0125,0.0125,0.0125,0.975,0,0
200,4,46,ring,0.6,2524110138,80,120,3,68,9,20,20,8,40,8.5,0.0375,0.85,0.8875,0.2875,0.2875,0.2875,0.2875,0.5,1,1
200,4,46,small_world,0.6,2524110138,80,120,3,75,2,6,6,3,69,25.0,0.0375,0.9375,0.975,0.1125,0.1125,0.1125,0.1125,0.8625,1,1
200,4,46,scale_free,0.6,2524110138,80,120,0,70,10,0,0,1,70,70.0,0.0,0.875,0.875,0.0,0.0,0.0,0.0,0.875,0,0
200,4,46,er,0.7,2524110138,60,140,6,53,1,53,53,2,45,26.5,0.1,0.8833333333333333,0.9833333333333333,0.9833333333333333,0.9833333333333333,0.23333333333333334,0.23333333333333334,0.75,1,1
200,4,46,ring,0.7,2524110138,60,140,1,49,10,49,49,13,15,3.769230769230769,0.016666666666666666,0.8166666666666667,0.8333333333333334,0.8333333333333334,0.8333333333333334,0.5833333333333334,0.5833333333333334,0.25,1,1
200,4,46,small_world,0.7,2524110138,60,140,2,58,0,15,15,4,43,14.5,0.03333333333333333,0.9666666666666667,1.0,0.2833333333333333,0.2833333333333333,0.2833333333333333,0.2833333333333333,0.7166666666666667,1,1
200,4,46,scale_free,0.7,2524110138,60,140,1,56,3,0,0,1,56,56.0,0.016666666666666666,0.9333333333333333,0.95,0.016666666666666666,0.016666666666666666,0.016666666666666666,0.016666666666666666,0.9333333333333333,0,0
200,4,46,er,0.8,2524110138,40,160,7,32,1,32,32,2,30,16.0,0.175,0.8,0.975,0.975,0.975,0.225,0.225,0.75,1,1
200,4,46,ring,0.8,2524110138,40,160,3,37,0,37,37,12,7,3.0833333333333335,0.075,0.925,1.0,1.0,1.0,1.0,1.0,0.175,1,1
200,4,46,small_world,0.8,2524110138,40,160,4,36,0,26,26,5,17,7.2,0.1,0.9,1.0,0.75,0.75,0.325,0.325,0.425,1,1
200,4,46,scale_free,0.8,2524110138,40,160,5,34,1,0,0,1,34,34.0,0.125,0.85,0.975,0.125,0.125,0.125,0.125,0.85,0,0
200,4,46,er,0.9,2524110138,20,180,14,6,0,6,6,2,4,3.0,0.7,0.3,1.0,1.0,1.0,1.0,1.0,0.2,1,1
200,4,46,ring,0.9,2524110138,20,180,8,12,0,12,12,5,3,2.4,0.4,0.6,1.0,1.0,1.0,1.0,1.0,0.15,1,1
200,4,46,small_world,0.9,2524110138,20,180,6,14,0,9,9,4,5,3.5,0.3,0.7,1.0,0.75,0.75,0.75,0.75,0.25,1,1
200,4,46,scale_free,0.9,2524110138,20,180,2,18,0,18,18,1,18,18.0,0.1,0.9,1.0,1.0,1.0,0.1,0.1,0.9,1,1
200,4,47,er,0.1,297591251,180,20,4,0,176,0,0,0,0,0.0,0.022222222222222223,0.0,0.022222222222222223,0.022222222222222223,0.022222222222222223,0.022222222222222223,0.022222222222222223,0.0,0,0
200,4,47,ring,0.1,297591251,180,20,0,0,180,0,0,0,0,0.0,0.0,0.0,0.0,0.0,0.0,0.0,0.0,0.0,0,0
200,4,47,small_world,0.1,297591251,180,20,0,0,180,0,0,0,0,0.0,0.0,0.0,0.0,0.0,0.0,0.0,0.0,0.0,0,0
200,4,47,scale_free,0.1,297591251,180,20,1,0,179,0,0,0,0,0.0,0.005555555555555556,0.0,0.005555555555555556,0.005555555555555556,0.005555555555555556,0.005555555555555556,0.005555555555555556,0.0,0,0
200,4,47,er,0.2,297591251,160,40,5,0,155,0,0,0,0,0.0,0.03125,0.0,0.03125,0.03125,0.03125,0.03125,0.03125,0.0,0,0
200,4,47,ring,0.2,297591251,160,40,0,0,160,0,0,0,0,0.0,0.0,0.0,0.0,0.0,0.0,0.0,0.0,0.0,0,0
200,4,47,small_world,0.2,297591251,160,40,0,0,160,0,0,0,0,0.0,0.0,0.0,0.0,0.0,0.0,0.0,0.0,0.0,0,0
200,4,47,scale_free,0.2,297591251,160,40,2,0,158,0,0,0,0,0.0,0.0125,0.0,0.0125,0.0125,0.0125,0.0125,0.0125,0.0,0,0
200,4,47,er,0.3,297591251,140,60,6,0,134,0,0,0,0,0.0,0.04285714285714286,0.0,0.04285714285714286,0.04285714285714286,0.04285714285714286,0.04285714285714286,0.04285714285714286,0.0,0,0
200,4,47,ring,0.3,297591251,140,60,0,11,129,6,6,3,5,3.6666666666666665,0.0,0.07857142857142857,0.07857142857142857,0.04285714285714286,0.04285714285714286,0.04285714285714286,0.04285714285714286,0.03571428571428571,1,1
200,4,47,small_world,0.3,297591251,140,60,1,0,139,0,0,0,0,0.0,0.007142857142857143,0.0,0.007142857142857143,0.007142857142857143,0.007142857142857143,0.007142857142857143,0.007142857142857143,0.0,0,0
200,4,47,scale_free,0.3,297591251,140,60,2,0,138,0,0,0,0,0.0,0.014285714285714285,0.0,0.014285714285714285,0.014285714285714285,0.014285714285714285,0.014285714285714285,0.014285714285714285,0.0,0,0
200,4,47,er,0.4,297591251,120,80,5,3,112,3,3,1,3,3.0,0.041666666666666664,0.025,0.06666666666666667,0.06666666666666667,0.06666666666666667,0.06666666666666667,0.06666666666666667,0.025,1,1
200,4,47,ring,0.4,297591251,120,80,1,25,94,11,11,5,11,5.0,0.008333333333333333,0.20833333333333334,0.21666666666666667,0.1,0.1,0.1,0.1,0.09166666666666666,1,1
200,4,47,small_world,0.4,297591251,120,80,1,7,112,2,2,2,5,3.5,0.008333333333333333,0.058333333333333334,0.06666666666666667,0.025,0.025,0.025,0.025,0.041666666666666664,1,1
200,4,47,scale_free,0.4,297591251,120,80,3,0,117,0,0,0,0,0.0,0.025,0.0,0.025,0.025,0.025,0.025,0.025,0.0,0,0
200,4,47,er,0.5,297591251,100,100,5,81,14,5,5,3,76,27.0,0.05,0.81,0.86,0.1,0.1,0.1,0.1,0.76,1,1
200,4,47,ring,0.5,297591251,100,100,2,27,71,17,17,7,9,3.857142857142857,0.02,0.27,0.29,0.19,0.19,0.19,0.19,0.09,1,1
200,4,47,small_world,0.5,297591251,100,100,0,9,91,9,9,3,4,3.0,0.0,0.09,0.09,0.09,0.09,0.09,0.09,0.04,1,1
200,4,47,scale_free,0.5,297591251,100,100,6,0,94,0,0,0,0,0.0,0.06,0.0,0.06,0.06,0.06,0.06,0.06,0.0,0,0
200,4,47,er,0.6,297591251,80,120,6,68,6,6,6,3,62,22.666666666666668,0.075,0.85,0.925,0.15,0.15,0.15,0.15,0.775,1,1
200,4,47,ring,0.6,297591251,80,120,1,58,21,41,41,10,17,5.8,0.0125,0.725,0.7375,0.525,0.525,0.3125,0.3125,0.2125,1,1
200,4,47,small_world,0.6,297591251,80,120,1,63,16,8,8,5,43,12.6,0.0125,0.7875,0.8,0.1125,0.1125,0.1125,0.1125,0.5375,1,1
200,4,47,scale_free,0.6,297591251,80,120,4,71,5,0,0,1,71,71.0,0.05,0.8875,0.9375,0.05,0.05,0.05,0.05,0.8875,0,0
200,4,47,er,0.7,297591251,60,140,4,51,5,51,51,1,51,51.0,0.06666666666666667,0.85,0.9166666666666666,0.9166666666666666,0.9166666666666666,0.06666666666666667,0.06666666666666667,0.85,1,1
200,4,47,ring,0.7,297591251,60,140,4,54,2,30,30,11,10,4.909090909090909,0.06666666666666667,0.9,0.9666666666666667,0.5666666666666667,0.5666666666666667,0.5666666666666667,0.5666666666666667,0.16666666666666666,1,1
200,4,47,small_world,0.7,297591251,60,140,3,55,2,14,24,6,24,9.166666666666666,0.05,0.9166666666666666,0.9666666666666667,0.2833333333333333,0.45,0.2833333333333333,0.45,0.4,1,1
200,4,47,scale_free,0.7,297591251,60,140,2,57,1,0,0,1,57,57.0,0.03333333333333333,0.95,0.9833333333333333,0.03333333333333333,0.03333333333333333,0.03333333333333333,0.03333333333333333,0.95,0,0
200,4,47,er,0.8,297591251,40,160,6,33,1,33,33,2,31,16.5,0.15,0.825,0.975,0.975,0.975,0.2,0.2,0.775,1,1
200,4,47,ring,0.8,297591251,40,160,10,30,0,30,30,8,11,3.75,0.25,0.75,1.0,1.0,1.0,0.725,0.725,0.275,1,1
200,4,47,small_world,0.8,297591251,40,160,10,30,0,30,30,6,11,5.0,0.25,0.75,1.0,1.0,1.0,0.725,0.725,0.275,1,1
200,4,47,scale_free,0.8,297591251,40,160,3,37,0,0,0,1,37,37.0,0.075,0.925,1.0,0.075,0.075,0.075,0.075,0.925,0,0
200,4,47,er,0.9,297591251,20,180,4,16,0,16,16,4,8,4.0,0.2,0.8,1.0,1.0,1.0,1.0,1.0,0.4,1,1
200,4,47,ring,0.9,297591251,20,180,4,16,0,16,16,6,5,2.6666666666666665,0.2,0.8,1.0,1.0,1.0,1.0,1.0,0.25,1,1
200,4,47,small_world,0.9,297591251,20,180,4,16,0,16,16,5,6,3.2,0.2,0.8,1.0,1.0,1.0,1.0,1.0,0.3,1,1
200,4,47,scale_free,0.9,297591251,20,180,6,14,0,14,14,3,7,4.666666666666667,0.3,0.7,1.0,1.0,1.0,1.0,1.0,0.35,1,1
200,4,48,er,0.1,1734422171,180,20,0,0,180,0,0,0,0,0.0,0.0,0.0,0.0,0.0,0.0,0.0,0.0,0.0,0,0
200,4,48,ring,0.1,1734422171,180,20,0,0,180,0,0,0,0,0.0,0.0,0.0,0.0,0.0,0.0,0.0,0.0,0.0,0,0
200,4,48,small_world,0.1,1734422171,180,20,0,0,180,0,0,0,0,0.0,0.0,0.0,0.0,0.0,0.0,0.0,0.0,0.0,0,0
200,4,48,scale_free,0.1,1734422171,180,20,1,0,179,0,0,0,0,0.0,0.005555555555555556,0.0,0.005555555555555556,0.005555555555555556,0.005555555555555556,0.005555555555555556,0.005555555555555556,0.0,0,0
200,4,48,er,0.2,1734422171,160,40,2,0,158,0,0,0,0,0.0,0.0125,0.0,0.0125,0.0125,0.0125,0.0125,0.0125,0.0,0,0
200,4,48,ring,0.2,1734422171,160,40,0,0,160,0,0,0,0,0.0,0.0,0.0,0.0,0.0,0.0,0.0,0.0,0.0,0,0
200,4,48,small_world,0.2,1734422171,160,40,0,0,160,0,0,0,0,0.0,0.0,0.0,0.0,0.0,0.0,0.0,0.0,0.0,0,0
200,4,48,scale_free,0.2,1734422171,160,40,1,0,159,0,0,0,0,0.0,0.00625,0.0,0.00625,0.00625,0.00625,0.00625,0.00625,0.0,0,0
200,4,48,er,0.3,1734422171,140,60,2,0,138,0,0,0,0,0.0,0.014285714285714285,0.0,0.014285714285714285,0.014285714285714285,0.014285714285714285,0.014285714285714285,0.014285714285714285,0.0,0,0
200,4,48,ring,0.3,1734422171,140,60,0,0,140,0,0,0,0,0.0,0.0,0.0,0.0,0.0,0.0,0.0,0.0,0.0,0,0
200,4,48,small_world,0.3,1734422171,140,60,0,0,140,0,0,0,0,0.0,0.0,0.0,0.0,0.0,0.0,0.0,0.0,0.0,0,0
200,4,48,scale_free,0.3,1734422171,140,60,1,0,139,0,0,0,0,0.0,0.007142857142857143,0.0,0.007142857142857143,0.007142857142857143,0.007142857142857143,0.007142857142857143,0.007142857142857143,0.0,0,0
200,4,48,er,0.4,1734422171,120,80,4,0,116,0,0,0,0,0.0,0.03333333333333333,0.0,0.03333333333333333,0.03333333333333333,0.03333333333333333,0.03333333333333333,0.03333333333333333,0.0,0,0
200,4,48,ring,0.4,1734422171,120,80,0,23,97,0,0,2,14,11.5,0.0,0.19166666666666668,0.19166666666666668,0.0,0.0,0.0,0.0,0.11666666666666667,0,0
200,4,48,small_world,0.4,1734422171,120,80,0,0,120,0,0,0,0,0.0,0.0,0.0,0.0,0.0,0.0,0.0,0.0,0.0,0,0
200,4,48,scale_free,0.4,1734422171,120,80,1,0,119,0,0,0,0,0.0,0.008333333333333333,0.0,0.008333333333333333,0.008333333333333333,0.008333333333333333,0.008333333333333333,0.008333333333333333,0.0,0,0
200,4,48,er,0.5,1734422171,100,100,5,6,89,6,6,2,4,3.0,0.05,0.06,0.11,0.11,0.11,0.11,0.11,0.04,1,1
200,4,48,ring,0.5,1734422171,100,100,0,58,42,24,24,8,11,7.25,0.0,0.58,0.58,0.24,0.24,0.13,0.13,0.11,1,1
200,4,48,small_world,0.5,1734422171,100,100,0,85,15,17,17,5,59,17.0,0.0,0.85,0.85,0.17,0.17,0.06,0.06,0.59,1,1
200,4,48,scale_free,0.5,1734422171,100,100,4,0,96,0,0,0,0,0.0,0.04,0.0,0.04,0.04,0.04,0.04,0.04,0.0,0,0
200,4,48,er,0.6,1734422171,80,120,4,71,5,5,5,3,66,23.666666666666668,0.05,0.8875,0.9375,0.1125,0.1125,0.1125,0.1125,0.825,1,1
200,4,48,ring,0.6,1734422171,80,120,2,76,2,31,31,11,10,6.909090909090909,0.025,0.95,0.975,0.4125,0.4125,0.4125,0.4125,0.125,1,1
200,4,48,small_world,0.6,1734422171,80,120,1,72,7,62,62,7,47,10.285714285714286,0.0125,0.9,0.9125,0.7875,0.7875,0.2,0.2,0.5875,1,1
200,4,48,scale_free,0.6,1734422171,80,120,4,67,9,0,0,1,67,67.0,0.05,0.8375,0.8875,0.05,0.05,0.05,0.05,0.8375,0,0
200,4,48,er,0.7,1734422171,60,140,4,55,1,55,55,2,52,27.5,0.06666666666666667,0.9166666666666666,0.9833333333333333,0.9833333333333333,0.9833333333333333,0.11666666666666667,0.11666666666666667,0.8666666666666667,1,1
200,4,48,ring,0.7,1734422171,60,140,5,55,0,40,40,9,15,6.111111111111111,0.08333333333333333,0.9166666666666666,1.0,0.75,0.75,0.55,0.55,0.25,1,1
200,4,48,small_world,0.7,1734422171,60,140,3,55,2,55,55,10,16,5.5,0.05,0.9166666666666666,0.9666666666666667,0.9666666666666667,0.9666666666666667,0.7,0.7,0.26666666666666666,1,1
200,4,48,scale_free,0.7,1734422171,60,140,1,56,3,0,0,1,56,56.0,0.016666666666666666,0.9333333333333333,0.95,0.016666666666666666,0.016666666666666666,0.016666666666666666,0.016666666666666666,0.9333333333333333,0,0
200,4,48,er,0.8,1734422171,40,160,4,36,0,36,36,5,12,7.2,0.1,0.9,1.0,1.0,1.0,0.4,0.4,0.3,1,1
200,4,48,ring,0.8,1734422171,40,160,8,32,0,32,32,11,6,2.909090909090909,0.2,0.8,1.0,1.0,1.0,1.0,1.0,0.15,1,1
200,4,48,small_world,0.8,1734422171,40,160,11,29,0,29,29,10,6,2.9,0.275,0.725,1.0,1.0,1.0,1.0,1.0,0.15,1,1
200,4,48,scale_free,0.8,1734422171,40,160,5,35,0,0,0,1,35,35.0,0.125,0.875,1.0,0.125,0.125,0.125,0.125,0.875,0,0
200,4,48,er,0.9,1734422171,20,180,7,13,0,13,13,5,4,2.6,0.35,0.65,1.0,1.0,1.0,1.0,1.0,0.2,1,1
200,4,48,ring,0.9,1734422171,20,180,10,10,0,10,10,4,4,2.5,0.5,0.5,1.0,1.0,1.0,1.0,1.0,0.2,1,1
200,4,48,small_world,0.9,1734422171,20,180,10,10,0,10,10,4,4,2.5,0.5,0.5,1.0,1.0,1.0,1.0,1.0,0.2,1,1
200,4,48,scale_free,0.9,1734422171,20,180,7,13,0,13,13,4,6,3.25,0.35,0.65,1.0,1.0,1.0,1.0,1.0,0.3,1,1
200,4,49,er,0.1,941434720,180,20,0,0,180,0,0,0,0,0.0,0.0,0.0,0.0,0.0,0.0,0.0,0.0,0.0,0,0
200,4,49,ring,0.1,941434720,180,20,0,0,180,0,0,0,0,0.0,0.0,0.0,0.0,0.0,0.0,0.0,0.0,0.0,0,0
200,4,49,small_world,0.1,941434720,180,20,0,0,180,0,0,0,0,0.0,0.0,0.0,0.0,0.0,0.0,0.0,0.0,0.0,0,0
200,4,49,scale_free,0.1,941434720,180,20,0,0,180,0,0,0,0,0.0,0.0,0.0,0.0,0.0,0.0,0.0,0.0,0.0,0,0
200,4,49,er,0.2,941434720,160,40,2,0,158,0,0,0,0,0.0,0.0125,0.0,0.0125,0.0125,0.0125,0.0125,0.0125,0.0,0,0
200,4,49,ring,0.2,941434720,160,40,0,0,160,0,0,0,0,0.0,0.0,0.0,0.0,0.0,0.0,0.0,0.0,0.0,0,0
200,4,49,small_world,0.2,941434720,160,40,0,0,160,0,0,0,0,0.0,0.0,0.0,0.0,0.0,0.0,0.0,0.0,0.0,0,0
200,4,49,scale_free,0.2,941434720,160,40,1,0,159,0,0,0,0,0.0,0.00625,0.0,0.00625,0.00625,0.00625,0.00625,0.00625,0.0,0,0
200,4,49,er,0.3,941434720,140,60,3,2,135,2,2,1,2,2.0,0.02142857142857143,0.014285714285714285,0.03571428571428571,0.03571428571428571,0.03571428571428571,0.03571428571428571,0.03571428571428571,0.014285714285714285,1,1
200,4,49,ring,0.3,941434720,140,60,0,3,137,0,0,1,3,3.0,0.0,0.02142857142857143,0.02142857142857143,0.0,0.0,0.0,0.0,0.02142857142857143,0,0
200,4,49,small_world,0.3,941434720,140,60,0,2,138,2,2,1,2,2.0,0.0,0.014285714285714285,0.014285714285714285,0.014285714285714285,0.014285714285714285,0.014285714285714285,0.014285714285714285,0.014285714285714285,1,1
200,4,49,scale_free,0.3,941434720,140,60,5,0,135,0,0,0,0,0.0,0.03571428571428571,0.0,0.03571428571428571,0.03571428571428571,0.03571428571428571,0.03571428571428571,0.03571428571428571,0.0,0,0
200,4,49,er,0.4,941434720,120,80,5,0,115,0,0,0,0,0.0,0.041666666666666664,0.0,0.041666666666666664,0.041666666666666664,0.041666666666666664,0.041666666666666664,0.041666666666666664,0.0,0,0
200,4,49,ring,0.4,941434720,120,80,0,37,83,10,10,7,13,5.285714285714286,0.0,0.30833333333333335,0.30833333333333335,0.08333333333333333,0.08333333333333333,0.08333333333333333,0.08333333333333333,0.10833333333333334,1,1
200,4,49,small_world,0.4,941434720,120,80,1,31,88,7,7,4,18,7.75,0.008333333333333333,0.25833333333333336,0.26666666666666666,0.06666666666666667,0.06666666666666667,0.06666666666666667,0.06666666666666667,0.15,1,1
200,4,49,scale_free,0.4,941434720,120,80,7,0,113,0,0,0,0,0.0,0.058333333333333334,0.0,0.058333333333333334,0.058333333333333334,0.058333333333333334,0.058333333333333334,0.058333333333333334,0.0,0,0
200,4,49,er,0.5,941434720,100,100,1,4,95,4,4,2,2,2.0,0.01,0.04,0.05,0.05,0.05,0.05,0.05,0.02,1,1
200,4,49,ring,0.5,941434720,100,100,0,63,37,26,26,13,15,4.846153846153846,0.0,0.63,0.63,0.26,0.26,0.26,0.26,0.15,1,1
200,4,49,small_world,0.5,941434720,100,100,2,44,54,22,22,7,16,6.285714285714286,0.02,0.44,0.46,0.24,0.24,0.08,0.08,0.16,1,1
200,4,49,scale_free,0.5,941434720,100,100,1,2,97,2,2,1,2,2.0,0.01,0.02,0.03,0.03,0.03,0.03,0.03,0.02,1,1
200,4,49,er,0.6,941434720,80,120,2,70,8,2,2,2,68,35.0,0.025,0.875,0.9,0.05,0.05,0.05,0.05,0.85,1,1
200,4,49,ring,0.6,941434720,80,120,2,69,9,21,21,12,21,5.75,0.025,0.8625,0.8875,0.2875,0.2875,0.2875,0.2875,0.2625,1,1
200,4,49,small_world,0.6,941434720,80,120,2,75,3,4,4,5,57,15.0,0.025,0.9375,0.9625,0.075,0.075,0.075,0.075,0.7125,1,1
200,4,49,scale_free,0.6,941434720,80,120,4,71,5,0,0,1,71,71.0,0.05,0.8875,0.9375,0.05,0.05,0.05,0.05,0.8875,0,0
200,4,49,er,0.7,941434720,60,140,5,52,3,52,52,3,47,17.333333333333332,0.08333333333333333,0.8666666666666667,0.95,0.95,0.95,0.16666666666666666,0.16666666666666666,0.7833333333333333,1,1
200,4,49,ring,0.7,941434720,60,140,3,50,7,36,36,11,14,4.545454545454546,0.05,0.8333333333333334,0.8833333333333333,0.65,0.65,0.65,0.65,0.23333333333333334,1,1
200,4,49,small_world,0.7,941434720,60,140,2,57,1,6,6,2,51,28.5,0.03333333333333333,0.95,0.9833333333333333,0.13333333333333333,0.13333333333333333,0.13333333333333333,0.13333333333333333,0.85,1,1
200,4,49,scale_free,0.7,941434720,60,140,5,51,4,0,0,1,51,51.0,0.08333333333333333,0.85,0.9333333333333333,0.08333333333333333,0.08333333333333333,0.08333333333333333,0.08333333333333333,0.85,0,0
200,4,49,er,0.8,941434720,40,160,9,30,1,30,30,2,27,15.0,0.225,0.75,0.975,0.975,0.975,0.3,0.3,0.675,1,1
200,4,49,ring,0.8,941434720,40,160,4,36,0,30,30,9,6,4.0,0.1,0.9,1.0,0.85,0.85,0.85,0.85,0.15,1,1
200,4,49,small_world,0.8,941434720,40,160,1,39,0,39,39,4,18,9.75,0.025,0.975,1.0,1.0,1.0,0.55,0.55,0.45,1,1
200,4,49,scale_free,0.8,941434720,40,160,7,32,1,0,0,1,32,32.0,0.175,0.8,0.975,0.175,0.175,0.175,0.175,0.8,0,0
200,4,49,er,0.9,941434720,20,180,6,14,0,14,14,4,8,3.5,0.3,0.7,1.0,1.0,1.0,1.0,1.0,0.4,1,1
200,4,49,ring,0.9,941434720,20,180,6,14,0,14,14,6,3,2.3333333333333335,0.3,0.7,1.0,1.0,1.0,1.0,1.0,0.15,1,1
200,4,49,small_world,0.9,941434720,20,180,6,14,0,14,14,6,3,2.3333333333333335,0.3,0.7,1.0,1.0,1.0,1.0,1.0,0.15,1,1
200,4,49,scale_free,0.9,941434720,20,180,6,14,0,14,14,2,11,7.0,0.3,0.7,1.0,1.0,1.0,0.45,0.45,0.55,1,1
200,4,50,er,0.1,1498546629,180,20,0,0,180,0,0,0,0,0.0,0.0,0.0,0.0,0.0,0.0,0.0,0.0,0.0,0,0
200,4,50,ring,0.1,1498546629,180,20,0,0,180,0,0,0,0,0.0,0.0,0.0,0.0,0.0,0.0,0.0,0.0,0.0,0,0
200,4,50,small_world,0.1,1498546629,180,20,0,0,180,0,0,0,0,0.0,0.0,0.0,0.0,0.0,0.0,0.0,0.0,0.0,0,0
200,4,50,scale_free,0.1,1498546629,180,20,1,0,179,0,0,0,0,0.0,0.005555555555555556,0.0,0.005555555555555556,0.005555555555555556,0.005555555555555556,0.005555555555555556,0.005555555555555556,0.0,0,0
200,4,50,er,0.2,1498546629,160,40,2,0,158,0,0,0,0,0.0,0.0125,0.0,0.0125,0.0125,0.0125,0.0125,0.0125,0.0,0,0
200,4,50,ring,0.2,1498546629,160,40,0,10,150,10,10,3,6,3.3333333333333335,0.0,0.0625,0.0625,0.0625,0.0625,0.0625,0.0625,0.0375,1,1
200,4,50,small_world,0.2,1498546629,160,40,0,0,160,0,0,0,0,0.0,0.0,0.0,0.0,0.0,0.0,0.0,0.0,0.0,0,0
200,4,50,scale_free,0.2,1498546629,160,40,0,0,160,0,0,0,0,0.0,0.0,0.0,0.0,0.0,0.0,0.0,0.0,0.0,0,0
200,4,50,er,0.3,1498546629,140,60,2,0,138,0,0,0,0,0.0,0.014285714285714285,0.0,0.014285714285714285,0.014285714285714285,0.014285714285714285,0.014285714285714285,0.014285714285714285,0.0,0,0
200,4,50,ring,0.3,1498546629,140,60,0,10,130,10,10,4,4,2.5,0.0,0.07142857142857142,0.07142857142857142,0.07142857142857142,0.07142857142857142,0.07142857142857142,0.07142857142857142,0.02857142857142857,1,1
200,4,50,small_world,0.3,1498546629,140,60,1,0,139,0,0,0,0,0.0,0.007142857142857143,0.0,0.007142857142857143,0.007142857142857143,0.007142857142857143,0.007142857142857143,0.007142857142857143,0.0,0,0
200,4,50,scale_free,0.3,1498546629,140,60,0,0,140,0,0,0,0,0.0,0.0,0.0,0.0,0.0,0.0,0.0,0.0,0.0,0,0
200,4,50,er,0.4,1498546629,120,80,1,0,119,0,0,0,0,0.0,0.008333333333333333,0.0,0.008333333333333333,0.008333333333333333,0.008333333333333333,0.008333333333333333,0.008333333333333333,0.0,0,0
200,4,50,ring,0.4,1498546629,120,80,0,17,103,4,4,3,13,5.666666666666667,0.0,0.14166666666666666,0.14166666666666666,0.03333333333333333,0.03333333333333333,0.03333333333333333,0.03333333333333333,0.10833333333333334,1,1
200,4,50,small_world,0.4,1498546629,120,80,0,0,120,0,0,0,0,0.0,0.0,0.0,0.0,0.0,0.0,0.0,0.0,0.0,0,0
200,4,50,scale_free,0.4,1498546629,120,80,1,0,119,0,0,0,0,0.0,0.008333333333333333,0.0,0.008333333333333333,0.008333333333333333,0.008333333333333333,0.008333333333333333,0.008333333333333333,0.0,0,0
200,4,50,er,0.5,1498546629,100,100,2,0,98,0,0,0,0,0.0,0.02,0.0,0.02,0.02,0.02,0.02,0.02,0.0,0,0
200,4,50,ring,0.5,1498546629,100,100,0,37,63,0,0,2,19,18.5,0.0,0.37,0.37,0.0,0.0,0.0,0.0,0.19,0,0
200,4,50,small_world,0.5,1498546629,100,100,0,0,100,0,0,0,0,0.0,0.0,0.0,0.0,0.0,0.0,0.0,0.0,0.0,0,0
200,4,50,scale_free,0.5,1498546629,100,100,3,2,95,2,2,1,2,2.0,0.03,0.02,0.05,0.05,0.05,0.05,0.05,0.02,1,1
200,4,50,er,0.6,1498546629,80,120,0,70,10,0,0,1,70,70.0,0.0,0.875,0.875,0.0,0.0,0.0,0.0,0.875,0,0
200,4,50,ring,0.6,1498546629,80,120,0,80,0,55,55,9,22,8.88888888888889,0.0,1.0,1.0,0.6875,0.6875,0.4125,0.4125,0.275,1,1
200,4,50,small_world,0.6,1498546629,80,120,0,80,0,14,14,3,66,26.666666666666668,0.0,1.0,1.0,0.175,0.175,0.025,0.025,0.825,1,1
200,4,50,scale_free,0.6,1498546629,80,120,3,72,5,3,3,2,69,36.0,0.0375,0.9,0.9375,0.075,0.075,0.075,0.075,0.8625,1,1
200,4,50,er,0.7,1498546629,60,140,3,52,5,2,2,2,50,26.0,0.05,0.8666666666666667,0.9166666666666666,0.08333333333333333,0.08333333333333333,0.08333333333333333,0.08333333333333333,0.8333333333333334,1,1
200,4,50,ring,0.7,1498546629,60,140,2,58,0,52,52,12,12,4.833333333333333,0.03333333333333333,0.9666666666666667,1.0,0.9,0.9,0.7,0.7,0.2,1,1
200,4,50,small_world,0.7,1498546629,60,140,1,59,0,48,48,8,18,7.375,0.016666666666666666,0.9833333333333333,1.0,0.8166666666666667,0.8166666666666667,0.3,0.3,0.3,1,1
200,4,50,scale_free,0.7,1498546629,60,140,6,53,1,0,0,1,53,53.0,0.1,0.8833333333333333,0.9833333333333333,0.1,0.1,0.1,0.1,0.8833333333333333,0,0
200,4,50,er,0.8,1498546629,40,160,4,34,2,34,34,2,30,17.0,0.1,0.85,0.95,0.95,0.95,0.2,0.2,0.75,1,1
200,4,50,ring,0.8,1498546629,40,160,4,36,0,36,36,11,7,3.272727272727273,0.1,0.9,1.0,1.0,1.0,1.0,1.0,0.175,1,1
200,4,50,small_world,0.8,1498546629,40,160,4,36,0,36,36,11,6,3.272727272727273,0.1,0.9,1.0,1.0,1.0,1.0,1.0,0.15,1,1
200,4,50,scale_free,0.8,1498546629,40,160,4,35,1,0,0,1,35,35.0,0.1,0.875,0.975,0.1,0.1,0.1,0.1,0.875,0,0
200,4,50,er,0.9,1498546629,20,180,5,15,0,15,15,1,15,15.0,0.25,0.75,1.0,1.0,1.0,0.25,0.25,0.75,1,1
200,4,50,ring,0.9,1498546629,20,180,10,10,0,10,10,3,6,3.3333333333333335,0.5,0.5,1.0,1.0,1.0,1.0,1.0,0.3,1,1
200,4,50,small_world,0.9,1498546629,20,180,8,12,0,12,12,5,3,2.4,0.4,0.6,1.0,1.0,1.0,1.0,1.0,0.15,1,1
200,4,50,scale_free,0.9,1498546629,20,180,4,16,0,16,16,1,16,16.0,0.2,0.8,1.0,1.0,1.0,0.2,0.2,0.8,1,1
200,4,51,er,0.1,495128840,180,20,0,0,180,0,0,0,0,0.0,0.0,0.0,0.0,0.0,0.0,0.0,0.0,0.0,0,0
200,4,51,ring,0.1,495128840,180,20,0,4,176,4,4,2,2,2.0,0.0,0.022222222222222223,0.022222222222222223,0.022222222222222223,0.022222222222222223,0.022222222222222223,0.022222222222222223,0.011111111111111112,1,1
200,4,51,small_world,0.1,495128840,180,20,0,4,176,4,4,2,2,2.0,0.0,0.022222222222222223,0.022222222222222223,0.022222222222222223,0.022222222222222223,0.022222222222222223,0.022222222222222223,0.011111111111111112,1,1
200,4,51,scale_free,0.1,495128840,180,20,0,5,175,5,5,2,3,2.5,0.0,0.027777777777777776,0.027777777777777776,0.027777777777777776,0.027777777777777776,0.027777777777777776,0.027777777777777776,0.016666666666666666,1,1
200,4,51,er,0.2,495128840,160,40,4,0,156,0,0,0,0,0.0,0.025,0.0,0.025,0.025,0.025,0.025,0.025,0.0,0,0
200,4,51,ring,0.2,495128840,160,40,0,4,156,4,4,2,2,2.0,0.0,0.025,0.025,0.025,0.025,0.025,0.025,0.0125,1,1
200,4,51,small_world,0.2,495128840,160,40,1,2,157,2,2,1,2,2.0,0.00625,0.0125,0.01875,0.01875,0.01875,0.01875,0.01875,0.0125,1,1
200,4,51,scale_free,0.2,495128840,160,40,1,0,159,0,0,0,0,0.0,0.00625,0.0,0.00625,0.00625,0.00625,0.00625,0.00625,0.0,0,0
200,4,51,er,0.3,495128840,140,60,4,0,136,0,0,0,0,0.0,0.02857142857142857,0.0,0.02857142857142857,0.02857142857142857,0.02857142857142857,0.02857142857142857,0.02857142857142857,0.0,0,0
200,4,51,ring,0.3,495128840,140,60,0,11,129,7,7,4,4,2.75,0.0,0.07857142857142857,0.07857142857142857,0.05,0.05,0.05,0.05,0.02857142857142857,1,1
200,4,51,small_world,0.3,495128840,140,60,2,8,130,0,0,2,4,4.0,0.014285714285714285,0.05714285714285714,0.07142857142857142,0.014285714285714285,0.014285714285714285,0.014285714285714285,0.014285714285714285,0.02857142857142857,0,0
200,4,51,scale_free,0.3,495128840,140,60,2,0,138,0,0,0,0,0.0,0.014285714285714285,0.0,0.014285714285714285,0.014285714285714285,0.014285714285714285,0.014285714285714285,0.014285714285714285,0.0,0,0
200,4,51,er,0.4,495128840,120,80,4,0,116,0,0,0,0,0.0,0.03333333333333333,0.0,0.03333333333333333,0.03333333333333333,0.03333333333333333,0.03333333333333333,0.03333333333333333,0.0,0,0
200,4,51,ring,0.4,495128840,120,80,0,30,90,15,15,7,7,4.285714285714286,0.0,0.25,0.25,0.125,0.125,0.125,0.125,0.058333333333333334,1,1
200,4,51,small_world,0.4,495128840,120,80,2,14,104,0,0,3,5,4.666666666666667,0.016666666666666666,0.11666666666666667,0.13333333333333333,0.016666666666666666,0.016666666666666666,0.016666666666666666,0.016666666666666666,0.041666666666666664,0,0
200,4,51,scale_free,0.4,495128840,120,80,3,0,117,0,0,0,0,0.0,0.025,0.0,0.025,0.025,0.025,0.025,0.025,0.0,0,0
200,4,51,er,0.5,495128840,100,100,4,84,12,0,0,1,84,84.0,0.04,0.84,0.88,0.04,0.04,0.04,0.04,0.84,0,0
200,4,51,ring,0.5,495128840,100,100,1,68,31,28,28,10,17,6.8,0.01,0.68,0.69,0.29,0.29,0.29,0.29,0.17,1,1
200,4,51,small_world,0.5,495128840,100,100,4,30,66,30,30,5,8,6.0,0.04,0.3,0.34,0.34,0.34,0.34,0.34,0.08,1,1
200,4,51,scale_free,0.5,495128840,100,100,6,75,19,0,0,1,75,75.0,0.06,0.75,0.81,0.06,0.06,0.06,0.06,0.75,0,0
200,4,51,er,0.6,495128840,80,120,6,68,6,4,4,3,64,22.666666666666668,0.075,0.85,0.925,0.125,0.125,0.125,0.125,0.8,1,1
200,4,51,ring,0.6,495128840,80,120,1,69,10,32,32,12,15,5.75,0.0125,0.8625,0.875,0.4125,0.4125,0.4125,0.4125,0.1875,1,1
200,4,51,small_world,0.6,495128840,80,120,2,67,11,26,26,9,41,7.444444444444445,0.025,0.8375,0.8625,0.35,0.35,0.35,0.35,0.5125,1,1
200,4,51,scale_free,0.6,495128840,80,120,4,65,11,0,0,1,65,65.0,0.05,0.8125,0.8625,0.05,0.05,0.05,0.05,0.8125,0,0
200,4,51,er,0.7,495128840,60,140,6,52,2,52,52,4,46,13.0,0.1,0.8666666666666667,0.9666666666666667,0.9666666666666667,0.9666666666666667,0.2,0.2,0.7666666666666667,1,1
200,4,51,ring,0.7,495128840,60,140,3,56,1,42,42,12,10,4.666666666666667,0.05,0.9333333333333333,0.9833333333333333,0.75,0.75,0.75,0.75,0.16666666666666666,1,1
200,4,51,small_world,0.7,495128840,60,140,2,51,7,8,8,3,43,17.0,0.03333333333333333,0.85,0.8833333333333333,0.16666666666666666,0.16666666666666666,0.16666666666666666,0.16666666666666666,0.7166666666666667,1,1
200,4,51,scale_free,0.7,495128840,60,140,4,49,7,0,0,1,49,49.0,0.06666666666666667,0.8166666666666667,0.8833333333333333,0.06666666666666667,0.06666666666666667,0.06666666666666667,0.06666666666666667,0.8166666666666667,0,0
200,4,51,er,0.8,495128840,40,160,4,35,1,35,35,2,33,17.5,0.1,0.875,0.975,0.975,0.975,0.15,0.15,0.825,1,1
200,4,51,ring,0.8,495128840,40,160,6,34,0,34,34,9,9,3.7777777777777777,0.15,0.85,1.0,1.0,1.0,1.0,1.0,0.225,1,1
200,4,51,small_world,0.8,495128840,40,160,4,36,0,31,31,6,17,6.0,0.1,0.9,1.0,0.875,0.875,0.45,0.45,0.425,1,1
200,4,51,scale_free,0.8,495128840,40,160,2,38,0,0,0,1,38,38.0,0.05,0.95,1.0,0.05,0.05,0.05,0.05,0.95,0,0
200,4,51,er,0.9,495128840,20,180,6,13,1,13,13,2,11,6.5,0.3,0.65,0.95,0.95,0.95,0.4,0.4,0.55,1,1
200,4,51,ring,0.9,495128840,20,180,6,14,0,14,14,4,5,3.5,0.3,0.7,1.0,1.0,1.0,1.0,1.0,0.25,1,1
200,4,51,small_world,0.9,495128840,20,180,4,16,0,16,16,6,4,2.6666666666666665,0.2,0.8,1.0,1.0,1.0,1.0,1.0,0.2,1,1
200,4,51,scale_free,0.9,495128840,20,180,0,20,0,20,20,1,20,20.0,0.0,1.0,1.0,1.0,1.0,0.0,0.0,1.0,1,1
200,4,52,er,0.1,2204928489,180,20,0,0,180,0,0,0,0,0.0,0.0,0.0,0.0,0.0,0.0,0.0,0.0,0.0,0,0
200,4,52,ring,0.1,2204928489,180,20,0,0,180,0,0,0,0,0.0,0.0,0.0,0.0,0.0,0.0,0.0,0.0,0.0,0,0
200,4,52,small_world,0.1,2204928489,180,20,0,0,180,0,0,0,0,0.0,0.0,0.0,0.0,0.0,0.0,0.0,0.0,0.0,0,0
200,4,52,scale_free,0.1,2204928489,180,20,0,0,180,0,0,0,0,0.0,0.0,0.0,0.0,0.0,0.0,0.0,0.0,0.0,0,0
200,4,52,er,0.2,2204928489,160,40,1,0,159,0,0,0,0,0.0,0.00625,0.0,0.00625,0.00625,0.00625,0.00625,0.00625,0.0,0,0
200,4,52,ring,0.2,2204928489,160,40,0,2,158,2,2,1,2,2.0,0.0,0.0125,0.0125,0.0125,0.0125,0.0125,0.0125,0.0125,1,1
200,4,52,small_world,0.2,2204928489,160,40,0,5,155,0,0,1,5,5.0,0.0,0.03125,0.03125,0.0,0.0,0.0,0.0,0.03125,0,0
200,4,52,scale_free,0.2,2204928489,160,40,1,0,159,0,0,0,0,0.0,0.00625,0.0,0.00625,0.00625,0.00625,0.00625,0.00625,0.0,0,0
200,4,52,er,0.3,2204928489,140,60,2,0,138,0,0,0,0,0.0,0.014285714285714285,0.0,0.014285714285714285,0.014285714285714285,0.014285714285714285,0.014285714285714285,0.014285714285714285,0.0,0,0
200,4,52,ring,0.3,2204928489,140,60,0,0,140,0,0,0,0,0.0,0.0,0.0,0.0,0.0,0.0,0.0,0.0,0.0,0,0
200,4,52,small_world,0.3,2204928489,140,60,0,0,140,0,0,0,0,0.0,0.0,0.0,0.0,0.0,0.0,0.0,0.0,0.0,0,0
200,4,52,scale_free,0.3,2204928489,140,60,3,0,137,0,0,0,0,0.0,0.02142857142857143,0.0,0.02142857142857143,0.02142857142857143,0.02142857142857143,0.02142857142857143,0.02142857142857143,0.0,0,0
200,4,52,er,0.4,2204928489,120,80,2,0,118,0,0,0,0,0.0,0.016666666666666666,0.0,0.016666666666666666,0.016666666666666666,0.016666666666666666,0.016666666666666666,0.016666666666666666,0.0,0,0
200,4,52,ring,0.4,2204928489,120,80,0,14,106,14,14,2,10,7.0,0.0,0.11666666666666667,0.11666666666666667,0.11666666666666667,0.11666666666666667,0.11666666666666667,0.11666666666666667,0.08333333333333333,1,1
200,4,52,small_world,0.4,2204928489,120,80,1,0,119,0,0,0,0,0.0,0.008333333333333333,0.0,0.008333333333333333,0.008333333333333333,0.008333333333333333,0.008333333333333333,0.008333333333333333,0.0,0,0
200,4,52,scale_free,0.4,2204928489,120,80,5,0,115,0,0,0,0,0.0,0.041666666666666664,0.0,0.041666666666666664,0.041666666666666664,0.041666666666666664,0.041666666666666664,0.041666666666666664,0.0,0,0
200,4,52,er,0.5,2204928489,100,100,4,81,15,0,0,1,81,81.0,0.04,0.81,0.85,0.04,0.04,0.04,0.04,0.81,0,0
200,4,52,ring,0.5,2204928489,100,100,1,47,52,26,26,7,14,6.714285714285714,0.01,0.47,0.48,0.27,0.27,0.27,0.27,0.14,1,1
200,4,52,small_world,0.5,2204928489,100,100,3,41,56,5,5,3,36,13.666666666666666,0.03,0.41,0.44,0.08,0.08,0.08,0.08,0.36,1,1
200,4,52,scale_free,0.5,2204928489,100,100,4,0,96,0,0,0,0,0.0,0.04,0.0,0.04,0.04,0.04,0.04,0.04,0.0,0,0
200,4,52,er,0.6,2204928489,80,120,5,69,6,69,69,1,69,69.0,0.0625,0.8625,0.925,0.925,0.925,0.0625,0.0625,0.8625,1,1
200,4,52,ring,0.6,2204928489,80,120,2,44,34,34,34,7,15,6.285714285714286,0.025,0.55,0.575,0.45,0.45,0.2625,0.2625,0.1875,1,1
200,4,52,small_world,0.6,2204928489,80,120,3,40,37,8,8,6,17,6.666666666666667,0.0375,0.5,0.5375,0.1375,0.1375,0.1375,0.1375,0.2125,1,1
200,4,52,scale_free,0.6,2204928489,80,120,5,67,8,0,0,1,67,67.0,0.0625,0.8375,0.9,0.0625,0.0625,0.0625,0.0625,0.8375,0,0
200,4,52,er,0.7,2204928489,60,140,6,50,4,50,50,4,44,12.5,0.1,0.8333333333333334,0.9333333333333333,0.9333333333333333,0.9333333333333333,0.2,0.2,0.7333333333333333,1,1
200,4,52,ring,0.7,2204928489,60,140,2,57,1,48,48,14,7,4.071428571428571,0.03333333333333333,0.95,0.9833333333333333,0.8333333333333334,0.8333333333333334,0.8333333333333334,0.8333333333333334,0.11666666666666667,1,1
200,4,52,small_world,0.7,2204928489,60,140,4,53,3,20,20,9,22,5.888888888888889,0.06666666666666667,0.8833333333333333,0.95,0.4,0.4,0.4,0.4,0.36666666666666664,1,1
200,4,52,scale_free,0.7,2204928489,60,140,5,50,5,3,3,2,47,25.0,0.08333333333333333,0.8333333333333334,0.9166666666666666,0.13333333333333333,0.13333333333333333,0.13333333333333333,0.13333333333333333,0.7833333333333333,1,1
200,4,52,er,0.8,2204928489,40,160,7,31,2,31,31,1,31,31.0,0.175,0.775,0.95,0.95,0.95,0.175,0.175,0.775,1,1
200,4,52,ring,0.8,2204928489,40,160,5,35,0,32,32,12,4,2.9166666666666665,0.125,0.875,1.0,0.925,0.925,0.925,0.925,0.1,1,1
200,4,52,small_world,0.8,2204928489,40,160,6,34,0,31,31,10,6,3.4,0.15,0.85,1.0,0.925,0.925,0.925,0.925,0.15,1,1
200,4,52,scale_free,0.8,2204928489,40,160,6,33,1,3,3,2,30,16.5,0.15,0.825,0.975,0.225,0.225,0.225,0.225,0.75,1,1
200,4,52,er,0.9,2204928489,20,180,6,13,1,13,13,2,11,6.5,0.3,0.65,0.95,0.95,0.95,0.4,0.4,0.55,1,1
200,4,52,ring,0.9,2204928489,20,180,4,16,0,16,16,7,3,2.2857142857142856,0.2,0.8,1.0,1.0,1.0,1.0,1.0,0.15,1,1
200,4,52,small_world,0.9,2204928489,20,180,4,16,0,16,16,6,4,2.6666666666666665,0.2,0.8,1.0,1.0,1.0,1.0,1.0,0.2,1,1
200,4,52,scale_free,0.9,2204928489,20,180,2,18,0,18,18,2,16,9.0,0.1,0.9,1.0,1.0,1.0,0.2,0.2,0.8,1,1
200,4,53,er,0.1,1620698690,180,20,0,0,180,0,0,0,0,0.0,0.0,0.0,0.0,0.0,0.0,0.0,0.0,0.0,0,0
200,4,53,ring,0.1,1620698690,180,20,0,0,180,0,0,0,0,0.0,0.0,0.0,0.0,0.0,0.0,0.0,0.0,0.0,0,0
200,4,53,small_world,0.1,1620698690,180,20,0,0,180,0,0,0,0,0.0,0.0,0.0,0.0,0.0,0.0,0.0,0.0,0.0,0,0
200,4,53,scale_free,0.1,1620698690,180,20,1,0,179,0,0,0,0,0.0,0.005555555555555556,0.0,0.005555555555555556,0.005555555555555556,0.005555555555555556,0.005555555555555556,0.005555555555555556,0.0,0,0
200,4,53,er,0.2,1620698690,160,40,0,0,160,0,0,0,0,0.0,0.0,0.0,0.0,0.0,0.0,0.0,0.0,0.0,0,0
200,4,53,ring,0.2,1620698690,160,40,0,6,154,6,6,1,6,6.0,0.0,0.0375,0.0375,0.0375,0.0375,0.0375,0.0375,0.0375,1,1
200,4,53,small_world,0.2,1620698690,160,40,0,0,160,0,0,0,0,0.0,0.0,0.0,0.0,0.0,0.0,0.0,0.0,0.0,0,0
200,4,53,scale_free,0.2,1620698690,160,40,2,0,158,0,0,0,0,0.0,0.0125,0.0,0.0125,0.0125,0.0125,0.0125,0.0125,0.0,0,0
200,4,53,er,0.3,1620698690,140,60,2,0,138,0,0,0,0,0.0,0.014285714285714285,0.0,0.014285714285714285,0.014285714285714285,0.014285714285714285,0.014285714285714285,0.014285714285714285,0.0,0,0
200,4,53,ring,0.3,1620698690,140,60,0,5,135,5,5,2,3,2.5,0.0,0.03571428571428571,0.03571428571428571,0.03571428571428571,0.03571428571428571,0.03571428571428571,0.03571428571428571,0.02142857142857143,1,1
200,4,53,small_world,0.3,1620698690,140,60,1,0,139,0,0,0,0,0.0,0.007142857142857143,0.0,0.007142857142857143,0.007142857142857143,0.007142857142857143,0.007142857142857143,0.007142857142857143,0.0,0,0
200,4,53,scale_free,0.3,1620698690,140,60,6,0,134,0,0,0,0,0.0,0.04285714285714286,0.0,0.04285714285714286,0.04285714285714286,0.04285714285714286,0.04285714285714286,0.04285714285714286,0.0,0,0
200,4,53,er,0.4,1620698690,120,80,5,0,115,0,0,0,0,0.0,0.041666666666666664,0.0,0.041666666666666664,0.041666666666666664,0.041666666666666664,0.041666666666666664,0.041666666666666664,0.0,0,0
200,4,53,ring,0.4,1620698690,120,80,0,21,99,5,5,4,6,5.25,0.0,0.175,0.175,0.041666666666666664,0.041666666666666664,0.041666666666666664,0.041666666666666664,0.05,1,1
200,4,53,small_world,0.4,1620698690,120,80,1,0,119,0,0,0,0,0.0,0.008333333333333333,0.0,0.008333333333333333,0.008333333333333333,0.008333333333333333,0.008333333333333333,0.008333333333333333,0.0,0,0
200,4,53,scale_free,0.4,1620698690,120,80,3,0,117,0,0,0,0,0.0,0.025,0.0,0.025,0.025,0.025,0.025,0.025,0.0,0,0
200,4,53,er,0.5,1620698690,100,100,9,78,13,0,0,1,78,78.0,0.09,0.78,0.87,0.09,0.09,0.09,0.09,0.78,0,0
200,4,53,ring,0.5,1620698690,100,100,1,48,51,19,19,10,10,4.8,0.01,0.48,0.49,0.2,0.2,0.2,0.2,0.1,1,1
200,4,53,small_world,0.5,1620698690,100,100,1,77,22,4,4,3,73,25.666666666666668,0.01,0.77,0.78,0.05,0.05,0.05,0.05,0.73,1,1
200,4,53,scale_free,0.5,1620698690,100,100,5,78,17,0,0,1,78,78.0,0.05,0.78,0.83,0.05,0.05,0.05,0.05,0.78,0,0
200,4,53,er,0.6,1620698690,80,120,6,64,10,0,0,1,64,64.0,0.075,0.8,0.875,0.075,0.075,0.075,0.075,0.8,0,0
200,4,53,ring,0.6,1620698690,80,120,2,41,37,41,41,9,11,4.555555555555555,0.025,0.5125,0.5375,0.5375,0.5375,0.4,0.4,0.1375,1,1
200,4,53,small_world,0.6,1620698690,80,120,3,58,19,9,9,5,49,11.6,0.0375,0.725,0.7625,0.15,0.15,0.15,0.15,0.6125,1,1
200,4,53,scale_free,0.6,1620698690,80,120,2,72,6,0,0,1,72,72.0,0.025,0.9,0.925,0.025,0.025,0.025,0.025,0.9,0,0
200,4,53,er,0.7,1620698690,60,140,8,45,7,45,45,2,43,22.5,0.13333333333333333,0.75,0.8833333333333333,0.8833333333333333,0.8833333333333333,0.16666666666666666,0.16666666666666666,0.7166666666666667,1,1
200,4,53,ring,0.7,1620698690,60,140,4,51,5,51,51,10,9,5.1,0.06666666666666667,0.85,0.9166666666666666,0.9166666666666666,0.9166666666666666,0.9166666666666666,0.9166666666666666,0.15,1,1
200,4,53,small_world,0.7,1620698690,60,140,1,53,6,53,53,8,20,6.625,0.016666666666666666,0.8833333333333333,0.9,0.9,0.9,0.26666666666666666,0.26666666666666666,0.3333333333333333,1,1
200,4,53,scale_free,0.7,1620698690,60,140,6,52,2,0,0,1,52,52.0,0.1,0.8666666666666667,0.9666666666666667,0.1,0.1,0.1,0.1,0.8666666666666667,0,0
200,4,53,er,0.8,1620698690,40,160,6,30,4,30,30,2,28,15.0,0.15,0.75,0.9,0.9,0.9,0.2,0.2,0.7,1,1
200,4,53,ring,0.8,1620698690,40,160,4,36,0,36,36,9,8,4.0,0.1,0.9,1.0,1.0,1.0,1.0,1.0,0.2,1,1
200,4,53,small_world,0.8,1620698690,40,160,5,35,0,35,35,7,11,5.0,0.125,0.875,1.0,1.0,1.0,0.725,0.725,0.275,1,1
200,4,53,scale_free,0.8,1620698690,40,160,2,36,2,36,36,2,34,18.0,0.05,0.9,0.95,0.95,0.95,0.1,0.1,0.85,1,1
200,4,53,er,0.9,1620698690,20,180,9,10,1,10,10,4,4,2.5,0.45,0.5,0.95,0.95,0.95,0.95,0.95,0.2,1,1
200,4,53,ring,0.9,1620698690,20,180,5,15,0,15,15,6,3,2.5,0.25,0.75,1.0,1.0,1.0,1.0,1.0,0.15,1,1
200,4,53,small_world,0.9,1620698690,20,180,6,14,0,14,14,4,8,3.5,0.3,0.7,1.0,1.0,1.0,1.0,1.0,0.4,1,1
200,4,53,scale_free,0.9,1620698690,20,180,5,15,0,15,15,3,7,5.0,0.25,0.75,1.0,1.0,1.0,1.0,1.0,0.35,1,1
200,4,54,er,0.1,4085847618,180,20,1,0,179,0,0,0,0,0.0,0.005555555555555556,0.0,0.005555555555555556,0.005555555555555556,0.005555555555555556,0.005555555555555556,0.005555555555555556,0.0,0,0
200,4,54,ring,0.1,4085847618,180,20,0,0,180,0,0,0,0,0.0,0.0,0.0,0.0,0.0,0.0,0.0,0.0,0.0,0,0
200,4,54,small_world,0.1,4085847618,180,20,0,2,178,2,2,1,2,2.0,0.0,0.011111111111111112,0.011111111111111112,0.011111111111111112,0.011111111111111112,0.011111111111111112,0.011111111111111112,0.011111111111111112,1,1
200,4,54,scale_free,0.1,4085847618,180,20,2,0,178,0,0,0,0,0.0,0.011111111111111112,0.0,0.011111111111111112,0.011111111111111112,0.011111111111111112,0.011111111111111112,0.011111111111111112,0.0,0,0
200,4,54,er,0.2,4085847618,160,40,4,0,156,0,0,0,0,0.0,0.025,0.0,0.025,0.025,0.025,0.025,0.025,0.0,0,0
200,4,54,ring,0.2,4085847618,160,40,0,0,160,0,0,0,0,0.0,0.0,0.0,0.0,0.0,0.0,0.0,0.0,0.0,0,0
200,4,54,small_world,0.2,4085847618,160,40,0,0,160,0,0,0,0,0.0,0.0,0.0,0.0,0.0,0.0,0.0,0.0,0.0,0,0
200,4,54,scale_free,0.2,4085847618,160,40,2,0,158,0,0,0,0,0.0,0.0125,0.0,0.0125,0.0125,0.0125,0.0125,0.0125,0.0,0,0
200,4,54,er,0.3,4085847618,140,60,7,0,133,0,0,0,0,0.0,0.05,0.0,0.05,0.05,0.05,0.05,0.05,0.0,0,0
200,4,54,ring,0.3,4085847618,140,60,0,0,140,0,0,0,0,0.0,0.0,0.0,0.0,0.0,0.0,0.0,0.0,0.0,0,0
200,4,54,small_world,0.3,4085847618,140,60,0,0,140,0,0,0,0,0.0,0.0,0.0,0.0,0.0,0.0,0.0,0.0,0.0,0,0
200,4,54,scale_free,0.3,4085847618,140,60,2,0,138,0,0,0,0,0.0,0.014285714285714285,0.0,0.014285714285714285,0.014285714285714285,0.014285714285714285,0.014285714285714285,0.014285714285714285,0.0,0,0
200,4,54,er,0.4,4085847618,120,80,8,0,112,0,0,0,0,0.0,0.06666666666666667,0.0,0.06666666666666667,0.06666666666666667,0.06666666666666667,0.06666666666666667,0.06666666666666667,0.0,0,0
200,4,54,ring,0.4,4085847618,120,80,0,0,120,0,0,0,0,0.0,0.0,0.0,0.0,0.0,0.0,0.0,0.0,0.0,0,0
200,4,54,small_world,0.4,4085847618,120,80,0,3,117,3,3,1,3,3.0,0.0,0.025,0.025,0.025,0.025,0.025,0.025,0.025,1,1
200,4,54,scale_free,0.4,4085847618,120,80,3,2,115,2,2,1,2,2.0,0.025,0.016666666666666666,0.041666666666666664,0.041666666666666664,0.041666666666666664,0.041666666666666664,0.041666666666666664,0.016666666666666666,1,1
200,4,54,er,0.5,4085847618,100,100,6,80,14,0,0,1,80,80.0,0.06,0.8,0.86,0.06,0.06,0.06,0.06,0.8,0,0
200,4,54,ring,0.5,4085847618,100,100,0,67,33,17,17,8,22,8.375,0.0,0.67,0.67,0.17,0.17,0.17,0.17,0.22,1,1
200,4,54,small_world,0.5,4085847618,100,100,2,3,95,3,3,1,3,3.0,0.02,0.03,0.05,0.05,0.05,0.05,0.05,0.03,1,1
200,4,54,scale_free,0.5,4085847618,100,100,3,79,18,8,8,4,71,19.75,0.03,0.79,0.82,0.11,0.11,0.11,0.11,0.71,1,1
200,4,54,er,0.6,4085847618,80,120,9,61,10,61,61,1,61,61.0,0.1125,0.7625,0.875,0.875,0.875,0.1125,0.1125,0.7625,1,1
200,4,54,ring,0.6,4085847618,80,120,2,72,6,33,33,13,17,5.538461538461538,0.025,0.9,0.925,0.4375,0.4375,0.4375,0.4375,0.2125,1,1
200,4,54,small_world,0.6,4085847618,80,120,5,75,0,3,3,3,50,25.0,0.0625,0.9375,1.0,0.1,0.1,0.1,0.1,0.625,1,1
200,4,54,scale_free,0.6,4085847618,80,120,7,60,13,4,4,3,56,20.0,0.0875,0.75,0.8375,0.1375,0.1375,0.1375,0.1375,0.7,1,1
200,4,54,er,0.7,4085847618,60,140,8,47,5,47,47,1,47,47.0,0.13333333333333333,0.7833333333333333,0.9166666666666666,0.9166666666666666,0.9166666666666666,0.13333333333333333,0.13333333333333333,0.7833333333333333,1,1
200,4,54,ring,0.7,4085847618,60,140,5,55,0,49,49,12,8,4.583333333333333,0.08333333333333333,0.9166666666666666,1.0,0.9,0.9,0.9,0.9,0.13333333333333333,1,1
200,4,54,small_world,0.7,4085847618,60,140,3,57,0,12,12,6,40,9.5,0.05,0.95,1.0,0.25,0.25,0.25,0.25,0.6666666666666666,1,1
200,4,54,scale_free,0.7,4085847618,60,140,3,52,5,0,0,1,52,52.0,0.05,0.8666666666666667,0.9166666666666666,0.05,0.05,0.05,0.05,0.8666666666666667,0,0
200,4,54,er,0.8,4085847618,40,160,9,31,0,31,31,4,23,7.75,0.225,0.775,1.0,1.0,1.0,0.425,0.425,0.575,1,1
200,4,54,ring,0.8,4085847618,40,160,9,31,0,31,31,8,6,3.875,0.225,0.775,1.0,1.0,1.0,1.0,1.0,0.15,1,1
200,4,54,small_world,0.8,4085847618,40,160,4,33,3,33,33,5,23,6.6,0.1,0.825,0.925,0.925,0.925,0.35,0.35,0.575,1,1
200,4,54,scale_free,0.8,4085847618,40,160,5,35,0,0,0,1,35,35.0,0.125,0.875,1.0,0.125,0.125,0.125,0.125,0.875,0,0
200,4,54,er,0.9,4085847618,20,180,6,14,0,14,14,2,11,7.0,0.3,0.7,1.0,1.0,1.0,0.45,0.45,0.55,1,1
200,4,54,ring,0.9,4085847618,20,180,10,10,0,10,10,5,2,2.0,0.5,0.5,1.0,1.0,1.0,1.0,1.0,0.1,1,1
200,4,54,small_world,0.9,4085847618,20,180,11,9,0,9,9,4,3,2.25,0.55,0.45,1.0,1.0,1.0,1.0,1.0,0.15,1,1
200,4,54,scale_free,0.9,4085847618,20,180,4,16,0,16,16,2,12,8.0,0.2,0.8,1.0,1.0,1.0,0.4,0.4,0.6,1,1
200,4,55,er,0.1,739397881,180,20,1,2,177,2,2,1,2,2.0,0.005555555555555556,0.011111111111111112,0.016666666666666666,0.016666666666666666,0.016666666666666666,0.016666666666666666,0.016666666666666666,0.011111111111111112,1,1
200,4,55,ring,0.1,739397881,180,20,0,0,180,0,0,0,0,0.0,0.0,0.0,0.0,0.0,0.0,0.0,0.0,0.0,0,0
200,4,55,small_world,0.1,739397881,180,20,0,0,180,0,0,0,0,0.0,0.0,0.0,0.0,0.0,0.0,0.0,0.0,0.0,0,0
200,4,55,scale_free,0.1,739397881,180,20,0,0,180,0,0,0,0,0.0,0.0,0.0,0.0,0.0,0.0,0.0,0.0,0.0,0,0
200,4,55,er,0.2,739397881,160,40,0,2,158,2,2,1,2,2.0,0.0,0.0125,0.0125,0.0125,0.0125,0.0125,0.0125,0.0125,1,1
200,4,55,ring,0.2,739397881,160,40,0,0,160,0,0,0,0,0.0,0.0,0.0,0.0,0.0,0.0,0.0,0.0,0.0,0,0
200,4,55,small_world,0.2,739397881,160,40,0,0,160,0,0,0,0,0.0,0.0,0.0,0.0,0.0,0.0,0.0,0.0,0.0,0,0
200,4,55,scale_free,0.2,739397881,160,40,3,0,157,0,0,0,0,0.0,0.01875,0.0,0.01875,0.01875,0.01875,0.01875,0.01875,0.0,0,0
200,4,55,er,0.3,739397881,140,60,3,0,137,0,0,0,0,0.0,0.02142857142857143,0.0,0.02142857142857143,0.02142857142857143,0.02142857142857143,0.02142857142857143,0.02142857142857143,0.0,0,0
200,4,55,ring,0.3,739397881,140,60,0,4,136,4,4,2,2,2.0,0.0,0.02857142857142857,0.02857142857142857,0.02857142857142857,0.02857142857142857,0.02857142857142857,0.02857142857142857,0.014285714285714285,1,1
200,4,55,small_world,0.3,739397881,140,60,3,2,135,2,2,1,2,2.0,0.02142857142857143,0.014285714285714285,0.03571428571428571,0.03571428571428571,0.03571428571428571,0.03571428571428571,0.03571428571428571,0.014285714285714285,1,1
200,4,55,scale_free,0.3,739397881,140,60,2,0,138,0,0,0,0,0.0,0.014285714285714285,0.0,0.014285714285714285,0.014285714285714285,0.014285714285714285,0.014285714285714285,0.014285714285714285,0.0,0,0
200,4,55,er,0.4,739397881,120,80,6,2,112,2,2,1,2,2.0,0.05,0.016666666666666666,0.06666666666666667,0.06666666666666667,0.06666666666666667,0.06666666666666667,0.06666666666666667,0.016666666666666666,1,1
200,4,55,ring,0.4,739397881,120,80,0,36,84,16,16,6,14,6.0,0.0,0.3,0.3,0.13333333333333333,0.13333333333333333,0.13333333333333333,0.13333333333333333,0.11666666666666667,1,1
200,4,55,small_world,0.4,739397881,120,80,1,10,109,10,10,3,5,3.3333333333333335,0.008333333333333333,0.08333333333333333,0.09166666666666666,0.09166666666666666,0.09166666666666666,0.09166666666666666,0.09166666666666666,0.041666666666666664,1,1
200,4,55,scale_free,0.4,739397881,120,80,1,0,119,0,0,0,0,0.0,0.008333333333333333,0.0,0.008333333333333333,0.008333333333333333,0.008333333333333333,0.008333333333333333,0.008333333333333333,0.0,0,0
200,4,55,er,0.5,739397881,100,100,11,2,87,2,2,1,2,2.0,0.11,0.02,0.13,0.13,0.13,0.13,0.13,0.02,1,1
200,4,55,ring,0.5,739397881,100,100,2,44,54,16,16,6,12,7.333333333333333,0.02,0.44,0.46,0.18,0.18,0.18,0.18,0.12,1,1
200,4,55,small_world,0.5,739397881,100,100,2,10,88,10,10,5,2,2.0,0.02,0.1,0.12,0.12,0.12,0.12,0.12,0.02,1,1
200,4,55,scale_free,0.5,739397881,100,100,2,83,15,0,0,1,83,83.0,0.02,0.83,0.85,0.02,0.02,0.02,0.02,0.83,0,0
200,4,55,er,0.6,739397881,80,120,7,66,7,6,6,3,60,22.0,0.0875,0.825,0.9125,0.1625,0.1625,0.1625,0.1625,0.75,1,1
200,4,55,ring,0.6,739397881,80,120,2,71,7,32,32,10,28,7.1,0.025,0.8875,0.9125,0.425,0.425,0.425,0.425,0.35,1,1
200,4,55,small_world,0.6,739397881,80,120,4,71,5,2,2,2,69,35.5,0.05,0.8875,0.9375,0.075,0.075,0.075,0.075,0.8625,1,1
200,4,55,scale_free,0.6,739397881,80,120,4,68,8,0,0,1,68,68.0,0.05,0.85,0.9,0.05,0.05,0.05,0.05,0.85,0,0
200,4,55,er,0.7,739397881,60,140,7,52,1,52,52,2,50,26.0,0.11666666666666667,0.8666666666666667,0.9833333333333333,0.9833333333333333,0.9833333333333333,0.15,0.15,0.8333333333333334,1,1
200,4,55,ring,0.7,739397881,60,140,4,56,0,45,45,11,15,5.090909090909091,0.06666666666666667,0.9333333333333333,1.0,0.8166666666666667,0.8166666666666667,0.36666666666666664,0.36666666666666664,0.25,1,1
200,4,55,small_world,0.7,739397881,60,140,5,55,0,16,55,3,39,18.333333333333332,0.08333333333333333,0.9166666666666666,1.0,0.35,1.0,0.11666666666666667,0.11666666666666667,0.65,1,1
200,4,55,scale_free,0.7,739397881,60,140,7,50,3,2,2,2,48,25.0,0.11666666666666667,0.8333333333333334,0.95,0.15,0.15,0.15,0.15,0.8,1,1
200,4,55,er,0.8,739397881,40,160,4,35,1,35,35,2,33,17.5,0.1,0.875,0.975,0.975,0.975,0.15,0.15,0.825,1,1
200,4,55,ring,0.8,739397881,40,160,5,35,0,35,35,10,6,3.5,0.125,0.875,1.0,1.0,1.0,1.0,1.0,0.15,1,1
200,4,55,small_world,0.8,739397881,40,160,6,34,0,34,34,3,26,11.333333333333334,0.15,0.85,1.0,1.0,1.0,0.35,0.35,0.65,1,1
200,4,55,scale_free,0.8,739397881,40,160,4,36,0,0,0,1,36,36.0,0.1,0.9,1.0,0.1,0.1,0.1,0.1,0.9,0,0
200,4,55,er,0.9,739397881,20,180,8,12,0,12,12,2,10,6.0,0.4,0.6,1.0,1.0,1.0,1.0,1.0,0.5,1,1
200,4,55,ring,0.9,739397881,20,180,7,13,0,13,13,5,4,2.6,0.35,0.65,1.0,1.0,1.0,1.0,1.0,0.2,1,1
200,4,55,small_world,0.9,739397881,20,180,7,13,0,13,13,3,8,4.333333333333333,0.35,0.65,1.0,1.0,1.0,1.0,1.0,0.4,1,1
200,4,55,scale_free,0.9,739397881,20,180,0,20,0,0,0,1,20,20.0,0.0,1.0,1.0,0.0,0.0,0.0,0.0,1.0,0,0
200,4,56,er,0.1,3475084368,180,20,0,0,180,0,0,0,0,0.0,0.0,0.0,0.0,0.0,0.0,0.0,0.0,0.0,0,0
200,4,56,ring,0.1,3475084368,180,20,0,0,180,0,0,0,0,0.0,0.0,0.0,0.0,0.0,0.0,0.0,0.0,0.0,0,0
200,4,56,small_world,0.1,3475084368,180,20,0,0,180,0,0,0,0,0.0,0.0,0.0,0.0,0.0,0.0,0.0,0.0,0.0,0,0
200,4,56,scale_free,0.1,3475084368,180,20,1,2,177,2,2,1,2,2.0,0.005555555555555556,0.011111111111111112,0.016666666666666666,0.016666666666666666,0.016666666666666666,0.016666666666666666,0.016666666666666666,0.011111111111111112,1,1
200,4,56,er,0.2,3475084368,160,40,2,0,158,0,0,0,0,0.0,0.0125,0.0,0.0125,0.0125,0.0125,0.0125,0.0125,0.0,0,0
200,4,56,ring,0.2,3475084368,160,40,0,0,160,0,0,0,0,0.0,0.0,0.0,0.0,0.0,0.0,0.0,0.0,0.0,0,0
200,4,56,small_world,0.2,3475084368,160,40,0,0,160,0,0,0,0,0.0,0.0,0.0,0.0,0.0,0.0,0.0,0.0,0.0,0,0
200,4,56,scale_free,0.2,3475084368,160,40,2,0,158,0,0,0,0,0.0,0.0125,0.0,0.0125,0.0125,0.0125,0.0125,0.0125,0.0,0,0
200,4,56,er,0.3,3475084368,140,60,4,0,136,0,0,0,0,0.0,0.02857142857142857,0.0,0.02857142857142857,0.02857142857142857,0.02857142857142857,0.02857142857142857,0.02857142857142857,0.0,0,0
200,4,56,ring,0.3,3475084368,140,60,0,0,140,0,0,0,0,0.0,0.0,0.0,0.0,0.0,0.0,0.0,0.0,0.0,0,0
200,4,56,small_world,0.3,3475084368,140,60,1,3,136,3,3,1,3,3.0,0.007142857142857143,0.02142857142857143,0.02857142857142857,0.02857142857142857,0.02857142857142857,0.02857142857142857,0.02857142857142857,0.02142857142857143,1,1
200,4,56,scale_free,0.3,3475084368,140,60,2,0,138,0,0,0,0,0.0,0.014285714285714285,0.0,0.014285714285714285,0.014285714285714285,0.014285714285714285,0.014285714285714285,0.014285714285714285,0.0,0,0
200,4,56,er,0.4,3475084368,120,80,2,3,115,3,3,1,3,3.0,0.016666666666666666,0.025,0.041666666666666664,0.041666666666666664,0.041666666666666664,0.041666666666666664,0.041666666666666664,0.025,1,1
200,4,56,ring,0.4,3475084368,120,80,0,22,98,10,10,4,12,5.5,0.0,0.18333333333333332,0.18333333333333332,0.08333333333333333,0.08333333333333333,0.08333333333333333,0.08333333333333333,0.1,1,1
200,4,56,small_world,0.4,3475084368,120,80,1,12,107,12,12,4,4,3.0,0.008333333333333333,0.1,0.10833333333333334,0.10833333333333334,0.10833333333333334,0.10833333333333334,0.10833333333333334,0.03333333333333333,1,1
200,4,56,scale_free,0.4,3475084368,120,80,5,0,115,0,0,0,0,0.0,0.041666666666666664,0.0,0.041666666666666664,0.041666666666666664,0.041666666666666664,0.041666666666666664,0.041666666666666664,0.0,0,0
200,4,56,er,0.5,3475084368,100,100,4,80,16,6,6,4,74,20.0,0.04,0.8,0.84,0.1,0.1,0.1,0.1,0.74,1,1
200,4,56,ring,0.5,3475084368,100,100,0,55,45,29,29,9,16,6.111111111111111,0.0,0.55,0.55,0.29,0.29,0.13,0.13,0.16,1,1
200,4,56,small_world,0.5,3475084368,100,100,2,91,7,9,9,6,78,15.166666666666666,0.02,0.91,0.93,0.11,0.11,0.11,0.11,0.78,1,1
200,4,56,scale_free,0.5,3475084368,100,100,5,71,24,0,0,1,71,71.0,0.05,0.71,0.76,0.05,0.05,0.05,0.05,0.71,0,0
200,4,56,er,0.6,3475084368,80,120,5,67,8,4,4,3,63,22.333333333333332,0.0625,0.8375,0.9,0.1125,0.1125,0.1125,0.1125,0.7875,1,1
200,4,56,ring,0.6,3475084368,80,120,0,77,3,60,60,15,19,5.133333333333334,0.0,0.9625,0.9625,0.75,0.75,0.5125,0.5125,0.2375,1,1
200,4,56,small_world,0.6,3475084368,80,120,0,77,3,47,47,9,31,8.555555555555555,0.0,0.9625,0.9625,0.5875,0.5875,0.2,0.2,0.3875,1,1
200,4,56,scale_free,0.6,3475084368,80,120,7,60,13,0,0,1,60,60.0,0.0875,0.75,0.8375,0.0875,0.0875,0.0875,0.0875,0.75,0,0
200,4,56,er,0.7,3475084368,60,140,6,50,4,50,50,5,40,10.0,0.1,0.8333333333333334,0.9333333333333333,0.9333333333333333,0.9333333333333333,0.26666666666666666,0.26666666666666666,0.6666666666666666,1,1
200,4,56,ring,0.7,3475084368,60,140,3,57,0,57,57,13,12,4.384615384615385,0.05,0.95,1.0,1.0,1.0,0.8,0.8,0.2,1,1
200,4,56,small_world,0.7,3475084368,60,140,1,59,0,59,59,9,32,6.555555555555555,0.016666666666666666,0.9833333333333333,1.0,1.0,1.0,0.4666666666666667,0.4666666666666667,0.5333333333333333,1,1
200,4,56,scale_free,0.7,3475084368,60,140,6,47,7,0,0,1,47,47.0,0.1,0.7833333333333333,0.8833333333333333,0.1,0.1,0.1,0.1,0.7833333333333333,0,0
200,4,56,er,0.8,3475084368,40,160,10,28,2,28,28,3,23,9.333333333333334,0.25,0.7,0.95,0.95,0.95,0.375,0.375,0.575,1,1
200,4,56,ring,0.8,3475084368,40,160,9,31,0,31,31,10,6,3.1,0.225,0.775,1.0,1.0,1.0,1.0,1.0,0.15,1,1
200,4,56,small_world,0.8,3475084368,40,160,8,32,0,32,32,6,19,5.333333333333333,0.2,0.8,1.0,1.0,1.0,0.525,0.525,0.475,1,1
200,4,56,scale_free,0.8,3475084368,40,160,5,33,2,33,33,1,33,33.0,0.125,0.825,0.95,0.95,0.95,0.125,0.125,0.825,1,1
200,4,56,er,0.9,3475084368,20,180,8,12,0,12,12,3,8,4.0,0.4,0.6,1.0,1.0,1.0,1.0,1.0,0.4,1,1
200,4,56,ring,0.9,3475084368,20,180,15,5,0,5,5,2,3,2.5,0.75,0.25,1.0,1.0,1.0,1.0,1.0,0.15,1,1
200,4,56,small_world,0.9,3475084368,20,180,11,9,0,9,9,3,5,3.0,0.55,0.45,1.0,1.0,1.0,1.0,1.0,0.25,1,1
200,4,56,scale_free,0.9,3475084368,20,180,1,19,0,19,19,4,12,4.75,0.05,0.95,1.0,1.0,1.0,0.4,0.4,0.6,1,1
200,4,57,er,0.1,3788689405,180,20,1,0,179,0,0,0,0,0.0,0.005555555555555556,0.0,0.005555555555555556,0.005555555555555556,0.005555555555555556,0.005555555555555556,0.005555555555555556,0.0,0,0
200,4,57,ring,0.1,3788689405,180,20,0,0,180,0,0,0,0,0.0,0.0,0.0,0.0,0.0,0.0,0.0,0.0,0.0,0,0
200,4,57,small_world,0.1,3788689405,180,20,0,0,180,0,0,0,0,0.0,0.0,0.0,0.0,0.0,0.0,0.0,0.0,0.0,0,0
200,4,57,scale_free,0.1,3788689405,180,20,1,0,179,0,0,0,0,0.0,0.005555555555555556,0.0,0.005555555555555556,0.005555555555555556,0.005555555555555556,0.005555555555555556,0.005555555555555556,0.0,0,0
200,4,57,er,0.2,3788689405,160,40,3,2,155,2,2,1,2,2.0,0.01875,0.0125,0.03125,0.03125,0.03125,0.03125,0.03125,0.0125,1,1
200,4,57,ring,0.2,3788689405,160,40,0,5,155,5,5,1,5,5.0,0.0,0.03125,0.03125,0.03125,0.03125,0.03125,0.03125,0.03125,1,1
200,4,57,small_world,0.2,3788689405,160,40,0,0,160,0,0,0,0,0.0,0.0,0.0,0.0,0.0,0.0,0.0,0.0,0.0,0,0
200,4,57,scale_free,0.2,3788689405,160,40,6,0,154,0,0,0,0,0.0,0.0375,0.0,0.0375,0.0375,0.0375,0.0375,0.0375,0.0,0,0
200,4,57,er,0.3,3788689405,140,60,3,0,137,0,0,0,0,0.0,0.02142857142857143,0.0,0.02142857142857143,0.02142857142857143,0.02142857142857143,0.02142857142857143,0.02142857142857143,0.0,0,0
200,4,57,ring,0.3,3788689405,140,60,0,7,133,7,7,1,7,7.0,0.0,0.05,0.05,0.05,0.05,0.05,0.05,0.05,1,1
200,4,57,small_world,0.3,3788689405,140,60,0,0,140,0,0,0,0,0.0,0.0,0.0,0.0,0.0,0.0,0.0,0.0,0.0,0,0
200,4,57,scale_free,0.3,3788689405,140,60,4,2,134,2,2,1,2,2.0,0.02857142857142857,0.014285714285714285,0.04285714285714286,0.04285714285714286,0.04285714285714286,0.04285714285714286,0.04285714285714286,0.014285714285714285,1,1
200,4,57,er,0.4,3788689405,120,80,5,2,113,2,2,1,2,2.0,0.041666666666666664,0.016666666666666666,0.058333333333333334,0.058333333333333334,0.058333333333333334,0.058333333333333334,0.058333333333333334,0.016666666666666666,1,1
200,4,57,ring,0.4,3788689405,120,80,0,19,101,16,16,7,5,2.7142857142857144,0.0,0.15833333333333333,0.15833333333333333,0.13333333333333333,0.13333333333333333,0.13333333333333333,0.13333333333333333,0.041666666666666664,1,1
200,4,57,small_world,0.4,3788689405,120,80,2,9,109,9,9,3,5,3.0,0.016666666666666666,0.075,0.09166666666666666,0.09166666666666666,0.09166666666666666,0.09166666666666666,0.09166666666666666,0.041666666666666664,1,1
200,4,57,scale_free,0.4,3788689405,120,80,4,2,114,2,2,1,2,2.0,0.03333333333333333,0.016666666666666666,0.05,0.05,0.05,0.05,0.05,0.016666666666666666,1,1
200,4,57,er,0.5,3788689405,100,100,6,2,92,2,2,1,2,2.0,0.06,0.02,0.08,0.08,0.08,0.08,0.08,0.02,1,1
200,4,57,ring,0.5,3788689405,100,100,0,38,62,8,8,6,16,6.333333333333333,0.0,0.38,0.38,0.08,0.08,0.08,0.08,0.16,1,1
200,4,57,small_world,0.5,3788689405,100,100,2,11,87,2,2,3,6,3.6666666666666665,0.02,0.11,0.13,0.04,0.04,0.04,0.04,0.06,1,1
200,4,57,scale_free,0.5,3788689405,100,100,2,72,26,0,0,1,72,72.0,0.02,0.72,0.74,0.02,0.02,0.02,0.02,0.72,0,0
200,4,57,er,0.6,3788689405,80,120,3,75,2,0,0,1,75,75.0,0.0375,0.9375,0.975,0.0375,0.0375,0.0375,0.0375,0.9375,0,0
200,4,57,ring,0.6,3788689405,80,120,0,72,8,61,61,9,16,8.0,0.0,0.9,0.9,0.7625,0.7625,0.2,0.2,0.2,1,1
200,4,57,small_world,0.6,3788689405,80,120,0,77,3,7,7,4,70,19.25,0.0,0.9625,0.9625,0.0875,0.0875,0.0875,0.0875,0.875,1,1
200,4,57,scale_free,0.6,3788689405,80,120,1,64,15,0,0,1,64,64.0,0.0125,0.8,0.8125,0.0125,0.0125,0.0125,0.0125,0.8,0,0
200,4,57,er,0.7,3788689405,60,140,4,55,1,55,55,1,55,55.0,0.06666666666666667,0.9166666666666666,0.9833333333333333,0.9833333333333333,0.9833333333333333,0.06666666666666667,0.06666666666666667,0.9166666666666666,1,1
200,4,57,ring,0.7,3788689405,60,140,3,57,0,47,47,12,15,4.75,0.05,0.95,1.0,0.8333333333333334,0.8333333333333334,0.5833333333333334,0.5833333333333334,0.25,1,1
200,4,57,small_world,0.7,3788689405,60,140,3,57,0,57,57,5,36,11.4,0.05,0.95,1.0,1.0,1.0,0.15,0.15,0.6,1,1
200,4,57,scale_free,0.7,3788689405,60,140,1,50,9,2,2,2,48,25.0,0.016666666666666666,0.8333333333333334,0.85,0.05,0.05,0.05,0.05,0.8,1,1
200,4,57,er,0.8,3788689405,40,160,2,38,0,38,38,3,33,12.666666666666666,0.05,0.95,1.0,1.0,1.0,0.175,0.175,0.825,1,1
200,4,57,ring,0.8,3788689405,40,160,5,35,0,35,35,11,5,3.1818181818181817,0.125,0.875,1.0,1.0,1.0,1.0,1.0,0.125,1,1
200,4,57,small_world,0.8,3788689405,40,160,3,37,0,37,37,7,17,5.285714285714286,0.075,0.925,1.0,1.0,1.0,0.575,0.575,0.425,1,1
200,4,57,scale_free,0.8,3788689405,40,160,3,34,3,34,34,2,32,17.0,0.075,0.85,0.925,0.925,0.925,0.125,0.125,0.8,1,1
200,4,57,er,0.9,3788689405,20,180,3,17,0,17,17,4,7,4.25,0.15,0.85,1.0,1.0,1.0,1.0,1.0,0.35,1,1
200,4,57,ring,0.9,3788689405,20,180,10,10,0,10,10,5,2,2.0,0.5,0.5,1.0,1.0,1.0,1.0,1.0,0.1,1,1
200,4,57,small_world,0.9,3788689405,20,180,7,13,0,13,13,5,4,2.6,0.35,0.65,1.0,1.0,1.0,1.0,1.0,0.2,1,1
200,4,57,scale_free,0.9,3788689405,20,180,2,18,0,18,18,3,14,6.0,0.1,0.9,1.0,1.0,1.0,0.3,0.3,0.7,1,1
200,4,58,er,0.1,975413013,180,20,4,0,176,0,0,0,0,0.0,0.022222222222222223,0.0,0.022222222222222223,0.022222222222222223,0.022222222222222223,0.022222222222222223,0.022222222222222223,0.0,0,0
200,4,58,ring,0.1,975413013,180,20,0,0,180,0,0,0,0,0.0,0.0,0.0,0.0,0.0,0.0,0.0,0.0,0.0,0,0
200,4,58,small_world,0.1,975413013,180,20,0,0,180,0,0,0,0,0.0,0.0,0.0,0.0,0.0,0.0,0.0,0.0,0.0,0,0
200,4,58,scale_free,0.1,975413013,180,20,1,0,179,0,0,0,0,0.0,0.005555555555555556,0.0,0.005555555555555556,0.005555555555555556,0.005555555555555556,0.005555555555555556,0.005555555555555556,0.0,0,0
200,4,58,er,0.2,975413013,160,40,4,0,156,0,0,0,0,0.0,0.025,0.0,0.025,0.025,0.025,0.025,0.025,0.0,0,0
200,4,58,ring,0.2,975413013,160,40,0,0,160,0,0,0,0,0.0,0.0,0.0,0.0,0.0,0.0,0.0,0.0,0.0,0,0
200,4,58,small_world,0.2,975413013,160,40,0,0,160,0,0,0,0,0.0,0.0,0.0,0.0,0.0,0.0,0.0,0.0,0.0,0,0
200,4,58,scale_free,0.2,975413013,160,40,0,0,160,0,0,0,0,0.0,0.0,0.0,0.0,0.0,0.0,0.0,0.0,0.0,0,0
200,4,58,er,0.3,975413013,140,60,3,2,135,2,2,1,2,2.0,0.02142857142857143,0.014285714285714285,0.03571428571428571,0.03571428571428571,0.03571428571428571,0.03571428571428571,0.03571428571428571,0.014285714285714285,1,1
200,4,58,ring,0.3,975413013,140,60,0,5,135,2,2,2,3,2.5,0.0,0.03571428571428571,0.03571428571428571,0.014285714285714285,0.014285714285714285,0.014285714285714285,0.014285714285714285,0.02142857142857143,1,1
200,4,58,small_world,0.3,975413013,140,60,0,5,135,2,2,2,3,2.5,0.0,0.03571428571428571,0.03571428571428571,0.014285714285714285,0.014285714285714285,0.014285714285714285,0.014285714285714285,0.02142857142857143,1,1
200,4,58,scale_free,0.3,975413013,140,60,0,2,138,2,2,1,2,2.0,0.0,0.014285714285714285,0.014285714285714285,0.014285714285714285,0.014285714285714285,0.014285714285714285,0.014285714285714285,0.014285714285714285,1,1
200,4,58,er,0.4,975413013,120,80,3,2,115,2,2,1,2,2.0,0.025,0.016666666666666666,0.041666666666666664,0.041666666666666664,0.041666666666666664,0.041666666666666664,0.041666666666666664,0.016666666666666666,1,1
200,4,58,ring,0.4,975413013,120,80,0,15,105,9,9,5,5,3.0,0.0,0.125,0.125,0.075,0.075,0.075,0.075,0.041666666666666664,1,1
200,4,58,small_world,0.4,975413013,120,80,0,17,103,4,4,4,10,4.25,0.0,0.14166666666666666,0.14166666666666666,0.03333333333333333,0.03333333333333333,0.03333333333333333,0.03333333333333333,0.08333333333333333,1,1
200,4,58,scale_free,0.4,975413013,120,80,0,0,120,0,0,0,0,0.0,0.0,0.0,0.0,0.0,0.0,0.0,0.0,0.0,0,0
200,4,58,er,0.5,975413013,100,100,1,6,93,6,6,3,2,2.0,0.01,0.06,0.07,0.07,0.07,0.07,0.07,0.02,1,1
200,4,58,ring,0.5,975413013,100,100,0,52,48,34,34,14,8,3.7142857142857144,0.0,0.52,0.52,0.34,0.34,0.34,0.34,0.08,1,1
200,4,58,small_world,0.5,975413013,100,100,1,63,36,12,19,10,33,6.3,0.01,0.63,0.64,0.13,0.2,0.13,0.2,0.33,1,1
200,4,58,scale_free,0.5,975413013,100,100,2,71,27,3,3,2,68,35.5,0.02,0.71,0.73,0.05,0.05,0.05,0.05,0.68,1,1
200,4,58,er,0.6,975413013,80,120,6,71,3,2,2,2,69,35.5,0.075,0.8875,0.9625,0.1,0.1,0.1,0.1,0.8625,1,1
200,4,58,ring,0.6,975413013,80,120,1,78,1,43,43,17,17,4.588235294117647,0.0125,0.975,0.9875,0.55,0.55,0.55,0.55,0.2125,1,1
200,4,58,small_world,0.6,975413013,80,120,2,74,4,20,20,9,51,8.222222222222221,0.025,0.925,0.95,0.275,0.275,0.275,0.275,0.6375,1,1
200,4,58,scale_free,0.6,975413013,80,120,3,69,8,9,9,3,60,23.0,0.0375,0.8625,0.9,0.15,0.15,0.15,0.15,0.75,1,1
200,4,58,er,0.7,975413013,60,140,7,51,2,51,51,1,51,51.0,0.11666666666666667,0.85,0.9666666666666667,0.9666666666666667,0.9666666666666667,0.11666666666666667,0.11666666666666667,0.85,1,1
200,4,58,ring,0.7,975413013,60,140,4,55,1,45,45,18,7,3.0555555555555554,0.06666666666666667,0.9166666666666666,0.9833333333333333,0.8166666666666667,0.8166666666666667,0.8166666666666667,0.8166666666666667,0.11666666666666667,1,1
200,4,58,small_world,0.7,975413013,60,140,6,51,3,48,48,11,16,4.636363636363637,0.1,0.85,0.95,0.9,0.9,0.6333333333333333,0.6333333333333333,0.26666666666666666,1,1
200,4,58,scale_free,0.7,975413013,60,140,4,53,3,0,0,1,53,53.0,0.06666666666666667,0.8833333333333333,0.95,0.06666666666666667,0.06666666666666667,0.06666666666666667,0.06666666666666667,0.8833333333333333,0,0
200,4,58,er,0.8,975413013,40,160,6,33,1,33,33,1,33,33.0,0.15,0.825,0.975,0.975,0.975,0.15,0.15,0.825,1,1
200,4,58,ring,0.8,975413013,40,160,6,33,1,33,33,12,4,2.75,0.15,0.825,0.975,0.975,0.975,0.975,0.975,0.1,1,1
200,4,58,small_world,0.8,975413013,40,160,6,33,1,33,33,10,11,3.3,0.15,0.825,0.975,0.975,0.975,0.7,0.7,0.275,1,1
200,4,58,scale_free,0.8,975413013,40,160,1,38,1,2,2,2,36,19.0,0.025,0.95,0.975,0.075,0.075,0.075,0.075,0.9,1,1
200,4,58,er,0.9,975413013,20,180,6,14,0,14,14,1,14,14.0,0.3,0.7,1.0,1.0,1.0,0.3,0.3,0.7,1,1
200,4,58,ring,0.9,975413013,20,180,7,13,0,13,13,5,4,2.6,0.35,0.65,1.0,1.0,1.0,1.0,1.0,0.2,1,1
200,4,58,small_world,0.9,975413013,20,180,3,17,0,17,17,5,6,3.4,0.15,0.85,1.0,1.0,1.0,1.0,1.0,0.3,1,1
200,4,58,scale_free,0.9,975413013,20,180,3,17,0,17,17,3,10,5.666666666666667,0.15,0.85,1.0,1.0,1.0,1.0,1.0,0.5,1,1
200,4,59,er,0.1,1165231267,180,20,1,0,179,0,0,0,0,0.0,0.005555555555555556,0.0,0.005555555555555556,0.005555555555555556,0.005555555555555556,0.005555555555555556,0.005555555555555556,0.0,0,0
200,4,59,ring,0.1,1165231267,180,20,0,5,175,2,2,2,3,2.5,0.0,0.027777777777777776,0.027777777777777776,0.011111111111111112,0.011111111111111112,0.011111111111111112,0.011111111111111112,0.016666666666666666,1,1
200,4,59,small_world,0.1,1165231267,180,20,0,0,180,0,0,0,0,0.0,0.0,0.0,0.0,0.0,0.0,0.0,0.0,0.0,0,0
200,4,59,scale_free,0.1,1165231267,180,20,1,0,179,0,0,0,0,0.0,0.005555555555555556,0.0,0.005555555555555556,0.005555555555555556,0.005555555555555556,0.005555555555555556,0.005555555555555556,0.0,0,0
200,4,59,er,0.2,1165231267,160,40,3,0,157,0,0,0,0,0.0,0.01875,0.0,0.01875,0.01875,0.01875,0.01875,0.01875,0.0,0,0
200,4,59,ring,0.2,1165231267,160,40,0,7,153,4,4,3,3,2.3333333333333335,0.0,0.04375,0.04375,0.025,0.025,0.025,0.025,0.01875,1,1
200,4,59,small_world,0.2,1165231267,160,40,0,4,156,4,4,2,2,2.0,0.0,0.025,0.025,0.025,0.025,0.025,0.025,0.0125,1,1
200,4,59,scale_free,0.2,1165231267,160,40,2,0,158,0,0,0,0,0.0,0.0125,0.0,0.0125,0.0125,0.0125,0.0125,0.0125,0.0,0,0
200,4,59,er,0.3,1165231267,140,60,2,0,138,0,0,0,0,0.0,0.014285714285714285,0.0,0.014285714285714285,0.014285714285714285,0.014285714285714285,0.014285714285714285,0.014285714285714285,0.0,0,0
200,4,59,ring,0.3,1165231267,140,60,0,11,129,4,4,3,7,3.6666666666666665,0.0,0.07857142857142857,0.07857142857142857,0.02857142857142857,0.02857142857142857,0.02857142857142857,0.02857142857142857,0.05,1,1
200,4,59,small_world,0.3,1165231267,140,60,0,2,138,2,2,1,2,2.0,0.0,0.014285714285714285,0.014285714285714285,0.014285714285714285,0.014285714285714285,0.014285714285714285,0.014285714285714285,0.014285714285714285,1,1
200,4,59,scale_free,0.3,1165231267,140,60,1,0,139,0,0,0,0,0.0,0.007142857142857143,0.0,0.007142857142857143,0.007142857142857143,0.007142857142857143,0.007142857142857143,0.007142857142857143,0.0,0,0
200,4,59,er,0.4,1165231267,120,80,3,0,117,0,0,0,0,0.0,0.025,0.0,0.025,0.025,0.025,0.025,0.025,0.0,0,0
200,4,59,ring,0.4,1165231267,120,80,0,21,99,4,4,5,10,4.2,0.0,0.175,0.175,0.03333333333333333,0.03333333333333333,0.03333333333333333,0.03333333333333333,0.08333333333333333,1,1
200,4,59,small_world,0.4,1165231267,120,80,2,6,112,2,2,2,4,3.0,0.016666666666666666,0.05,0.06666666666666667,0.03333333333333333,0.03333333333333333,0.03333333333333333,0.03333333333333333,0.03333333333333333,1,1
200,4,59,scale_free,0.4,1165231267,120,80,2,0,118,0,0,0,0,0.0,0.016666666666666666,0.0,0.016666666666666666,0.016666666666666666,0.016666666666666666,0.016666666666666666,0.016666666666666666,0.0,0,0
200,4,59,er,0.5,1165231267,100,100,2,84,14,4,4,3,80,28.0,0.02,0.84,0.86,0.06,0.06,0.06,0.06,0.8,1,1
200,4,59,ring,0.5,1165231267,100,100,0,34,66,11,11,8,14,4.25,0.0,0.34,0.34,0.11,0.11,0.11,0.11,0.14,1,1
200,4,59,small_world,0.5,1165231267,100,100,1,7,92,0,0,1,7,7.0,0.01,0.07,0.08,0.01,0.01,0.01,0.01,0.07,0,0
200,4,59,scale_free,0.5,1165231267,100,100,0,83,17,0,0,1,83,83.0,0.0,0.83,0.83,0.0,0.0,0.0,0.0,0.83,0,0
200,4,59,er,0.6,1165231267,80,120,7,70,3,70,70,3,66,23.333333333333332,0.0875,0.875,0.9625,0.9625,0.9625,0.1375,0.1375,0.825,1,1
200,4,59,ring,0.6,1165231267,80,120,1,60,19,42,42,11,13,5.454545454545454,0.0125,0.75,0.7625,0.5375,0.5375,0.4,0.4,0.1625,1,1
200,4,59,small_world,0.6,1165231267,80,120,3,71,6,4,4,2,67,35.5,0.0375,0.8875,0.925,0.0875,0.0875,0.0875,0.0875,0.8375,1,1
200,4,59,scale_free,0.6,1165231267,80,120,1,68,11,0,0,1,68,68.0,0.0125,0.85,0.8625,0.0125,0.0125,0.0125,0.0125,0.85,0,0
200,4,59,er,0.7,1165231267,60,140,8,51,1,51,51,1,51,51.0,0.13333333333333333,0.85,0.9833333333333333,0.9833333333333333,0.9833333333333333,0.13333333333333333,0.13333333333333333,0.85,1,1
200,4,59,ring,0.7,1165231267,60,140,1,58,1,26,26,10,12,5.8,0.016666666666666666,0.9666666666666667,0.9833333333333333,0.45,0.45,0.45,0.45,0.2,1,1
200,4,59,small_world,0.7,1165231267,60,140,2,57,1,5,5,2,52,28.5,0.03333333333333333,0.95,0.9833333333333333,0.11666666666666667,0.11666666666666667,0.11666666666666667,0.11666666666666667,0.8666666666666667,1,1
200,4,59,scale_free,0.7,1165231267,60,140,2,53,5,0,0,1,53,53.0,0.03333333333333333,0.8833333333333333,0.9166666666666666,0.03333333333333333,0.03333333333333333,0.03333333333333333,0.03333333333333333,0.8833333333333333,0,0
200,4,59,er,0.8,1165231267,40,160,7,32,1,32,32,3,19,10.666666666666666,0.175,0.8,0.975,0.975,0.975,0.5,0.5,0.475,1,1
200,4,59,ring,0.8,1165231267,40,160,6,34,0,27,27,9,7,3.7777777777777777,0.15,0.85,1.0,0.825,0.825,0.825,0.825,0.175,1,1
200,4,59,small_world,0.8,1165231267,40,160,3,37,0,37,37,7,16,5.285714285714286,0.075,0.925,1.0,1.0,1.0,0.6,0.6,0.4,1,1
200,4,59,scale_free,0.8,1165231267,40,160,3,37,0,37,37,1,37,37.0,0.075,0.925,1.0,1.0,1.0,0.075,0.075,0.925,1,1
200,4,59,er,0.9,1165231267,20,180,7,13,0,13,13,4,6,3.25,0.35,0.65,1.0,1.0,1.0,1.0,1.0,0.3,1,1
200,4,59,ring,0.9,1165231267,20,180,10,10,0,10,10,4,4,2.5,0.5,0.5,1.0,1.0,1.0,1.0,1.0,0.2,1,1
200,4,59,small_world,0.9,1165231267,20,180,5,15,0,15,15,5,5,3.0,0.25,0.75,1.0,1.0,1.0,1.0,1.0,0.25,1,1
200,4,59,scale_free,0.9,1165231267,20,180,4,16,0,16,16,5,6,3.2,0.2,0.8,1.0,1.0,1.0,1.0,1.0,0.3,1,1
200,4,60,er,0.1,2058822262,180,20,1,0,179,0,0,0,0,0.0,0.005555555555555556,0.0,0.005555555555555556,0.005555555555555556,0.005555555555555556,0.005555555555555556,0.005555555555555556,0.0,0,0
200,4,60,ring,0.1,2058822262,180,20,0,0,180,0,0,0,0,0.0,0.0,0.0,0.0,0.0,0.0,0.0,0.0,0.0,0,0
200,4,60,small_world,0.1,2058822262,180,20,0,0,180,0,0,0,0,0.0,0.0,0.0,0.0,0.0,0.0,0.0,0.0,0.0,0,0
200,4,60,scale_free,0.1,2058822262,180,20,0,0,180,0,0,0,0,0.0,0.0,0.0,0.0,0.0,0.0,0.0,0.0,0.0,0,0
200,4,60,er,0.2,2058822262,160,40,4,0,156,0,0,0,0,0.0,0.025,0.0,0.025,0.025,0.025,0.025,0.025,0.0,0,0
200,4,60,ring,0.2,2058822262,160,40,0,6,154,6,6,2,4,3.0,0.0,0.0375,0.0375,0.0375,0.0375,0.0375,0.0375,0.025,1,1
200,4,60,small_world,0.2,2058822262,160,40,0,3,157,3,3,1,3,3.0,0.0,0.01875,0.01875,0.01875,0.01875,0.01875,0.01875,0.01875,1,1
200,4,60,scale_free,0.2,2058822262,160,40,0,3,157,0,0,1,3,3.0,0.0,0.01875,0.01875,0.0,0.0,0.0,0.0,0.01875,0,0
200,4,60,er,0.3,2058822262,140,60,3,0,137,0,0,0,0,0.0,0.02142857142857143,0.0,0.02142857142857143,0.02142857142857143,0.02142857142857143,0.02142857142857143,0.02142857142857143,0.0,0,0
200,4,60,ring,0.3,2058822262,140,60,0,7,133,7,7,3,3,2.3333333333333335,0.0,0.05,0.05,0.05,0.05,0.05,0.05,0.02142857142857143,1,1
200,4,60,small_world,0.3,2058822262,140,60,1,6,133,6,6,3,2,2.0,0.007142857142857143,0.04285714285714286,0.05,0.05,0.05,0.05,0.05,0.014285714285714285,1,1
200,4,60,scale_free,0.3,2058822262,140,60,5,5,130,2,2,2,3,2.5,0.03571428571428571,0.03571428571428571,0.07142857142857142,0.05,0.05,0.05,0.05,0.02142857142857143,1,1
200,4,60,er,0.4,2058822262,120,80,10,0,110,0,0,0,0,0.0,0.08333333333333333,0.0,0.08333333333333333,0.08333333333333333,0.08333333333333333,0.08333333333333333,0.08333333333333333,0.0,0,0
200,4,60,ring,0.4,2058822262,120,80,0,43,77,7,7,6,17,7.166666666666667,0.0,0.35833333333333334,0.35833333333333334,0.058333333333333334,0.058333333333333334,0.058333333333333334,0.058333333333333334,0.14166666666666666,1,1
200,4,60,small_world,0.4,2058822262,120,80,0,6,114,6,6,3,2,2.0,0.0,0.05,0.05,0.05,0.05,0.05,0.05,0.016666666666666666,1,1
200,4,60,scale_free,0.4,2058822262,120,80,4,71,45,2,2,3,66,23.666666666666668,0.03333333333333333,0.5916666666666667,0.625,0.05,0.05,0.05,0.05,0.55,1,1
200,4,60,er,0.5,2058822262,100,100,7,72,21,2,2,2,70,36.0,0.07,0.72,0.79,0.09,0.09,0.09,0.09,0.7,1,1
200,4,60,ring,0.5,2058822262,100,100,0,58,42,12,12,7,22,8.285714285714286,0.0,0.58,0.58,0.12,0.12,0.12,0.12,0.22,1,1
200,4,60,small_world,0.5,2058822262,100,100,1,85,14,2,2,2,83,42.5,0.01,0.85,0.86,0.03,0.03,0.03,0.03,0.83,1,1
200,4,60,scale_free,0.5,2058822262,100,100,3,75,22,2,2,2,73,37.5,0.03,0.75,0.78,0.05,0.05,0.05,0.05,0.73,1,1
200,4,60,er,0.6,2058822262,80,120,5,65,10,65,65,2,63,32.5,0.0625,0.8125,0.875,0.875,0.875,0.0875,0.0875,0.7875,1,1
200,4,60,ring,0.6,2058822262,80,120,1,72,7,22,22,11,11,6.545454545454546,0.0125,0.9,0.9125,0.2875,0.2875,0.15,0.15,0.1375,1,1
200,4,60,small_world,0.6,2058822262,80,120,0,73,7,2,2,4,39,18.25,0.0,0.9125,0.9125,0.025,0.025,0.025,0.025,0.4875,1,1
200,4,60,scale_free,0.6,2058822262,80,120,5,63,12,0,0,1,63,63.0,0.0625,0.7875,0.85,0.0625,0.0625,0.0625,0.0625,0.7875,0,0
200,4,60,er,0.7,2058822262,60,140,4,54,2,54,54,4,46,13.5,0.06666666666666667,0.9,0.9666666666666667,0.9666666666666667,0.9666666666666667,0.2,0.2,0.7666666666666667,1,1
200,4,60,ring,0.7,2058822262,60,140,6,54,0,42,42,12,12,4.5,0.1,0.9,1.0,0.8,0.8,0.6,0.6,0.2,1,1
200,4,60,small_world,0.7,2058822262,60,140,3,57,0,54,54,4,42,14.25,0.05,0.95,1.0,0.95,0.95,0.25,0.25,0.7,1,1
200,4,60,scale_free,0.7,2058822262,60,140,7,51,2,0,0,1,51,51.0,0.11666666666666667,0.85,0.9666666666666667,0.11666666666666667,0.11666666666666667,0.11666666666666667,0.11666666666666667,0.85,0,0
200,4,60,er,0.8,2058822262,40,160,6,33,1,33,33,2,31,16.5,0.15,0.825,0.975,0.975,0.975,0.2,0.2,0.775,1,1
200,4,60,ring,0.8,2058822262,40,160,6,34,0,30,30,11,5,3.090909090909091,0.15,0.85,1.0,0.9,0.9,0.9,0.9,0.125,1,1
200,4,60,small_world,0.8,2058822262,40,160,6,34,0,30,30,6,20,5.666666666666667,0.15,0.85,1.0,0.9,0.9,0.4,0.4,0.5,1,1
200,4,60,scale_free,0.8,2058822262,40,160,6,34,0,2,2,2,32,17.0,0.15,0.85,1.0,0.2,0.2,0.2,0.2,0.8,1,1
200,4,60,er,0.9,2058822262,20,180,9,11,0,11,11,2,9,5.5,0.45,0.55,1.0,1.0,1.0,1.0,1.0,0.45,1,1
200,4,60,ring,0.9,2058822262,20,180,5,15,0,15,15,6,4,2.5,0.25,0.75,1.0,1.0,1.0,1.0,1.0,0.2,1,1
200,4,60,small_world,0.9,2058822262,20,180,4,16,0,16,16,4,9,4.0,0.2,0.8,1.0,1.0,1.0,1.0,1.0,0.45,1,1
200,4,60,scale_free,0.9,2058822262,20,180,5,15,0,15,15,1,15,15.0,0.25,0.75,1.0,1.0,1.0,0.25,0.25,0.75,1,1
200,4,61,er,0.1,1476540844,180,20,2,0,178,0,0,0,0,0.0,0.011111111111111112,0.0,0.011111111111111112,0.011111111111111112,0.011111111111111112,0.011111111111111112,0.011111111111111112,0.0,0,0
200,4,61,ring,0.1,1476540844,180,20,0,0,180,0,0,0,0,0.0,0.0,0.0,0.0,0.0,0.0,0.0,0.0,0.0,0,0
200,4,61,small_world,0.1,1476540844,180,20,0,0,180,0,0,0,0,0.0,0.0,0.0,0.0,0.0,0.0,0.0,0.0,0.0,0,0
200,4,61,scale_free,0.1,1476540844,180,20,0,0,180,0,0,0,0,0.0,0.0,0.0,0.0,0.0,0.0,0.0,0.0,0.0,0,0
200,4,61,er,0.2,1476540844,160,40,2,0,158,0,0,0,0,0.0,0.0125,0.0,0.0125,0.0125,0.0125,0.0125,0.0125,0.0,0,0
200,4,61,ring,0.2,1476540844,160,40,0,0,160,0,0,0,0,0.0,0.0,0.0,0.0,0.0,0.0,0.0,0.0,0.0,0,0
200,4,61,small_world,0.2,1476540844,160,40,0,0,160,0,0,0,0,0.0,0.0,0.0,0.0,0.0,0.0,0.0,0.0,0.0,0,0
200,4,61,scale_free,0.2,1476540844,160,40,3,0,157,0,0,0,0,0.0,0.01875,0.0,0.01875,0.01875,0.01875,0.01875,0.01875,0.0,0,0
200,4,61,er,0.3,1476540844,140,60,3,0,137,0,0,0,0,0.0,0.02142857142857143,0.0,0.02142857142857143,0.02142857142857143,0.02142857142857143,0.02142857142857143,0.02142857142857143,0.0,0,0
200,4,61,ring,0.3,1476540844,140,60,0,0,140,0,0,0,0,0.0,0.0,0.0,0.0,0.0,0.0,0.0,0.0,0.0,0,0
200,4,61,small_world,0.3,1476540844,140,60,0,0,140,0,0,0,0,0.0,0.0,0.0,0.0,0.0,0.0,0.0,0.0,0.0,0,0
200,4,61,scale_free,0.3,1476540844,140,60,4,0,136,0,0,0,0,0.0,0.02857142857142857,0.0,0.02857142857142857,0.02857142857142857,0.02857142857142857,0.02857142857142857,0.02857142857142857,0.0,0,0
200,4,61,er,0.4,1476540844,120,80,5,2,113,2,2,1,2,2.0,0.041666666666666664,0.016666666666666666,0.058333333333333334,0.058333333333333334,0.058333333333333334,0.058333333333333334,0.058333333333333334,0.016666666666666666,1,1
200,4,61,ring,0.4,1476540844,120,80,0,16,104,16,16,3,6,5.333333333333333,0.0,0.13333333333333333,0.13333333333333333,0.13333333333333333,0.13333333333333333,0.13333333333333333,0.13333333333333333,0.05,1,1
200,4,61,small_world,0.4,1476540844,120,80,0,30,90,0,0,1,30,30.0,0.0,0.25,0.25,0.0,0.0,0.0,0.0,0.25,0,0
200,4,61,scale_free,0.4,1476540844,120,80,4,4,112,4,4,2,2,2.0,0.03333333333333333,0.03333333333333333,0.06666666666666667,0.06666666666666667,0.06666666666666667,0.06666666666666667,0.06666666666666667,0.016666666666666666,1,1
200,4,61,er,0.5,1476540844,100,100,10,77,13,2,2,2,75,38.5,0.1,0.77,0.87,0.12,0.12,0.12,0.12,0.75,1,1
200,4,61,ring,0.5,1476540844,100,100,1,21,78,21,21,4,6,5.25,0.01,0.21,0.22,0.22,0.22,0.22,0.22,0.06,1,1
200,4,61,small_world,0.5,1476540844,100,100,0,43,57,16,16,5,27,8.6,0.0,0.43,0.43,0.16,0.16,0.16,0.16,0.27,1,1
200,4,61,scale_free,0.5,1476540844,100,100,8,73,19,0,0,1,73,73.0,0.08,0.73,0.81,0.08,0.08,0.08,0.08,0.73,0,0
200,4,61,er,0.6,1476540844,80,120,9,67,4,0,0,1,67,67.0,0.1125,0.8375,0.95,0.1125,0.1125,0.1125,0.1125,0.8375,0,0
200,4,61,ring,0.6,1476540844,80,120,2,76,2,56,56,10,15,7.6,0.025,0.95,0.975,0.725,0.725,0.375,0.375,0.1875,1,1
200,4,61,small_world,0.6,1476540844,80,120,2,76,2,17,17,7,54,10.857142857142858,0.025,0.95,0.975,0.2375,0.2375,0.2375,0.2375,0.675,1,1
200,4,61,scale_free,0.6,1476540844,80,120,4,71,5,0,0,1,71,71.0,0.05,0.8875,0.9375,0.05,0.05,0.05,0.05,0.8875,0,0
200,4,61,er,0.7,1476540844,60,140,6,52,2,48,48,2,48,26.0,0.1,0.8666666666666667,0.9666666666666667,0.9,0.9,0.1,0.1,0.8,1,1
200,4,61,ring,0.7,1476540844,60,140,7,53,0,53,53,12,9,4.416666666666667,0.11666666666666667,0.8833333333333333,1.0,1.0,1.0,1.0,1.0,0.15,1,1
200,4,61,small_world,0.7,1476540844,60,140,7,53,0,42,42,12,11,4.416666666666667,0.11666666666666667,0.8833333333333333,1.0,0.8166666666666667,0.8166666666666667,0.6333333333333333,0.6333333333333333,0.18333333333333332,1,1
200,4,61,scale_free,0.7,1476540844,60,140,4,54,2,0,0,1,54,54.0,0.06666666666666667,0.9,0.9666666666666667,0.06666666666666667,0.06666666666666667,0.06666666666666667,0.06666666666666667,0.9,0,0
200,4,61,er,0.8,1476540844,40,160,7,33,0,33,33,2,29,16.5,0.175,0.825,1.0,1.0,1.0,0.275,0.275,0.725,1,1
200,4,61,ring,0.8,1476540844,40,160,10,30,0,30,30,7,10,4.285714285714286,0.25,0.75,1.0,1.0,1.0,1.0,1.0,0.25,1,1
200,4,61,small_world,0.8,1476540844,40,160,10,30,0,24,24,8,6,3.75,0.25,0.75,1.0,0.85,0.85,0.85,0.85,0.15,1,1
200,4,61,scale_free,0.8,1476540844,40,160,8,32,0,32,32,1,32,32.0,0.2,0.8,1.0,1.0,1.0,0.2,0.2,0.8,1,1
200,4,61,er,0.9,1476540844,20,180,5,15,0,15,15,3,11,5.0,0.25,0.75,1.0,1.0,1.0,0.45,0.45,0.55,1,1
200,4,61,ring,0.9,1476540844,20,180,9,11,0,11,11,3,6,3.6666666666666665,0.45,0.55,1.0,1.0,1.0,1.0,1.0,0.3,1,1
200,4,61,small_world,0.9,1476540844,20,180,9,11,0,6,6,4,5,2.75,0.45,0.55,1.0,0.75,0.75,0.75,0.75,0.25,1,1
200,4,61,scale_free,0.9,1476540844,20,180,6,14,0,14,14,2,11,7.0,0.3,0.7,1.0,1.0,1.0,0.45,0.45,0.55,1,1
200,4,62,er,0.1,3608855350,180,20,3,0,177,0,0,0,0,0.0,0.016666666666666666,0.0,0.016666666666666666,0.016666666666666666,0.016666666666666666,0.016666666666666666,0.016666666666666666,0.0,0,0
200,4,62,ring,0.1,3608855350,180,20,0,0,180,0,0,0,0,0.0,0.0,0.0,0.0,0.0,0.0,0.0,0.0,0.0,0,0
200,4,62,small_world,0.1,3608855350,180,20,0,0,180,0,0,0,0,0.0,0.0,0.0,0.0,0.0,0.0,0.0,0.0,0.0,0,0
200,4,62,scale_free,0.1,3608855350,180,20,1,0,179,0,0,0,0,0.0,0.005555555555555556,0.0,0.005555555555555556,0.005555555555555556,0.005555555555555556,0.005555555555555556,0.005555555555555556,0.0,0,0
200,4,62,er,0.2,3608855350,160,40,5,0,155,0,0,0,0,0.0,0.03125,0.0,0.03125,0.03125,0.03125,0.03125,0.03125,0.0,0,0
200,4,62,ring,0.2,3608855350,160,40,0,0,160,0,0,0,0,0.0,0.0,0.0,0.0,0.0,0.0,0.0,0.0,0.0,0,0
200,4,62,small_world,0.2,3608855350,160,40,0,0,160,0,0,0,0,0.0,0.0,0.0,0.0,0.0,0.0,0.0,0.0,0.0,0,0
200,4,62,scale_free,0.2,3608855350,160,40,3,0,157,0,0,0,0,0.0,0.01875,0.0,0.01875,0.01875,0.01875,0.01875,0.01875,0.0,0,0
200,4,62,er,0.3,3608855350,140,60,6,0,134,0,0,0,0,0.0,0.04285714285714286,0.0,0.04285714285714286,0.04285714285714286,0.04285714285714286,0.04285714285714286,0.04285714285714286,0.0,0,0
200,4,62,ring,0.3,3608855350,140,60,0,0,140,0,0,0,0,0.0,0.0,0.0,0.0,0.0,0.0,0.0,0.0,0.0,0,0
200,4,62,small_world,0.3,3608855350,140,60,1,0,139,0,0,0,0,0.0,0.007142857142857143,0.0,0.007142857142857143,0.007142857142857143,0.007142857142857143,0.007142857142857143,0.007142857142857143,0.0,0,0
200,4,62,scale_free,0.3,3608855350,140,60,4,0,136,0,0,0,0,0.0,0.02857142857142857,0.0,0.02857142857142857,0.02857142857142857,0.02857142857142857,0.02857142857142857,0.02857142857142857,0.0,0,0
200,4,62,er,0.4,3608855350,120,80,3,2,115,2,2,1,2,2.0,0.025,0.016666666666666666,0.041666666666666664,0.041666666666666664,0.041666666666666664,0.041666666666666664,0.041666666666666664,0.016666666666666666,1,1
200,4,62,ring,0.4,3608855350,120,80,0,17,103,0,0,1,17,17.0,0.0,0.14166666666666666,0.14166666666666666,0.0,0.0,0.0,0.0,0.14166666666666666,0,0
200,4,62,small_world,0.4,3608855350,120,80,2,0,118,0,0,0,0,0.0,0.016666666666666666,0.0,0.016666666666666666,0.016666666666666666,0.016666666666666666,0.016666666666666666,0.016666666666666666,0.0,0,0
200,4,62,scale_free,0.4,3608855350,120,80,2,2,116,2,2,1,2,2.0,0.016666666666666666,0.016666666666666666,0.03333333333333333,0.03333333333333333,0.03333333333333333,0.03333333333333333,0.03333333333333333,0.016666666666666666,1,1
200,4,62,er,0.5,3608855350,100,100,1,2,97,2,2,1,2,2.0,0.01,0.02,0.03,0.03,0.03,0.03,0.03,0.02,1,1
200,4,62,ring,0.5,3608855350,100,100,0,39,61,6,6,4,28,9.75,0.0,0.39,0.39,0.06,0.06,0.06,0.06,0.28,1,1
200,4,62,small_world,0.5,3608855350,100,100,0,85,15,2,2,2,83,42.5,0.0,0.85,0.85,0.02,0.02,0.02,0.02,0.83,1,1
200,4,62,scale_free,0.5,3608855350,100,100,2,2,96,2,2,1,2,2.0,0.02,0.02,0.04,0.04,0.04,0.04,0.04,0.02,1,1
200,4,62,er,0.6,3608855350,80,120,3,67,10,67,67,1,67,67.0,0.0375,0.8375,0.875,0.875,0.875,0.0375,0.0375,0.8375,1,1
200,4,62,ring,0.6,3608855350,80,120,0,62,18,37,37,11,20,5.636363636363637,0.0,0.775,0.775,0.4625,0.4625,0.4625,0.4625,0.25,1,1
200,4,62,small_world,0.6,3608855350,80,120,1,72,7,60,60,7,31,10.285714285714286,0.0125,0.9,0.9125,0.7625,0.7625,0.15,0.15,0.3875,1,1
200,4,62,scale_free,0.6,3608855350,80,120,4,68,8,0,0,1,68,68.0,0.05,0.85,0.9,0.05,0.05,0.05,0.05,0.85,0,0
200,4,62,er,0.7,3608855350,60,140,6,48,6,48,48,2,45,24.0,0.1,0.8,0.9,0.9,0.9,0.15,0.15,0.75,1,1
200,4,62,ring,0.7,3608855350,60,140,0,60,0,49,49,15,10,4.0,0.0,1.0,1.0,0.8166666666666667,0.8166666666666667,0.8166666666666667,0.8166666666666667,0.16666666666666666,1,1
200,4,62,small_world,0.7,3608855350,60,140,1,58,1,58,58,7,29,8.285714285714286,0.016666666666666666,0.9666666666666667,0.9833333333333333,0.9833333333333333,0.9833333333333333,0.26666666666666666,0.26666666666666666,0.48333333333333334,1,1
200,4,62,scale_free,0.7,3608855350,60,140,3,53,4,0,0,1,53,53.0,0.05,0.8833333333333333,0.9333333333333333,0.05,0.05,0.05,0.05,0.8833333333333333,0,0
200,4,62,er,0.8,3608855350,40,160,5,33,2,33,33,4,23,8.25,0.125,0.825,0.95,0.95,0.95,0.375,0.375,0.575,1,1
200,4,62,ring,0.8,3608855350,40,160,8,32,0,32,32,12,4,2.6666666666666665,0.2,0.8,1.0,1.0,1.0,1.0,1.0,0.1,1,1
200,4,62,small_world,0.8,3608855350,40,160,7,33,0,33,33,8,13,4.125,0.175,0.825,1.0,1.0,1.0,0.675,0.675,0.325,1,1
200,4,62,scale_free,0.8,3608855350,40,160,3,36,1,0,0,1,36,36.0,0.075,0.9,0.975,0.075,0.075,0.075,0.075,0.9,0,0
200,4,62,er,0.9,3608855350,20,180,7,13,0,13,13,2,11,6.5,0.35,0.65,1.0,1.0,1.0,0.45,0.45,0.55,1,1
200,4,62,ring,0.9,3608855350,20,180,8,12,0,12,12,5,3,2.4,0.4,0.6,1.0,1.0,1.0,1.0,1.0,0.15,1,1
200,4,62,small_world,0.9,3608855350,20,180,8,12,0,12,12,3,5,4.0,0.4,0.6,1.0,1.0,1.0,1.0,1.0,0.25,1,1
200,4,62,scale_free,0.9,3608855350,20,180,4,16,0,0,0,1,16,16.0,0.2,0.8,1.0,0.2,0.2,0.2,0.2,0.8,0,0
200,4,63,er,0.1,300291189,180,20,2,0,178,0,0,0,0,0.0,0.011111111111111112,0.0,0.011111111111111112,0.011111111111111112,0.011111111111111112,0.011111111111111112,0.011111111111111112,0.0,0,0
200,4,63,ring,0.1,300291189,180,20,0,0,180,0,0,0,0,0.0,0.0,0.0,0.0,0.0,0.0,0.0,0.0,0.0,0,0
200,4,63,small_world,0.1,300291189,180,20,0,0,180,0,0,0,0,0.0,0.0,0.0,0.0,0.0,0.0,0.0,0.0,0.0,0,0
200,4,63,scale_free,0.1,300291189,180,20,1,0,179,0,0,0,0,0.0,0.005555555555555556,0.0,0.005555555555555556,0.005555555555555556,0.005555555555555556,0.005555555555555556,0.005555555555555556,0.0,0,0
200,4,63,er,0.2,300291189,160,40,4,2,154,2,2,1,2,2.0,0.025,0.0125,0.0375,0.0375,0.0375,0.0375,0.0375,0.0125,1,1
200,4,63,ring,0.2,300291189,160,40,0,0,160,0,0,0,0,0.0,0.0,0.0,0.0,0.0,0.0,0.0,0.0,0.0,0,0
200,4,63,small_world,0.2,300291189,160,40,0,0,160,0,0,0,0,0.0,0.0,0.0,0.0,0.0,0.0,0.0,0.0,0.0,0,0
200,4,63,scale_free,0.2,300291189,160,40,1,0,159,0,0,0,0,0.0,0.00625,0.0,0.00625,0.00625,0.00625,0.00625,0.00625,0.0,0,0
200,4,63,er,0.3,300291189,140,60,5,0,135,0,0,0,0,0.0,0.03571428571428571,0.0,0.03571428571428571,0.03571428571428571,0.03571428571428571,0.03571428571428571,0.03571428571428571,0.0,0,0
200,4,63,ring,0.3,300291189,140,60,0,6,134,6,6,3,2,2.0,0.0,0.04285714285714286,0.04285714285714286,0.04285714285714286,0.04285714285714286,0.04285714285714286,0.04285714285714286,0.014285714285714285,1,1
200,4,63,small_world,0.3,300291189,140,60,0,11,129,8,8,5,3,2.2,0.0,0.07857142857142857,0.07857142857142857,0.05714285714285714,0.05714285714285714,0.05714285714285714,0.05714285714285714,0.02142857142857143,1,1
200,4,63,scale_free,0.3,300291189,140,60,3,0,137,0,0,0,0,0.0,0.02142857142857143,0.0,0.02142857142857143,0.02142857142857143,0.02142857142857143,0.02142857142857143,0.02142857142857143,0.0,0,0
200,4,63,er,0.4,300291189,120,80,4,0,116,0,0,0,0,0.0,0.03333333333333333,0.0,0.03333333333333333,0.03333333333333333,0.03333333333333333,0.03333333333333333,0.03333333333333333,0.0,0,0
200,4,63,ring,0.4,300291189,120,80,0,19,101,13,13,7,5,2.7142857142857144,0.0,0.15833333333333333,0.15833333333333333,0.10833333333333334,0.10833333333333334,0.10833333333333334,0.10833333333333334,0.041666666666666664,1,1
200,4,63,small_world,0.4,300291189,120,80,1,12,107,6,6,5,3,2.4,0.008333333333333333,0.1,0.10833333333333334,0.058333333333333334,0.058333333333333334,0.058333333333333334,0.058333333333333334,0.025,1,1
200,4,63,scale_free,0.4,300291189,120,80,3,0,117,0,0,0,0,0.0,0.025,0.0,0.025,0.025,0.025,0.025,0.025,0.0,0,0
200,4,63,er,0.5,300291189,100,100,4,0,96,0,0,0,0,0.0,0.04,0.0,0.04,0.04,0.04,0.04,0.04,0.0,0,0
200,4,63,ring,0.5,300291189,100,100,0,36,64,23,23,8,10,4.5,0.0,0.36,0.36,0.23,0.23,0.23,0.23,0.1,1,1
200,4,63,small_world,0.5,300291189,100,100,0,11,89,11,11,4,4,2.75,0.0,0.11,0.11,0.11,0.11,0.11,0.11,0.04,1,1
200,4,63,scale_free,0.5,300291189,100,100,4,4,92,4,4,1,4,4.0,0.04,0.04,0.08,0.08,0.08,0.08,0.08,0.04,1,1
200,4,63,er,0.6,300291189,80,120,5,73,2,0,0,1,73,73.0,0.0625,0.9125,0.975,0.0625,0.0625,0.0625,0.0625,0.9125,0,0
200,4,63,ring,0.6,300291189,80,120,2,71,7,48,48,10,23,7.1,0.025,0.8875,0.9125,0.625,0.625,0.3375,0.3375,0.2875,1,1
200,4,63,small_world,0.6,300291189,80,120,1,78,1,26,26,6,52,13.0,0.0125,0.975,0.9875,0.3375,0.3375,0.1875,0.1875,0.65,1,1
200,4,63,scale_free,0.6,300291189,80,120,3,69,8,0,0,1,69,69.0,0.0375,0.8625,0.9,0.0375,0.0375,0.0375,0.0375,0.8625,0,0
200,4,63,er,0.7,300291189,60,140,4,56,0,0,0,1,56,56.0,0.06666666666666667,0.9333333333333333,1.0,0.06666666666666667,0.06666666666666667,0.06666666666666667,0.06666666666666667,0.9333333333333333,0,0
200,4,63,ring,0.7,300291189,60,140,3,57,0,57,57,12,10,4.75,0.05,0.95,1.0,1.0,1.0,1.0,1.0,0.16666666666666666,1,1
200,4,63,small_world,0.7,300291189,60,140,2,58,0,12,12,4,46,14.5,0.03333333333333333,0.9666666666666667,1.0,0.23333333333333334,0.23333333333333334,0.23333333333333334,0.23333333333333334,0.7666666666666667,1,1
200,4,63,scale_free,0.7,300291189,60,140,7,50,3,0,0,1,50,50.0,0.11666666666666667,0.8333333333333334,0.95,0.11666666666666667,0.11666666666666667,0.11666666666666667,0.11666666666666667,0.8333333333333334,0,0
200,4,63,er,0.8,300291189,40,160,4,36,0,36,36,1,36,36.0,0.1,0.9,1.0,1.0,1.0,0.1,0.1,0.9,1,1
200,4,63,ring,0.8,300291189,40,160,9,31,0,31,31,9,5,3.4444444444444446,0.225,0.775,1.0,1.0,1.0,1.0,1.0,0.125,1,1
200,4,63,small_world,0.8,300291189,40,160,6,34,0,34,34,7,10,4.857142857142857,0.15,0.85,1.0,1.0,1.0,1.0,1.0,0.25,1,1
200,4,63,scale_free,0.8,300291189,40,160,4,35,1,0,0,1,35,35.0,0.1,0.875,0.975,0.1,0.1,0.1,0.1,0.875,0,0
200,4,63,er,0.9,300291189,20,180,2,18,0,18,18,2,11,9.0,0.1,0.9,1.0,1.0,1.0,0.45,0.45,0.55,1,1
200,4,63,ring,0.9,300291189,20,180,9,11,0,11,11,4,4,2.75,0.45,0.55,1.0,1.0,1.0,1.0,1.0,0.2,1,1
200,4,63,small_world,0.9,300291189,20,180,9,11,0,11,11,3,6,3.6666666666666665,0.45,0.55,1.0,1.0,1.0,1.0,1.0,0.3,1,1
200,4,63,scale_free,0.9,300291189,20,180,1,19,0,2,2,2,17,9.5,0.05,0.95,1.0,0.15,0.15,0.15,0.15,0.85,1,1
200,4,64,er,0.1,1320146627,180,20,2,0,178,0,0,0,0,0.0,0.011111111111111112,0.0,0.011111111111111112,0.011111111111111112,0.011111111111111112,0.011111111111111112,0.011111111111111112,0.0,0,0
200,4,64,ring,0.1,1320146627,180,20,0,0,180,0,0,0,0,0.0,0.0,0.0,0.0,0.0,0.0,0.0,0.0,0.0,0,0
200,4,64,small_world,0.1,1320146627,180,20,0,0,180,0,0,0,0,0.0,0.0,0.0,0.0,0.0,0.0,0.0,0.0,0.0,0,0
200,4,64,scale_free,0.1,1320146627,180,20,0,0,180,0,0,0,0,0.0,0.0,0.0,0.0,0.0,0.0,0.0,0.0,0.0,0,0
200,4,64,er,0.2,1320146627,160,40,5,0,155,0,0,0,0,0.0,0.03125,0.0,0.03125,0.03125,0.03125,0.03125,0.03125,0.0,0,0
200,4,64,ring,0.2,1320146627,160,40,0,5,155,2,2,2,3,2.5,0.0,0.03125,0.03125,0.0125,0.0125,0.0125,0.0125,0.01875,1,1
200,4,64,small_world,0.2,1320146627,160,40,1,0,159,0,0,0,0,0.0,0.00625,0.0,0.00625,0.00625,0.00625,0.00625,0.00625,0.0,0,0
200,4,64,scale_free,0.2,1320146627,160,40,0,0,160,0,0,0,0,0.0,0.0,0.0,0.0,0.0,0.0,0.0,0.0,0.0,0,0
200,4,64,er,0.3,1320146627,140,60,2,0,138,0,0,0,0,0.0,0.014285714285714285,0.0,0.014285714285714285,0.014285714285714285,0.014285714285714285,0.014285714285714285,0.014285714285714285,0.0,0,0
200,4,64,ring,0.3,1320146627,140,60,0,5,135,2,2,2,3,2.5,0.0,0.03571428571428571,0.03571428571428571,0.014285714285714285,0.014285714285714285,0.014285714285714285,0.014285714285714285,0.02142857142857143,1,1
200,4,64,small_world,0.3,1320146627,140,60,1,0,139,0,0,0,0,0.0,0.007142857142857143,0.0,0.007142857142857143,0.007142857142857143,0.007142857142857143,0.007142857142857143,0.007142857142857143,0.0,0,0
200,4,64,scale_free,0.3,1320146627,140,60,0,0,140,0,0,0,0,0.0,0.0,0.0,0.0,0.0,0.0,0.0,0.0,0.0,0,0
200,4,64,er,0.4,1320146627,120,80,2,0,118,0,0,0,0,0.0,0.016666666666666666,0.0,0.016666666666666666,0.016666666666666666,0.016666666666666666,0.016666666666666666,0.016666666666666666,0.0,0,0
200,4,64,ring,0.4,1320146627,120,80,0,21,99,18,18,4,9,5.25,0.0,0.175,0.175,0.15,0.15,0.15,0.15,0.075,1,1
200,4,64,small_world,0.4,1320146627,120,80,1,3,116,3,3,1,3,3.0,0.008333333333333333,0.025,0.03333333333333333,0.03333333333333333,0.03333333333333333,0.03333333333333333,0.03333333333333333,0.025,1,1
200,4,64,scale_free,0.4,1320146627,120,80,2,0,118,0,0,0,0,0.0,0.016666666666666666,0.0,0.016666666666666666,0.016666666666666666,0.016666666666666666,0.016666666666666666,0.016666666666666666,0.0,0,0
200,4,64,er,0.5,1320146627,100,100,2,83,15,0,0,1,83,83.0,0.02,0.83,0.85,0.02,0.02,0.02,0.02,0.83,0,0
200,4,64,ring,0.5,1320146627,100,100,0,62,38,18,18,7,14,8.857142857142858,0.0,0.62,0.62,0.18,0.18,0.18,0.18,0.14,1,1
200,4,64,small_world,0.5,1320146627,100,100,1,6,93,6,6,2,3,3.0,0.01,0.06,0.07,0.07,0.07,0.07,0.07,0.03,1,1
200,4,64,scale_free,0.5,1320146627,100,100,2,74,24,2,2,2,72,37.0,0.02,0.74,0.76,0.04,0.04,0.04,0.04,0.72,1,1
200,4,64,er,0.6,1320146627,80,120,1,71,8,0,0,1,71,71.0,0.0125,0.8875,0.9,0.0125,0.0125,0.0125,0.0125,0.8875,0,0
200,4,64,ring,0.6,1320146627,80,120,0,71,9,55,55,11,16,6.454545454545454,0.0,0.8875,0.8875,0.6875,0.6875,0.6875,0.6875,0.2,1,1
200,4,64,small_world,0.6,1320146627,80,120,4,74,2,36,36,8,33,9.25,0.05,0.925,0.975,0.5,0.5,0.325,0.325,0.4125,1,1
200,4,64,scale_free,0.6,1320146627,80,120,3,68,9,0,0,1,68,68.0,0.0375,0.85,0.8875,0.0375,0.0375,0.0375,0.0375,0.85,0,0
200,4,64,er,0.7,1320146627,60,140,1,56,3,56,56,2,54,28.0,0.016666666666666666,0.9333333333333333,0.95,0.95,0.95,0.05,0.05,0.9,1,1
200,4,64,ring,0.7,1320146627,60,140,2,58,0,50,50,14,8,4.142857142857143,0.03333333333333333,0.9666666666666667,1.0,0.8666666666666667,0.8666666666666667,0.8666666666666667,0.8666666666666667,0.13333333333333333,1,1
200,4,64,small_world,0.7,1320146627,60,140,6,53,1,53,53,9,16,5.888888888888889,0.1,0.8833333333333333,0.9833333333333333,0.9833333333333333,0.9833333333333333,0.5166666666666667,0.5166666666666667,0.26666666666666666,1,1
200,4,64,scale_free,0.7,1320146627,60,140,0,57,3,0,0,1,57,57.0,0.0,0.95,0.95,0.0,0.0,0.0,0.0,0.95,0,0
200,4,64,er,0.8,1320146627,40,160,6,33,1,33,33,3,29,11.0,0.15,0.825,0.975,0.975,0.975,0.25,0.25,0.725,1,1
200,4,64,ring,0.8,1320146627,40,160,3,37,0,25,25,10,12,3.7,0.075,0.925,1.0,0.7,0.7,0.7,0.7,0.3,1,1
200,4,64,small_world,0.8,1320146627,40,160,6,34,0,34,34,7,16,4.857142857142857,0.15,0.85,1.0,1.0,1.0,0.6,0.6,0.4,1,1
200,4,64,scale_free,0.8,1320146627,40,160,4,35,1,0,0,1,35,35.0,0.1,0.875,0.975,0.1,0.1,0.1,0.1,0.875,0,0
200,4,64,er,0.9,1320146627,20,180,6,14,0,14,14,2,10,7.0,0.3,0.7,1.0,1.0,1.0,1.0,1.0,0.5,1,1
200,4,64,ring,0.9,1320146627,20,180,5,15,0,15,15,6,4,2.5,0.25,0.75,1.0,1.0,1.0,1.0,1.0,0.2,1,1
200,4,64,small_world,0.9,1320146627,20,180,8,12,0,12,12,4,6,3.0,0.4,0.6,1.0,1.0,1.0,1.0,1.0,0.3,1,1
200,4,64,scale_free,0.9,1320146627,20,180,2,18,0,18,18,1,18,18.0,0.1,0.9,1.0,1.0,1.0,0.1,0.1,0.9,1,1
200,4,65,er,0.1,2626282667,180,20,1,0,179,0,0,0,0,0.0,0.005555555555555556,0.0,0.005555555555555556,0.005555555555555556,0.005555555555555556,0.005555555555555556,0.005555555555555556,0.0,0,0
200,4,65,ring,0.1,2626282667,180,20,0,0,180,0,0,0,0,0.0,0.0,0.0,0.0,0.0,0.0,0.0,0.0,0.0,0,0
200,4,65,small_world,0.1,2626282667,180,20,0,0,180,0,0,0,0,0.0,0.0,0.0,0.0,0.0,0.0,0.0,0.0,0.0,0,0
200,4,65,scale_free,0.1,2626282667,180,20,2,0,178,0,0,0,0,0.0,0.011111111111111112,0.0,0.011111111111111112,0.011111111111111112,0.011111111111111112,0.011111111111111112,0.011111111111111112,0.0,0,0
200,4,65,er,0.2,2626282667,160,40,5,0,155,0,0,0,0,0.0,0.03125,0.0,0.03125,0.03125,0.03125,0.03125,0.03125,0.0,0,0
200,4,65,ring,0.2,2626282667,160,40,0,0,160,0,0,0,0,0.0,0.0,0.0,0.0,0.0,0.0,0.0,0.0,0.0,0,0
200,4,65,small_world,0.2,2626282667,160,40,0,0,160,0,0,0,0,0.0,0.0,0.0,0.0,0.0,0.0,0.0,0.0,0.0,0,0
200,4,65,scale_free,0.2,2626282667,160,40,2,0,158,0,0,0,0,0.0,0.0125,0.0,0.0125,0.0125,0.0125,0.0125,0.0125,0.0,0,0
200,4,65,er,0.3,2626282667,140,60,6,2,132,2,2,1,2,2.0,0.04285714285714286,0.014285714285714285,0.05714285714285714,0.05714285714285714,0.05714285714285714,0.05714285714285714,0.05714285714285714,0.014285714285714285,1,1
200,4,65,ring,0.3,2626282667,140,60,0,12,128,0,0,1,12,12.0,0.0,0.08571428571428572,0.08571428571428572,0.0,0.0,0.0,0.0,0.08571428571428572,0,0
200,4,65,small_world,0.3,2626282667,140,60,0,2,138,2,2,1,2,2.0,0.0,0.014285714285714285,0.014285714285714285,0.014285714285714285,0.014285714285714285,0.014285714285714285,0.014285714285714285,0.014285714285714285,1,1
200,4,65,scale_free,0.3,2626282667,140,60,3,0,137,0,0,0,0,0.0,0.02142857142857143,0.0,0.02142857142857143,0.02142857142857143,0.02142857142857143,0.02142857142857143,0.02142857142857143,0.0,0,0
200,4,65,er,0.4,2626282667,120,80,10,0,110,0,0,0,0,0.0,0.08333333333333333,0.0,0.08333333333333333,0.08333333333333333,0.08333333333333333,0.08333333333333333,0.08333333333333333,0.0,0,0
200,4,65,ring,0.4,2626282667,120,80,0,34,86,7,7,7,13,4.857142857142857,0.0,0.2833333333333333,0.2833333333333333,0.058333333333333334,0.058333333333333334,0.058333333333333334,0.058333333333333334,0.10833333333333334,1,1
200,4,65,small_world,0.4,2626282667,120,80,2,14,104,6,6,4,8,3.5,0.016666666666666666,0.11666666666666667,0.13333333333333333,0.06666666666666667,0.06666666666666667,0.06666666666666667,0.06666666666666667,0.06666666666666667,1,1
200,4,65,scale_free,0.4,2626282667,120,80,4,2,114,2,2,1,2,2.0,0.03333333333333333,0.016666666666666666,0.05,0.05,0.05,0.05,0.05,0.016666666666666666,1,1
200,4,65,er,0.5,2626282667,100,100,6,79,15,0,0,1,79,79.0,0.06,0.79,0.85,0.06,0.06,0.06,0.06,0.79,0,0
200,4,65,ring,0.5,2626282667,100,100,0,49,51,20,20,7,15,7.0,0.0,0.49,0.49,0.2,0.2,0.2,0.2,0.15,1,1
200,4,65,small_world,0.5,2626282667,100,100,1,68,31,10,10,4,53,17.0,0.01,0.68,0.69,0.11,0.11,0.11,0.11,0.53,1,1
200,4,65,scale_free,0.5,2626282667,100,100,7,0,93,0,0,0,0,0.0,0.07,0.0,0.07,0.07,0.07,0.07,0.07,0.0,0,0
200,4,65,er,0.6,2626282667,80,120,5,65,10,65,65,1,65,65.0,0.0625,0.8125,0.875,0.875,0.875,0.0625,0.0625,0.8125,1,1
200,4,65,ring,0.6,2626282667,80,120,1,74,5,44,44,11,13,6.7272727272727275,0.0125,0.925,0.9375,0.5625,0.5625,0.4,0.4,0.1625,1,1
200,4,65,small_world,0.6,2626282667,80,120,0,69,11,28,28,7,41,9.857142857142858,0.0,0.8625,0.8625,0.35,0.35,0.35,0.35,0.5125,1,1
200,4,65,scale_free,0.6,2626282667,80,120,4,60,16,0,0,1,60,60.0,0.05,0.75,0.8,0.05,0.05,0.05,0.05,0.75,0,0
200,4,65,er,0.7,2626282667,60,140,5,51,4,51,51,1,51,51.0,0.08333333333333333,0.85,0.9333333333333333,0.9333333333333333,0.9333333333333333,0.08333333333333333,0.08333333333333333,0.85,1,1
200,4,65,ring,0.7,2626282667,60,140,3,57,0,57,57,11,14,5.181818181818182,0.05,0.95,1.0,1.0,1.0,0.7666666666666667,0.7666666666666667,0.23333333333333334,1,1
200,4,65,small_world,0.7,2626282667,60,140,1,59,0,59,59,7,32,8.428571428571429,0.016666666666666666,0.9833333333333333,1.0,1.0,1.0,0.4666666666666667,0.4666666666666667,0.5333333333333333,1,1
200,4,65,scale_free,0.7,2626282667,60,140,3,45,12,0,0,1,45,45.0,0.05,0.75,0.8,0.05,0.05,0.05,0.05,0.75,0,0
200,4,65,er,0.8,2626282667,40,160,6,32,2,32,32,1,32,32.0,0.15,0.8,0.95,0.95,0.95,0.15,0.15,0.8,1,1
200,4,65,ring,0.8,2626282667,40,160,9,31,0,31,31,9,9,3.4444444444444446,0.225,0.775,1.0,1.0,1.0,1.0,1.0,0.225,1,1
200,4,65,small_world,0.8,2626282667,40,160,5,35,0,35,35,9,8,3.888888888888889,0.125,0.875,1.0,1.0,1.0,1.0,1.0,0.2,1,1
200,4,65,scale_free,0.8,2626282667,40,160,3,35,2,0,0,1,35,35.0,0.075,0.875,0.95,0.075,0.075,0.075,0.075,0.875,0,0
200,4,65,er,0.9,2626282667,20,180,4,16,0,16,16,1,16,16.0,0.2,0.8,1.0,1.0,1.0,0.2,0.2,0.8,1,1
200,4,65,ring,0.9,2626282667,20,180,8,12,0,12,12,4,4,3.0,0.4,0.6,1.0,1.0,1.0,1.0,1.0,0.2,1,1
200,4,65,small_world,0.9,2626282667,20,180,7,13,0,13,13,4,5,3.25,0.35,0.65,1.0,1.0,1.0,1.0,1.0,0.25,1,1
200,4,65,scale_free,0.9,2626282667,20,180,2,18,0,18,18,1,18,18.0,0.1,0.9,1.0,1.0,1.0,0.1,0.1,0.9,1,1
200,4,66,er,0.1,1758897083,180,20,1,0,179,0,0,0,0,0.0,0.005555555555555556,0.0,0.005555555555555556,0.005555555555555556,0.005555555555555556,0.005555555555555556,0.005555555555555556,0.0,0,0
200,4,66,ring,0.1,1758897083,180,20,0,0,180,0,0,0,0,0.0,0.0,0.0,0.0,0.0,0.0,0.0,0.0,0.0,0,0
200,4,66,small_world,0.1,1758897083,180,20,0,0,180,0,0,0,0,0.0,0.0,0.0,0.0,0.0,0.0,0.0,0.0,0.0,0,0
200,4,66,scale_free,0.1,1758897083,180,20,0,0,180,0,0,0,0,0.0,0.0,0.0,0.0,0.0,0.0,0.0,0.0,0.0,0,0
200,4,66,er,0.2,1758897083,160,40,2,0,158,0,0,0,0,0.0,0.0125,0.0,0.0125,0.0125,0.0125,0.0125,0.0125,0.0,0,0
200,4,66,ring,0.2,1758897083,160,40,0,0,160,0,0,0,0,0.0,0.0,0.0,0.0,0.0,0.0,0.0,0.0,0.0,0,0
200,4,66,small_world,0.2,1758897083,160,40,0,0,160,0,0,0,0,0.0,0.0,0.0,0.0,0.0,0.0,0.0,0.0,0.0,0,0
200,4,66,scale_free,0.2,1758897083,160,40,1,0,159,0,0,0,0,0.0,0.00625,0.0,0.00625,0.00625,0.00625,0.00625,0.00625,0.0,0,0
200,4,66,er,0.3,1758897083,140,60,4,4,132,4,4,1,4,4.0,0.02857142857142857,0.02857142857142857,0.05714285714285714,0.05714285714285714,0.05714285714285714,0.05714285714285714,0.05714285714285714,0.02857142857142857,1,1
200,4,66,ring,0.3,1758897083,140,60,0,0,140,0,0,0,0,0.0,0.0,0.0,0.0,0.0,0.0,0.0,0.0,0.0,0,0
200,4,66,small_world,0.3,1758897083,140,60,0,4,136,0,0,1,4,4.0,0.0,0.02857142857142857,0.02857142857142857,0.0,0.0,0.0,0.0,0.02857142857142857,0,0
200,4,66,scale_free,0.3,1758897083,140,60,5,2,133,2,2,1,2,2.0,0.03571428571428571,0.014285714285714285,0.05,0.05,0.05,0.05,0.05,0.014285714285714285,1,1
200,4,66,er,0.4,1758897083,120,80,3,6,111,6,6,2,4,3.0,0.025,0.05,0.075,0.075,0.075,0.075,0.075,0.03333333333333333,1,1
200,4,66,ring,0.4,1758897083,120,80,0,16,104,4,4,3,12,5.333333333333333,0.0,0.13333333333333333,0.13333333333333333,0.03333333333333333,0.03333333333333333,0.03333333333333333,0.03333333333333333,0.1,1,1
200,4,66,small_world,0.4,1758897083,120,80,0,4,116,0,0,1,4,4.0,0.0,0.03333333333333333,0.03333333333333333,0.0,0.0,0.0,0.0,0.03333333333333333,0,0
200,4,66,scale_free,0.4,1758897083,120,80,6,0,114,0,0,0,0,0.0,0.05,0.0,0.05,0.05,0.05,0.05,0.05,0.0,0,0
200,4,66,er,0.5,1758897083,100,100,4,84,12,2,2,2,82,42.0,0.04,0.84,0.88,0.06,0.06,0.06,0.06,0.82,1,1
200,4,66,ring,0.5,1758897083,100,100,0,50,50,8,8,5,18,10.0,0.0,0.5,0.5,0.08,0.08,0.08,0.08,0.18,1,1
200,4,66,small_world,0.5,1758897083,100,100,1,3,96,3,3,1,3,3.0,0.01,0.03,0.04,0.04,0.04,0.04,0.04,0.03,1,1
200,4,66,scale_free,0.5,1758897083,100,100,3,77,20,0,0,1,77,77.0,0.03,0.77,0.8,0.03,0.03,0.03,0.03,0.77,0,0
200,4,66,er,0.6,1758897083,80,120,6,67,7,2,2,2,65,33.5,0.075,0.8375,0.9125,0.1,0.1,0.1,0.1,0.8125,1,1
200,4,66,ring,0.6,1758897083,80,120,1,79,0,31,31,10,24,7.9,0.0125,0.9875,1.0,0.4,0.4,0.4,0.4,0.3,1,1
200,4,66,small_world,0.6,1758897083,80,120,0,77,3,8,8,5,69,15.4,0.0,0.9625,0.9625,0.1,0.1,0.1,0.1,0.8625,1,1
200,4,66,scale_free,0.6,1758897083,80,120,5,65,10,0,0,1,65,65.0,0.0625,0.8125,0.875,0.0625,0.0625,0.0625,0.0625,0.8125,0,0
200,4,66,er,0.7,1758897083,60,140,9,48,3,48,48,2,46,24.0,0.15,0.8,0.95,0.95,0.95,0.18333333333333332,0.18333333333333332,0.7666666666666667,1,1
200,4,66,ring,0.7,1758897083,60,140,4,56,0,51,51,13,11,4.3076923076923075,0.06666666666666667,0.9333333333333333,1.0,0.9166666666666666,0.9166666666666666,0.7333333333333333,0.7333333333333333,0.18333333333333332,1,1
200,4,66,small_world,0.7,1758897083,60,140,3,55,2,51,51,8,30,6.875,0.05,0.9166666666666666,0.9666666666666667,0.9,0.9,0.4,0.4,0.5,1,1
200,4,66,scale_free,0.7,1758897083,60,140,2,54,4,0,0,1,54,54.0,0.03333333333333333,0.9,0.9333333333333333,0.03333333333333333,0.03333333333333333,0.03333333333333333,0.03333333333333333,0.9,0,0
200,4,66,er,0.8,1758897083,40,160,11,29,0,29,29,1,29,29.0,0.275,0.725,1.0,1.0,1.0,0.275,0.275,0.725,1,1
200,4,66,ring,0.8,1758897083,40,160,11,29,0,29,29,10,7,2.9,0.275,0.725,1.0,1.0,1.0,1.0,1.0,0.175,1,1
200,4,66,small_world,0.8,1758897083,40,160,9,31,0,27,27,8,13,3.875,0.225,0.775,1.0,0.9,0.9,0.575,0.575,0.325,1,1
200,4,66,scale_free,0.8,1758897083,40,160,4,36,0,2,2,2,34,18.0,0.1,0.9,1.0,0.15,0.15,0.15,0.15,0.85,1,1
200,4,66,er,0.9,1758897083,20,180,7,13,0,13,13,4,6,3.25,0.35,0.65,1.0,1.0,1.0,1.0,1.0,0.3,1,1
200,4,66,ring,0.9,1758897083,20,180,12,8,0,8,8,4,2,2.0,0.6,0.4,1.0,1.0,1.0,1.0,1.0,0.1,1,1
200,4,66,small_world,0.9,1758897083,20,180,9,11,0,11,11,4,5,2.75,0.45,0.55,1.0,1.0,1.0,1.0,1.0,0.25,1,1
200,4,66,scale_free,0.9,1758897083,20,180,3,17,0,17,17,1,17,17.0,0.15,0.85,1.0,1.0,1.0,0.15,0.15,0.85,1,1
200,4,67,er,0.1,1172699376,180,20,2,0,178,0,0,0,0,0.0,0.011111111111111112,0.0,0.011111111111111112,0.011111111111111112,0.011111111111111112,0.011111111111111112,0.011111111111111112,0.0,0,0
200,4,67,ring,0.1,1172699376,180,20,0,0,180,0,0,0,0,0.0,0.0,0.0,0.0,0.0,0.0,0.0,0.0,0.0,0,0
200,4,67,small_world,0.1,1172699376,180,20,0,0,180,0,0,0,0,0.0,0.0,0.0,0.0,0.0,0.0,0.0,0.0,0.0,0,0
200,4,67,scale_free,0.1,1172699376,180,20,0,0,180,0,0,0,0,0.0,0.0,0.0,0.0,0.0,0.0,0.0,0.0,0.0,0,0
200,4,67,er,0.2,1172699376,160,40,2,0,158,0,0,0,0,0.0,0.0125,0.0,0.0125,0.0125,0.0125,0.0125,0.0125,0.0,0,0
200,4,67,ring,0.2,1172699376,160,40,0,0,160,0,0,0,0,0.0,0.0,0.0,0.0,0.0,0.0,0.0,0.0,0.0,0,0
200,4,67,small_world,0.2,1172699376,160,40,0,0,160,0,0,0,0,0.0,0.0,0.0,0.0,0.0,0.0,0.0,0.0,0.0,0,0
200,4,67,scale_free,0.2,1172699376,160,40,2,0,158,0,0,0,0,0.0,0.0125,0.0,0.0125,0.0125,0.0125,0.0125,0.0125,0.0,0,0
200,4,67,er,0.3,1172699376,140,60,5,0,135,0,0,0,0,0.0,0.03571428571428571,0.0,0.03571428571428571,0.03571428571428571,0.03571428571428571,0.03571428571428571,0.03571428571428571,0.0,0,0
200,4,67,ring,0.3,1172699376,140,60,0,6,134,0,0,2,3,3.0,0.0,0.04285714285714286,0.04285714285714286,0.0,0.0,0.0,0.0,0.02142857142857143,0,0
200,4,67,small_world,0.3,1172699376,140,60,0,0,140,0,0,0,0,0.0,0.0,0.0,0.0,0.0,0.0,0.0,0.0,0.0,0,0
200,4,67,scale_free,0.3,1172699376,140,60,1,0,139,0,0,0,0,0.0,0.007142857142857143,0.0,0.007142857142857143,0.007142857142857143,0.007142857142857143,0.007142857142857143,0.007142857142857143,0.0,0,0
200,4,67,er,0.4,1172699376,120,80,7,0,113,0,0,0,0,0.0,0.058333333333333334,0.0,0.058333333333333334,0.058333333333333334,0.058333333333333334,0.058333333333333334,0.058333333333333334,0.0,0,0
200,4,67,ring,0.4,1172699376,120,80,0,28,92,0,0,4,13,7.0,0.0,0.23333333333333334,0.23333333333333334,0.0,0.0,0.0,0.0,0.10833333333333334,0,0
200,4,67,small_world,0.4,1172699376,120,80,2,0,118,0,0,0,0,0.0,0.016666666666666666,0.0,0.016666666666666666,0.016666666666666666,0.016666666666666666,0.016666666666666666,0.016666666666666666,0.0,0,0
200,4,67,scale_free,0.4,1172699376,120,80,1,0,119,0,0,0,0,0.0,0.008333333333333333,0.0,0.008333333333333333,0.008333333333333333,0.008333333333333333,0.008333333333333333,0.008333333333333333,0.0,0,0
200,4,67,er,0.5,1172699376,100,100,6,82,12,0,0,1,82,82.0,0.06,0.82,0.88,0.06,0.06,0.06,0.06,0.82,0,0
200,4,67,ring,0.5,1172699376,100,100,0,49,51,8,8,7,18,7.0,0.0,0.49,0.49,0.08,0.08,0.08,0.08,0.18,1,1
200,4,67,small_world,0.5,1172699376,100,100,1,0,99,0,0,0,0,0.0,0.01,0.0,0.01,0.01,0.01,0.01,0.01,0.0,0,0
200,4,67,scale_free,0.5,1172699376,100,100,2,0,98,0,0,0,0,0.0,0.02,0.0,0.02,0.02,0.02,0.02,0.02,0.0,0,0
200,4,67,er,0.6,1172699376,80,120,4,73,3,2,2,2,71,36.5,0.05,0.9125,0.9625,0.075,0.075,0.075,0.075,0.8875,1,1
200,4,67,ring,0.6,1172699376,80,120,2,55,23,33,33,9,12,6.111111111111111,0.025,0.6875,0.7125,0.4375,0.4375,0.2875,0.2875,0.15,1,1
200,4,67,small_world,0.6,1172699376,80,120,3,76,1,19,19,4,57,19.0,0.0375,0.95,0.9875,0.275,0.275,0.1375,0.1375,0.7125,1,1
200,4,67,scale_free,0.6,1172699376,80,120,3,73,4,0,0,1,73,73.0,0.0375,0.9125,0.95,0.0375,0.0375,0.0375,0.0375,0.9125,0,0
200,4,67,er,0.7,1172699376,60,140,4,55,1,55,55,2,52,27.5,0.06666666666666667,0.9166666666666666,0.9833333333333333,0.9833333333333333,0.9833333333333333,0.11666666666666667,0.11666666666666667,0.8666666666666667,1,1
200,4,67,ring,0.7,1172699376,60,140,5,54,1,22,22,12,14,4.5,0.08333333333333333,0.9,0.9833333333333333,0.45,0.45,0.45,0.45,0.23333333333333334,1,1
200,4,67,small_world,0.7,1172699376,60,140,4,56,0,17,17,6,31,9.333333333333334,0.06666666666666667,0.9333333333333333,1.0,0.35,0.35,0.35,0.35,0.5166666666666667,1,1
200,4,67,scale_free,0.7,1172699376,60,140,1,54,5,0,0,1,54,54.0,0.016666666666666666,0.9,0.9166666666666666,0.016666666666666666,0.016666666666666666,0.016666666666666666,0.016666666666666666,0.9,0,0
200,4,67,er,0.8,1172699376,40,160,2,37,1,37,37,2,34,18.5,0.05,0.925,0.975,0.975,0.975,0.125,0.125,0.85,1,1
200,4,67,ring,0.8,1172699376,40,160,8,32,0,29,29,10,9,3.2,0.2,0.8,1.0,0.925,0.925,0.925,0.925,0.225,1,1
200,4,67,small_world,0.8,1172699376,40,160,5,35,0,33,35,7,16,5.0,0.125,0.875,1.0,0.95,1.0,0.55,0.6,0.4,1,1
200,4,67,scale_free,0.8,1172699376,40,160,3,37,0,37,37,4,29,9.25,0.075,0.925,1.0,1.0,1.0,0.275,0.275,0.725,1,1
200,4,67,er,0.9,1172699376,20,180,2,18,0,18,18,2,15,9.0,0.1,0.9,1.0,1.0,1.0,0.25,0.25,0.75,1,1
200,4,67,ring,0.9,1172699376,20,180,8,12,0,12,12,3,5,4.0,0.4,0.6,1.0,1.0,1.0,1.0,1.0,0.25,1,1
200,4,67,small_world,0.9,1172699376,20,180,5,15,0,15,15,3,9,5.0,0.25,0.75,1.0,1.0,1.0,1.0,1.0,0.45,1,1
200,4,67,scale_free,0.9,1172699376,20,180,10,10,0,10,10,4,3,2.5,0.5,0.5,1.0,1.0,1.0,1.0,1.0,0.15,1,1
200,4,68,er,0.1,637076283,180,20,2,0,178,0,0,0,0,0.0,0.011111111111111112,0.0,0.011111111111111112,0.011111111111111112,0.011111111111111112,0.011111111111111112,0.011111111111111112,0.0,0,0
200,4,68,ring,0.1,637076283,180,20,0,0,180,0,0,0,0,0.0,0.0,0.0,0.0,0.0,0.0,0.0,0.0,0.0,0,0
200,4,68,small_world,0.1,637076283,180,20,0,0,180,0,0,0,0,0.0,0.0,0.0,0.0,0.0,0.0,0.0,0.0,0.0,0,0
200,4,68,scale_free,0.1,637076283,180,20,0,0,180,0,0,0,0,0.0,0.0,0.0,0.0,0.0,0.0,0.0,0.0,0.0,0,0
200,4,68,er,0.2,637076283,160,40,2,0,158,0,0,0,0,0.0,0.0125,0.0,0.0125,0.0125,0.0125,0.0125,0.0125,0.0,0,0
200,4,68,ring,0.2,637076283,160,40,0,0,160,0,0,0,0,0.0,0.0,0.0,0.0,0.0,0.0,0.0,0.0,0.0,0,0
200,4,68,small_world,0.2,637076283,160,40,0,0,160,0,0,0,0,0.0,0.0,0.0,0.0,0.0,0.0,0.0,0.0,0.0,0,0
200,4,68,scale_free,0.2,637076283,160,40,1,2,157,2,2,1,2,2.0,0.00625,0.0125,0.01875,0.01875,0.01875,0.01875,0.01875,0.0125,1,1
200,4,68,er,0.3,637076283,140,60,2,0,138,0,0,0,0,0.0,0.014285714285714285,0.0,0.014285714285714285,0.014285714285714285,0.014285714285714285,0.014285714285714285,0.014285714285714285,0.0,0,0
200,4,68,ring,0.3,637076283,140,60,0,0,140,0,0,0,0,0.0,0.0,0.0,0.0,0.0,0.0,0.0,0.0,0.0,0,0
200,4,68,small_world,0.3,637076283,140,60,0,0,140,0,0,0,0,0.0,0.0,0.0,0.0,0.0,0.0,0.0,0.0,0.0,0,0
200,4,68,scale_free,0.3,637076283,140,60,1,0,139,0,0,0,0,0.0,0.007142857142857143,0.0,0.007142857142857143,0.007142857142857143,0.007142857142857143,0.007142857142857143,0.007142857142857143,0.0,0,0
200,4,68,er,0.4,637076283,120,80,3,0,117,0,0,0,0,0.0,0.025,0.0,0.025,0.025,0.025,0.025,0.025,0.0,0,0
200,4,68,ring,0.4,637076283,120,80,0,15,105,6,6,4,9,3.75,0.0,0.125,0.125,0.05,0.05,0.05,0.05,0.075,1,1
200,4,68,small_world,0.4,637076283,120,80,0,18,102,4,4,2,14,9.0,0.0,0.15,0.15,0.03333333333333333,0.03333333333333333,0.03333333333333333,0.03333333333333333,0.11666666666666667,1,1
200,4,68,scale_free,0.4,637076283,120,80,0,2,118,2,2,1,2,2.0,0.0,0.016666666666666666,0.016666666666666666,0.016666666666666666,0.016666666666666666,0.016666666666666666,0.016666666666666666,0.016666666666666666,1,1
200,4,68,er,0.5,637076283,100,100,4,2,94,2,2,1,2,2.0,0.04,0.02,0.06,0.06,0.06,0.06,0.06,0.02,1,1
200,4,68,ring,0.5,637076283,100,100,0,57,43,29,29,16,8,3.5625,0.0,0.57,0.57,0.29,0.29,0.29,0.29,0.08,1,1
200,4,68,small_world,0.5,637076283,100,100,0,58,42,27,27,10,21,5.8,0.0,0.58,0.58,0.27,0.27,0.27,0.27,0.21,1,1
200,4,68,scale_free,0.5,637076283,100,100,2,76,22,2,2,2,74,38.0,0.02,0.76,0.78,0.04,0.04,0.04,0.04,0.74,1,1
200,4,68,er,0.6,637076283,80,120,5,72,3,2,2,2,70,36.0,0.0625,0.9,0.9625,0.0875,0.0875,0.0875,0.0875,0.875,1,1
200,4,68,ring,0.6,637076283,80,120,2,62,16,51,51,18,8,3.4444444444444446,0.025,0.775,0.8,0.6625,0.6625,0.6625,0.6625,0.1,1,1
200,4,68,small_world,0.6,637076283,80,120,4,71,5,54,54,13,18,5.461538461538462,0.05,0.8875,0.9375,0.725,0.725,0.5,0.5,0.225,1,1
200,4,68,scale_free,0.6,637076283,80,120,2,65,13,2,2,2,63,32.5,0.025,0.8125,0.8375,0.05,0.05,0.05,0.05,0.7875,1,1
200,4,68,er,0.7,637076283,60,140,5,53,2,0,0,1,53,53.0,0.08333333333333333,0.8833333333333333,0.9666666666666667,0.08333333333333333,0.08333333333333333,0.08333333333333333,0.08333333333333333,0.8833333333333333,0,0
200,4,68,ring,0.7,637076283,60,140,6,39,15,35,35,13,5,3.0,0.1,0.65,0.75,0.6833333333333333,0.6833333333333333,0.6833333333333333,0.6833333333333333,0.08333333333333333,1,1
200,4,68,small_world,0.7,637076283,60,140,5,53,2,53,53,8,32,6.625,0.08333333333333333,0.8833333333333333,0.9666666666666667,0.9666666666666667,0.9666666666666667,0.43333333333333335,0.43333333333333335,0.5333333333333333,1,1
200,4,68,scale_free,0.7,637076283,60,140,2,52,6,0,0,1,52,52.0,0.03333333333333333,0.8666666666666667,0.9,0.03333333333333333,0.03333333333333333,0.03333333333333333,0.03333333333333333,0.8666666666666667,0,0
200,4,68,er,0.8,637076283,40,160,2,37,1,37,37,1,37,37.0,0.05,0.925,0.975,0.975,0.975,0.05,0.05,0.925,1,1
200,4,68,ring,0.8,637076283,40,160,8,32,0,19,19,11,7,2.909090909090909,0.2,0.8,1.0,0.675,0.675,0.675,0.675,0.175,1,1
200,4,68,small_world,0.8,637076283,40,160,11,29,0,29,29,7,12,4.142857142857143,0.275,0.725,1.0,1.0,1.0,0.7,0.7,0.3,1,1
200,4,68,scale_free,0.8,637076283,40,160,2,36,2,0,0,1,36,36.0,0.05,0.9,0.95,0.05,0.05,0.05,0.05,0.9,0,0
200,4,68,er,0.9,637076283,20,180,1,19,0,19,19,3,15,6.333333333333333,0.05,0.95,1.0,1.0,1.0,0.25,0.25,0.75,1,1
200,4,68,ring,0.9,637076283,20,180,8,12,0,12,12,5,4,2.4,0.4,0.6,1.0,1.0,1.0,1.0,1.0,0.2,1,1
200,4,68,small_world,0.9,637076283,20,180,8,12,0,12,12,4,4,3.0,0.4,0.6,1.0,1.0,1.0,1.0,1.0,0.2,1,1
200,4,68,scale_free,0.9,637076283,20,180,0,19,1,2,2,2,17,9.5,0.0,0.95,0.95,0.1,0.1,0.1,0.1,0.85,1,1
200,4,69,er,0.1,3858235283,180,20,2,0,178,0,0,0,0,0.0,0.011111111111111112,0.0,0.011111111111111112,0.011111111111111112,0.011111111111111112,0.011111111111111112,0.011111111111111112,0.0,0,0
200,4,69,ring,0.1,3858235283,180,20,0,0,180,0,0,0,0,0.0,0.0,0.0,0.0,0.0,0.0,0.0,0.0,0.0,0,0
200,4,69,small_world,0.1,3858235283,180,20,0,0,180,0,0,0,0,0.0,0.0,0.0,0.0,0.0,0.0,0.0,0.0,0.0,0,0
200,4,69,scale_free,0.1,3858235283,180,20,0,0,180,0,0,0,0,0.0,0.0,0.0,0.0,0.0,0.0,0.0,0.0,0.0,0,0
200,4,69,er,0.2,3858235283,160,40,7,0,153,0,0,0,0,0.0,0.04375,0.0,0.04375,0.04375,0.04375,0.04375,0.04375,0.0,0,0
200,4,69,ring,0.2,3858235283,160,40,0,0,160,0,0,0,0,0.0,0.0,0.0,0.0,0.0,0.0,0.0,0.0,0.0,0,0
200,4,69,small_world,0.2,3858235283,160,40,0,0,160,0,0,0,0,0.0,0.0,0.0,0.0,0.0,0.0,0.0,0.0,0.0,0,0
200,4,69,scale_free,0.2,3858235283,160,40,4,0,156,0,0,0,0,0.0,0.025,0.0,0.025,0.025,0.025,0.025,0.025,0.0,0,0
200,4,69,er,0.3,3858235283,140,60,5,5,130,5,5,2,3,2.5,0.03571428571428571,0.03571428571428571,0.07142857142857142,0.07142857142857142,0.07142857142857142,0.07142857142857142,0.07142857142857142,0.02142857142857143,1,1
200,4,69,ring,0.3,3858235283,140,60,0,4,136,4,4,1,4,4.0,0.0,0.02857142857142857,0.02857142857142857,0.02857142857142857,0.02857142857142857,0.02857142857142857,0.02857142857142857,0.02857142857142857,1,1
200,4,69,small_world,0.3,3858235283,140,60,1,0,139,0,0,0,0,0.0,0.007142857142857143,0.0,0.007142857142857143,0.007142857142857143,0.007142857142857143,0.007142857142857143,0.007142857142857143,0.0,0,0
200,4,69,scale_free,0.3,3858235283,140,60,2,2,136,2,2,1,2,2.0,0.014285714285714285,0.014285714285714285,0.02857142857142857,0.02857142857142857,0.02857142857142857,0.02857142857142857,0.02857142857142857,0.014285714285714285,1,1
200,4,69,er,0.4,3858235283,120,80,3,4,113,4,4,2,2,2.0,0.025,0.03333333333333333,0.058333333333333334,0.058333333333333334,0.058333333333333334,0.058333333333333334,0.058333333333333334,0.016666666666666666,1,1
200,4,69,ring,0.4,3858235283,120,80,0,26,94,8,8,4,18,6.5,0.0,0.21666666666666667,0.21666666666666667,0.06666666666666667,0.06666666666666667,0.06666666666666667,0.06666666666666667,0.15,1,1
200,4,69,small_world,0.4,3858235283,120,80,0,4,116,4,4,1,4,4.0,0.0,0.03333333333333333,0.03333333333333333,0.03333333333333333,0.03333333333333333,0.03333333333333333,0.03333333333333333,0.03333333333333333,1,1
200,4,69,scale_free,0.4,3858235283,120,80,4,2,114,2,2,1,2,2.0,0.03333333333333333,0.016666666666666666,0.05,0.05,0.05,0.05,0.05,0.016666666666666666,1,1
200,4,69,er,0.5,3858235283,100,100,5,0,95,0,0,0,0,0.0,0.05,0.0,0.05,0.05,0.05,0.05,0.05,0.0,0,0
200,4,69,ring,0.5,3858235283,100,100,0,35,65,15,15,7,10,5.0,0.0,0.35,0.35,0.15,0.15,0.15,0.15,0.1,1,1
200,4,69,small_world,0.5,3858235283,100,100,0,66,34,7,7,4,31,16.5,0.0,0.66,0.66,0.07,0.07,0.07,0.07,0.31,1,1
200,4,69,scale_free,0.5,3858235283,100,100,6,72,22,2,2,2,70,36.0,0.06,0.72,0.78,0.08,0.08,0.08,0.08,0.7,1,1
200,4,69,er,0.6,3858235283,80,120,3,69,8,69,69,1,69,69.0,0.0375,0.8625,0.9,0.9,0.9,0.0375,0.0375,0.8625,1,1
200,4,69,ring,0.6,3858235283,80,120,1,67,12,30,30,10,27,6.7,0.0125,0.8375,0.85,0.3875,0.3875,0.2375,0.2375,0.3375,1,1
200,4,69,small_world,0.6,3858235283,80,120,0,59,21,40,40,7,30,8.428571428571429,0.0,0.7375,0.7375,0.5,0.5,0.125,0.125,0.375,1,1
200,4,69,scale_free,0.6,3858235283,80,120,9,61,10,0,0,1,61,61.0,0.1125,0.7625,0.875,0.1125,0.1125,0.1125,0.1125,0.7625,0,0
200,4,69,er,0.7,3858235283,60,140,3,53,4,53,53,1,53,53.0,0.05,0.8833333333333333,0.9333333333333333,0.9333333333333333,0.9333333333333333,0.05,0.05,0.8833333333333333,1,1
200,4,69,ring,0.7,3858235283,60,140,4,56,0,48,48,11,8,5.090909090909091,0.06666666666666667,0.9333333333333333,1.0,0.8666666666666667,0.8666666666666667,0.8666666666666667,0.8666666666666667,0.13333333333333333,1,1
200,4,69,small_world,0.7,3858235283,60,140,3,57,0,31,31,7,26,8.142857142857142,0.05,0.95,1.0,0.5666666666666667,0.5666666666666667,0.3333333333333333,0.3333333333333333,0.43333333333333335,1,1
200,4,69,scale_free,0.7,3858235283,60,140,7,47,6,0,0,1,47,47.0,0.11666666666666667,0.7833333333333333,0.9,0.11666666666666667,0.11666666666666667,0.11666666666666667,0.11666666666666667,0.7833333333333333,0,0
200,4,69,er,0.8,3858235283,40,160,5,35,0,35,35,3,26,11.666666666666666,0.125,0.875,1.0,1.0,1.0,0.35,0.35,0.65,1,1
200,4,69,ring,0.8,3858235283,40,160,8,32,0,27,27,9,7,3.5555555555555554,0.2,0.8,1.0,0.875,0.875,0.875,0.875,0.175,1,1
200,4,69,small_world,0.8,3858235283,40,160,6,34,0,34,34,10,9,3.4,0.15,0.85,1.0,1.0,1.0,1.0,1.0,0.225,1,1
200,4,69,scale_free,0.8,3858235283,40,160,6,33,1,0,0,1,33,33.0,0.15,0.825,0.975,0.15,0.15,0.15,0.15,0.825,0,0
200,4,69,er,0.9,3858235283,20,180,7,13,0,13,13,2,10,6.5,0.35,0.65,1.0,1.0,1.0,1.0,1.0,0.5,1,1
200,4,69,ring,0.9,3858235283,20,180,9,11,0,11,11,4,4,2.75,0.45,0.55,1.0,1.0,1.0,1.0,1.0,0.2,1,1
200,4,69,small_world,0.9,3858235283,20,180,6,14,0,14,14,5,4,2.8,0.3,0.7,1.0,1.0,1.0,1.0,1.0,0.2,1,1
200,4,69,scale_free,0.9,3858235283,20,180,3,17,0,17,17,3,12,5.666666666666667,0.15,0.85,1.0,1.0,1.0,0.4,0.4,0.6,1,1
200,4,70,er,0.1,4077985813,180,20,1,0,179,0,0,0,0,0.0,0.005555555555555556,0.0,0.005555555555555556,0.005555555555555556,0.005555555555555556,0.005555555555555556,0.005555555555555556,0.0,0,0
200,4,70,ring,0.1,4077985813,180,20,0,0,180,0,0,0,0,0.0,0.0,0.0,0.0,0.0,0.0,0.0,0.0,0.0,0,0
200,4,70,small_world,0.1,4077985813,180,20,0,0,180,0,0,0,0,0.0,0.0,0.0,0.0,0.0,0.0,0.0,0.0,0.0,0,0
200,4,70,scale_free,0.1,4077985813,180,20,1,0,179,0,0,0,0,0.0,0.005555555555555556,0.0,0.005555555555555556,0.005555555555555556,0.005555555555555556,0.005555555555555556,0.005555555555555556,0.0,0,0
200,4,70,er,0.2,4077985813,160,40,2,0,158,0,0,0,0,0.0,0.0125,0.0,0.0125,0.0125,0.0125,0.0125,0.0125,0.0,0,0
200,4,70,ring,0.2,4077985813,160,40,0,0,160,0,0,0,0,0.0,0.0,0.0,0.0,0.0,0.0,0.0,0.0,0.0,0,0
200,4,70,small_world,0.2,4077985813,160,40,0,0,160,0,0,0,0,0.0,0.0,0.0,0.0,0.0,0.0,0.0,0.0,0.0,0,0
200,4,70,scale_free,0.2,4077985813,160,40,3,0,157,0,0,0,0,0.0,0.01875,0.0,0.01875,0.01875,0.01875,0.01875,0.01875,0.0,0,0
200,4,70,er,0.3,4077985813,140,60,2,0,138,0,0,0,0,0.0,0.014285714285714285,0.0,0.014285714285714285,0.014285714285714285,0.014285714285714285,0.014285714285714285,0.014285714285714285,0.0,0,0
200,4,70,ring,0.3,4077985813,140,60,1,13,126,13,13,3,7,4.333333333333333,0.007142857142857143,0.09285714285714286,0.1,0.1,0.1,0.1,0.1,0.05,1,1
200,4,70,small_world,0.3,4077985813,140,60,1,13,126,2,2,2,11,6.5,0.007142857142857143,0.09285714285714286,0.1,0.02142857142857143,0.02142857142857143,0.02142857142857143,0.02142857142857143,0.07857142857142857,1,1
200,4,70,scale_free,0.3,4077985813,140,60,4,3,133,3,3,1,3,3.0,0.02857142857142857,0.02142857142857143,0.05,0.05,0.05,0.05,0.05,0.02142857142857143,1,1
200,4,70,er,0.4,4077985813,120,80,2,6,112,6,6,1,6,6.0,0.016666666666666666,0.05,0.06666666666666667,0.06666666666666667,0.06666666666666667,0.06666666666666667,0.06666666666666667,0.05,1,1
200,4,70,ring,0.4,4077985813,120,80,1,27,92,10,10,5,11,5.4,0.008333333333333333,0.225,0.23333333333333334,0.09166666666666666,0.09166666666666666,0.09166666666666666,0.09166666666666666,0.09166666666666666,1,1
200,4,70,small_world,0.4,4077985813,120,80,2,19,99,11,11,5,7,3.8,0.016666666666666666,0.15833333333333333,0.175,0.10833333333333334,0.10833333333333334,0.10833333333333334,0.10833333333333334,0.058333333333333334,1,1
200,4,70,scale_free,0.4,4077985813,120,80,4,0,116,0,0,0,0,0.0,0.03333333333333333,0.0,0.03333333333333333,0.03333333333333333,0.03333333333333333,0.03333333333333333,0.03333333333333333,0.0,0,0
200,4,70,er,0.5,4077985813,100,100,5,0,95,0,0,0,0,0.0,0.05,0.0,0.05,0.05,0.05,0.05,0.05,0.0,0,0
200,4,70,ring,0.5,4077985813,100,100,2,42,56,15,15,9,10,4.666666666666667,0.02,0.42,0.44,0.17,0.17,0.17,0.17,0.1,1,1
200,4,70,small_world,0.5,4077985813,100,100,2,15,83,15,15,5,6,3.0,0.02,0.15,0.17,0.17,0.17,0.17,0.17,0.06,1,1
200,4,70,scale_free,0.5,4077985813,100,100,2,2,96,2,2,1,2,2.0,0.02,0.02,0.04,0.04,0.04,0.04,0.04,0.02,1,1
200,4,70,er,0.6,4077985813,80,120,6,72,2,2,2,2,70,36.0,0.075,0.9,0.975,0.1,0.1,0.1,0.1,0.875,1,1
200,4,70,ring,0.6,4077985813,80,120,3,62,15,39,39,14,9,4.428571428571429,0.0375,0.775,0.8125,0.525,0.525,0.525,0.525,0.1125,1,1
200,4,70,small_world,0.6,4077985813,80,120,2,74,4,26,26,8,48,9.25,0.025,0.925,0.95,0.35,0.35,0.35,0.35,0.6,1,1
200,4,70,scale_free,0.6,4077985813,80,120,3,66,11,2,2,2,64,33.0,0.0375,0.825,0.8625,0.0625,0.0625,0.0625,0.0625,0.8,1,1
200,4,70,er,0.7,4077985813,60,140,5,54,1,54,54,4,47,13.5,0.08333333333333333,0.9,0.9833333333333333,0.9833333333333333,0.9833333333333333,0.2,0.2,0.7833333333333333,1,1
200,4,70,ring,0.7,4077985813,60,140,5,55,0,46,46,13,13,4.230769230769231,0.08333333333333333,0.9166666666666666,1.0,0.85,0.85,0.6333333333333333,0.6333333333333333,0.21666666666666667,1,1
200,4,70,small_world,0.7,4077985813,60,140,5,55,0,55,55,10,13,5.5,0.08333333333333333,0.9166666666666666,1.0,1.0,1.0,0.6,0.6,0.21666666666666667,1,1
200,4,70,scale_free,0.7,4077985813,60,140,3,56,1,2,2,2,54,28.0,0.05,0.9333333333333333,0.9833333333333333,0.08333333333333333,0.08333333333333333,0.08333333333333333,0.08333333333333333,0.9,1,1
200,4,70,er,0.8,4077985813,40,160,7,33,0,33,33,3,29,11.0,0.175,0.825,1.0,1.0,1.0,0.275,0.275,0.725,1,1
200,4,70,ring,0.8,4077985813,40,160,5,35,0,27,27,12,5,2.9166666666666665,0.125,0.875,1.0,0.8,0.8,0.8,0.8,0.125,1,1
200,4,70,small_world,0.8,4077985813,40,160,6,34,0,34,34,9,6,3.7777777777777777,0.15,0.85,1.0,1.0,1.0,1.0,1.0,0.15,1,1
200,4,70,scale_free,0.8,4077985813,40,160,3,36,1,36,36,1,36,36.0,0.075,0.9,0.975,0.975,0.975,0.075,0.075,0.9,1,1
200,4,70,er,0.9,4077985813,20,180,3,17,0,17,17,2,13,8.5,0.15,0.85,1.0,1.0,1.0,0.35,0.35,0.65,1,1
200,4,70,ring,0.9,4077985813,20,180,8,12,0,12,12,5,4,2.4,0.4,0.6,1.0,1.0,1.0,1.0,1.0,0.2,1,1
200,4,70,small_world,0.9,4077985813,20,180,6,14,0,14,14,5,4,2.8,0.3,0.7,1.0,1.0,1.0,1.0,1.0,0.2,1,1
200,4,70,scale_free,0.9,4077985813,20,180,5,15,0,15,15,3,7,5.0,0.25,0.75,1.0,1.0,1.0,1.0,1.0,0.35,1,1
200,4,71,er,0.1,540797198,180,20,0,0,180,0,0,0,0,0.0,0.0,0.0,0.0,0.0,0.0,0.0,0.0,0.0,0,0
200,4,71,ring,0.1,540797198,180,20,0,0,180,0,0,0,0,0.0,0.0,0.0,0.0,0.0,0.0,0.0,0.0,0.0,0,0
200,4,71,small_world,0.1,540797198,180,20,0,0,180,0,0,0,0,0.0,0.0,0.0,0.0,0.0,0.0,0.0,0.0,0.0,0,0
200,4,71,scale_free,0.1,540797198,180,20,1,0,179,0,0,0,0,0.0,0.005555555555555556,0.0,0.005555555555555556,0.005555555555555556,0.005555555555555556,0.005555555555555556,0.005555555555555556,0.0,0,0
200,4,71,er,0.2,540797198,160,40,2,0,158,0,0,0,0,0.0,0.0125,0.0,0.0125,0.0125,0.0125,0.0125,0.0125,0.0,0,0
200,4,71,ring,0.2,540797198,160,40,0,0,160,0,0,0,0,0.0,0.0,0.0,0.0,0.0,0.0,0.0,0.0,0.0,0,0
200,4,71,small_world,0.2,540797198,160,40,0,3,157,3,3,1,3,3.0,0.0,0.01875,0.01875,0.01875,0.01875,0.01875,0.01875,0.01875,1,1
200,4,71,scale_free,0.2,540797198,160,40,2,0,158,0,0,0,0,0.0,0.0125,0.0,0.0125,0.0125,0.0125,0.0125,0.0125,0.0,0,0
200,4,71,er,0.3,540797198,140,60,1,0,139,0,0,0,0,0.0,0.007142857142857143,0.0,0.007142857142857143,0.007142857142857143,0.007142857142857143,0.007142857142857143,0.007142857142857143,0.0,0,0
200,4,71,ring,0.3,540797198,140,60,0,2,138,2,2,1,2,2.0,0.0,0.014285714285714285,0.014285714285714285,0.014285714285714285,0.014285714285714285,0.014285714285714285,0.014285714285714285,0.014285714285714285,1,1
200,4,71,small_world,0.3,540797198,140,60,0,5,135,5,5,2,3,2.5,0.0,0.03571428571428571,0.03571428571428571,0.03571428571428571,0.03571428571428571,0.03571428571428571,0.03571428571428571,0.02142857142857143,1,1
200,4,71,scale_free,0.3,540797198,140,60,4,2,134,2,2,1,2,2.0,0.02857142857142857,0.014285714285714285,0.04285714285714286,0.04285714285714286,0.04285714285714286,0.04285714285714286,0.04285714285714286,0.014285714285714285,1,1
200,4,71,er,0.4,540797198,120,80,1,2,117,2,2,1,2,2.0,0.008333333333333333,0.016666666666666666,0.025,0.025,0.025,0.025,0.025,0.016666666666666666,1,1
200,4,71,ring,0.4,540797198,120,80,0,12,108,8,8,4,4,3.0,0.0,0.1,0.1,0.06666666666666667,0.06666666666666667,0.06666666666666667,0.06666666666666667,0.03333333333333333,1,1
200,4,71,small_world,0.4,540797198,120,80,1,4,115,4,4,1,4,4.0,0.008333333333333333,0.03333333333333333,0.041666666666666664,0.041666666666666664,0.041666666666666664,0.041666666666666664,0.041666666666666664,0.03333333333333333,1,1
200,4,71,scale_free,0.4,540797198,120,80,5,2,113,2,2,1,2,2.0,0.041666666666666664,0.016666666666666666,0.058333333333333334,0.058333333333333334,0.058333333333333334,0.058333333333333334,0.058333333333333334,0.016666666666666666,1,1
200,4,71,er,0.5,540797198,100,100,6,69,25,6,6,4,63,17.25,0.06,0.69,0.75,0.12,0.12,0.12,0.12,0.63,1,1
200,4,71,ring,0.5,540797198,100,100,0,32,68,18,18,7,14,4.571428571428571,0.0,0.32,0.32,0.18,0.18,0.18,0.18,0.14,1,1
200,4,71,small_world,0.5,540797198,100,100,3,84,13,10,10,5,74,16.8,0.03,0.84,0.87,0.13,0.13,0.13,0.13,0.74,1,1
200,4,71,scale_free,0.5,540797198,100,100,3,3,94,3,3,1,3,3.0,0.03,0.03,0.06,0.06,0.06,0.06,0.06,0.03,1,1
200,4,71,er,0.6,540797198,80,120,5,65,10,2,2,2,63,32.5,0.0625,0.8125,0.875,0.0875,0.0875,0.0875,0.0875,0.7875,1,1
200,4,71,ring,0.6,540797198,80,120,0,70,10,14,14,9,24,7.777777777777778,0.0,0.875,0.875,0.175,0.175,0.175,0.175,0.3,1,1
200,4,71,small_world,0.6,540797198,80,120,1,78,1,8,8,5,64,15.6,0.0125,0.975,0.9875,0.1125,0.1125,0.1125,0.1125,0.8,1,1
200,4,71,scale_free,0.6,540797198,80,120,4,74,2,0,0,1,74,74.0,0.05,0.925,0.975,0.05,0.05,0.05,0.05,0.925,0,0
200,4,71,er,0.7,540797198,60,140,4,52,4,52,52,2,48,26.0,0.06666666666666667,0.8666666666666667,0.9333333333333333,0.9333333333333333,0.9333333333333333,0.13333333333333333,0.13333333333333333,0.8,1,1
200,4,71,ring,0.7,540797198,60,140,4,50,6,35,35,11,11,4.545454545454546,0.06666666666666667,0.8333333333333334,0.9,0.65,0.65,0.65,0.65,0.18333333333333332,1,1
200,4,71,small_world,0.7,540797198,60,140,4,56,0,50,50,5,39,11.2,0.06666666666666667,0.9333333333333333,1.0,0.9,0.9,0.25,0.25,0.65,1,1
200,4,71,scale_free,0.7,540797198,60,140,4,56,0,0,0,1,56,56.0,0.06666666666666667,0.9333333333333333,1.0,0.06666666666666667,0.06666666666666667,0.06666666666666667,0.06666666666666667,0.9333333333333333,0,0
200,4,71,er,0.8,540797198,40,160,10,28,2,28,28,1,28,28.0,0.25,0.7,0.95,0.95,0.95,0.25,0.25,0.7,1,1
200,4,71,ring,0.8,540797198,40,160,9,31,0,31,31,8,7,3.875,0.225,0.775,1.0,1.0,1.0,1.0,1.0,0.175,1,1
200,4,71,small_world,0.8,540797198,40,160,5,35,0,35,35,5,12,7.0,0.125,0.875,1.0,1.0,1.0,0.7,0.7,0.3,1,1
200,4,71,scale_free,0.8,540797198,40,160,6,34,0,34,34,3,30,11.333333333333334,0.15,0.85,1.0,1.0,1.0,0.25,0.25,0.75,1,1
200,4,71,er,0.9,540797198,20,180,7,12,1,12,12,2,10,6.0,0.35,0.6,0.95,0.95,0.95,0.95,0.95,0.5,1,1
200,4,71,ring,0.9,540797198,20,180,8,12,0,12,12,5,3,2.4,0.4,0.6,1.0,1.0,1.0,1.0,1.0,0.15,1,1
200,4,71,small_world,0.9,540797198,20,180,6,14,0,14,14,5,5,2.8,0.3,0.7,1.0,1.0,1.0,1.0,1.0,0.25,1,1
200,4,71,scale_free,0.9,540797198,20,180,5,15,0,15,15,2,13,7.5,0.25,0.75,1.0,1.0,1.0,0.35,0.35,0.65,1,1
200,4,72,er,0.1,400026140,180,20,2,0,178,0,0,0,0,0.0,0.011111111111111112,0.0,0.011111111111111112,0.011111111111111112,0.011111111111111112,0.011111111111111112,0.011111111111111112,0.0,0,0
200,4,72,ring,0.1,400026140,180,20,0,0,180,0,0,0,0,0.0,0.0,0.0,0.0,0.0,0.0,0.0,0.0,0.0,0,0
200,4,72,small_world,0.1,400026140,180,20,0,0,180,0,0,0,0,0.0,0.0,0.0,0.0,0.0,0.0,0.0,0.0,0.0,0,0
200,4,72,scale_free,0.1,400026140,180,20,0,2,178,2,2,1,2,2.0,0.0,0.011111111111111112,0.011111111111111112,0.011111111111111112,0.011111111111111112,0.011111111111111112,0.011111111111111112,0.011111111111111112,1,1
200,4,72,er,0.2,400026140,160,40,3,0,157,0,0,0,0,0.0,0.01875,0.0,0.01875,0.01875,0.01875,0.01875,0.01875,0.0,0,0
200,4,72,ring,0.2,400026140,160,40,0,0,160,0,0,0,0,0.0,0.0,0.0,0.0,0.0,0.0,0.0,0.0,0.0,0,0
200,4,72,small_world,0.2,400026140,160,40,0,0,160,0,0,0,0,0.0,0.0,0.0,0.0,0.0,0.0,0.0,0.0,0.0,0,0
200,4,72,scale_free,0.2,400026140,160,40,2,0,158,0,0,0,0,0.0,0.0125,0.0,0.0125,0.0125,0.0125,0.0125,0.0125,0.0,0,0
200,4,72,er,0.3,400026140,140,60,2,0,138,0,0,0,0,0.0,0.014285714285714285,0.0,0.014285714285714285,0.014285714285714285,0.014285714285714285,0.014285714285714285,0.014285714285714285,0.0,0,0
200,4,72,ring,0.3,400026140,140,60,0,0,140,0,0,0,0,0.0,0.0,0.0,0.0,0.0,0.0,0.0,0.0,0.0,0,0
200,4,72,small_world,0.3,400026140,140,60,0,0,140,0,0,0,0,0.0,0.0,0.0,0.0,0.0,0.0,0.0,0.0,0.0,0,0
200,4,72,scale_free,0.3,400026140,140,60,4,2,134,2,2,1,2,2.0,0.02857142857142857,0.014285714285714285,0.04285714285714286,0.04285714285714286,0.04285714285714286,0.04285714285714286,0.04285714285714286,0.014285714285714285,1,1
200,4,72,er,0.4,400026140,120,80,3,0,117,0,0,0,0,0.0,0.025,0.0,0.025,0.025,0.025,0.025,0.025,0.0,0,0
200,4,72,ring,0.4,400026140,120,80,0,15,105,10,10,5,5,3.0,0.0,0.125,0.125,0.08333333333333333,0.08333333333333333,0.08333333333333333,0.08333333333333333,0.041666666666666664,1,1
200,4,72,small_world,0.4,400026140,120,80,0,2,118,2,2,1,2,2.0,0.0,0.016666666666666666,0.016666666666666666,0.016666666666666666,0.016666666666666666,0.016666666666666666,0.016666666666666666,0.016666666666666666,1,1
200,4,72,scale_free,0.4,400026140,120,80,6,2,112,2,2,1,2,2.0,0.05,0.016666666666666666,0.06666666666666667,0.06666666666666667,0.06666666666666667,0.06666666666666667,0.06666666666666667,0.016666666666666666,1,1
200,4,72,er,0.5,400026140,100,100,4,83,13,0,0,1,83,83.0,0.04,0.83,0.87,0.04,0.04,0.04,0.04,0.83,0,0
200,4,72,ring,0.5,400026140,100,100,0,56,44,21,21,11,27,5.090909090909091,0.0,0.56,0.56,0.21,0.21,0.21,0.21,0.27,1,1
200,4,72,small_world,0.5,400026140,100,100,2,64,34,12,12,5,44,12.8,0.02,0.64,0.66,0.14,0.14,0.14,0.14,0.44,1,1
200,4,72,scale_free,0.5,400026140,100,100,3,0,97,0,0,0,0,0.0,0.03,0.0,0.03,0.03,0.03,0.03,0.03,0.0,0,0
200,4,72,er,0.6,400026140,80,120,3,76,1,0,0,1,76,76.0,0.0375,0.95,0.9875,0.0375,0.0375,0.0375,0.0375,0.95,0,0
200,4,72,ring,0.6,400026140,80,120,1,64,15,36,36,12,11,5.333333333333333,0.0125,0.8,0.8125,0.4625,0.4625,0.325,0.325,0.1375,1,1
200,4,72,small_world,0.6,400026140,80,120,3,74,3,3,3,2,71,37.0,0.0375,0.925,0.9625,0.075,0.075,0.075,0.075,0.8875,1,1
200,4,72,scale_free,0.6,400026140,80,120,5,72,3,0,0,1,72,72.0,0.0625,0.9,0.9625,0.0625,0.0625,0.0625,0.0625,0.9,0,0
200,4,72,er,0.7,400026140,60,140,1,58,1,58,58,3,54,19.333333333333332,0.016666666666666666,0.9666666666666667,0.9833333333333333,0.9833333333333333,0.9833333333333333,0.08333333333333333,0.08333333333333333,0.9,1,1
200,4,72,ring,0.7,400026140,60,140,1,59,0,41,41,13,12,4.538461538461538,0.016666666666666666,0.9833333333333333,1.0,0.7,0.7,0.7,0.7,0.2,1,1
200,4,72,small_world,0.7,400026140,60,140,3,56,1,22,33,9,23,6.222222222222222,0.05,0.9333333333333333,0.9833333333333333,0.4166666666666667,0.6,0.4166666666666667,0.4166666666666667,0.38333333333333336,1,1
200,4,72,scale_free,0.7,400026140,60,140,3,55,2,0,0,1,55,55.0,0.05,0.9166666666666666,0.9666666666666667,0.05,0.05,0.05,0.05,0.9166666666666666,0,0
200,4,72,er,0.8,400026140,40,160,3,37,0,37,37,5,24,7.4,0.075,0.925,1.0,1.0,1.0,0.4,0.4,0.6,1,1
200,4,72,ring,0.8,400026140,40,160,7,33,0,28,28,9,8,3.6666666666666665,0.175,0.825,1.0,0.875,0.875,0.875,0.875,0.2,1,1
200,4,72,small_world,0.8,400026140,40,160,6,34,0,22,22,7,12,4.857142857142857,0.15,0.85,1.0,0.7,0.7,0.7,0.7,0.3,1,1
200,4,72,scale_free,0.8,400026140,40,160,0,40,0,0,0,1,40,40.0,0.0,1.0,1.0,0.0,0.0,0.0,0.0,1.0,0,0
200,4,72,er,0.9,400026140,20,180,4,16,0,16,16,3,12,5.333333333333333,0.2,0.8,1.0,1.0,1.0,0.4,0.4,0.6,1,1
200,4,72,ring,0.9,400026140,20,180,12,8,0,8,8,4,2,2.0,0.6,0.4,1.0,1.0,1.0,1.0,1.0,0.1,1,1
200,4,72,small_world,0.9,400026140,20,180,8,12,0,12,12,5,3,2.4,0.4,0.6,1.0,1.0,1.0,1.0,1.0,0.15,1,1
200,4,72,scale_free,0.9,400026140,20,180,2,18,0,18,18,1,18,18.0,0.1,0.9,1.0,1.0,1.0,0.1,0.1,0.9,1,1
200,4,73,er,0.1,3517270726,180,20,3,0,177,0,0,0,0,0.0,0.016666666666666666,0.0,0.016666666666666666,0.016666666666666666,0.016666666666666666,0.016666666666666666,0.016666666666666666,0.0,0,0
200,4,73,ring,0.1,3517270726,180,20,0,0,180,0,0,0,0,0.0,0.0,0.0,0.0,0.0,0.0,0.0,0.0,0.0,0,0
200,4,73,small_world,0.1,3517270726,180,20,0,0,180,0,0,0,0,0.0,0.0,0.0,0.0,0.0,0.0,0.0,0.0,0.0,0,0
200,4,73,scale_free,0.1,3517270726,180,20,0,4,176,4,4,1,4,4.0,0.0,0.022222222222222223,0.022222222222222223,0.022222222222222223,0.022222222222222223,0.022222222222222223,0.022222222222222223,0.022222222222222223,1,1
200,4,73,er,0.2,3517270726,160,40,1,0,159,0,0,0,0,0.0,0.00625,0.0,0.00625,0.00625,0.00625,0.00625,0.00625,0.0,0,0
200,4,73,ring,0.2,3517270726,160,40,0,0,160,0,0,0,0,0.0,0.0,0.0,0.0,0.0,0.0,0.0,0.0,0.0,0,0
200,4,73,small_world,0.2,3517270726,160,40,0,0,160,0,0,0,0,0.0,0.0,0.0,0.0,0.0,0.0,0.0,0.0,0.0,0,0
200,4,73,scale_free,0.2,3517270726,160,40,0,0,160,0,0,0,0,0.0,0.0,0.0,0.0,0.0,0.0,0.0,0.0,0.0,0,0
200,4,73,er,0.3,3517270726,140,60,3,0,137,0,0,0,0,0.0,0.02142857142857143,0.0,0.02142857142857143,0.02142857142857143,0.02142857142857143,0.02142857142857143,0.02142857142857143,0.0,0,0
200,4,73,ring,0.3,3517270726,140,60,0,11,129,2,2,2,9,5.5,0.0,0.07857142857142857,0.07857142857142857,0.014285714285714285,0.014285714285714285,0.014285714285714285,0.014285714285714285,0.06428571428571428,1,1
200,4,73,small_world,0.3,3517270726,140,60,0,2,138,2,2,1,2,2.0,0.0,0.014285714285714285,0.014285714285714285,0.014285714285714285,0.014285714285714285,0.014285714285714285,0.014285714285714285,0.014285714285714285,1,1
200,4,73,scale_free,0.3,3517270726,140,60,0,0,140,0,0,0,0,0.0,0.0,0.0,0.0,0.0,0.0,0.0,0.0,0.0,0,0
200,4,73,er,0.4,3517270726,120,80,2,2,116,2,2,1,2,2.0,0.016666666666666666,0.016666666666666666,0.03333333333333333,0.03333333333333333,0.03333333333333333,0.03333333333333333,0.03333333333333333,0.016666666666666666,1,1
200,4,73,ring,0.4,3517270726,120,80,0,11,109,4,4,3,7,3.6666666666666665,0.0,0.09166666666666666,0.09166666666666666,0.03333333333333333,0.03333333333333333,0.03333333333333333,0.03333333333333333,0.058333333333333334,1,1
200,4,73,small_world,0.4,3517270726,120,80,0,4,116,4,4,2,2,2.0,0.0,0.03333333333333333,0.03333333333333333,0.03333333333333333,0.03333333333333333,0.03333333333333333,0.03333333333333333,0.016666666666666666,1,1
200,4,73,scale_free,0.4,3517270726,120,80,5,0,115,0,0,0,0,0.0,0.041666666666666664,0.0,0.041666666666666664,0.041666666666666664,0.041666666666666664,0.041666666666666664,0.041666666666666664,0.0,0,0
200,4,73,er,0.5,3517270726,100,100,2,2,96,2,2,1,2,2.0,0.02,0.02,0.04,0.04,0.04,0.04,0.04,0.02,1,1
200,4,73,ring,0.5,3517270726,100,100,0,66,34,17,17,9,25,7.333333333333333,0.0,0.66,0.66,0.17,0.17,0.17,0.17,0.25,1,1
200,4,73,small_world,0.5,3517270726,100,100,0,84,16,7,7,4,77,21.0,0.0,0.84,0.84,0.07,0.07,0.07,0.07,0.77,1,1
200,4,73,scale_free,0.5,3517270726,100,100,5,80,15,0,0,1,80,80.0,0.05,0.8,0.85,0.05,0.05,0.05,0.05,0.8,0,0
200,4,73,er,0.6,3517270726,80,120,5,69,6,2,2,2,67,34.5,0.0625,0.8625,0.925,0.0875,0.0875,0.0875,0.0875,0.8375,1,1
200,4,73,ring,0.6,3517270726,80,120,1,78,1,57,57,12,20,6.5,0.0125,0.975,0.9875,0.725,0.725,0.3375,0.3375,0.25,1,1
200,4,73,small_world,0.6,3517270726,80,120,2,76,2,30,30,9,42,8.444444444444445,0.025,0.95,0.975,0.4,0.4,0.1875,0.1875,0.525,1,1
200,4,73,scale_free,0.6,3517270726,80,120,2,73,5,0,0,1,73,73.0,0.025,0.9125,0.9375,0.025,0.025,0.025,0.025,0.9125,0,0
200,4,73,er,0.7,3517270726,60,140,3,53,4,53,53,2,51,26.5,0.05,0.8833333333333333,0.9333333333333333,0.9333333333333333,0.9333333333333333,0.08333333333333333,0.08333333333333333,0.85,1,1
200,4,73,ring,0.7,3517270726,60,140,1,59,0,59,59,12,17,4.916666666666667,0.016666666666666666,0.9833333333333333,1.0,1.0,1.0,0.7166666666666667,0.7166666666666667,0.2833333333333333,1,1
200,4,73,small_world,0.7,3517270726,60,140,2,58,0,58,58,11,18,5.2727272727272725,0.03333333333333333,0.9666666666666667,1.0,1.0,1.0,0.48333333333333334,0.48333333333333334,0.3,1,1
200,4,73,scale_free,0.7,3517270726,60,140,2,54,4,0,0,1,54,54.0,0.03333333333333333,0.9,0.9333333333333333,0.03333333333333333,0.03333333333333333,0.03333333333333333,0.03333333333333333,0.9,0,0
200,4,73,er,0.8,3517270726,40,160,5,34,1,34,34,1,34,34.0,0.125,0.85,0.975,0.975,0.975,0.125,0.125,0.85,1,1
200,4,73,ring,0.8,3517270726,40,160,7,33,0,33,33,9,7,3.6666666666666665,0.175,0.825,1.0,1.0,1.0,1.0,1.0,0.175,1,1
200,4,73,small_world,0.8,3517270726,40,160,7,33,0,33,33,8,7,4.125,0.175,0.825,1.0,1.0,1.0,1.0,1.0,0.175,1,1
200,4,73,scale_free,0.8,3517270726,40,160,2,36,2,0,0,1,36,36.0,0.05,0.9,0.95,0.05,0.05,0.05,0.05,0.9,0,0
200,4,73,er,0.9,3517270726,20,180,4,16,0,16,16,2,14,8.0,0.2,0.8,1.0,1.0,1.0,0.3,0.3,0.7,1,1
200,4,73,ring,0.9,3517270726,20,180,7,13,0,13,13,5,3,2.6,0.35,0.65,1.0,1.0,1.0,1.0,1.0,0.15,1,1
200,4,73,small_world,0.9,3517270726,20,180,8,12,0,12,12,5,3,2.4,0.4,0.6,1.0,1.0,1.0,1.0,1.0,0.15,1,1
200,4,73,scale_free,0.9,3517270726,20,180,2,18,0,18,18,1,18,18.0,0.1,0.9,1.0,1.0,1.0,0.1,0.1,0.9,1,1
200,4,74,er,0.1,2896822633,180,20,0,0,180,0,0,0,0,0.0,0.0,0.0,0.0,0.0,0.0,0.0,0.0,0.0,0,0
200,4,74,ring,0.1,2896822633,180,20,0,0,180,0,0,0,0,0.0,0.0,0.0,0.0,0.0,0.0,0.0,0.0,0.0,0,0
200,4,74,small_world,0.1,2896822633,180,20,0,0,180,0,0,0,0,0.0,0.0,0.0,0.0,0.0,0.0,0.0,0.0,0.0,0,0
200,4,74,scale_free,0.1,2896822633,180,20,1,0,179,0,0,0,0,0.0,0.005555555555555556,0.0,0.005555555555555556,0.005555555555555556,0.005555555555555556,0.005555555555555556,0.005555555555555556,0.0,0,0
200,4,74,er,0.2,2896822633,160,40,1,0,159,0,0,0,0,0.0,0.00625,0.0,0.00625,0.00625,0.00625,0.00625,0.00625,0.0,0,0
200,4,74,ring,0.2,2896822633,160,40,0,8,152,2,2,2,6,4.0,0.0,0.05,0.05,0.0125,0.0125,0.0125,0.0125,0.0375,1,1
200,4,74,small_world,0.2,2896822633,160,40,0,5,155,5,5,2,3,2.5,0.0,0.03125,0.03125,0.03125,0.03125,0.03125,0.03125,0.01875,1,1
200,4,74,scale_free,0.2,2896822633,160,40,0,0,160,0,0,0,0,0.0,0.0,0.0,0.0,0.0,0.0,0.0,0.0,0.0,0,0
200,4,74,er,0.3,2896822633,140,60,1,0,139,0,0,0,0,0.0,0.007142857142857143,0.0,0.007142857142857143,0.007142857142857143,0.007142857142857143,0.007142857142857143,0.007142857142857143,0.0,0,0
200,4,74,ring,0.3,2896822633,140,60,0,10,130,10,10,4,4,2.5,0.0,0.07142857142857142,0.07142857142857142,0.07142857142857142,0.07142857142857142,0.07142857142857142,0.07142857142857142,0.02857142857142857,1,1
200,4,74,small_world,0.3,2896822633,140,60,3,8,129,8,8,2,6,4.0,0.02142857142857143,0.05714285714285714,0.07857142857142857,0.07857142857142857,0.07857142857142857,0.07857142857142857,0.07857142857142857,0.04285714285714286,1,1
200,4,74,scale_free,0.3,2896822633,140,60,1,0,139,0,0,0,0,0.0,0.007142857142857143,0.0,0.007142857142857143,0.007142857142857143,0.007142857142857143,0.007142857142857143,0.007142857142857143,0.0,0,0
200,4,74,er,0.4,2896822633,120,80,5,2,113,2,2,1,2,2.0,0.041666666666666664,0.016666666666666666,0.058333333333333334,0.058333333333333334,0.058333333333333334,0.058333333333333334,0.058333333333333334,0.016666666666666666,1,1
200,4,74,ring,0.4,2896822633,120,80,1,20,99,6,6,4,9,5.0,0.008333333333333333,0.16666666666666666,0.175,0.058333333333333334,0.058333333333333334,0.058333333333333334,0.058333333333333334,0.075,1,1
200,4,74,small_world,0.4,2896822633,120,80,4,9,107,2,2,2,7,4.5,0.03333333333333333,0.075,0.10833333333333334,0.05,0.05,0.05,0.05,0.058333333333333334,1,1
200,4,74,scale_free,0.4,2896822633,120,80,1,0,119,0,0,0,0,0.0,0.008333333333333333,0.0,0.008333333333333333,0.008333333333333333,0.008333333333333333,0.008333333333333333,0.008333333333333333,0.0,0,0
200,4,74,er,0.5,2896822633,100,100,8,82,10,4,4,3,78,27.333333333333332,0.08,0.82,0.9,0.12,0.12,0.12,0.12,0.78,1,1
200,4,74,ring,0.5,2896822633,100,100,1,56,43,16,16,10,15,5.6,0.01,0.56,0.57,0.17,0.17,0.17,0.17,0.15,1,1
200,4,74,small_world,0.5,2896822633,100,100,4,85,11,10,10,5,75,17.0,0.04,0.85,0.89,0.14,0.14,0.14,0.14,0.75,1,1
200,4,74,scale_free,0.5,2896822633,100,100,5,73,22,5,5,3,68,24.333333333333332,0.05,0.73,0.78,0.1,0.1,0.1,0.1,0.68,1,1
200,4,74,er,0.6,2896822633,80,120,8,69,3,4,4,3,65,23.0,0.1,0.8625,0.9625,0.15,0.15,0.15,0.15,0.8125,1,1
200,4,74,ring,0.6,2896822633,80,120,1,71,8,65,65,14,10,5.071428571428571,0.0125,0.8875,0.9,0.825,0.825,0.825,0.825,0.125,1,1
200,4,74,small_world,0.6,2896822633,80,120,1,76,3,10,10,6,53,12.666666666666666,0.0125,0.95,0.9625,0.1375,0.1375,0.1375,0.1375,0.6625,1,1
200,4,74,scale_free,0.6,2896822633,80,120,10,61,9,0,0,1,61,61.0,0.125,0.7625,0.8875,0.125,0.125,0.125,0.125,0.7625,0,0
200,4,74,er,0.7,2896822633,60,140,8,52,0,52,52,2,50,26.0,0.13333333333333333,0.8666666666666667,1.0,1.0,1.0,0.16666666666666666,0.16666666666666666,0.8333333333333334,1,1
200,4,74,ring,0.7,2896822633,60,140,3,57,0,51,51,13,10,4.384615384615385,0.05,0.95,1.0,0.9,0.9,0.9,0.9,0.16666666666666666,1,1
200,4,74,small_world,0.7,2896822633,60,140,3,57,0,28,28,8,29,7.125,0.05,0.95,1.0,0.5166666666666667,0.5166666666666667,0.5166666666666667,0.5166666666666667,0.48333333333333334,1,1
200,4,74,scale_free,0.7,2896822633,60,140,7,51,2,0,0,1,51,51.0,0.11666666666666667,0.85,0.9666666666666667,0.11666666666666667,0.11666666666666667,0.11666666666666667,0.11666666666666667,0.85,0,0
200,4,74,er,0.8,2896822633,40,160,9,31,0,31,31,2,29,15.5,0.225,0.775,1.0,1.0,1.0,0.275,0.275,0.725,1,1
200,4,74,ring,0.8,2896822633,40,160,11,29,0,29,29,9,6,3.2222222222222223,0.275,0.725,1.0,1.0,1.0,1.0,1.0,0.15,1,1
200,4,74,small_world,0.8,2896822633,40,160,7,33,0,33,33,6,12,5.5,0.175,0.825,1.0,1.0,1.0,0.7,0.7,0.3,1,1
200,4,74,scale_free,0.8,2896822633,40,160,8,32,0,0,0,1,32,32.0,0.2,0.8,1.0,0.2,0.2,0.2,0.2,0.8,0,0
200,4,74,er,0.9,2896822633,20,180,12,8,0,8,8,3,4,2.6666666666666665,0.6,0.4,1.0,1.0,1.0,1.0,1.0,0.2,1,1
200,4,74,ring,0.9,2896822633,20,180,7,13,0,13,13,5,5,2.6,0.35,0.65,1.0,1.0,1.0,1.0,1.0,0.25,1,1
200,4,74,small_world,0.9,2896822633,20,180,6,14,0,14,14,3,10,4.666666666666667,0.3,0.7,1.0,1.0,1.0,1.0,1.0,0.5,1,1
200,4,74,scale_free,0.9,2896822633,20,180,6,14,0,14,14,2,12,7.0,0.3,0.7,1.0,1.0,1.0,0.4,0.4,0.6,1,1
200,4,75,er,0.1,2849007501,180,20,1,0,179,0,0,0,0,0.0,0.005555555555555556,0.0,0.005555555555555556,0.005555555555555556,0.005555555555555556,0.005555555555555556,0.005555555555555556,0.0,0,0
200,4,75,ring,0.1,2849007501,180,20,0,0,180,0,0,0,0,0.0,0.0,0.0,0.0,0.0,0.0,0.0,0.0,0.0,0,0
200,4,75,small_world,0.1,2849007501,180,20,0,0,180,0,0,0,0,0.0,0.0,0.0,0.0,0.0,0.0,0.0,0.0,0.0,0,0
200,4,75,scale_free,0.1,2849007501,180,20,0,0,180,0,0,0,0,0.0,0.0,0.0,0.0,0.0,0.0,0.0,0.0,0.0,0,0
200,4,75,er,0.2,2849007501,160,40,4,0,156,0,0,0,0,0.0,0.025,0.0,0.025,0.025,0.025,0.025,0.025,0.0,0,0
200,4,75,ring,0.2,2849007501,160,40,0,0,160,0,0,0,0,0.0,0.0,0.0,0.0,0.0,0.0,0.0,0.0,0.0,0,0
200,4,75,small_world,0.2,2849007501,160,40,0,2,158,2,2,1,2,2.0,0.0,0.0125,0.0125,0.0125,0.0125,0.0125,0.0125,0.0125,1,1
200,4,75,scale_free,0.2,2849007501,160,40,2,0,158,0,0,0,0,0.0,0.0125,0.0,0.0125,0.0125,0.0125,0.0125,0.0125,0.0,0,0
200,4,75,er,0.3,2849007501,140,60,3,2,135,2,2,1,2,2.0,0.02142857142857143,0.014285714285714285,0.03571428571428571,0.03571428571428571,0.03571428571428571,0.03571428571428571,0.03571428571428571,0.014285714285714285,1,1
200,4,75,ring,0.3,2849007501,140,60,0,14,126,14,14,4,8,3.5,0.0,0.1,0.1,0.1,0.1,0.1,0.1,0.05714285714285714,1,1
200,4,75,small_world,0.3,2849007501,140,60,1,0,139,0,0,0,0,0.0,0.007142857142857143,0.0,0.007142857142857143,0.007142857142857143,0.007142857142857143,0.007142857142857143,0.007142857142857143,0.0,0,0
200,4,75,scale_free,0.3,2849007501,140,60,4,0,136,0,0,0,0,0.0,0.02857142857142857,0.0,0.02857142857142857,0.02857142857142857,0.02857142857142857,0.02857142857142857,0.02857142857142857,0.0,0,0
200,4,75,er,0.4,2849007501,120,80,5,2,113,2,2,1,2,2.0,0.041666666666666664,0.016666666666666666,0.058333333333333334,0.058333333333333334,0.058333333333333334,0.058333333333333334,0.058333333333333334,0.016666666666666666,1,1
200,4,75,ring,0.4,2849007501,120,80,0,24,96,9,9,4,15,6.0,0.0,0.2,0.2,0.075,0.075,0.075,0.075,0.125,1,1
200,4,75,small_world,0.4,2849007501,120,80,0,0,120,0,0,0,0,0.0,0.0,0.0,0.0,0.0,0.0,0.0,0.0,0.0,0,0
200,4,75,scale_free,0.4,2849007501,120,80,4,0,116,0,0,0,0,0.0,0.03333333333333333,0.0,0.03333333333333333,0.03333333333333333,0.03333333333333333,0.03333333333333333,0.03333333333333333,0.0,0,0
200,4,75,er,0.5,2849007501,100,100,3,81,16,2,2,2,79,40.5,0.03,0.81,0.84,0.05,0.05,0.05,0.05,0.79,1,1
200,4,75,ring,0.5,2849007501,100,100,0,33,67,33,33,8,9,4.125,0.0,0.33,0.33,0.33,0.33,0.33,0.33,0.09,1,1
200,4,75,small_world,0.5,2849007501,100,100,4,6,90,6,6,3,2,2.0,0.04,0.06,0.1,0.1,0.1,0.1,0.1,0.02,1,1
200,4,75,scale_free,0.5,2849007501,100,100,3,2,95,2,2,1,2,2.0,0.03,0.02,0.05,0.05,0.05,0.05,0.05,0.02,1,1
200,4,75,er,0.6,2849007501,80,120,4,63,13,63,63,1,63,63.0,0.05,0.7875,0.8375,0.8375,0.8375,0.05,0.05,0.7875,1,1
200,4,75,ring,0.6,2849007501,80,120,1,67,12,38,38,13,17,5.153846153846154,0.0125,0.8375,0.85,0.4875,0.4875,0.4875,0.4875,0.2125,1,1
200,4,75,small_world,0.6,2849007501,80,120,5,74,1,6,6,4,68,18.5,0.0625,0.925,0.9875,0.1375,0.1375,0.1375,0.1375,0.85,1,1
200,4,75,scale_free,0.6,2849007501,80,120,3,68,9,0,0,1,68,68.0,0.0375,0.85,0.8875,0.0375,0.0375,0.0375,0.0375,0.85,0,0
200,4,75,er,0.7,2849007501,60,140,4,50,6,50,50,1,50,50.0,0.06666666666666667,0.8333333333333334,0.9,0.9,0.9,0.06666666666666667,0.06666666666666667,0.8333333333333334,1,1
200,4,75,ring,0.7,2849007501,60,140,0,60,0,44,44,15,9,4.0,0.0,1.0,1.0,0.7333333333333333,0.7333333333333333,0.7333333333333333,0.7333333333333333,0.15,1,1
200,4,75,small_world,0.7,2849007501,60,140,4,56,0,4,4,3,52,18.666666666666668,0.06666666666666667,0.9333333333333333,1.0,0.13333333333333333,0.13333333333333333,0.13333333333333333,0.13333333333333333,0.8666666666666667,1,1
200,4,75,scale_free,0.7,2849007501,60,140,5,49,6,0,0,1,49,49.0,0.08333333333333333,0.8166666666666667,0.9,0.08333333333333333,0.08333333333333333,0.08333333333333333,0.08333333333333333,0.8166666666666667,0,0
200,4,75,er,0.8,2849007501,40,160,5,32,3,32,32,1,32,32.0,0.125,0.8,0.925,0.925,0.925,0.125,0.125,0.8,1,1
200,4,75,ring,0.8,2849007501,40,160,7,33,0,33,33,11,6,3.0,0.175,0.825,1.0,1.0,1.0,1.0,1.0,0.15,1,1
200,4,75,small_world,0.8,2849007501,40,160,4,36,0,36,36,9,11,4.0,0.1,0.9,1.0,1.0,1.0,0.725,0.725,0.275,1,1
200,4,75,scale_free,0.8,2849007501,40,160,6,28,6,0,0,1,28,28.0,0.15,0.7,0.85,0.15,0.15,0.15,0.15,0.7,0,0
200,4,75,er,0.9,2849007501,20,180,3,15,2,15,15,4,9,3.75,0.15,0.75,0.9,0.9,0.9,0.9,0.9,0.45,1,1
200,4,75,ring,0.9,2849007501,20,180,10,10,0,10,10,5,2,2.0,0.5,0.5,1.0,1.0,1.0,1.0,1.0,0.1,1,1
200,4,75,small_world,0.9,2849007501,20,180,12,8,0,8,8,3,4,2.6666666666666665,0.6,0.4,1.0,1.0,1.0,1.0,1.0,0.2,1,1
200,4,75,scale_free,0.9,2849007501,20,180,3,17,0,17,17,1,17,17.0,0.15,0.85,1.0,1.0,1.0,0.15,0.15,0.85,1,1
200,4,76,er,0.1,1726857545,180,20,1,0,179,0,0,0,0,0.0,0.005555555555555556,0.0,0.005555555555555556,0.005555555555555556,0.005555555555555556,0.005555555555555556,0.005555555555555556,0.0,0,0
200,4,76,ring,0.1,1726857545,180,20,0,0,180,0,0,0,0,0.0,0.0,0.0,0.0,0.0,0.0,0.0,0.0,0.0,0,0
200,4,76,small_world,0.1,1726857545,180,20,0,0,180,0,0,0,0,0.0,0.0,0.0,0.0,0.0,0.0,0.0,0.0,0.0,0,0
200,4,76,scale_free,0.1,1726857545,180,20,0,0,180,0,0,0,0,0.0,0.0,0.0,0.0,0.0,0.0,0.0,0.0,0.0,0,0
200,4,76,er,0.2,1726857545,160,40,1,0,159,0,0,0,0,0.0,0.00625,0.0,0.00625,0.00625,0.00625,0.00625,0.00625,0.0,0,0
200,4,76,ring,0.2,1726857545,160,40,0,0,160,0,0,0,0,0.0,0.0,0.0,0.0,0.0,0.0,0.0,0.0,0.0,0,0
200,4,76,small_world,0.2,1726857545,160,40,0,0,160,0,0,0,0,0.0,0.0,0.0,0.0,0.0,0.0,0.0,0.0,0.0,0,0
200,4,76,scale_free,0.2,1726857545,160,40,2,0,158,0,0,0,0,0.0,0.0125,0.0,0.0125,0.0125,0.0125,0.0125,0.0125,0.0,0,0
200,4,76,er,0.3,1726857545,140,60,3,0,137,0,0,0,0,0.0,0.02142857142857143,0.0,0.02142857142857143,0.02142857142857143,0.02142857142857143,0.02142857142857143,0.02142857142857143,0.0,0,0
200,4,76,ring,0.3,1726857545,140,60,0,0,140,0,0,0,0,0.0,0.0,0.0,0.0,0.0,0.0,0.0,0.0,0.0,0,0
200,4,76,small_world,0.3,1726857545,140,60,0,0,140,0,0,0,0,0.0,0.0,0.0,0.0,0.0,0.0,0.0,0.0,0.0,0,0
200,4,76,scale_free,0.3,1726857545,140,60,3,0,137,0,0,0,0,0.0,0.02142857142857143,0.0,0.02142857142857143,0.02142857142857143,0.02142857142857143,0.02142857142857143,0.02142857142857143,0.0,0,0
200,4,76,er,0.4,1726857545,120,80,3,0,117,0,0,0,0,0.0,0.025,0.0,0.025,0.025,0.025,0.025,0.025,0.0,0,0
200,4,76,ring,0.4,1726857545,120,80,0,27,93,9,9,4,15,6.75,0.0,0.225,0.225,0.075,0.075,0.075,0.075,0.125,1,1
200,4,76,small_world,0.4,1726857545,120,80,1,7,112,0,0,1,7,7.0,0.008333333333333333,0.058333333333333334,0.06666666666666667,0.008333333333333333,0.008333333333333333,0.008333333333333333,0.008333333333333333,0.058333333333333334,0,0
200,4,76,scale_free,0.4,1726857545,120,80,6,0,114,0,0,0,0,0.0,0.05,0.0,0.05,0.05,0.05,0.05,0.05,0.0,0,0
200,4,76,er,0.5,1726857545,100,100,7,0,93,0,0,0,0,0.0,0.07,0.0,0.07,0.07,0.07,0.07,0.07,0.0,0,0
200,4,76,ring,0.5,1726857545,100,100,1,52,47,8,8,7,21,7.428571428571429,0.01,0.52,0.53,0.09,0.09,0.09,0.09,0.21,1,1
200,4,76,small_world,0.5,1726857545,100,100,1,83,16,2,2,3,77,27.666666666666668,0.01,0.83,0.84,0.03,0.03,0.03,0.03,0.77,1,1
200,4,76,scale_free,0.5,1726857545,100,100,6,0,94,0,0,0,0,0.0,0.06,0.0,0.06,0.06,0.06,0.06,0.06,0.0,0,0
200,4,76,er,0.6,1726857545,80,120,10,64,6,64,64,1,64,64.0,0.125,0.8,0.925,0.925,0.925,0.125,0.125,0.8,1,1
200,4,76,ring,0.6,1726857545,80,120,2,57,21,17,17,8,22,7.125,0.025,0.7125,0.7375,0.2375,0.2375,0.2375,0.2375,0.275,1,1
200,4,76,small_world,0.6,1726857545,80,120,1,75,4,13,13,3,62,25.0,0.0125,0.9375,0.95,0.175,0.175,0.0375,0.0375,0.775,1,1
200,4,76,scale_free,0.6,1726857545,80,120,6,70,4,0,0,1,70,70.0,0.075,0.875,0.95,0.075,0.075,0.075,0.075,0.875,0,0
200,4,76,er,0.7,1726857545,60,140,8,49,3,49,49,1,49,49.0,0.13333333333333333,0.8166666666666667,0.95,0.95,0.95,0.13333333333333333,0.13333333333333333,0.8166666666666667,1,1
200,4,76,ring,0.7,1726857545,60,140,3,57,0,57,57,11,11,5.181818181818182,0.05,0.95,1.0,1.0,1.0,0.8166666666666667,0.8166666666666667,0.18333333333333332,1,1
200,4,76,small_world,0.7,1726857545,60,140,1,57,2,57,57,4,44,14.25,0.016666666666666666,0.95,0.9666666666666667,0.9666666666666667,0.9666666666666667,0.23333333333333334,0.23333333333333334,0.7333333333333333,1,1
200,4,76,scale_free,0.7,1726857545,60,140,7,49,4,0,0,1,49,49.0,0.11666666666666667,0.8166666666666667,0.9333333333333333,0.11666666666666667,0.11666666666666667,0.11666666666666667,0.11666666666666667,0.8166666666666667,0,0
200,4,76,er,0.8,1726857545,40,160,10,29,1,29,29,2,26,14.5,0.25,0.725,0.975,0.975,0.975,0.325,0.325,0.65,1,1
200,4,76,ring,0.8,1726857545,40,160,8,32,0,32,32,10,7,3.2,0.2,0.8,1.0,1.0,1.0,1.0,1.0,0.175,1,1
200,4,76,small_world,0.8,1726857545,40,160,6,32,2,32,32,6,11,5.333333333333333,0.15,0.8,0.95,0.95,0.95,0.675,0.675,0.275,1,1
200,4,76,scale_free,0.8,1726857545,40,160,8,31,1,31,31,2,29,15.5,0.2,0.775,0.975,0.975,0.975,0.25,0.25,0.725,1,1
200,4,76,er,0.9,1726857545,20,180,5,15,0,15,15,2,13,7.5,0.25,0.75,1.0,1.0,1.0,0.35,0.35,0.65,1,1
200,4,76,ring,0.9,1726857545,20,180,11,9,0,9,9,3,4,3.0,0.55,0.45,1.0,1.0,1.0,1.0,1.0,0.2,1,1
200,4,76,small_world,0.9,1726857545,20,180,9,11,0,11,11,3,5,3.6666666666666665,0.45,0.55,1.0,1.0,1.0,1.0,1.0,0.25,1,1
200,4,76,scale_free,0.9,1726857545,20,180,5,15,0,15,15,2,13,7.5,0.25,0.75,1.0,1.0,1.0,0.35,0.35,0.65,1,1
200,4,77,er,0.1,3679725767,180,20,2,0,178,0,0,0,0,0.0,0.011111111111111112,0.0,0.011111111111111112,0.011111111111111112,0.011111111111111112,0.011111111111111112,0.011111111111111112,0.0,0,0
200,4,77,ring,0.1,3679725767,180,20,0,0,180,0,0,0,0,0.0,0.0,0.0,0.0,0.0,0.0,0.0,0.0,0.0,0,0
200,4,77,small_world,0.1,3679725767,180,20,0,0,180,0,0,0,0,0.0,0.0,0.0,0.0,0.0,0.0,0.0,0.0,0.0,0,0
200,4,77,scale_free,0.1,3679725767,180,20,1,0,179,0,0,0,0,0.0,0.005555555555555556,0.0,0.005555555555555556,0.005555555555555556,0.005555555555555556,0.005555555555555556,0.005555555555555556,0.0,0,0
200,4,77,er,0.2,3679725767,160,40,3,0,157,0,0,0,0,0.0,0.01875,0.0,0.01875,0.01875,0.01875,0.01875,0.01875,0.0,0,0
200,4,77,ring,0.2,3679725767,160,40,0,0,160,0,0,0,0,0.0,0.0,0.0,0.0,0.0,0.0,0.0,0.0,0.0,0,0
200,4,77,small_world,0.2,3679725767,160,40,0,0,160,0,0,0,0,0.0,0.0,0.0,0.0,0.0,0.0,0.0,0.0,0.0,0,0
200,4,77,scale_free,0.2,3679725767,160,40,1,0,159,0,0,0,0,0.0,0.00625,0.0,0.00625,0.00625,0.00625,0.00625,0.00625,0.0,0,0
200,4,77,er,0.3,3679725767,140,60,4,0,136,0,0,0,0,0.0,0.02857142857142857,0.0,0.02857142857142857,0.02857142857142857,0.02857142857142857,0.02857142857142857,0.02857142857142857,0.0,0,0
200,4,77,ring,0.3,3679725767,140,60,0,0,140,0,0,0,0,0.0,0.0,0.0,0.0,0.0,0.0,0.0,0.0,0.0,0,0
200,4,77,small_world,0.3,3679725767,140,60,1,0,139,0,0,0,0,0.0,0.007142857142857143,0.0,0.007142857142857143,0.007142857142857143,0.007142857142857143,0.007142857142857143,0.007142857142857143,0.0,0,0
200,4,77,scale_free,0.3,3679725767,140,60,3,0,137,0,0,0,0,0.0,0.02142857142857143,0.0,0.02142857142857143,0.02142857142857143,0.02142857142857143,0.02142857142857143,0.02142857142857143,0.0,0,0
200,4,77,er,0.4,3679725767,120,80,4,2,114,2,2,1,2,2.0,0.03333333333333333,0.016666666666666666,0.05,0.05,0.05,0.05,0.05,0.016666666666666666,1,1
200,4,77,ring,0.4,3679725767,120,80,0,15,105,6,6,3,9,5.0,0.0,0.125,0.125,0.05,0.05,0.05,0.05,0.075,1,1
200,4,77,small_world,0.4,3679725767,120,80,0,5,115,5,5,2,3,2.5,0.0,0.041666666666666664,0.041666666666666664,0.041666666666666664,0.041666666666666664,0.041666666666666664,0.041666666666666664,0.025,1,1
200,4,77,scale_free,0.4,3679725767,120,80,4,2,114,2,2,1,2,2.0,0.03333333333333333,0.016666666666666666,0.05,0.05,0.05,0.05,0.05,0.016666666666666666,1,1
200,4,77,er,0.5,3679725767,100,100,2,2,96,2,2,1,2,2.0,0.02,0.02,0.04,0.04,0.04,0.04,0.04,0.02,1,1
200,4,77,ring,0.5,3679725767,100,100,0,33,67,13,13,6,15,5.5,0.0,0.33,0.33,0.13,0.13,0.13,0.13,0.15,1,1
200,4,77,small_world,0.5,3679725767,100,100,0,74,26,7,7,3,67,24.666666666666668,0.0,0.74,0.74,0.07,0.07,0.07,0.07,0.67,1,1
200,4,77,scale_free,0.5,3679725767,100,100,3,72,25,0,0,1,72,72.0,0.03,0.72,0.75,0.03,0.03,0.03,0.03,0.72,0,0
200,4,77,er,0.6,3679725767,80,120,5,69,6,69,69,1,69,69.0,0.0625,0.8625,0.925,0.925,0.925,0.0625,0.0625,0.8625,1,1
200,4,77,ring,0.6,3679725767,80,120,1,50,29,28,28,9,10,5.555555555555555,0.0125,0.625,0.6375,0.3625,0.3625,0.3625,0.3625,0.125,1,1
200,4,77,small_world,0.6,3679725767,80,120,0,80,0,10,10,5,70,16.0,0.0,1.0,1.0,0.125,0.125,0.125,0.125,0.875,1,1
200,4,77,scale_free,0.6,3679725767,80,120,2,66,12,0,0,1,66,66.0,0.025,0.825,0.85,0.025,0.025,0.025,0.025,0.825,0,0
200,4,77,er,0.7,3679725767,60,140,4,53,3,53,53,2,51,26.5,0.06666666666666667,0.8833333333333333,0.95,0.95,0.95,0.1,0.1,0.85,1,1
200,4,77,ring,0.7,3679725767,60,140,1,59,0,55,55,14,12,4.214285714285714,0.016666666666666666,0.9833333333333333,1.0,0.9333333333333333,0.9333333333333333,0.7333333333333333,0.7333333333333333,0.2,1,1
200,4,77,small_world,0.7,3679725767,60,140,1,59,0,59,59,10,17,5.9,0.016666666666666666,0.9833333333333333,1.0,1.0,1.0,0.48333333333333334,0.48333333333333334,0.2833333333333333,1,1
200,4,77,scale_free,0.7,3679725767,60,140,3,51,6,0,0,1,51,51.0,0.05,0.85,0.9,0.05,0.05,0.05,0.05,0.85,0,0
200,4,77,er,0.8,3679725767,40,160,3,37,0,37,37,3,33,12.333333333333334,0.075,0.925,1.0,1.0,1.0,0.175,0.175,0.825,1,1
200,4,77,ring,0.8,3679725767,40,160,5,35,0,35,35,10,5,3.5,0.125,0.875,1.0,1.0,1.0,1.0,1.0,0.125,1,1
200,4,77,small_world,0.8,3679725767,40,160,4,36,0,36,36,9,8,4.0,0.1,0.9,1.0,1.0,1.0,1.0,1.0,0.2,1,1
200,4,77,scale_free,0.8,3679725767,40,160,4,35,1,0,0,1,35,35.0,0.1,0.875,0.975,0.1,0.1,0.1,0.1,0.875,0,0
200,4,77,er,0.9,3679725767,20,180,7,13,0,13,13,4,7,3.25,0.35,0.65,1.0,1.0,1.0,1.0,1.0,0.35,1,1
200,4,77,ring,0.9,3679725767,20,180,12,8,0,8,8,3,3,2.6666666666666665,0.6,0.4,1.0,1.0,1.0,1.0,1.0,0.15,1,1
200,4,77,small_world,0.9,3679725767,20,180,9,11,0,11,11,4,4,2.75,0.45,0.55,1.0,1.0,1.0,1.0,1.0,0.2,1,1
200,4,77,scale_free,0.9,3679725767,20,180,6,14,0,14,14,1,14,14.0,0.3,0.7,1.0,1.0,1.0,0.3,0.3,0.7,1,1
200,4,78,er,0.1,2327074392,180,20,0,0,180,0,0,0,0,0.0,0.0,0.0,0.0,0.0,0.0,0.0,0.0,0.0,0,0
200,4,78,ring,0.1,2327074392,180,20,0,0,180,0,0,0,0,0.0,0.0,0.0,0.0,0.0,0.0,0.0,0.0,0.0,0,0
200,4,78,small_world,0.1,2327074392,180,20,0,0,180,0,0,0,0,0.0,0.0,0.0,0.0,0.0,0.0,0.0,0.0,0.0,0,0
200,4,78,scale_free,0.1,2327074392,180,20,2,0,178,0,0,0,0,0.0,0.011111111111111112,0.0,0.011111111111111112,0.011111111111111112,0.011111111111111112,0.011111111111111112,0.011111111111111112,0.0,0,0
200,4,78,er,0.2,2327074392,160,40,3,0,157,0,0,0,0,0.0,0.01875,0.0,0.01875,0.01875,0.01875,0.01875,0.01875,0.0,0,0
200,4,78,ring,0.2,2327074392,160,40,0,7,153,4,4,2,4,3.5,0.0,0.04375,0.04375,0.025,0.025,0.025,0.025,0.025,1,1
200,4,78,small_world,0.2,2327074392,160,40,0,4,156,0,0,1,4,4.0,0.0,0.025,0.025,0.0,0.0,0.0,0.0,0.025,0,0
200,4,78,scale_free,0.2,2327074392,160,40,5,0,155,0,0,0,0,0.0,0.03125,0.0,0.03125,0.03125,0.03125,0.03125,0.03125,0.0,0,0
200,4,78,er,0.3,2327074392,140,60,5,0,135,0,0,0,0,0.0,0.03571428571428571,0.0,0.03571428571428571,0.03571428571428571,0.03571428571428571,0.03571428571428571,0.03571428571428571,0.0,0,0
200,4,78,ring,0.3,2327074392,140,60,0,21,119,18,18,3,14,7.0,0.0,0.15,0.15,0.12857142857142856,0.12857142857142856,0.02857142857142857,0.02857142857142857,0.1,1,1
200,4,78,small_world,0.3,2327074392,140,60,0,0,140,0,0,0,0,0.0,0.0,0.0,0.0,0.0,0.0,0.0,0.0,0.0,0,0
200,4,78,scale_free,0.3,2327074392,140,60,5,2,133,2,2,1,2,2.0,0.03571428571428571,0.014285714285714285,0.05,0.05,0.05,0.05,0.05,0.014285714285714285,1,1
200,4,78,er,0.4,2327074392,120,80,8,0,112,0,0,0,0,0.0,0.06666666666666667,0.0,0.06666666666666667,0.06666666666666667,0.06666666666666667,0.06666666666666667,0.06666666666666667,0.0,0,0
200,4,78,ring,0.4,2327074392,120,80,0,35,85,4,4,3,28,11.666666666666666,0.0,0.2916666666666667,0.2916666666666667,0.03333333333333333,0.03333333333333333,0.03333333333333333,0.03333333333333333,0.23333333333333334,1,1
200,4,78,small_world,0.4,2327074392,120,80,0,4,116,4,4,1,4,4.0,0.0,0.03333333333333333,0.03333333333333333,0.03333333333333333,0.03333333333333333,0.03333333333333333,0.03333333333333333,0.03333333333333333,1,1
200,4,78,scale_free,0.4,2327074392,120,80,7,0,113,0,0,0,0,0.0,0.058333333333333334,0.0,0.058333333333333334,0.058333333333333334,0.058333333333333334,0.058333333333333334,0.058333333333333334,0.0,0,0
200,4,78,er,0.5,2327074392,100,100,7,84,9,0,0,1,84,84.0,0.07,0.84,0.91,0.07,0.07,0.07,0.07,0.84,0,0
200,4,78,ring,0.5,2327074392,100,100,0,57,43,45,45,10,16,5.7,0.0,0.57,0.57,0.45,0.45,0.14,0.14,0.16,1,1
200,4,78,small_world,0.5,2327074392,100,100,1,77,22,17,17,7,57,11.0,0.01,0.77,0.78,0.18,0.18,0.18,0.18,0.57,1,1
200,4,78,scale_free,0.5,2327074392,100,100,6,0,94,0,0,0,0,0.0,0.06,0.0,0.06,0.06,0.06,0.06,0.06,0.0,0,0
200,4,78,er,0.6,2327074392,80,120,7,63,10,2,2,2,61,31.5,0.0875,0.7875,0.875,0.1125,0.1125,0.1125,0.1125,0.7625,1,1
200,4,78,ring,0.6,2327074392,80,120,1,66,13,38,38,11,13,6.0,0.0125,0.825,0.8375,0.4875,0.4875,0.35,0.35,0.1625,1,1
200,4,78,small_world,0.6,2327074392,80,120,2,71,7,14,14,8,52,8.875,0.025,0.8875,0.9125,0.2,0.2,0.2,0.2,0.65,1,1
200,4,78,scale_free,0.6,2327074392,80,120,3,72,5,0,0,1,72,72.0,0.0375,0.9,0.9375,0.0375,0.0375,0.0375,0.0375,0.9,0,0
200,4,78,er,0.7,2327074392,60,140,6,50,4,50,50,1,50,50.0,0.1,0.8333333333333334,0.9333333333333333,0.9333333333333333,0.9333333333333333,0.1,0.1,0.8333333333333334,1,1
200,4,78,ring,0.7,2327074392,60,140,3,44,13,44,44,12,7,3.6666666666666665,0.05,0.7333333333333333,0.7833333333333333,0.7833333333333333,0.7833333333333333,0.7833333333333333,0.7833333333333333,0.11666666666666667,1,1
200,4,78,small_world,0.7,2327074392,60,140,6,54,0,45,45,7,15,7.714285714285714,0.1,0.9,1.0,0.85,0.85,0.6,0.6,0.25,1,1
200,4,78,scale_free,0.7,2327074392,60,140,2,57,1,0,0,1,57,57.0,0.03333333333333333,0.95,0.9833333333333333,0.03333333333333333,0.03333333333333333,0.03333333333333333,0.03333333333333333,0.95,0,0
200,4,78,er,0.8,2327074392,40,160,8,31,1,31,31,2,29,15.5,0.2,0.775,0.975,0.975,0.975,0.25,0.25,0.725,1,1
200,4,78,ring,0.8,2327074392,40,160,7,27,6,24,24,10,5,2.7,0.175,0.675,0.85,0.775,0.775,0.775,0.775,0.125,1,1
200,4,78,small_world,0.8,2327074392,40,160,13,27,0,24,24,9,6,3.0,0.325,0.675,1.0,0.925,0.925,0.925,0.925,0.15,1,1
200,4,78,scale_free,0.8,2327074392,40,160,5,35,0,35,35,2,31,17.5,0.125,0.875,1.0,1.0,1.0,0.225,0.225,0.775,1,1
200,4,78,er,0.9,2327074392,20,180,6,14,0,14,14,3,10,4.666666666666667,0.3,0.7,1.0,1.0,1.0,1.0,1.0,0.5,1,1
200,4,78,ring,0.9,2327074392,20,180,10,10,0,10,10,4,4,2.5,0.5,0.5,1.0,1.0,1.0,1.0,1.0,0.2,1,1
200,4,78,small_world,0.9,2327074392,20,180,10,10,0,10,10,4,4,2.5,0.5,0.5,1.0,1.0,1.0,1.0,1.0,0.2,1,1
200,4,78,scale_free,0.9,2327074392,20,180,4,16,0,16,16,3,10,5.333333333333333,0.2,0.8,1.0,1.0,1.0,1.0,1.0,0.5,1,1
200,4,79,er,0.1,4232413134,180,20,0,0,180,0,0,0,0,0.0,0.0,0.0,0.0,0.0,0.0,0.0,0.0,0.0,0,0
200,4,79,ring,0.1,4232413134,180,20,0,0,180,0,0,0,0,0.0,0.0,0.0,0.0,0.0,0.0,0.0,0.0,0.0,0,0
200,4,79,small_world,0.1,4232413134,180,20,0,0,180,0,0,0,0,0.0,0.0,0.0,0.0,0.0,0.0,0.0,0.0,0.0,0,0
200,4,79,scale_free,0.1,4232413134,180,20,0,0,180,0,0,0,0,0.0,0.0,0.0,0.0,0.0,0.0,0.0,0.0,0.0,0,0
200,4,79,er,0.2,4232413134,160,40,0,0,160,0,0,0,0,0.0,0.0,0.0,0.0,0.0,0.0,0.0,0.0,0.0,0,0
200,4,79,ring,0.2,4232413134,160,40,0,10,150,10,10,2,5,5.0,0.0,0.0625,0.0625,0.0625,0.0625,0.0625,0.0625,0.03125,1,1
200,4,79,small_world,0.2,4232413134,160,40,0,0,160,0,0,0,0,0.0,0.0,0.0,0.0,0.0,0.0,0.0,0.0,0.0,0,0
200,4,79,scale_free,0.2,4232413134,160,40,0,0,160,0,0,0,0,0.0,0.0,0.0,0.0,0.0,0.0,0.0,0.0,0.0,0,0
200,4,79,er,0.3,4232413134,140,60,1,0,139,0,0,0,0,0.0,0.007142857142857143,0.0,0.007142857142857143,0.007142857142857143,0.007142857142857143,0.007142857142857143,0.007142857142857143,0.0,0,0
200,4,79,ring,0.3,4232413134,140,60,0,10,130,10,10,2,5,5.0,0.0,0.07142857142857142,0.07142857142857142,0.07142857142857142,0.07142857142857142,0.07142857142857142,0.07142857142857142,0.03571428571428571,1,1
200,4,79,small_world,0.3,4232413134,140,60,0,0,140,0,0,0,0,0.0,0.0,0.0,0.0,0.0,0.0,0.0,0.0,0.0,0,0
200,4,79,scale_free,0.3,4232413134,140,60,0,0,140,0,0,0,0,0.0,0.0,0.0,0.0,0.0,0.0,0.0,0.0,0.0,0,0
200,4,79,er,0.4,4232413134,120,80,0,0,120,0,0,0,0,0.0,0.0,0.0,0.0,0.0,0.0,0.0,0.0,0.0,0,0
200,4,79,ring,0.4,4232413134,120,80,0,19,101,13,13,7,5,2.7142857142857144,0.0,0.15833333333333333,0.15833333333333333,0.10833333333333334,0.10833333333333334,0.10833333333333334,0.10833333333333334,0.041666666666666664,1,1
200,4,79,small_world,0.4,4232413134,120,80,1,11,108,8,8,5,3,2.2,0.008333333333333333,0.09166666666666666,0.1,0.075,0.075,0.075,0.075,0.025,1,1
200,4,79,scale_free,0.4,4232413134,120,80,2,0,118,0,0,0,0,0.0,0.016666666666666666,0.0,0.016666666666666666,0.016666666666666666,0.016666666666666666,0.016666666666666666,0.016666666666666666,0.0,0,0
200,4,79,er,0.5,4232413134,100,100,5,81,14,0,0,1,81,81.0,0.05,0.81,0.86,0.05,0.05,0.05,0.05,0.81,0,0
200,4,79,ring,0.5,4232413134,100,100,1,47,52,23,23,10,13,4.7,0.01,0.47,0.48,0.24,0.24,0.24,0.24,0.13,1,1
200,4,79,small_world,0.5,4232413134,100,100,3,74,23,11,11,6,52,12.333333333333334,0.03,0.74,0.77,0.14,0.14,0.14,0.14,0.52,1,1
200,4,79,scale_free,0.5,4232413134,100,100,4,76,20,0,0,1,76,76.0,0.04,0.76,0.8,0.04,0.04,0.04,0.04,0.76,0,0
200,4,79,er,0.6,4232413134,80,120,5,66,9,66,66,2,61,33.0,0.0625,0.825,0.8875,0.8875,0.8875,0.125,0.125,0.7625,1,1
200,4,79,ring,0.6,4232413134,80,120,1,79,0,29,29,11,35,7.181818181818182,0.0125,0.9875,1.0,0.375,0.375,0.375,0.375,0.4375,1,1
200,4,79,small_world,0.6,4232413134,80,120,4,76,0,9,9,6,60,12.666666666666666,0.05,0.95,1.0,0.1625,0.1625,0.1625,0.1625,0.75,1,1
200,4,79,scale_free,0.6,4232413134,80,120,7,66,7,2,2,2,64,33.0,0.0875,0.825,0.9125,0.1125,0.1125,0.1125,0.1125,0.8,1,1
200,4,79,er,0.7,4232413134,60,140,8,50,2,50,50,2,46,25.0,0.13333333333333333,0.8333333333333334,0.9666666666666667,0.9666666666666667,0.9666666666666667,0.2,0.2,0.7666666666666667,1,1
200,4,79,ring,0.7,4232413134,60,140,3,57,0,44,44,11,13,5.181818181818182,0.05,0.95,1.0,0.7833333333333333,0.7833333333333333,0.7833333333333333,0.7833333333333333,0.21666666666666667,1,1
200,4,79,small_world,0.7,4232413134,60,140,5,55,0,55,55,7,37,7.857142857142857,0.08333333333333333,0.9166666666666666,1.0,1.0,1.0,0.38333333333333336,0.38333333333333336,0.6166666666666667,1,1
200,4,79,scale_free,0.7,4232413134,60,140,5,51,4,4,4,3,47,17.0,0.08333333333333333,0.85,0.9333333333333333,0.15,0.15,0.15,0.15,0.7833333333333333,1,1
200,4,79,er,0.8,4232413134,40,160,8,32,0,32,32,7,16,4.571428571428571,0.2,0.8,1.0,1.0,1.0,0.6,0.6,0.4,1,1
200,4,79,ring,0.8,4232413134,40,160,7,33,0,33,33,11,8,3.0,0.175,0.825,1.0,1.0,1.0,1.0,1.0,0.2,1,1
200,4,79,small_world,0.8,4232413134,40,160,5,35,0,35,35,9,8,3.888888888888889,0.125,0.875,1.0,1.0,1.0,1.0,1.0,0.2,1,1
200,4,79,scale_free,0.8,4232413134,40,160,4,36,0,2,2,2,34,18.0,0.1,0.9,1.0,0.15,0.15,0.15,0.15,0.85,1,1
200,4,79,er,0.9,4232413134,20,180,8,12,0,12,12,2,10,6.0,0.4,0.6,1.0,1.0,1.0,1.0,1.0,0.5,1,1
200,4,79,ring,0.9,4232413134,20,180,13,7,0,7,7,2,4,3.5,0.65,0.35,1.0,1.0,1.0,1.0,1.0,0.2,1,1
200,4,79,small_world,0.9,4232413134,20,180,9,11,0,11,11,3,4,3.6666666666666665,0.45,0.55,1.0,1.0,1.0,1.0,1.0,0.2,1,1
200,4,79,scale_free,0.9,4232413134,20,180,4,16,0,16,16,2,14,8.0,0.2,0.8,1.0,1.0,1.0,0.3,0.3,0.7,1,1
200,4,80,er,0.1,1001938041,180,20,0,0,180,0,0,0,0,0.0,0.0,0.0,0.0,0.0,0.0,0.0,0.0,0.0,0,0
200,4,80,ring,0.1,1001938041,180,20,0,0,180,0,0,0,0,0.0,0.0,0.0,0.0,0.0,0.0,0.0,0.0,0.0,0,0
200,4,80,small_world,0.1,1001938041,180,20,0,0,180,0,0,0,0,0.0,0.0,0.0,0.0,0.0,0.0,0.0,0.0,0.0,0,0
200,4,80,scale_free,0.1,1001938041,180,20,0,0,180,0,0,0,0,0.0,0.0,0.0,0.0,0.0,0.0,0.0,0.0,0.0,0,0
200,4,80,er,0.2,1001938041,160,40,3,0,157,0,0,0,0,0.0,0.01875,0.0,0.01875,0.01875,0.01875,0.01875,0.01875,0.0,0,0
200,4,80,ring,0.2,1001938041,160,40,0,0,160,0,0,0,0,0.0,0.0,0.0,0.0,0.0,0.0,0.0,0.0,0.0,0,0
200,4,80,small_world,0.2,1001938041,160,40,1,0,159,0,0,0,0,0.0,0.00625,0.0,0.00625,0.00625,0.00625,0.00625,0.00625,0.0,0,0
200,4,80,scale_free,0.2,1001938041,160,40,2,0,158,0,0,0,0,0.0,0.0125,0.0,0.0125,0.0125,0.0125,0.0125,0.0125,0.0,0,0
200,4,80,er,0.3,1001938041,140,60,5,0,135,0,0,0,0,0.0,0.03571428571428571,0.0,0.03571428571428571,0.03571428571428571,0.03571428571428571,0.03571428571428571,0.03571428571428571,0.0,0,0
200,4,80,ring,0.3,1001938041,140,60,0,0,140,0,0,0,0,0.0,0.0,0.0,0.0,0.0,0.0,0.0,0.0,0.0,0,0
200,4,80,small_world,0.3,1001938041,140,60,1,0,139,0,0,0,0,0.0,0.007142857142857143,0.0,0.007142857142857143,0.007142857142857143,0.007142857142857143,0.007142857142857143,0.007142857142857143,0.0,0,0
200,4,80,scale_free,0.3,1001938041,140,60,2,0,138,0,0,0,0,0.0,0.014285714285714285,0.0,0.014285714285714285,0.014285714285714285,0.014285714285714285,0.014285714285714285,0.014285714285714285,0.0,0,0
200,4,80,er,0.4,1001938041,120,80,4,0,116,0,0,0,0,0.0,0.03333333333333333,0.0,0.03333333333333333,0.03333333333333333,0.03333333333333333,0.03333333333333333,0.03333333333333333,0.0,0,0
200,4,80,ring,0.4,1001938041,120,80,0,41,79,6,6,7,15,5.857142857142857,0.0,0.3416666666666667,0.3416666666666667,0.05,0.05,0.05,0.05,0.125,1,1
200,4,80,small_world,0.4,1001938041,120,80,1,4,115,4,4,2,2,2.0,0.008333333333333333,0.03333333333333333,0.041666666666666664,0.041666666666666664,0.041666666666666664,0.041666666666666664,0.041666666666666664,0.016666666666666666,1,1
200,4,80,scale_free,0.4,1001938041,120,80,4,0,116,0,0,0,0,0.0,0.03333333333333333,0.0,0.03333333333333333,0.03333333333333333,0.03333333333333333,0.03333333333333333,0.03333333333333333,0.0,0,0
200,4,80,er,0.5,1001938041,100,100,3,83,14,0,0,1,83,83.0,0.03,0.83,0.86,0.03,0.03,0.03,0.03,0.83,0,0
200,4,80,ring,0.5,1001938041,100,100,0,43,57,18,18,7,19,6.142857142857143,0.0,0.43,0.43,0.18,0.18,0.18,0.18,0.19,1,1
200,4,80,small_world,0.5,1001938041,100,100,0,78,22,2,2,2,76,39.0,0.0,0.78,0.78,0.02,0.02,0.02,0.02,0.76,1,1
200,4,80,scale_free,0.5,1001938041,100,100,2,0,98,0,0,0,0,0.0,0.02,0.0,0.02,0.02,0.02,0.02,0.02,0.0,0,0
200,4,80,er,0.6,1001938041,80,120,2,68,10,0,0,1,68,68.0,0.025,0.85,0.875,0.025,0.025,0.025,0.025,0.85,0,0
200,4,80,ring,0.6,1001938041,80,120,1,56,23,38,38,12,15,4.666666666666667,0.0125,0.7,0.7125,0.4875,0.4875,0.4875,0.4875,0.1875,1,1
200,4,80,small_world,0.6,1001938041,80,120,2,67,11,2,2,3,62,22.333333333333332,0.025,0.8375,0.8625,0.05,0.05,0.05,0.05,0.775,1,1
200,4,80,scale_free,0.6,1001938041,80,120,0,73,7,0,0,1,73,73.0,0.0,0.9125,0.9125,0.0,0.0,0.0,0.0,0.9125,0,0
200,4,80,er,0.7,1001938041,60,140,4,50,6,50,50,1,50,50.0,0.06666666666666667,0.8333333333333334,0.9,0.9,0.9,0.06666666666666667,0.06666666666666667,0.8333333333333334,1,1
200,4,80,ring,0.7,1001938041,60,140,2,57,1,42,42,14,11,4.071428571428571,0.03333333333333333,0.95,0.9833333333333333,0.7333333333333333,0.7333333333333333,0.55,0.55,0.18333333333333332,1,1
200,4,80,small_world,0.7,1001938041,60,140,1,58,1,55,55,9,35,6.444444444444445,0.016666666666666666,0.9666666666666667,0.9833333333333333,0.9333333333333333,0.9333333333333333,0.35,0.35,0.5833333333333334,1,1
200,4,80,scale_free,0.7,1001938041,60,140,3,54,3,2,2,2,52,27.0,0.05,0.9,0.95,0.08333333333333333,0.08333333333333333,0.08333333333333333,0.08333333333333333,0.8666666666666667,1,1
200,4,80,er,0.8,1001938041,40,160,6,31,3,31,31,2,29,15.5,0.15,0.775,0.925,0.925,0.925,0.2,0.2,0.725,1,1
200,4,80,ring,0.8,1001938041,40,160,7,33,0,33,33,9,6,3.6666666666666665,0.175,0.825,1.0,1.0,1.0,1.0,1.0,0.15,1,1
200,4,80,small_world,0.8,1001938041,40,160,4,36,0,36,36,8,14,4.5,0.1,0.9,1.0,1.0,1.0,0.65,0.65,0.35,1,1
200,4,80,scale_free,0.8,1001938041,40,160,4,34,2,0,0,1,34,34.0,0.1,0.85,0.95,0.1,0.1,0.1,0.1,0.85,0,0
200,4,80,er,0.9,1001938041,20,180,10,8,2,8,8,2,6,4.0,0.5,0.4,0.9,0.9,0.9,0.9,0.9,0.3,1,1
200,4,80,ring,0.9,1001938041,20,180,10,10,0,10,10,4,3,2.5,0.5,0.5,1.0,1.0,1.0,1.0,1.0,0.15,1,1
200,4,80,small_world,0.9,1001938041,20,180,7,13,0,13,13,4,7,3.25,0.35,0.65,1.0,1.0,1.0,1.0,1.0,0.35,1,1
200,4,80,scale_free,0.9,1001938041,20,180,4,16,0,16,16,2,14,8.0,0.2,0.8,1.0,1.0,1.0,0.3,0.3,0.7,1,1
200,4,81,er,0.1,978792211,180,20,1,0,179,0,0,0,0,0.0,0.005555555555555556,0.0,0.005555555555555556,0.005555555555555556,0.005555555555555556,0.005555555555555556,0.005555555555555556,0.0,0,0
200,4,81,ring,0.1,978792211,180,20,0,0,180,0,0,0,0,0.0,0.0,0.0,0.0,0.0,0.0,0.0,0.0,0.0,0,0
200,4,81,small_world,0.1,978792211,180,20,0,0,180,0,0,0,0,0.0,0.0,0.0,0.0,0.0,0.0,0.0,0.0,0.0,0,0
200,4,81,scale_free,0.1,978792211,180,20,2,0,178,0,0,0,0,0.0,0.011111111111111112,0.0,0.011111111111111112,0.011111111111111112,0.011111111111111112,0.011111111111111112,0.011111111111111112,0.0,0,0
200,4,81,er,0.2,978792211,160,40,4,0,156,0,0,0,0,0.0,0.025,0.0,0.025,0.025,0.025,0.025,0.025,0.0,0,0
200,4,81,ring,0.2,978792211,160,40,0,5,155,2,2,2,3,2.5,0.0,0.03125,0.03125,0.0125,0.0125,0.0125,0.0125,0.01875,1,1
200,4,81,small_world,0.2,978792211,160,40,0,5,155,2,2,2,3,2.5,0.0,0.03125,0.03125,0.0125,0.0125,0.0125,0.0125,0.01875,1,1
200,4,81,scale_free,0.2,978792211,160,40,4,0,156,0,0,0,0,0.0,0.025,0.0,0.025,0.025,0.025,0.025,0.025,0.0,0,0
200,4,81,er,0.3,978792211,140,60,5,0,135,0,0,0,0,0.0,0.03571428571428571,0.0,0.03571428571428571,0.03571428571428571,0.03571428571428571,0.03571428571428571,0.03571428571428571,0.0,0,0
200,4,81,ring,0.3,978792211,140,60,0,3,137,0,0,1,3,3.0,0.0,0.02142857142857143,0.02142857142857143,0.0,0.0,0.0,0.0,0.02142857142857143,0,0
200,4,81,small_world,0.3,978792211,140,60,0,0,140,0,0,0,0,0.0,0.0,0.0,0.0,0.0,0.0,0.0,0.0,0.0,0,0
200,4,81,scale_free,0.3,978792211,140,60,6,0,134,0,0,0,0,0.0,0.04285714285714286,0.0,0.04285714285714286,0.04285714285714286,0.04285714285714286,0.04285714285714286,0.04285714285714286,0.0,0,0
200,4,81,er,0.4,978792211,120,80,4,2,114,2,2,1,2,2.0,0.03333333333333333,0.016666666666666666,0.05,0.05,0.05,0.05,0.05,0.016666666666666666,1,1
200,4,81,ring,0.4,978792211,120,80,0,34,86,5,5,5,16,6.8,0.0,0.2833333333333333,0.2833333333333333,0.041666666666666664,0.041666666666666664,0.041666666666666664,0.041666666666666664,0.13333333333333333,1,1
200,4,81,small_world,0.4,978792211,120,80,0,10,110,10,10,3,5,3.3333333333333335,0.0,0.08333333333333333,0.08333333333333333,0.08333333333333333,0.08333333333333333,0.08333333333333333,0.08333333333333333,0.041666666666666664,1,1
200,4,81,scale_free,0.4,978792211,120,80,4,0,116,0,0,0,0,0.0,0.03333333333333333,0.0,0.03333333333333333,0.03333333333333333,0.03333333333333333,0.03333333333333333,0.03333333333333333,0.0,0,0
200,4,81,er,0.5,978792211,100,100,4,77,19,2,2,2,75,38.5,0.04,0.77,0.81,0.06,0.06,0.06,0.06,0.75,1,1
200,4,81,ring,0.5,978792211,100,100,0,53,47,9,9,8,24,6.625,0.0,0.53,0.53,0.09,0.09,0.09,0.09,0.24,1,1
200,4,81,small_world,0.5,978792211,100,100,2,5,93,5,5,2,3,2.5,0.02,0.05,0.07,0.07,0.07,0.07,0.07,0.03,1,1
200,4,81,scale_free,0.5,978792211,100,100,5,0,95,0,0,0,0,0.0,0.05,0.0,0.05,0.05,0.05,0.05,0.05,0.0,0,0
200,4,81,er,0.6,978792211,80,120,3,67,10,0,0,1,67,67.0,0.0375,0.8375,0.875,0.0375,0.0375,0.0375,0.0375,0.8375,0,0
200,4,81,ring,0.6,978792211,80,120,1,57,22,49,49,10,22,5.7,0.0125,0.7125,0.725,0.625,0.625,0.35,0.35,0.275,1,1
200,4,81,small_world,0.6,978792211,80,120,2,72,6,6,6,4,66,18.0,0.025,0.9,0.925,0.1,0.1,0.1,0.1,0.825,1,1
200,4,81,scale_free,0.6,978792211,80,120,4,68,8,3,3,2,65,34.0,0.05,0.85,0.9,0.0875,0.0875,0.0875,0.0875,0.8125,1,1
200,4,81,er,0.7,978792211,60,140,0,55,5,55,55,2,53,27.5,0.0,0.9166666666666666,0.9166666666666666,0.9166666666666666,0.9166666666666666,0.03333333333333333,0.03333333333333333,0.8833333333333333,1,1
200,4,81,ring,0.7,978792211,60,140,4,47,9,39,39,10,9,4.7,0.06666666666666667,0.7833333333333333,0.85,0.7166666666666667,0.7166666666666667,0.7166666666666667,0.7166666666666667,0.15,1,1
200,4,81,small_world,0.7,978792211,60,140,5,54,1,4,4,3,50,18.0,0.08333333333333333,0.9,0.9833333333333333,0.15,0.15,0.15,0.15,0.8333333333333334,1,1
200,4,81,scale_free,0.7,978792211,60,140,6,49,5,0,0,1,49,49.0,0.1,0.8166666666666667,0.9166666666666666,0.1,0.1,0.1,0.1,0.8166666666666667,0,0
200,4,81,er,0.8,978792211,40,160,5,35,0,35,35,3,31,11.666666666666666,0.125,0.875,1.0,1.0,1.0,0.225,0.225,0.775,1,1
200,4,81,ring,0.8,978792211,40,160,7,33,0,33,33,11,7,3.0,0.175,0.825,1.0,1.0,1.0,1.0,1.0,0.175,1,1
200,4,81,small_world,0.8,978792211,40,160,6,34,0,34,34,6,12,5.666666666666667,0.15,0.85,1.0,1.0,1.0,0.7,0.7,0.3,1,1
200,4,81,scale_free,0.8,978792211,40,160,7,32,1,32,32,2,30,16.0,0.175,0.8,0.975,0.975,0.975,0.225,0.225,0.75,1,1
200,4,81,er,0.9,978792211,20,180,3,17,0,17,17,4,10,4.25,0.15,0.85,1.0,1.0,1.0,1.0,1.0,0.5,1,1
200,4,81,ring,0.9,978792211,20,180,8,12,0,12,12,4,4,3.0,0.4,0.6,1.0,1.0,1.0,1.0,1.0,0.2,1,1
200,4,81,small_world,0.9,978792211,20,180,5,15,0,15,15,4,5,3.75,0.25,0.75,1.0,1.0,1.0,1.0,1.0,0.25,1,1
200,4,81,scale_free,0.9,978792211,20,180,6,13,1,13,13,1,13,13.0,0.3,0.65,0.95,0.95,0.95,0.3,0.3,0.65,1,1
200,4,82,er,0.1,4158769959,180,20,3,0,177,0,0,0,0,0.0,0.016666666666666666,0.0,0.016666666666666666,0.016666666666666666,0.016666666666666666,0.016666666666666666,0.016666666666666666,0.0,0,0
200,4,82,ring,0.1,4158769959,180,20,0,0,180,0,0,0,0,0.0,0.0,0.0,0.0,0.0,0.0,0.0,0.0,0.0,0,0
200,4,82,small_world,0.1,4158769959,180,20,0,0,180,0,0,0,0,0.0,0.0,0.0,0.0,0.0,0.0,0.0,0.0,0.0,0,0
200,4,82,scale_free,0.1,4158769959,180,20,0,0,180,0,0,0,0,0.0,0.0,0.0,0.0,0.0,0.0,0.0,0.0,0.0,0,0
200,4,82,er,0.2,4158769959,160,40,3,0,157,0,0,0,0,0.0,0.01875,0.0,0.01875,0.01875,0.01875,0.01875,0.01875,0.0,0,0
200,4,82,ring,0.2,4158769959,160,40,0,2,158,2,2,1,2,2.0,0.0,0.0125,0.0125,0.0125,0.0125,0.0125,0.0125,0.0125,1,1
200,4,82,small_world,0.2,4158769959,160,40,0,4,156,4,4,2,2,2.0,0.0,0.025,0.025,0.025,0.025,0.025,0.025,0.0125,1,1
200,4,82,scale_free,0.2,4158769959,160,40,1,0,159,0,0,0,0,0.0,0.00625,0.0,0.00625,0.00625,0.00625,0.00625,0.00625,0.0,0,0
200,4,82,er,0.3,4158769959,140,60,4,2,134,2,2,1,2,2.0,0.02857142857142857,0.014285714285714285,0.04285714285714286,0.04285714285714286,0.04285714285714286,0.04285714285714286,0.04285714285714286,0.014285714285714285,1,1
200,4,82,ring,0.3,4158769959,140,60,0,0,140,0,0,0,0,0.0,0.0,0.0,0.0,0.0,0.0,0.0,0.0,0.0,0,0
200,4,82,small_world,0.3,4158769959,140,60,0,0,140,0,0,0,0,0.0,0.0,0.0,0.0,0.0,0.0,0.0,0.0,0.0,0,0
200,4,82,scale_free,0.3,4158769959,140,60,1,0,139,0,0,0,0,0.0,0.007142857142857143,0.0,0.007142857142857143,0.007142857142857143,0.007142857142857143,0.007142857142857143,0.007142857142857143,0.0,0,0
200,4,82,er,0.4,4158769959,120,80,6,0,114,0,0,0,0,0.0,0.05,0.0,0.05,0.05,0.05,0.05,0.05,0.0,0,0
200,4,82,ring,0.4,4158769959,120,80,0,23,97,7,7,6,9,3.8333333333333335,0.0,0.19166666666666668,0.19166666666666668,0.058333333333333334,0.058333333333333334,0.058333333333333334,0.058333333333333334,0.075,1,1
200,4,82,small_world,0.4,4158769959,120,80,3,3,114,0,0,1,3,3.0,0.025,0.025,0.05,0.025,0.025,0.025,0.025,0.025,0,0
200,4,82,scale_free,0.4,4158769959,120,80,4,0,116,0,0,0,0,0.0,0.03333333333333333,0.0,0.03333333333333333,0.03333333333333333,0.03333333333333333,0.03333333333333333,0.03333333333333333,0.0,0,0
200,4,82,er,0.5,4158769959,100,100,11,76,13,0,0,1,76,76.0,0.11,0.76,0.87,0.11,0.11,0.11,0.11,0.76,0,0
200,4,82,ring,0.5,4158769959,100,100,0,58,42,10,10,8,15,7.25,0.0,0.58,0.58,0.1,0.1,0.1,0.1,0.15,1,1
200,4,82,small_world,0.5,4158769959,100,100,4,89,7,0,0,1,89,89.0,0.04,0.89,0.93,0.04,0.04,0.04,0.04,0.89,0,0
200,4,82,scale_free,0.5,4158769959,100,100,3,82,15,0,0,1,82,82.0,0.03,0.82,0.85,0.03,0.03,0.03,0.03,0.82,0,0
200,4,82,er,0.6,4158769959,80,120,6,67,7,0,0,1,67,67.0,0.075,0.8375,0.9125,0.075,0.075,0.075,0.075,0.8375,0,0
200,4,82,ring,0.6,4158769959,80,120,1,61,18,25,25,7,14,8.714285714285714,0.0125,0.7625,0.775,0.325,0.325,0.1875,0.1875,0.175,1,1
200,4,82,small_world,0.6,4158769959,80,120,0,80,0,0,0,1,80,80.0,0.0,1.0,1.0,0.0,0.0,0.0,0.0,1.0,0,0
200,4,82,scale_free,0.6,4158769959,80,120,5,64,11,2,2,2,62,32.0,0.0625,0.8,0.8625,0.0875,0.0875,0.0875,0.0875,0.775,1,1
200,4,82,er,0.7,4158769959,60,140,6,48,6,48,48,2,46,24.0,0.1,0.8,0.9,0.9,0.9,0.13333333333333333,0.13333333333333333,0.7666666666666667,1,1
200,4,82,ring,0.7,4158769959,60,140,3,57,0,45,45,11,15,5.181818181818182,0.05,0.95,1.0,0.8,0.8,0.55,0.55,0.25,1,1
200,4,82,small_world,0.7,4158769959,60,140,1,59,0,52,52,7,30,8.428571428571429,0.016666666666666666,0.9833333333333333,1.0,0.8833333333333333,0.8833333333333333,0.38333333333333336,0.38333333333333336,0.5,1,1
200,4,82,scale_free,0.7,4158769959,60,140,3,55,2,2,2,2,53,27.5,0.05,0.9166666666666666,0.9666666666666667,0.08333333333333333,0.08333333333333333,0.08333333333333333,0.08333333333333333,0.8833333333333333,1,1
200,4,82,er,0.8,4158769959,40,160,6,31,3,31,31,2,29,15.5,0.15,0.775,0.925,0.925,0.925,0.2,0.2,0.725,1,1
200,4,82,ring,0.8,4158769959,40,160,3,37,0,27,27,10,7,3.7,0.075,0.925,1.0,0.75,0.75,0.75,0.75,0.175,1,1
200,4,82,small_world,0.8,4158769959,40,160,3,37,0,37,37,8,8,4.625,0.075,0.925,1.0,1.0,1.0,1.0,1.0,0.2,1,1
200,4,82,scale_free,0.8,4158769959,40,160,5,35,0,35,35,3,31,11.666666666666666,0.125,0.875,1.0,1.0,1.0,0.225,0.225,0.775,1,1
200,4,82,er,0.9,4158769959,20,180,4,16,0,16,16,2,14,8.0,0.2,0.8,1.0,1.0,1.0,0.3,0.3,0.7,1,1
200,4,82,ring,0.9,4158769959,20,180,5,15,0,15,15,7,3,2.142857142857143,0.25,0.75,1.0,1.0,1.0,1.0,1.0,0.15,1,1
200,4,82,small_world,0.9,4158769959,20,180,5,15,0,15,15,5,6,3.0,0.25,0.75,1.0,1.0,1.0,1.0,1.0,0.3,1,1
200,4,82,scale_free,0.9,4158769959,20,180,3,17,0,17,17,1,17,17.0,0.15,0.85,1.0,1.0,1.0,0.15,0.15,0.85,1,1
200,4,83,er,0.1,3530967013,180,20,2,0,178,0,0,0,0,0.0,0.011111111111111112,0.0,0.011111111111111112,0.011111111111111112,0.011111111111111112,0.011111111111111112,0.011111111111111112,0.0,0,0
200,4,83,ring,0.1,3530967013,180,20,0,0,180,0,0,0,0,0.0,0.0,0.0,0.0,0.0,0.0,0.0,0.0,0.0,0,0
200,4,83,small_world,0.1,3530967013,180,20,0,0,180,0,0,0,0,0.0,0.0,0.0,0.0,0.0,0.0,0.0,0.0,0.0,0,0
200,4,83,scale_free,0.1,3530967013,180,20,0,0,180,0,0,0,0,0.0,0.0,0.0,0.0,0.0,0.0,0.0,0.0,0.0,0,0
200,4,83,er,0.2,3530967013,160,40,2,0,158,0,0,0,0,0.0,0.0125,0.0,0.0125,0.0125,0.0125,0.0125,0.0125,0.0,0,0
200,4,83,ring,0.2,3530967013,160,40,0,0,160,0,0,0,0,0.0,0.0,0.0,0.0,0.0,0.0,0.0,0.0,0.0,0,0
200,4,83,small_world,0.2,3530967013,160,40,0,0,160,0,0,0,0,0.0,0.0,0.0,0.0,0.0,0.0,0.0,0.0,0.0,0,0
200,4,83,scale_free,0.2,3530967013,160,40,3,0,157,0,0,0,0,0.0,0.01875,0.0,0.01875,0.01875,0.01875,0.01875,0.01875,0.0,0,0
200,4,83,er,0.3,3530967013,140,60,2,0,138,0,0,0,0,0.0,0.014285714285714285,0.0,0.014285714285714285,0.014285714285714285,0.014285714285714285,0.014285714285714285,0.014285714285714285,0.0,0,0
200,4,83,ring,0.3,3530967013,140,60,0,5,135,2,2,2,3,2.5,0.0,0.03571428571428571,0.03571428571428571,0.014285714285714285,0.014285714285714285,0.014285714285714285,0.014285714285714285,0.02142857142857143,1,1
200,4,83,small_world,0.3,3530967013,140,60,0,0,140,0,0,0,0,0.0,0.0,0.0,0.0,0.0,0.0,0.0,0.0,0.0,0,0
200,4,83,scale_free,0.3,3530967013,140,60,2,0,138,0,0,0,0,0.0,0.014285714285714285,0.0,0.014285714285714285,0.014285714285714285,0.014285714285714285,0.014285714285714285,0.014285714285714285,0.0,0,0
200,4,83,er,0.4,3530967013,120,80,4,0,116,0,0,0,0,0.0,0.03333333333333333,0.0,0.03333333333333333,0.03333333333333333,0.03333333333333333,0.03333333333333333,0.03333333333333333,0.0,0,0
200,4,83,ring,0.4,3530967013,120,80,0,5,115,2,2,2,3,2.5,0.0,0.041666666666666664,0.041666666666666664,0.016666666666666666,0.016666666666666666,0.016666666666666666,0.016666666666666666,0.025,1,1
200,4,83,small_world,0.4,3530967013,120,80,1,2,117,2,2,1,2,2.0,0.008333333333333333,0.016666666666666666,0.025,0.025,0.025,0.025,0.025,0.016666666666666666,1,1
200,4,83,scale_free,0.4,3530967013,120,80,4,4,112,4,4,1,4,4.0,0.03333333333333333,0.03333333333333333,0.06666666666666667,0.06666666666666667,0.06666666666666667,0.06666666666666667,0.06666666666666667,0.03333333333333333,1,1
200,4,83,er,0.5,3530967013,100,100,7,80,13,0,0,1,80,80.0,0.07,0.8,0.87,0.07,0.07,0.07,0.07,0.8,0,0
200,4,83,ring,0.5,3530967013,100,100,1,37,62,2,2,5,11,7.4,0.01,0.37,0.38,0.03,0.03,0.03,0.03,0.11,1,1
200,4,83,small_world,0.5,3530967013,100,100,1,8,91,4,4,3,4,2.6666666666666665,0.01,0.08,0.09,0.05,0.05,0.05,0.05,0.04,1,1
200,4,83,scale_free,0.5,3530967013,100,100,4,79,17,5,5,3,74,26.333333333333332,0.04,0.79,0.83,0.09,0.09,0.09,0.09,0.74,1,1
200,4,83,er,0.6,3530967013,80,120,5,71,4,0,0,1,71,71.0,0.0625,0.8875,0.95,0.0625,0.0625,0.0625,0.0625,0.8875,0,0
200,4,83,ring,0.6,3530967013,80,120,2,72,6,12,12,9,23,8.0,0.025,0.9,0.925,0.175,0.175,0.175,0.175,0.2875,1,1
200,4,83,small_world,0.6,3530967013,80,120,4,70,6,8,8,6,48,11.666666666666666,0.05,0.875,0.925,0.15,0.15,0.15,0.15,0.6,1,1
200,4,83,scale_free,0.6,3530967013,80,120,4,65,11,0,0,1,65,65.0,0.05,0.8125,0.8625,0.05,0.05,0.05,0.05,0.8125,0,0
200,4,83,er,0.7,3530967013,60,140,5,54,1,54,54,1,54,54.0,0.08333333333333333,0.9,0.9833333333333333,0.9833333333333333,0.9833333333333333,0.08333333333333333,0.08333333333333333,0.9,1,1
200,4,83,ring,0.7,3530967013,60,140,4,56,0,44,44,11,14,5.090909090909091,0.06666666666666667,0.9333333333333333,1.0,0.8,0.8,0.5666666666666667,0.5666666666666667,0.23333333333333334,1,1
200,4,83,small_world,0.7,3530967013,60,140,6,49,5,5,5,3,44,16.333333333333332,0.1,0.8166666666666667,0.9166666666666666,0.18333333333333332,0.18333333333333332,0.18333333333333332,0.18333333333333332,0.7333333333333333,1,1
200,4,83,scale_free,0.7,3530967013,60,140,5,51,4,0,0,1,51,51.0,0.08333333333333333,0.85,0.9333333333333333,0.08333333333333333,0.08333333333333333,0.08333333333333333,0.08333333333333333,0.85,0,0
200,4,83,er,0.8,3530967013,40,160,6,34,0,34,34,2,32,17.0,0.15,0.85,1.0,1.0,1.0,0.2,0.2,0.8,1,1
200,4,83,ring,0.8,3530967013,40,160,9,31,0,27,27,10,4,3.1,0.225,0.775,1.0,0.9,0.9,0.9,0.9,0.1,1,1
200,4,83,small_world,0.8,3530967013,40,160,9,31,0,25,25,7,14,4.428571428571429,0.225,0.775,1.0,0.85,0.85,0.5,0.5,0.35,1,1
200,4,83,scale_free,0.8,3530967013,40,160,3,36,1,36,36,2,34,18.0,0.075,0.9,0.975,0.975,0.975,0.125,0.125,0.85,1,1
200,4,83,er,0.9,3530967013,20,180,8,12,0,12,12,2,8,6.0,0.4,0.6,1.0,1.0,1.0,1.0,1.0,0.4,1,1
200,4,83,ring,0.9,3530967013,20,180,11,9,0,9,9,3,4,3.0,0.55,0.45,1.0,1.0,1.0,1.0,1.0,0.2,1,1
200,4,83,small_world,0.9,3530967013,20,180,10,10,0,10,10,3,5,3.3333333333333335,0.5,0.5,1.0,1.0,1.0,1.0,1.0,0.25,1,1
200,4,83,scale_free,0.9,3530967013,20,180,3,17,0,17,17,2,14,8.5,0.15,0.85,1.0,1.0,1.0,0.3,0.3,0.7,1,1
200,4,84,er,0.1,3774907959,180,20,2,2,176,2,2,1,2,2.0,0.011111111111111112,0.011111111111111112,0.022222222222222223,0.022222222222222223,0.022222222222222223,0.022222222222222223,0.022222222222222223,0.011111111111111112,1,1
200,4,84,ring,0.1,3774907959,180,20,0,0,180,0,0,0,0,0.0,0.0,0.0,0.0,0.0,0.0,0.0,0.0,0.0,0,0
200,4,84,small_world,0.1,3774907959,180,20,0,0,180,0,0,0,0,0.0,0.0,0.0,0.0,0.0,0.0,0.0,0.0,0.0,0,0
200,4,84,scale_free,0.1,3774907959,180,20,2,2,176,2,2,1,2,2.0,0.011111111111111112,0.011111111111111112,0.022222222222222223,0.022222222222222223,0.022222222222222223,0.022222222222222223,0.022222222222222223,0.011111111111111112,1,1
200,4,84,er,0.2,3774907959,160,40,4,0,156,0,0,0,0,0.0,0.025,0.0,0.025,0.025,0.025,0.025,0.025,0.0,0,0
200,4,84,ring,0.2,3774907959,160,40,0,0,160,0,0,0,0,0.0,0.0,0.0,0.0,0.0,0.0,0.0,0.0,0.0,0,0
200,4,84,small_world,0.2,3774907959,160,40,0,0,160,0,0,0,0,0.0,0.0,0.0,0.0,0.0,0.0,0.0,0.0,0.0,0,0
200,4,84,scale_free,0.2,3774907959,160,40,2,2,156,2,2,1,2,2.0,0.0125,0.0125,0.025,0.025,0.025,0.025,0.025,0.0125,1,1
200,4,84,er,0.3,3774907959,140,60,5,3,132,3,3,1,3,3.0,0.03571428571428571,0.02142857142857143,0.05714285714285714,0.05714285714285714,0.05714285714285714,0.05714285714285714,0.05714285714285714,0.02142857142857143,1,1
200,4,84,ring,0.3,3774907959,140,60,0,2,138,2,2,1,2,2.0,0.0,0.014285714285714285,0.014285714285714285,0.014285714285714285,0.014285714285714285,0.014285714285714285,0.014285714285714285,0.014285714285714285,1,1
200,4,84,small_world,0.3,3774907959,140,60,0,2,138,2,2,1,2,2.0,0.0,0.014285714285714285,0.014285714285714285,0.014285714285714285,0.014285714285714285,0.014285714285714285,0.014285714285714285,0.014285714285714285,1,1
200,4,84,scale_free,0.3,3774907959,140,60,3,0,137,0,0,0,0,0.0,0.02142857142857143,0.0,0.02142857142857143,0.02142857142857143,0.02142857142857143,0.02142857142857143,0.02142857142857143,0.0,0,0
200,4,84,er,0.4,3774907959,120,80,6,0,114,0,0,0,0,0.0,0.05,0.0,0.05,0.05,0.05,0.05,0.05,0.0,0,0
200,4,84,ring,0.4,3774907959,120,80,0,32,88,10,10,5,16,6.4,0.0,0.26666666666666666,0.26666666666666666,0.08333333333333333,0.08333333333333333,0.08333333333333333,0.08333333333333333,0.13333333333333333,1,1
200,4,84,small_world,0.4,3774907959,120,80,2,2,116,2,2,1,2,2.0,0.016666666666666666,0.016666666666666666,0.03333333333333333,0.03333333333333333,0.03333333333333333,0.03333333333333333,0.03333333333333333,0.016666666666666666,1,1
200,4,84,scale_free,0.4,3774907959,120,80,2,0,118,0,0,0,0,0.0,0.016666666666666666,0.0,0.016666666666666666,0.016666666666666666,0.016666666666666666,0.016666666666666666,0.016666666666666666,0.0,0,0
200,4,84,er,0.5,3774907959,100,100,6,80,14,6,6,4,74,20.0,0.06,0.8,0.86,0.12,0.12,0.12,0.12,0.74,1,1
200,4,84,ring,0.5,3774907959,100,100,1,28,71,23,23,6,8,4.666666666666667,0.01,0.28,0.29,0.24,0.24,0.24,0.24,0.08,1,1
200,4,84,small_world,0.5,3774907959,100,100,4,11,85,6,6,3,5,3.6666666666666665,0.04,0.11,0.15,0.1,0.1,0.1,0.1,0.05,1,1
200,4,84,scale_free,0.5,3774907959,100,100,2,78,20,0,0,1,78,78.0,0.02,0.78,0.8,0.02,0.02,0.02,0.02,0.78,0,0
200,4,84,er,0.6,3774907959,80,120,3,67,10,67,67,3,63,22.333333333333332,0.0375,0.8375,0.875,0.875,0.875,0.0875,0.0875,0.7875,1,1
200,4,84,ring,0.6,3774907959,80,120,0,49,31,16,16,6,26,8.166666666666666,0.0,0.6125,0.6125,0.2,0.2,0.2,0.2,0.325,1,1
200,4,84,small_world,0.6,3774907959,80,120,2,78,0,4,4,4,60,19.5,0.025,0.975,1.0,0.075,0.075,0.075,0.075,0.75,1,1
200,4,84,scale_free,0.6,3774907959,80,120,2,66,12,0,0,1,66,66.0,0.025,0.825,0.85,0.025,0.025,0.025,0.025,0.825,0,0
200,4,84,er,0.7,3774907959,60,140,4,49,7,49,49,2,47,24.5,0.06666666666666667,0.8166666666666667,0.8833333333333333,0.8833333333333333,0.8833333333333333,0.1,0.1,0.7833333333333333,1,1
200,4,84,ring,0.7,3774907959,60,140,2,58,0,36,36,7,22,8.285714285714286,0.03333333333333333,0.9666666666666667,1.0,0.6333333333333333,0.6333333333333333,0.6333333333333333,0.6333333333333333,0.36666666666666664,1,1
200,4,84,small_world,0.7,3774907959,60,140,2,58,0,12,12,5,40,11.6,0.03333333333333333,0.9666666666666667,1.0,0.23333333333333334,0.23333333333333334,0.23333333333333334,0.23333333333333334,0.6666666666666666,1,1
200,4,84,scale_free,0.7,3774907959,60,140,1,55,4,0,0,1,55,55.0,0.016666666666666666,0.9166666666666666,0.9333333333333333,0.016666666666666666,0.016666666666666666,0.016666666666666666,0.016666666666666666,0.9166666666666666,0,0
200,4,84,er,0.8,3774907959,40,160,10,28,2,28,28,5,18,5.6,0.25,0.7,0.95,0.95,0.95,0.5,0.5,0.45,1,1
200,4,84,ring,0.8,3774907959,40,160,9,31,0,22,22,9,9,3.4444444444444446,0.225,0.775,1.0,0.775,0.775,0.775,0.775,0.225,1,1
200,4,84,small_world,0.8,3774907959,40,160,3,37,0,37,37,9,13,4.111111111111111,0.075,0.925,1.0,1.0,1.0,0.675,0.675,0.325,1,1
200,4,84,scale_free,0.8,3774907959,40,160,3,37,0,37,37,1,37,37.0,0.075,0.925,1.0,1.0,1.0,0.075,0.075,0.925,1,1
200,4,84,er,0.9,3774907959,20,180,7,12,1,12,12,3,5,4.0,0.35,0.6,0.95,0.95,0.95,0.95,0.95,0.25,1,1
200,4,84,ring,0.9,3774907959,20,180,9,11,0,11,11,5,3,2.2,0.45,0.55,1.0,1.0,1.0,1.0,1.0,0.15,1,1
200,4,84,small_world,0.9,3774907959,20,180,8,12,0,12,12,5,3,2.4,0.4,0.6,1.0,1.0,1.0,1.0,1.0,0.15,1,1
200,4,84,scale_free,0.9,3774907959,20,180,6,14,0,14,14,2,11,7.0,0.3,0.7,1.0,1.0,1.0,0.45,0.45,0.55,1,1
200,4,85,er,0.1,2070020826,180,20,1,0,179,0,0,0,0,0.0,0.005555555555555556,0.0,0.005555555555555556,0.005555555555555556,0.005555555555555556,0.005555555555555556,0.005555555555555556,0.0,0,0
200,4,85,ring,0.1,2070020826,180,20,0,0,180,0,0,0,0,0.0,0.0,0.0,0.0,0.0,0.0,0.0,0.0,0.0,0,0
200,4,85,small_world,0.1,2070020826,180,20,0,0,180,0,0,0,0,0.0,0.0,0.0,0.0,0.0,0.0,0.0,0.0,0.0,0,0
200,4,85,scale_free,0.1,2070020826,180,20,2,0,178,0,0,0,0,0.0,0.011111111111111112,0.0,0.011111111111111112,0.011111111111111112,0.011111111111111112,0.011111111111111112,0.011111111111111112,0.0,0,0
200,4,85,er,0.2,2070020826,160,40,6,0,154,0,0,0,0,0.0,0.0375,0.0,0.0375,0.0375,0.0375,0.0375,0.0375,0.0,0,0
200,4,85,ring,0.2,2070020826,160,40,0,0,160,0,0,0,0,0.0,0.0,0.0,0.0,0.0,0.0,0.0,0.0,0.0,0,0
200,4,85,small_world,0.2,2070020826,160,40,0,4,156,0,0,1,4,4.0,0.0,0.025,0.025,0.0,0.0,0.0,0.0,0.025,0,0
200,4,85,scale_free,0.2,2070020826,160,40,3,2,155,2,2,1,2,2.0,0.01875,0.0125,0.03125,0.03125,0.03125,0.03125,0.03125,0.0125,1,1
200,4,85,er,0.3,2070020826,140,60,6,0,134,0,0,0,0,0.0,0.04285714285714286,0.0,0.04285714285714286,0.04285714285714286,0.04285714285714286,0.04285714285714286,0.04285714285714286,0.0,0,0
200,4,85,ring,0.3,2070020826,140,60,0,0,140,0,0,0,0,0.0,0.0,0.0,0.0,0.0,0.0,0.0,0.0,0.0,0,0
200,4,85,small_world,0.3,2070020826,140,60,0,6,134,3,3,2,3,3.0,0.0,0.04285714285714286,0.04285714285714286,0.02142857142857143,0.02142857142857143,0.02142857142857143,0.02142857142857143,0.02142857142857143,1,1
200,4,85,scale_free,0.3,2070020826,140,60,2,2,136,2,2,1,2,2.0,0.014285714285714285,0.014285714285714285,0.02857142857142857,0.02857142857142857,0.02857142857142857,0.02857142857142857,0.02857142857142857,0.014285714285714285,1,1
200,4,85,er,0.4,2070020826,120,80,7,0,113,0,0,0,0,0.0,0.058333333333333334,0.0,0.058333333333333334,0.058333333333333334,0.058333333333333334,0.058333333333333334,0.058333333333333334,0.0,0,0
200,4,85,ring,0.4,2070020826,120,80,0,3,117,0,0,1,3,3.0,0.0,0.025,0.025,0.0,0.0,0.0,0.0,0.025,0,0
200,4,85,small_world,0.4,2070020826,120,80,0,3,117,3,3,1,3,3.0,0.0,0.025,0.025,0.025,0.025,0.025,0.025,0.025,1,1
200,4,85,scale_free,0.4,2070020826,120,80,4,0,116,0,0,0,0,0.0,0.03333333333333333,0.0,0.03333333333333333,0.03333333333333333,0.03333333333333333,0.03333333333333333,0.03333333333333333,0.0,0,0
200,4,85,er,0.5,2070020826,100,100,3,82,15,0,0,1,82,82.0,0.03,0.82,0.85,0.03,0.03,0.03,0.03,0.82,0,0
200,4,85,ring,0.5,2070020826,100,100,1,49,50,16,16,5,18,9.8,0.01,0.49,0.5,0.17,0.17,0.06,0.06,0.18,1,1
200,4,85,small_world,0.5,2070020826,100,100,1,4,95,4,4,2,2,2.0,0.01,0.04,0.05,0.05,0.05,0.05,0.05,0.02,1,1
200,4,85,scale_free,0.5,2070020826,100,100,6,0,94,0,0,0,0,0.0,0.06,0.0,0.06,0.06,0.06,0.06,0.06,0.0,0,0
200,4,85,er,0.6,2070020826,80,120,3,69,8,2,2,2,67,34.5,0.0375,0.8625,0.9,0.0625,0.0625,0.0625,0.0625,0.8375,1,1
200,4,85,ring,0.6,2070020826,80,120,2,72,6,42,42,11,19,6.545454545454546,0.025,0.9,0.925,0.55,0.55,0.3125,0.3125,0.2375,1,1
200,4,85,small_world,0.6,2070020826,80,120,4,68,8,23,23,6,45,11.333333333333334,0.05,0.85,0.9,0.3375,0.3375,0.175,0.175,0.5625,1,1
200,4,85,scale_free,0.6,2070020826,80,120,8,67,5,0,0,1,67,67.0,0.1,0.8375,0.9375,0.1,0.1,0.1,0.1,0.8375,0,0
200,4,85,er,0.7,2070020826,60,140,7,50,3,50,50,3,46,16.666666666666668,0.11666666666666667,0.8333333333333334,0.95,0.95,0.95,0.18333333333333332,0.18333333333333332,0.7666666666666667,1,1
200,4,85,ring,0.7,2070020826,60,140,5,54,1,50,50,12,10,4.5,0.08333333333333333,0.9,0.9833333333333333,0.9166666666666666,0.9166666666666666,0.9166666666666666,0.9166666666666666,0.16666666666666666,1,1
200,4,85,small_world,0.7,2070020826,60,140,7,50,3,50,50,8,11,6.25,0.11666666666666667,0.8333333333333334,0.95,0.95,0.95,0.7666666666666667,0.7666666666666667,0.18333333333333332,1,1
200,4,85,scale_free,0.7,2070020826,60,140,5,54,1,0,0,1,54,54.0,0.08333333333333333,0.9,0.9833333333333333,0.08333333333333333,0.08333333333333333,0.08333333333333333,0.08333333333333333,0.9,0,0
200,4,85,er,0.8,2070020826,40,160,8,31,1,31,31,4,25,7.75,0.2,0.775,0.975,0.975,0.975,0.35,0.35,0.625,1,1
200,4,85,ring,0.8,2070020826,40,160,5,35,0,32,32,10,9,3.5,0.125,0.875,1.0,0.925,0.925,0.925,0.925,0.225,1,1
200,4,85,small_world,0.8,2070020826,40,160,4,33,3,33,33,9,8,3.6666666666666665,0.1,0.825,0.925,0.925,0.925,0.925,0.925,0.2,1,1
200,4,85,scale_free,0.8,2070020826,40,160,3,37,0,37,37,3,33,12.333333333333334,0.075,0.925,1.0,1.0,1.0,0.175,0.175,0.825,1,1
200,4,85,er,0.9,2070020826,20,180,8,12,0,12,12,5,3,2.4,0.4,0.6,1.0,1.0,1.0,1.0,1.0,0.15,1,1
200,4,85,ring,0.9,2070020826,20,180,7,13,0,13,13,4,6,3.25,0.35,0.65,1.0,1.0,1.0,1.0,1.0,0.3,1,1
200,4,85,small_world,0.9,2070020826,20,180,7,13,0,13,13,5,4,2.6,0.35,0.65,1.0,1.0,1.0,1.0,1.0,0.2,1,1
200,4,85,scale_free,0.9,2070020826,20,180,4,16,0,16,16,3,12,5.333333333333333,0.2,0.8,1.0,1.0,1.0,0.4,0.4,0.6,1,1
200,4,86,er,0.1,1086803945,180,20,3,0,177,0,0,0,0,0.0,0.016666666666666666,0.0,0.016666666666666666,0.016666666666666666,0.016666666666666666,0.016666666666666666,0.016666666666666666,0.0,0,0
200,4,86,ring,0.1,1086803945,180,20,0,0,180,0,0,0,0,0.0,0.0,0.0,0.0,0.0,0.0,0.0,0.0,0.0,0,0
200,4,86,small_world,0.1,1086803945,180,20,0,0,180,0,0,0,0,0.0,0.0,0.0,0.0,0.0,0.0,0.0,0.0,0.0,0,0
200,4,86,scale_free,0.1,1086803945,180,20,1,0,179,0,0,0,0,0.0,0.005555555555555556,0.0,0.005555555555555556,0.005555555555555556,0.005555555555555556,0.005555555555555556,0.005555555555555556,0.0,0,0
200,4,86,er,0.2,1086803945,160,40,1,0,159,0,0,0,0,0.0,0.00625,0.0,0.00625,0.00625,0.00625,0.00625,0.00625,0.0,0,0
200,4,86,ring,0.2,1086803945,160,40,0,2,158,2,2,1,2,2.0,0.0,0.0125,0.0125,0.0125,0.0125,0.0125,0.0125,0.0125,1,1
200,4,86,small_world,0.2,1086803945,160,40,0,0,160,0,0,0,0,0.0,0.0,0.0,0.0,0.0,0.0,0.0,0.0,0.0,0,0
200,4,86,scale_free,0.2,1086803945,160,40,2,2,156,2,2,1,2,2.0,0.0125,0.0125,0.025,0.025,0.025,0.025,0.025,0.0125,1,1
200,4,86,er,0.3,1086803945,140,60,2,0,138,0,0,0,0,0.0,0.014285714285714285,0.0,0.014285714285714285,0.014285714285714285,0.014285714285714285,0.014285714285714285,0.014285714285714285,0.0,0,0
200,4,86,ring,0.3,1086803945,140,60,0,8,132,2,2,2,6,4.0,0.0,0.05714285714285714,0.05714285714285714,0.014285714285714285,0.014285714285714285,0.014285714285714285,0.014285714285714285,0.04285714285714286,1,1
200,4,86,small_world,0.3,1086803945,140,60,1,5,134,0,0,1,5,5.0,0.007142857142857143,0.03571428571428571,0.04285714285714286,0.007142857142857143,0.007142857142857143,0.007142857142857143,0.007142857142857143,0.03571428571428571,0,0
200,4,86,scale_free,0.3,1086803945,140,60,2,2,136,2,2,1,2,2.0,0.014285714285714285,0.014285714285714285,0.02857142857142857,0.02857142857142857,0.02857142857142857,0.02857142857142857,0.02857142857142857,0.014285714285714285,1,1
200,4,86,er,0.4,1086803945,120,80,5,0,115,0,0,0,0,0.0,0.041666666666666664,0.0,0.041666666666666664,0.041666666666666664,0.041666666666666664,0.041666666666666664,0.041666666666666664,0.0,0,0
200,4,86,ring,0.4,1086803945,120,80,0,9,111,0,0,1,9,9.0,0.0,0.075,0.075,0.0,0.0,0.0,0.0,0.075,0,0
200,4,86,small_world,0.4,1086803945,120,80,1,0,119,0,0,0,0,0.0,0.008333333333333333,0.0,0.008333333333333333,0.008333333333333333,0.008333333333333333,0.008333333333333333,0.008333333333333333,0.0,0,0
200,4,86,scale_free,0.4,1086803945,120,80,5,0,115,0,0,0,0,0.0,0.041666666666666664,0.0,0.041666666666666664,0.041666666666666664,0.041666666666666664,0.041666666666666664,0.041666666666666664,0.0,0,0
200,4,86,er,0.5,1086803945,100,100,3,0,97,0,0,0,0,0.0,0.03,0.0,0.03,0.03,0.03,0.03,0.03,0.0,0,0
200,4,86,ring,0.5,1086803945,100,100,0,36,64,3,3,4,15,9.0,0.0,0.36,0.36,0.03,0.03,0.03,0.03,0.15,1,1
200,4,86,small_world,0.5,1086803945,100,100,0,14,86,8,8,3,6,4.666666666666667,0.0,0.14,0.14,0.08,0.08,0.08,0.08,0.06,1,1
200,4,86,scale_free,0.5,1086803945,100,100,3,82,15,3,3,2,79,41.0,0.03,0.82,0.85,0.06,0.06,0.06,0.06,0.79,1,1
200,4,86,er,0.6,1086803945,80,120,5,69,6,69,69,2,66,34.5,0.0625,0.8625,0.925,0.925,0.925,0.1,0.1,0.825,1,1
200,4,86,ring,0.6,1086803945,80,120,1,77,2,41,41,8,22,9.625,0.0125,0.9625,0.975,0.525,0.525,0.3125,0.3125,0.275,1,1
200,4,86,small_world,0.6,1086803945,80,120,2,77,1,15,15,6,62,12.833333333333334,0.025,0.9625,0.9875,0.2125,0.2125,0.2125,0.2125,0.775,1,1
200,4,86,scale_free,0.6,1086803945,80,120,5,66,9,2,2,2,64,33.0,0.0625,0.825,0.8875,0.0875,0.0875,0.0875,0.0875,0.8,1,1
200,4,86,er,0.7,1086803945,60,140,4,52,4,52,52,1,52,52.0,0.06666666666666667,0.8666666666666667,0.9333333333333333,0.9333333333333333,0.9333333333333333,0.06666666666666667,0.06666666666666667,0.8666666666666667,1,1
200,4,86,ring,0.7,1086803945,60,140,2,56,2,53,53,13,10,4.3076923076923075,0.03333333333333333,0.9333333333333333,0.9666666666666667,0.9166666666666666,0.9166666666666666,0.9166666666666666,0.9166666666666666,0.16666666666666666,1,1
200,4,86,small_world,0.7,1086803945,60,140,4,55,1,55,55,9,26,6.111111111111111,0.06666666666666667,0.9166666666666666,0.9833333333333333,0.9833333333333333,0.9833333333333333,0.55,0.55,0.43333333333333335,1,1
200,4,86,scale_free,0.7,1086803945,60,140,3,55,2,0,0,1,55,55.0,0.05,0.9166666666666666,0.9666666666666667,0.05,0.05,0.05,0.05,0.9166666666666666,0,0
200,4,86,er,0.8,1086803945,40,160,7,31,2,31,31,3,25,10.333333333333334,0.175,0.775,0.95,0.95,0.95,0.325,0.325,0.625,1,1
200,4,86,ring,0.8,1086803945,40,160,7,33,0,33,33,11,5,3.0,0.175,0.825,1.0,1.0,1.0,1.0,1.0,0.125,1,1
200,4,86,small_world,0.8,1086803945,40,160,10,30,0,30,30,9,8,3.3333333333333335,0.25,0.75,1.0,1.0,1.0,1.0,1.0,0.2,1,1
200,4,86,scale_free,0.8,1086803945,40,160,4,36,0,36,36,1,36,36.0,0.1,0.9,1.0,1.0,1.0,0.1,0.1,0.9,1,1
200,4,86,er,0.9,1086803945,20,180,6,14,0,14,14,2,12,7.0,0.3,0.7,1.0,1.0,1.0,0.4,0.4,0.6,1,1
200,4,86,ring,0.9,1086803945,20,180,15,5,0,5,5,2,3,2.5,0.75,0.25,1.0,1.0,1.0,1.0,1.0,0.15,1,1
200,4,86,small_world,0.9,1086803945,20,180,13,7,0,7,7,3,3,2.3333333333333335,0.65,0.35,1.0,1.0,1.0,1.0,1.0,0.15,1,1
200,4,86,scale_free,0.9,1086803945,20,180,3,17,0,17,17,4,7,4.25,0.15,0.85,1.0,1.0,1.0,1.0,1.0,0.35,1,1
200,4,87,er,0.1,2497224892,180,20,0,0,180,0,0,0,0,0.0,0.0,0.0,0.0,0.0,0.0,0.0,0.0,0.0,0,0
200,4,87,ring,0.1,2497224892,180,20,0,0,180,0,0,0,0,0.0,0.0,0.0,0.0,0.0,0.0,0.0,0.0,0.0,0,0
200,4,87,small_world,0.1,2497224892,180,20,0,0,180,0,0,0,0,0.0,0.0,0.0,0.0,0.0,0.0,0.0,0.0,0.0,0,0
200,4,87,scale_free,0.1,2497224892,180,20,0,0,180,0,0,0,0,0.0,0.0,0.0,0.0,0.0,0.0,0.0,0.0,0.0,0,0
200,4,87,er,0.2,2497224892,160,40,3,0,157,0,0,0,0,0.0,0.01875,0.0,0.01875,0.01875,0.01875,0.01875,0.01875,0.0,0,0
200,4,87,ring,0.2,2497224892,160,40,0,0,160,0,0,0,0,0.0,0.0,0.0,0.0,0.0,0.0,0.0,0.0,0.0,0,0
200,4,87,small_world,0.2,2497224892,160,40,0,0,160,0,0,0,0,0.0,0.0,0.0,0.0,0.0,0.0,0.0,0.0,0.0,0,0
200,4,87,scale_free,0.2,2497224892,160,40,1,0,159,0,0,0,0,0.0,0.00625,0.0,0.00625,0.00625,0.00625,0.00625,0.00625,0.0,0,0
200,4,87,er,0.3,2497224892,140,60,2,0,138,0,0,0,0,0.0,0.014285714285714285,0.0,0.014285714285714285,0.014285714285714285,0.014285714285714285,0.014285714285714285,0.014285714285714285,0.0,0,0
200,4,87,ring,0.3,2497224892,140,60,0,4,136,4,4,2,2,2.0,0.0,0.02857142857142857,0.02857142857142857,0.02857142857142857,0.02857142857142857,0.02857142857142857,0.02857142857142857,0.014285714285714285,1,1
200,4,87,small_world,0.3,2497224892,140,60,0,4,136,4,4,2,2,2.0,0.0,0.02857142857142857,0.02857142857142857,0.02857142857142857,0.02857142857142857,0.02857142857142857,0.02857142857142857,0.014285714285714285,1,1
200,4,87,scale_free,0.3,2497224892,140,60,3,0,137,0,0,0,0,0.0,0.02142857142857143,0.0,0.02142857142857143,0.02142857142857143,0.02142857142857143,0.02142857142857143,0.02142857142857143,0.0,0,0
200,4,87,er,0.4,2497224892,120,80,6,0,114,0,0,0,0,0.0,0.05,0.0,0.05,0.05,0.05,0.05,0.05,0.0,0,0
200,4,87,ring,0.4,2497224892,120,80,0,14,106,7,7,3,7,4.666666666666667,0.0,0.11666666666666667,0.11666666666666667,0.058333333333333334,0.058333333333333334,0.058333333333333334,0.058333333333333334,0.058333333333333334,1,1
200,4,87,small_world,0.4,2497224892,120,80,0,9,111,9,9,3,4,3.0,0.0,0.075,0.075,0.075,0.075,0.075,0.075,0.03333333333333333,1,1
200,4,87,scale_free,0.4,2497224892,120,80,3,0,117,0,0,0,0,0.0,0.025,0.0,0.025,0.025,0.025,0.025,0.025,0.0,0,0
200,4,87,er,0.5,2497224892,100,100,5,0,95,0,0,0,0,0.0,0.05,0.0,0.05,0.05,0.05,0.05,0.05,0.0,0,0
200,4,87,ring,0.5,2497224892,100,100,0,53,47,24,24,7,19,7.571428571428571,0.0,0.53,0.53,0.24,0.24,0.24,0.24,0.19,1,1
200,4,87,small_world,0.5,2497224892,100,100,0,88,12,11,11,4,77,22.0,0.0,0.88,0.88,0.11,0.11,0.11,0.11,0.77,1,1
200,4,87,scale_free,0.5,2497224892,100,100,3,81,16,0,0,1,81,81.0,0.03,0.81,0.84,0.03,0.03,0.03,0.03,0.81,0,0
200,4,87,er,0.6,2497224892,80,120,9,67,4,0,0,1,67,67.0,0.1125,0.8375,0.95,0.1125,0.1125,0.1125,0.1125,0.8375,0,0
200,4,87,ring,0.6,2497224892,80,120,2,75,3,40,40,13,16,5.769230769230769,0.025,0.9375,0.9625,0.525,0.525,0.525,0.525,0.2,1,1
200,4,87,small_world,0.6,2497224892,80,120,6,68,6,7,7,4,61,17.0,0.075,0.85,0.925,0.1625,0.1625,0.1625,0.1625,0.7625,1,1
200,4,87,scale_free,0.6,2497224892,80,120,1,72,7,0,0,1,72,72.0,0.0125,0.9,0.9125,0.0125,0.0125,0.0125,0.0125,0.9,0,0
200,4,87,er,0.7,2497224892,60,140,8,51,1,51,51,2,49,25.5,0.13333333333333333,0.85,0.9833333333333333,0.9833333333333333,0.9833333333333333,0.16666666666666666,0.16666666666666666,0.8166666666666667,1,1
200,4,87,ring,0.7,2497224892,60,140,6,54,0,54,54,12,7,4.5,0.1,0.9,1.0,1.0,1.0,1.0,1.0,0.11666666666666667,1,1
200,4,87,small_world,0.7,2497224892,60,140,5,52,3,52,52,4,43,13.0,0.08333333333333333,0.8666666666666667,0.95,0.95,0.95,0.23333333333333334,0.23333333333333334,0.7166666666666667,1,1
200,4,87,scale_free,0.7,2497224892,60,140,4,56,0,0,0,1,56,56.0,0.06666666666666667,0.9333333333333333,1.0,0.06666666666666667,0.06666666666666667,0.06666666666666667,0.06666666666666667,0.9333333333333333,0,0
200,4,87,er,0.8,2497224892,40,160,8,32,0,32,32,2,30,16.0,0.2,0.8,1.0,1.0,1.0,0.25,0.25,0.75,1,1
200,4,87,ring,0.8,2497224892,40,160,9,31,0,31,31,10,6,3.1,0.225,0.775,1.0,1.0,1.0,1.0,1.0,0.15,1,1
200,4,87,small_world,0.8,2497224892,40,160,5,35,0,35,35,6,16,5.833333333333333,0.125,0.875,1.0,1.0,1.0,0.6,0.6,0.4,1,1
200,4,87,scale_free,0.8,2497224892,40,160,2,38,0,38,38,1,38,38.0,0.05,0.95,1.0,1.0,1.0,0.05,0.05,0.95,1,1
200,4,87,er,0.9,2497224892,20,180,7,13,0,13,13,3,9,4.333333333333333,0.35,0.65,1.0,1.0,1.0,1.0,1.0,0.45,1,1
200,4,87,ring,0.9,2497224892,20,180,11,9,0,9,9,4,3,2.25,0.55,0.45,1.0,1.0,1.0,1.0,1.0,0.15,1,1
200,4,87,small_world,0.9,2497224892,20,180,8,12,0,12,12,5,3,2.4,0.4,0.6,1.0,1.0,1.0,1.0,1.0,0.15,1,1
200,4,87,scale_free,0.9,2497224892,20,180,3,17,0,17,17,1,17,17.0,0.15,0.85,1.0,1.0,1.0,0.15,0.15,0.85,1,1
200,4,88,er,0.1,68131222,180,20,1,0,179,0,0,0,0,0.0,0.005555555555555556,0.0,0.005555555555555556,0.005555555555555556,0.005555555555555556,0.005555555555555556,0.005555555555555556,0.0,0,0
200,4,88,ring,0.1,68131222,180,20,0,0,180,0,0,0,0,0.0,0.0,0.0,0.0,0.0,0.0,0.0,0.0,0.0,0,0
200,4,88,small_world,0.1,68131222,180,20,0,0,180,0,0,0,0,0.0,0.0,0.0,0.0,0.0,0.0,0.0,0.0,0.0,0,0
200,4,88,scale_free,0.1,68131222,180,20,3,0,177,0,0,0,0,0.0,0.016666666666666666,0.0,0.016666666666666666,0.016666666666666666,0.016666666666666666,0.016666666666666666,0.016666666666666666,0.0,0,0
200,4,88,er,0.2,68131222,160,40,1,0,159,0,0,0,0,0.0,0.00625,0.0,0.00625,0.00625,0.00625,0.00625,0.00625,0.0,0,0
200,4,88,ring,0.2,68131222,160,40,0,0,160,0,0,0,0,0.0,0.0,0.0,0.0,0.0,0.0,0.0,0.0,0.0,0,0
200,4,88,small_world,0.2,68131222,160,40,0,0,160,0,0,0,0,0.0,0.0,0.0,0.0,0.0,0.0,0.0,0.0,0.0,0,0
200,4,88,scale_free,0.2,68131222,160,40,4,0,156,0,0,0,0,0.0,0.025,0.0,0.025,0.025,0.025,0.025,0.025,0.0,0,0
200,4,88,er,0.3,68131222,140,60,4,0,136,0,0,0,0,0.0,0.02857142857142857,0.0,0.02857142857142857,0.02857142857142857,0.02857142857142857,0.02857142857142857,0.02857142857142857,0.0,0,0
200,4,88,ring,0.3,68131222,140,60,0,0,140,0,0,0,0,0.0,0.0,0.0,0.0,0.0,0.0,0.0,0.0,0.0,0,0
200,4,88,small_world,0.3,68131222,140,60,0,0,140,0,0,0,0,0.0,0.0,0.0,0.0,0.0,0.0,0.0,0.0,0.0,0,0
200,4,88,scale_free,0.3,68131222,140,60,6,0,134,0,0,0,0,0.0,0.04285714285714286,0.0,0.04285714285714286,0.04285714285714286,0.04285714285714286,0.04285714285714286,0.04285714285714286,0.0,0,0
200,4,88,er,0.4,68131222,120,80,3,0,117,0,0,0,0,0.0,0.025,0.0,0.025,0.025,0.025,0.025,0.025,0.0,0,0
200,4,88,ring,0.4,68131222,120,80,0,21,99,7,7,2,14,10.5,0.0,0.175,0.175,0.058333333333333334,0.058333333333333334,0.058333333333333334,0.058333333333333334,0.11666666666666667,1,1
200,4,88,small_world,0.4,68131222,120,80,1,2,117,2,2,1,2,2.0,0.008333333333333333,0.016666666666666666,0.025,0.025,0.025,0.025,0.025,0.016666666666666666,1,1
200,4,88,scale_free,0.4,68131222,120,80,5,0,115,0,0,0,0,0.0,0.041666666666666664,0.0,0.041666666666666664,0.041666666666666664,0.041666666666666664,0.041666666666666664,0.041666666666666664,0.0,0,0
200,4,88,er,0.5,68131222,100,100,2,0,98,0,0,0,0,0.0,0.02,0.0,0.02,0.02,0.02,0.02,0.02,0.0,0,0
200,4,88,ring,0.5,68131222,100,100,0,58,42,33,33,10,16,5.8,0.0,0.58,0.58,0.33,0.33,0.2,0.2,0.16,1,1
200,4,88,small_world,0.5,68131222,100,100,1,37,62,37,37,3,33,12.333333333333334,0.01,0.37,0.38,0.38,0.38,0.05,0.05,0.33,1,1
200,4,88,scale_free,0.5,68131222,100,100,7,0,93,0,0,0,0,0.0,0.07,0.0,0.07,0.07,0.07,0.07,0.07,0.0,0,0
200,4,88,er,0.6,68131222,80,120,4,66,10,0,0,1,66,66.0,0.05,0.825,0.875,0.05,0.05,0.05,0.05,0.825,0,0
200,4,88,ring,0.6,68131222,80,120,1,70,9,40,40,15,15,4.666666666666667,0.0125,0.875,0.8875,0.5125,0.5125,0.5125,0.5125,0.1875,1,1
200,4,88,small_world,0.6,68131222,80,120,3,71,6,32,32,8,39,8.875,0.0375,0.8875,0.925,0.4375,0.4375,0.4375,0.4375,0.4875,1,1
200,4,88,scale_free,0.6,68131222,80,120,5,69,6,0,0,1,69,69.0,0.0625,0.8625,0.925,0.0625,0.0625,0.0625,0.0625,0.8625,0,0
200,4,88,er,0.7,68131222,60,140,6,51,3,0,0,1,51,51.0,0.1,0.85,0.95,0.1,0.1,0.1,0.1,0.85,0,0
200,4,88,ring,0.7,68131222,60,140,1,53,6,50,50,16,6,3.3125,0.016666666666666666,0.8833333333333333,0.9,0.85,0.85,0.85,0.85,0.1,1,1
200,4,88,small_world,0.7,68131222,60,140,6,52,2,38,38,11,14,4.7272727272727275,0.1,0.8666666666666667,0.9666666666666667,0.7333333333333333,0.7333333333333333,0.7333333333333333,0.7333333333333333,0.23333333333333334,1,1
200,4,88,scale_free,0.7,68131222,60,140,5,50,5,0,0,1,50,50.0,0.08333333333333333,0.8333333333333334,0.9166666666666666,0.08333333333333333,0.08333333333333333,0.08333333333333333,0.08333333333333333,0.8333333333333334,0,0
200,4,88,er,0.8,68131222,40,160,6,32,2,32,32,2,30,16.0,0.15,0.8,0.95,0.95,0.95,0.2,0.2,0.75,1,1
200,4,88,ring,0.8,68131222,40,160,5,34,1,34,34,13,4,2.6153846153846154,0.125,0.85,0.975,0.975,0.975,0.975,0.975,0.1,1,1
200,4,88,small_world,0.8,68131222,40,160,7,32,1,32,32,9,12,3.5555555555555554,0.175,0.8,0.975,0.975,0.975,0.675,0.675,0.3,1,1
200,4,88,scale_free,0.8,68131222,40,160,5,35,0,35,35,2,33,17.5,0.125,0.875,1.0,1.0,1.0,0.175,0.175,0.825,1,1
200,4,88,er,0.9,68131222,20,180,2,18,0,18,18,4,8,4.5,0.1,0.9,1.0,1.0,1.0,1.0,1.0,0.4,1,1
200,4,88,ring,0.9,68131222,20,180,9,11,0,11,11,4,4,2.75,0.45,0.55,1.0,1.0,1.0,1.0,1.0,0.2,1,1
200,4,88,small_world,0.9,68131222,20,180,6,14,0,14,14,5,4,2.8,0.3,0.7,1.0,1.0,1.0,1.0,1.0,0.2,1,1
200,4,88,scale_free,0.9,68131222,20,180,4,16,0,16,16,3,12,5.333333333333333,0.2,0.8,1.0,1.0,1.0,0.4,0.4,0.6,1,1
200,4,89,er,0.1,3788380619,180,20,1,0,179,0,0,0,0,0.0,0.005555555555555556,0.0,0.005555555555555556,0.005555555555555556,0.005555555555555556,0.005555555555555556,0.005555555555555556,0.0,0,0
200,4,89,ring,0.1,3788380619,180,20,0,0,180,0,0,0,0,0.0,0.0,0.0,0.0,0.0,0.0,0.0,0.0,0.0,0,0
200,4,89,small_world,0.1,3788380619,180,20,0,0,180,0,0,0,0,0.0,0.0,0.0,0.0,0.0,0.0,0.0,0.0,0.0,0,0
200,4,89,scale_free,0.1,3788380619,180,20,1,0,179,0,0,0,0,0.0,0.005555555555555556,0.0,0.005555555555555556,0.005555555555555556,0.005555555555555556,0.005555555555555556,0.005555555555555556,0.0,0,0
200,4,89,er,0.2,3788380619,160,40,2,0,158,0,0,0,0,0.0,0.0125,0.0,0.0125,0.0125,0.0125,0.0125,0.0125,0.0,0,0
200,4,89,ring,0.2,3788380619,160,40,0,0,160,0,0,0,0,0.0,0.0,0.0,0.0,0.0,0.0,0.0,0.0,0.0,0,0
200,4,89,small_world,0.2,3788380619,160,40,0,0,160,0,0,0,0,0.0,0.0,0.0,0.0,0.0,0.0,0.0,0.0,0.0,0,0
200,4,89,scale_free,0.2,3788380619,160,40,3,0,157,0,0,0,0,0.0,0.01875,0.0,0.01875,0.01875,0.01875,0.01875,0.01875,0.0,0,0
200,4,89,er,0.3,3788380619,140,60,5,0,135,0,0,0,0,0.0,0.03571428571428571,0.0,0.03571428571428571,0.03571428571428571,0.03571428571428571,0.03571428571428571,0.03571428571428571,0.0,0,0
200,4,89,ring,0.3,3788380619,140,60,0,0,140,0,0,0,0,0.0,0.0,0.0,0.0,0.0,0.0,0.0,0.0,0.0,0,0
200,4,89,small_world,0.3,3788380619,140,60,0,0,140,0,0,0,0,0.0,0.0,0.0,0.0,0.0,0.0,0.0,0.0,0.0,0,0
200,4,89,scale_free,0.3,3788380619,140,60,3,0,137,0,0,0,0,0.0,0.02142857142857143,0.0,0.02142857142857143,0.02142857142857143,0.02142857142857143,0.02142857142857143,0.02142857142857143,0.0,0,0
200,4,89,er,0.4,3788380619,120,80,2,0,118,0,0,0,0,0.0,0.016666666666666666,0.0,0.016666666666666666,0.016666666666666666,0.016666666666666666,0.016666666666666666,0.016666666666666666,0.0,0,0
200,4,89,ring,0.4,3788380619,120,80,0,25,95,2,2,3,17,8.333333333333334,0.0,0.20833333333333334,0.20833333333333334,0.016666666666666666,0.016666666666666666,0.016666666666666666,0.016666666666666666,0.14166666666666666,1,1
200,4,89,small_world,0.4,3788380619,120,80,2,2,116,2,2,1,2,2.0,0.016666666666666666,0.016666666666666666,0.03333333333333333,0.03333333333333333,0.03333333333333333,0.03333333333333333,0.03333333333333333,0.016666666666666666,1,1
200,4,89,scale_free,0.4,3788380619,120,80,3,2,115,2,2,1,2,2.0,0.025,0.016666666666666666,0.041666666666666664,0.041666666666666664,0.041666666666666664,0.041666666666666664,0.041666666666666664,0.016666666666666666,1,1
200,4,89,er,0.5,3788380619,100,100,2,0,98,0,0,0,0,0.0,0.02,0.0,0.02,0.02,0.02,0.02,0.02,0.0,0,0
200,4,89,ring,0.5,3788380619,100,100,1,54,45,24,24,5,21,10.8,0.01,0.54,0.55,0.25,0.25,0.09,0.09,0.21,1,1
200,4,89,small_world,0.5,3788380619,100,100,1,83,16,2,2,3,75,27.666666666666668,0.01,0.83,0.84,0.03,0.03,0.03,0.03,0.75,1,1
200,4,89,scale_free,0.5,3788380619,100,100,4,0,96,0,0,0,0,0.0,0.04,0.0,0.04,0.04,0.04,0.04,0.04,0.0,0,0
200,4,89,er,0.6,3788380619,80,120,2,72,6,0,0,1,72,72.0,0.025,0.9,0.925,0.025,0.025,0.025,0.025,0.9,0,0
200,4,89,ring,0.6,3788380619,80,120,1,55,24,37,37,9,18,6.111111111111111,0.0125,0.6875,0.7,0.475,0.475,0.475,0.475,0.225,1,1
200,4,89,small_world,0.6,3788380619,80,120,3,67,10,33,33,4,33,16.75,0.0375,0.8375,0.875,0.45,0.45,0.0375,0.0375,0.4125,1,1
200,4,89,scale_free,0.6,3788380619,80,120,3,71,6,0,0,1,71,71.0,0.0375,0.8875,0.925,0.0375,0.0375,0.0375,0.0375,0.8875,0,0
200,4,89,er,0.7,3788380619,60,140,6,51,3,51,51,1,51,51.0,0.1,0.85,0.95,0.95,0.95,0.1,0.1,0.85,1,1
200,4,89,ring,0.7,3788380619,60,140,4,43,13,33,33,11,10,3.909090909090909,0.06666666666666667,0.7166666666666667,0.7833333333333333,0.6166666666666667,0.6166666666666667,0.6166666666666667,0.6166666666666667,0.16666666666666666,1,1
200,4,89,small_world,0.7,3788380619,60,140,5,43,12,43,43,5,28,8.6,0.08333333333333333,0.7166666666666667,0.8,0.8,0.8,0.3333333333333333,0.3333333333333333,0.4666666666666667,1,1
200,4,89,scale_free,0.7,3788380619,60,140,2,56,2,0,0,1,56,56.0,0.03333333333333333,0.9333333333333333,0.9666666666666667,0.03333333333333333,0.03333333333333333,0.03333333333333333,0.03333333333333333,0.9333333333333333,0,0
200,4,89,er,0.8,3788380619,40,160,5,35,0,35,35,1,35,35.0,0.125,0.875,1.0,1.0,1.0,0.125,0.125,0.875,1,1
200,4,89,ring,0.8,3788380619,40,160,7,33,0,33,33,10,7,3.3,0.175,0.825,1.0,1.0,1.0,1.0,1.0,0.175,1,1
200,4,89,small_world,0.8,3788380619,40,160,5,35,0,35,35,8,14,4.375,0.125,0.875,1.0,1.0,1.0,0.65,0.65,0.35,1,1
200,4,89,scale_free,0.8,3788380619,40,160,2,37,1,2,2,2,35,18.5,0.05,0.925,0.975,0.1,0.1,0.1,0.1,0.875,1,1
200,4,89,er,0.9,3788380619,20,180,4,16,0,16,16,2,13,8.0,0.2,0.8,1.0,1.0,1.0,0.35,0.35,0.65,1,1
200,4,89,ring,0.9,3788380619,20,180,10,10,0,10,10,5,2,2.0,0.5,0.5,1.0,1.0,1.0,1.0,1.0,0.1,1,1
200,4,89,small_world,0.9,3788380619,20,180,5,15,0,15,15,6,5,2.5,0.25,0.75,1.0,1.0,1.0,1.0,1.0,0.25,1,1
200,4,89,scale_free,0.9,3788380619,20,180,6,14,0,14,14,2,12,7.0,0.3,0.7,1.0,1.0,1.0,0.4,0.4,0.6,1,1
200,4,90,er,0.1,3069061559,180,20,0,0,180,0,0,0,0,0.0,0.0,0.0,0.0,0.0,0.0,0.0,0.0,0.0,0,0
200,4,90,ring,0.1,3069061559,180,20,0,0,180,0,0,0,0,0.0,0.0,0.0,0.0,0.0,0.0,0.0,0.0,0.0,0,0
200,4,90,small_world,0.1,3069061559,180,20,0,0,180,0,0,0,0,0.0,0.0,0.0,0.0,0.0,0.0,0.0,0.0,0.0,0,0
200,4,90,scale_free,0.1,3069061559,180,20,2,0,178,0,0,0,0,0.0,0.011111111111111112,0.0,0.011111111111111112,0.011111111111111112,0.011111111111111112,0.011111111111111112,0.011111111111111112,0.0,0,0
200,4,90,er,0.2,3069061559,160,40,1,0,159,0,0,0,0,0.0,0.00625,0.0,0.00625,0.00625,0.00625,0.00625,0.00625,0.0,0,0
200,4,90,ring,0.2,3069061559,160,40,0,0,160,0,0,0,0,0.0,0.0,0.0,0.0,0.0,0.0,0.0,0.0,0.0,0,0
200,4,90,small_world,0.2,3069061559,160,40,0,0,160,0,0,0,0,0.0,0.0,0.0,0.0,0.0,0.0,0.0,0.0,0.0,0,0
200,4,90,scale_free,0.2,3069061559,160,40,5,0,155,0,0,0,0,0.0,0.03125,0.0,0.03125,0.03125,0.03125,0.03125,0.03125,0.0,0,0
200,4,90,er,0.3,3069061559,140,60,1,2,137,2,2,1,2,2.0,0.007142857142857143,0.014285714285714285,0.02142857142857143,0.02142857142857143,0.02142857142857143,0.02142857142857143,0.02142857142857143,0.014285714285714285,1,1
200,4,90,ring,0.3,3069061559,140,60,0,6,134,6,6,2,4,3.0,0.0,0.04285714285714286,0.04285714285714286,0.04285714285714286,0.04285714285714286,0.04285714285714286,0.04285714285714286,0.02857142857142857,1,1
200,4,90,small_world,0.3,3069061559,140,60,0,4,136,4,4,1,4,4.0,0.0,0.02857142857142857,0.02857142857142857,0.02857142857142857,0.02857142857142857,0.02857142857142857,0.02857142857142857,0.02857142857142857,1,1
200,4,90,scale_free,0.3,3069061559,140,60,6,0,134,0,0,0,0,0.0,0.04285714285714286,0.0,0.04285714285714286,0.04285714285714286,0.04285714285714286,0.04285714285714286,0.04285714285714286,0.0,0,0
200,4,90,er,0.4,3069061559,120,80,5,0,115,0,0,0,0,0.0,0.041666666666666664,0.0,0.041666666666666664,0.041666666666666664,0.041666666666666664,0.041666666666666664,0.041666666666666664,0.0,0,0
200,4,90,ring,0.4,3069061559,120,80,0,11,109,11,11,3,5,3.6666666666666665,0.0,0.09166666666666666,0.09166666666666666,0.09166666666666666,0.09166666666666666,0.09166666666666666,0.09166666666666666,0.041666666666666664,1,1
200,4,90,small_world,0.4,3069061559,120,80,0,9,111,9,9,2,5,4.5,0.0,0.075,0.075,0.075,0.075,0.075,0.075,0.041666666666666664,1,1
200,4,90,scale_free,0.4,3069061559,120,80,7,0,113,0,0,0,0,0.0,0.058333333333333334,0.0,0.058333333333333334,0.058333333333333334,0.058333333333333334,0.058333333333333334,0.058333333333333334,0.0,0,0
200,4,90,er,0.5,3069061559,100,100,5,78,17,2,2,2,76,39.0,0.05,0.78,0.83,0.07,0.07,0.07,0.07,0.76,1,1
200,4,90,ring,0.5,3069061559,100,100,1,62,37,19,19,10,19,6.2,0.01,0.62,0.63,0.2,0.2,0.2,0.2,0.19,1,1
200,4,90,small_world,0.5,3069061559,100,100,1,89,10,10,10,6,44,14.833333333333334,0.01,0.89,0.9,0.11,0.11,0.11,0.11,0.44,1,1
200,4,90,scale_free,0.5,3069061559,100,100,8,73,19,0,0,1,73,73.0,0.08,0.73,0.81,0.08,0.08,0.08,0.08,0.73,0,0
200,4,90,er,0.6,3069061559,80,120,3,68,9,4,4,3,64,22.666666666666668,0.0375,0.85,0.8875,0.0875,0.0875,0.0875,0.0875,0.8,1,1
200,4,90,ring,0.6,3069061559,80,120,2,56,22,44,44,9,9,6.222222222222222,0.025,0.7,0.725,0.575,0.575,0.575,0.575,0.1125,1,1
200,4,90,small_world,0.6,3069061559,80,120,0,78,2,17,17,7,25,11.142857142857142,0.0,0.975,0.975,0.2125,0.2125,0.2125,0.2125,0.3125,1,1
200,4,90,scale_free,0.6,3069061559,80,120,2,68,10,2,2,2,66,34.0,0.025,0.85,0.875,0.05,0.05,0.05,0.05,0.825,1,1
200,4,90,er,0.7,3069061559,60,140,2,55,3,0,0,1,55,55.0,0.03333333333333333,0.9166666666666666,0.95,0.03333333333333333,0.03333333333333333,0.03333333333333333,0.03333333333333333,0.9166666666666666,0,0
200,4,90,ring,0.7,3069061559,60,140,2,57,1,45,45,13,9,4.384615384615385,0.03333333333333333,0.95,0.9833333333333333,0.7833333333333333,0.7833333333333333,0.7833333333333333,0.7833333333333333,0.15,1,1
200,4,90,small_world,0.7,3069061559,60,140,1,58,1,41,41,8,17,7.25,0.016666666666666666,0.9666666666666667,0.9833333333333333,0.7,0.7,0.43333333333333335,0.43333333333333335,0.2833333333333333,1,1
200,4,90,scale_free,0.7,3069061559,60,140,2,54,4,0,0,1,54,54.0,0.03333333333333333,0.9,0.9333333333333333,0.03333333333333333,0.03333333333333333,0.03333333333333333,0.03333333333333333,0.9,0,0
200,4,90,er,0.8,3069061559,40,160,2,38,0,2,2,2,36,19.0,0.05,0.95,1.0,0.1,0.1,0.1,0.1,0.9,1,1
200,4,90,ring,0.8,3069061559,40,160,6,33,1,30,30,11,4,3.0,0.15,0.825,0.975,0.9,0.9,0.9,0.9,0.1,1,1
200,4,90,small_world,0.8,3069061559,40,160,6,33,1,29,33,8,12,4.125,0.15,0.825,0.975,0.875,0.975,0.575,0.675,0.3,1,1
200,4,90,scale_free,0.8,3069061559,40,160,3,37,0,0,0,1,37,37.0,0.075,0.925,1.0,0.075,0.075,0.075,0.075,0.925,0,0
200,4,90,er,0.9,3069061559,20,180,6,14,0,14,14,1,14,14.0,0.3,0.7,1.0,1.0,1.0,0.3,0.3,0.7,1,1
200,4,90,ring,0.9,3069061559,20,180,7,13,0,13,13,5,3,2.6,0.35,0.65,1.0,1.0,1.0,1.0,1.0,0.15,1,1
200,4,90,small_world,0.9,3069061559,20,180,5,15,0,15,15,4,6,3.75,0.25,0.75,1.0,1.0,1.0,1.0,1.0,0.3,1,1
200,4,90,scale_free,0.9,3069061559,20,180,3,17,0,17,17,2,15,8.5,0.15,0.85,1.0,1.0,1.0,0.25,0.25,0.75,1,1
200,4,91,er,0.1,4159498730,180,20,1,0,179,0,0,0,0,0.0,0.005555555555555556,0.0,0.005555555555555556,0.005555555555555556,0.005555555555555556,0.005555555555555556,0.005555555555555556,0.0,0,0
200,4,91,ring,0.1,4159498730,180,20,0,0,180,0,0,0,0,0.0,0.0,0.0,0.0,0.0,0.0,0.0,0.0,0.0,0,0
200,4,91,small_world,0.1,4159498730,180,20,0,0,180,0,0,0,0,0.0,0.0,0.0,0.0,0.0,0.0,0.0,0.0,0.0,0,0
200,4,91,scale_free,0.1,4159498730,180,20,1,0,179,0,0,0,0,0.0,0.005555555555555556,0.0,0.005555555555555556,0.005555555555555556,0.005555555555555556,0.005555555555555556,0.005555555555555556,0.0,0,0
200,4,91,er,0.2,4159498730,160,40,2,0,158,0,0,0,0,0.0,0.0125,0.0,0.0125,0.0125,0.0125,0.0125,0.0125,0.0,0,0
200,4,91,ring,0.2,4159498730,160,40,0,0,160,0,0,0,0,0.0,0.0,0.0,0.0,0.0,0.0,0.0,0.0,0.0,0,0
200,4,91,small_world,0.2,4159498730,160,40,0,0,160,0,0,0,0,0.0,0.0,0.0,0.0,0.0,0.0,0.0,0.0,0.0,0,0
200,4,91,scale_free,0.2,4159498730,160,40,0,0,160,0,0,0,0,0.0,0.0,0.0,0.0,0.0,0.0,0.0,0.0,0.0,0,0
200,4,91,er,0.3,4159498730,140,60,2,0,138,0,0,0,0,0.0,0.014285714285714285,0.0,0.014285714285714285,0.014285714285714285,0.014285714285714285,0.014285714285714285,0.014285714285714285,0.0,0,0
200,4,91,ring,0.3,4159498730,140,60,0,0,140,0,0,0,0,0.0,0.0,0.0,0.0,0.0,0.0,0.0,0.0,0.0,0,0
200,4,91,small_world,0.3,4159498730,140,60,0,0,140,0,0,0,0,0.0,0.0,0.0,0.0,0.0,0.0,0.0,0.0,0.0,0,0
200,4,91,scale_free,0.3,4159498730,140,60,2,0,138,0,0,0,0,0.0,0.014285714285714285,0.0,0.014285714285714285,0.014285714285714285,0.014285714285714285,0.014285714285714285,0.014285714285714285,0.0,0,0
200,4,91,er,0.4,4159498730,120,80,6,0,114,0,0,0,0,0.0,0.05,0.0,0.05,0.05,0.05,0.05,0.05,0.0,0,0
200,4,91,ring,0.4,4159498730,120,80,0,26,94,10,10,5,9,5.2,0.0,0.21666666666666667,0.21666666666666667,0.08333333333333333,0.08333333333333333,0.08333333333333333,0.08333333333333333,0.075,1,1
200,4,91,small_world,0.4,4159498730,120,80,0,13,107,4,4,3,9,4.333333333333333,0.0,0.10833333333333334,0.10833333333333334,0.03333333333333333,0.03333333333333333,0.03333333333333333,0.03333333333333333,0.075,1,1
200,4,91,scale_free,0.4,4159498730,120,80,4,0,116,0,0,0,0,0.0,0.03333333333333333,0.0,0.03333333333333333,0.03333333333333333,0.03333333333333333,0.03333333333333333,0.03333333333333333,0.0,0,0
200,4,91,er,0.5,4159498730,100,100,6,0,94,0,0,0,0,0.0,0.06,0.0,0.06,0.06,0.06,0.06,0.06,0.0,0,0
200,4,91,ring,0.5,4159498730,100,100,0,38,62,15,15,4,23,9.5,0.0,0.38,0.38,0.15,0.15,0.15,0.15,0.23,1,1
200,4,91,small_world,0.5,4159498730,100,100,1,10,89,7,7,3,5,3.3333333333333335,0.01,0.1,0.11,0.08,0.08,0.08,0.08,0.05,1,1
200,4,91,scale_free,0.5,4159498730,100,100,3,78,19,0,0,1,78,78.0,0.03,0.78,0.81,0.03,0.03,0.03,0.03,0.78,0,0
200,4,91,er,0.6,4159498730,80,120,6,70,4,0,0,1,70,70.0,0.075,0.875,0.95,0.075,0.075,0.075,0.075,0.875,0,0
200,4,91,ring,0.6,4159498730,80,120,0,57,23,34,34,9,18,6.333333333333333,0.0,0.7125,0.7125,0.425,0.425,0.2,0.2,0.225,1,1
200,4,91,small_world,0.6,4159498730,80,120,1,78,1,17,17,6,61,13.0,0.0125,0.975,0.9875,0.225,0.225,0.225,0.225,0.7625,1,1
200,4,91,scale_free,0.6,4159498730,80,120,3,64,13,0,0,1,64,64.0,0.0375,0.8,0.8375,0.0375,0.0375,0.0375,0.0375,0.8,0,0
200,4,91,er,0.7,4159498730,60,140,4,56,0,0,0,1,56,56.0,0.06666666666666667,0.9333333333333333,1.0,0.06666666666666667,0.06666666666666667,0.06666666666666667,0.06666666666666667,0.9333333333333333,0,0
200,4,91,ring,0.7,4159498730,60,140,3,57,0,43,43,10,14,5.7,0.05,0.95,1.0,0.7666666666666667,0.7666666666666667,0.5666666666666667,0.5666666666666667,0.23333333333333334,1,1
200,4,91,small_world,0.7,4159498730,60,140,2,58,0,58,58,7,34,8.285714285714286,0.03333333333333333,0.9666666666666667,1.0,1.0,1.0,0.43333333333333335,0.43333333333333335,0.5666666666666667,1,1
200,4,91,scale_free,0.7,4159498730,60,140,4,53,3,0,0,1,53,53.0,0.06666666666666667,0.8833333333333333,0.95,0.06666666666666667,0.06666666666666667,0.06666666666666667,0.06666666666666667,0.8833333333333333,0,0
200,4,91,er,0.8,4159498730,40,160,6,34,0,34,34,2,32,17.0,0.15,0.85,1.0,1.0,1.0,0.2,0.2,0.8,1,1
200,4,91,ring,0.8,4159498730,40,160,6,34,0,34,34,10,9,3.4,0.15,0.85,1.0,1.0,1.0,1.0,1.0,0.225,1,1
200,4,91,small_world,0.8,4159498730,40,160,6,34,0,34,34,9,12,3.7777777777777777,0.15,0.85,1.0,1.0,1.0,0.7,0.7,0.3,1,1
200,4,91,scale_free,0.8,4159498730,40,160,4,35,1,35,35,2,33,17.5,0.1,0.875,0.975,0.975,0.975,0.15,0.15,0.825,1,1
200,4,91,er,0.9,4159498730,20,180,8,12,0,12,12,2,8,6.0,0.4,0.6,1.0,1.0,1.0,1.0,1.0,0.4,1,1
200,4,91,ring,0.9,4159498730,20,180,12,8,0,8,8,3,4,2.6666666666666665,0.6,0.4,1.0,1.0,1.0,1.0,1.0,0.2,1,1
200,4,91,small_world,0.9,4159498730,20,180,12,8,0,8,8,3,4,2.6666666666666665,0.6,0.4,1.0,1.0,1.0,1.0,1.0,0.2,1,1
200,4,91,scale_free,0.9,4159498730,20,180,2,18,0,18,18,2,16,9.0,0.1,0.9,1.0,1.0,1.0,0.2,0.2,0.8,1,1
200,4,92,er,0.1,878280869,180,20,1,0,179,0,0,0,0,0.0,0.005555555555555556,0.0,0.005555555555555556,0.005555555555555556,0.005555555555555556,0.005555555555555556,0.005555555555555556,0.0,0,0
200,4,92,ring,0.1,878280869,180,20,0,0,180,0,0,0,0,0.0,0.0,0.0,0.0,0.0,0.0,0.0,0.0,0.0,0,0
200,4,92,small_world,0.1,878280869,180,20,0,0,180,0,0,0,0,0.0,0.0,0.0,0.0,0.0,0.0,0.0,0.0,0.0,0,0
200,4,92,scale_free,0.1,878280869,180,20,1,0,179,0,0,0,0,0.0,0.005555555555555556,0.0,0.005555555555555556,0.005555555555555556,0.005555555555555556,0.005555555555555556,0.005555555555555556,0.0,0,0
200,4,92,er,0.2,878280869,160,40,3,0,157,0,0,0,0,0.0,0.01875,0.0,0.01875,0.01875,0.01875,0.01875,0.01875,0.0,0,0
200,4,92,ring,0.2,878280869,160,40,0,0,160,0,0,0,0,0.0,0.0,0.0,0.0,0.0,0.0,0.0,0.0,0.0,0,0
200,4,92,small_world,0.2,878280869,160,40,0,0,160,0,0,0,0,0.0,0.0,0.0,0.0,0.0,0.0,0.0,0.0,0.0,0,0
200,4,92,scale_free,0.2,878280869,160,40,3,0,157,0,0,0,0,0.0,0.01875,0.0,0.01875,0.01875,0.01875,0.01875,0.01875,0.0,0,0
200,4,92,er,0.3,878280869,140,60,2,0,138,0,0,0,0,0.0,0.014285714285714285,0.0,0.014285714285714285,0.014285714285714285,0.014285714285714285,0.014285714285714285,0.014285714285714285,0.0,0,0
200,4,92,ring,0.3,878280869,140,60,0,0,140,0,0,0,0,0.0,0.0,0.0,0.0,0.0,0.0,0.0,0.0,0.0,0,0
200,4,92,small_world,0.3,878280869,140,60,0,0,140,0,0,0,0,0.0,0.0,0.0,0.0,0.0,0.0,0.0,0.0,0.0,0,0
200,4,92,scale_free,0.3,878280869,140,60,3,0,137,0,0,0,0,0.0,0.02142857142857143,0.0,0.02142857142857143,0.02142857142857143,0.02142857142857143,0.02142857142857143,0.02142857142857143,0.0,0,0
200,4,92,er,0.4,878280869,120,80,4,0,116,0,0,0,0,0.0,0.03333333333333333,0.0,0.03333333333333333,0.03333333333333333,0.03333333333333333,0.03333333333333333,0.03333333333333333,0.0,0,0
200,4,92,ring,0.4,878280869,120,80,0,13,107,0,0,1,13,13.0,0.0,0.10833333333333334,0.10833333333333334,0.0,0.0,0.0,0.0,0.10833333333333334,0,0
200,4,92,small_world,0.4,878280869,120,80,0,0,120,0,0,0,0,0.0,0.0,0.0,0.0,0.0,0.0,0.0,0.0,0.0,0,0
200,4,92,scale_free,0.4,878280869,120,80,4,0,116,0,0,0,0,0.0,0.03333333333333333,0.0,0.03333333333333333,0.03333333333333333,0.03333333333333333,0.03333333333333333,0.03333333333333333,0.0,0,0
200,4,92,er,0.5,878280869,100,100,5,81,14,4,4,3,77,27.0,0.05,0.81,0.86,0.09,0.09,0.09,0.09,0.77,1,1
200,4,92,ring,0.5,878280869,100,100,0,56,44,18,18,8,17,7.0,0.0,0.56,0.56,0.18,0.18,0.18,0.18,0.17,1,1
200,4,92,small_world,0.5,878280869,100,100,0,75,25,6,6,3,69,25.0,0.0,0.75,0.75,0.06,0.06,0.06,0.06,0.69,1,1
200,4,92,scale_free,0.5,878280869,100,100,4,83,13,0,0,1,83,83.0,0.04,0.83,0.87,0.04,0.04,0.04,0.04,0.83,0,0
200,4,92,er,0.6,878280869,80,120,5,63,12,63,63,4,56,15.75,0.0625,0.7875,0.85,0.85,0.85,0.15,0.15,0.7,1,1
200,4,92,ring,0.6,878280869,80,120,1,65,14,38,38,14,9,4.642857142857143,0.0125,0.8125,0.825,0.4875,0.4875,0.4875,0.4875,0.1125,1,1
200,4,92,small_world,0.6,878280869,80,120,1,68,11,5,5,4,58,17.0,0.0125,0.85,0.8625,0.075,0.075,0.075,0.075,0.725,1,1
200,4,92,scale_free,0.6,878280869,80,120,3,72,5,0,0,1,72,72.0,0.0375,0.9,0.9375,0.0375,0.0375,0.0375,0.0375,0.9,0,0
200,4,92,er,0.7,878280869,60,140,7,50,3,50,50,2,44,25.0,0.11666666666666667,0.8333333333333334,0.95,0.95,0.95,0.21666666666666667,0.21666666666666667,0.7333333333333333,1,1
200,4,92,ring,0.7,878280869,60,140,5,55,0,38,38,14,11,3.9285714285714284,0.08333333333333333,0.9166666666666666,1.0,0.7166666666666667,0.7166666666666667,0.7166666666666667,0.7166666666666667,0.18333333333333332,1,1
200,4,92,small_world,0.7,878280869,60,140,3,57,0,35,35,5,22,11.4,0.05,0.95,1.0,0.6333333333333333,0.6333333333333333,0.11666666666666667,0.11666666666666667,0.36666666666666664,1,1
200,4,92,scale_free,0.7,878280869,60,140,3,54,3,0,0,1,54,54.0,0.05,0.9,0.95,0.05,0.05,0.05,0.05,0.9,0,0
200,4,92,er,0.8,878280869,40,160,6,32,2,32,32,2,28,16.0,0.15,0.8,0.95,0.95,0.95,0.25,0.25,0.7,1,1
200,4,92,ring,0.8,878280869,40,160,8,32,0,32,32,12,7,2.6666666666666665,0.2,0.8,1.0,1.0,1.0,1.0,1.0,0.175,1,1
200,4,92,small_world,0.8,878280869,40,160,6,34,0,34,34,8,11,4.25,0.15,0.85,1.0,1.0,1.0,0.725,0.725,0.275,1,1
200,4,92,scale_free,0.8,878280869,40,160,7,33,0,0,0,1,33,33.0,0.175,0.825,1.0,0.175,0.175,0.175,0.175,0.825,0,0
200,4,92,er,0.9,878280869,20,180,8,12,0,12,12,3,8,4.0,0.4,0.6,1.0,1.0,1.0,1.0,1.0,0.4,1,1
200,4,92,ring,0.9,878280869,20,180,8,12,0,12,12,5,4,2.4,0.4,0.6,1.0,1.0,1.0,1.0,1.0,0.2,1,1
200,4,92,small_world,0.9,878280869,20,180,6,14,0,14,14,5,5,2.8,0.3,0.7,1.0,1.0,1.0,1.0,1.0,0.25,1,1
200,4,92,scale_free,0.9,878280869,20,180,3,17,0,17,17,2,11,8.5,0.15,0.85,1.0,1.0,1.0,0.45,0.45,0.55,1,1
200,4,93,er,0.1,1961414418,180,20,1,0,179,0,0,0,0,0.0,0.005555555555555556,0.0,0.005555555555555556,0.005555555555555556,0.005555555555555556,0.005555555555555556,0.005555555555555556,0.0,0,0
200,4,93,ring,0.1,1961414418,180,20,0,0,180,0,0,0,0,0.0,0.0,0.0,0.0,0.0,0.0,0.0,0.0,0.0,0,0
200,4,93,small_world,0.1,1961414418,180,20,0,0,180,0,0,0,0,0.0,0.0,0.0,0.0,0.0,0.0,0.0,0.0,0.0,0,0
200,4,93,scale_free,0.1,1961414418,180,20,0,0,180,0,0,0,0,0.0,0.0,0.0,0.0,0.0,0.0,0.0,0.0,0.0,0,0
200,4,93,er,0.2,1961414418,160,40,3,0,157,0,0,0,0,0.0,0.01875,0.0,0.01875,0.01875,0.01875,0.01875,0.01875,0.0,0,0
200,4,93,ring,0.2,1961414418,160,40,0,0,160,0,0,0,0,0.0,0.0,0.0,0.0,0.0,0.0,0.0,0.0,0.0,0,0
200,4,93,small_world,0.2,1961414418,160,40,0,0,160,0,0,0,0,0.0,0.0,0.0,0.0,0.0,0.0,0.0,0.0,0.0,0,0
200,4,93,scale_free,0.2,1961414418,160,40,1,2,157,0,0,1,2,2.0,0.00625,0.0125,0.01875,0.00625,0.00625,0.00625,0.00625,0.0125,0,0
200,4,93,er,0.3,1961414418,140,60,2,0,138,0,0,0,0,0.0,0.014285714285714285,0.0,0.014285714285714285,0.014285714285714285,0.014285714285714285,0.014285714285714285,0.014285714285714285,0.0,0,0
200,4,93,ring,0.3,1961414418,140,60,0,5,135,5,5,1,5,5.0,0.0,0.03571428571428571,0.03571428571428571,0.03571428571428571,0.03571428571428571,0.03571428571428571,0.03571428571428571,0.03571428571428571,1,1
200,4,93,small_world,0.3,1961414418,140,60,1,0,139,0,0,0,0,0.0,0.007142857142857143,0.0,0.007142857142857143,0.007142857142857143,0.007142857142857143,0.007142857142857143,0.007142857142857143,0.0,0,0
200,4,93,scale_free,0.3,1961414418,140,60,5,0,135,0,0,0,0,0.0,0.03571428571428571,0.0,0.03571428571428571,0.03571428571428571,0.03571428571428571,0.03571428571428571,0.03571428571428571,0.0,0,0
200,4,93,er,0.4,1961414418,120,80,1,2,117,2,2,1,2,2.0,0.008333333333333333,0.016666666666666666,0.025,0.025,0.025,0.025,0.025,0.016666666666666666,1,1
200,4,93,ring,0.4,1961414418,120,80,0,30,90,4,4,4,15,7.5,0.0,0.25,0.25,0.03333333333333333,0.03333333333333333,0.03333333333333333,0.03333333333333333,0.125,1,1
200,4,93,small_world,0.4,1961414418,120,80,0,4,116,4,4,1,4,4.0,0.0,0.03333333333333333,0.03333333333333333,0.03333333333333333,0.03333333333333333,0.03333333333333333,0.03333333333333333,0.03333333333333333,1,1
200,4,93,scale_free,0.4,1961414418,120,80,3,0,117,0,0,0,0,0.0,0.025,0.0,0.025,0.025,0.025,0.025,0.025,0.0,0,0
200,4,93,er,0.5,1961414418,100,100,2,85,13,0,0,1,85,85.0,0.02,0.85,0.87,0.02,0.02,0.02,0.02,0.85,0,0
200,4,93,ring,0.5,1961414418,100,100,0,43,57,10,10,5,25,8.6,0.0,0.43,0.43,0.1,0.1,0.1,0.1,0.25,1,1
200,4,93,small_world,0.5,1961414418,100,100,1,87,12,4,4,3,74,29.0,0.01,0.87,0.88,0.05,0.05,0.05,0.05,0.74,1,1
200,4,93,scale_free,0.5,1961414418,100,100,2,76,22,0,0,1,76,76.0,0.02,0.76,0.78,0.02,0.02,0.02,0.02,0.76,0,0
200,4,93,er,0.6,1961414418,80,120,5,68,7,68,68,2,66,34.0,0.0625,0.85,0.9125,0.9125,0.9125,0.0875,0.0875,0.825,1,1
200,4,93,ring,0.6,1961414418,80,120,1,78,1,16,16,9,29,8.666666666666666,0.0125,0.975,0.9875,0.2125,0.2125,0.2125,0.2125,0.3625,1,1
200,4,93,small_world,0.6,1961414418,80,120,0,79,1,6,6,4,68,19.75,0.0,0.9875,0.9875,0.075,0.075,0.075,0.075,0.85,1,1
200,4,93,scale_free,0.6,1961414418,80,120,1,65,14,2,2,2,63,32.5,0.0125,0.8125,0.825,0.0375,0.0375,0.0375,0.0375,0.7875,1,1
200,4,93,er,0.7,1961414418,60,140,7,48,5,48,48,2,46,24.0,0.11666666666666667,0.8,0.9166666666666666,0.9166666666666666,0.9166666666666666,0.15,0.15,0.7666666666666667,1,1
200,4,93,ring,0.7,1961414418,60,140,5,55,0,41,41,9,14,6.111111111111111,0.08333333333333333,0.9166666666666666,1.0,0.7666666666666667,0.7666666666666667,0.5833333333333334,0.5833333333333334,0.23333333333333334,1,1
200,4,93,small_world,0.7,1961414418,60,140,3,57,0,57,57,4,49,14.25,0.05,0.95,1.0,1.0,1.0,0.18333333333333332,0.18333333333333332,0.8166666666666667,1,1
200,4,93,scale_free,0.7,1961414418,60,140,4,53,3,3,3,2,50,26.5,0.06666666666666667,0.8833333333333333,0.95,0.11666666666666667,0.11666666666666667,0.11666666666666667,0.11666666666666667,0.8333333333333334,1,1
200,4,93,er,0.8,1961414418,40,160,12,26,2,26,26,2,24,13.0,0.3,0.65,0.95,0.95,0.95,0.35,0.35,0.6,1,1
200,4,93,ring,0.8,1961414418,40,160,8,32,0,32,32,9,8,3.5555555555555554,0.2,0.8,1.0,1.0,1.0,1.0,1.0,0.2,1,1
200,4,93,small_world,0.8,1961414418,40,160,6,34,0,34,34,2,32,17.0,0.15,0.85,1.0,1.0,1.0,0.2,0.2,0.8,1,1
200,4,93,scale_free,0.8,1961414418,40,160,5,34,1,4,4,3,30,11.333333333333334,0.125,0.85,0.975,0.225,0.225,0.225,0.225,0.75,1,1
200,4,93,er,0.9,1961414418,20,180,7,13,0,13,13,4,6,3.25,0.35,0.65,1.0,1.0,1.0,1.0,1.0,0.3,1,1
200,4,93,ring,0.9,1961414418,20,180,12,8,0,8,8,4,2,2.0,0.6,0.4,1.0,1.0,1.0,1.0,1.0,0.1,1,1
200,4,93,small_world,0.9,1961414418,20,180,11,9,0,9,9,4,3,2.25,0.55,0.45,1.0,1.0,1.0,1.0,1.0,0.15,1,1
200,4,93,scale_free,0.9,1961414418,20,180,6,14,0,14,14,3,6,4.666666666666667,0.3,0.7,1.0,1.0,1.0,1.0,1.0,0.3,1,1
200,4,94,er,0.1,821896215,180,20,1,0,179,0,0,0,0,0.0,0.005555555555555556,0.0,0.005555555555555556,0.005555555555555556,0.005555555555555556,0.005555555555555556,0.005555555555555556,0.0,0,0
200,4,94,ring,0.1,821896215,180,20,0,0,180,0,0,0,0,0.0,0.0,0.0,0.0,0.0,0.0,0.0,0.0,0.0,0,0
200,4,94,small_world,0.1,821896215,180,20,0,0,180,0,0,0,0,0.0,0.0,0.0,0.0,0.0,0.0,0.0,0.0,0.0,0,0
200,4,94,scale_free,0.1,821896215,180,20,0,0,180,0,0,0,0,0.0,0.0,0.0,0.0,0.0,0.0,0.0,0.0,0.0,0,0
200,4,94,er,0.2,821896215,160,40,1,0,159,0,0,0,0,0.0,0.00625,0.0,0.00625,0.00625,0.00625,0.00625,0.00625,0.0,0,0
200,4,94,ring,0.2,821896215,160,40,0,0,160,0,0,0,0,0.0,0.0,0.0,0.0,0.0,0.0,0.0,0.0,0.0,0,0
200,4,94,small_world,0.2,821896215,160,40,1,0,159,0,0,0,0,0.0,0.00625,0.0,0.00625,0.00625,0.00625,0.00625,0.00625,0.0,0,0
200,4,94,scale_free,0.2,821896215,160,40,0,0,160,0,0,0,0,0.0,0.0,0.0,0.0,0.0,0.0,0.0,0.0,0.0,0,0
200,4,94,er,0.3,821896215,140,60,1,0,139,0,0,0,0,0.0,0.007142857142857143,0.0,0.007142857142857143,0.007142857142857143,0.007142857142857143,0.007142857142857143,0.007142857142857143,0.0,0,0
200,4,94,ring,0.3,821896215,140,60,0,7,133,4,4,3,3,2.3333333333333335,0.0,0.05,0.05,0.02857142857142857,0.02857142857142857,0.02857142857142857,0.02857142857142857,0.02142857142857143,1,1
200,4,94,small_world,0.3,821896215,140,60,1,0,139,0,0,0,0,0.0,0.007142857142857143,0.0,0.007142857142857143,0.007142857142857143,0.007142857142857143,0.007142857142857143,0.007142857142857143,0.0,0,0
200,4,94,scale_free,0.3,821896215,140,60,2,0,138,0,0,0,0,0.0,0.014285714285714285,0.0,0.014285714285714285,0.014285714285714285,0.014285714285714285,0.014285714285714285,0.014285714285714285,0.0,0,0
200,4,94,er,0.4,821896215,120,80,1,2,117,2,2,1,2,2.0,0.008333333333333333,0.016666666666666666,0.025,0.025,0.025,0.025,0.025,0.016666666666666666,1,1
200,4,94,ring,0.4,821896215,120,80,0,24,96,8,8,7,7,3.4285714285714284,0.0,0.2,0.2,0.06666666666666667,0.06666666666666667,0.06666666666666667,0.06666666666666667,0.058333333333333334,1,1
200,4,94,small_world,0.4,821896215,120,80,1,5,114,5,5,2,3,2.5,0.008333333333333333,0.041666666666666664,0.05,0.05,0.05,0.05,0.05,0.025,1,1
200,4,94,scale_free,0.4,821896215,120,80,0,0,120,0,0,0,0,0.0,0.0,0.0,0.0,0.0,0.0,0.0,0.0,0.0,0,0
200,4,94,er,0.5,821896215,100,100,3,83,14,4,4,3,79,27.666666666666668,0.03,0.83,0.86,0.07,0.07,0.07,0.07,0.79,1,1
200,4,94,ring,0.5,821896215,100,100,2,47,51,26,26,12,9,3.9166666666666665,0.02,0.47,0.49,0.28,0.28,0.28,0.28,0.09,1,1
200,4,94,small_world,0.5,821896215,100,100,6,64,30,7,7,4,57,16.0,0.06,0.64,0.7,0.13,0.13,0.13,0.13,0.57,1,1
200,4,94,scale_free,0.5,821896215,100,100,3,0,97,0,0,0,0,0.0,0.03,0.0,0.03,0.03,0.03,0.03,0.03,0.0,0,0
200,4,94,er,0.6,821896215,80,120,3,69,8,4,4,3,65,23.0,0.0375,0.8625,0.9,0.0875,0.0875,0.0875,0.0875,0.8125,1,1
200,4,94,ring,0.6,821896215,80,120,3,72,5,30,30,13,13,5.538461538461538,0.0375,0.9,0.9375,0.4125,0.4125,0.4125,0.4125,0.1625,1,1
200,4,94,small_world,0.6,821896215,80,120,4,68,8,2,2,4,46,17.0,0.05,0.85,0.9,0.075,0.075,0.075,0.075,0.575,1,1
200,4,94,scale_free,0.6,821896215,80,120,2,71,7,0,0,1,71,71.0,0.025,0.8875,0.9125,0.025,0.025,0.025,0.025,0.8875,0,0
200,4,94,er,0.7,821896215,60,140,5,51,4,51,51,2,49,25.5,0.08333333333333333,0.85,0.9333333333333333,0.9333333333333333,0.9333333333333333,0.11666666666666667,0.11666666666666667,0.8166666666666667,1,1
200,4,94,ring,0.7,821896215,60,140,3,57,0,40,40,15,9,3.8,0.05,0.95,1.0,0.7166666666666667,0.7166666666666667,0.7166666666666667,0.7166666666666667,0.15,1,1
200,4,94,small_world,0.7,821896215,60,140,5,54,1,22,22,6,29,9.0,0.08333333333333333,0.9,0.9833333333333333,0.45,0.45,0.45,0.45,0.48333333333333334,1,1
200,4,94,scale_free,0.7,821896215,60,140,2,53,5,0,0,1,53,53.0,0.03333333333333333,0.8833333333333333,0.9166666666666666,0.03333333333333333,0.03333333333333333,0.03333333333333333,0.03333333333333333,0.8833333333333333,0,0
200,4,94,er,0.8,821896215,40,160,5,34,1,34,34,3,30,11.333333333333334,0.125,0.85,0.975,0.975,0.975,0.225,0.225,0.75,1,1
200,4,94,ring,0.8,821896215,40,160,12,28,0,25,25,10,4,2.8,0.3,0.7,1.0,0.925,0.925,0.925,0.925,0.1,1,1
200,4,94,small_world,0.8,821896215,40,160,10,30,0,27,27,8,7,3.75,0.25,0.75,1.0,0.925,0.925,0.925,0.925,0.175,1,1
200,4,94,scale_free,0.8,821896215,40,160,4,33,3,0,0,1,33,33.0,0.1,0.825,0.925,0.1,0.1,0.1,0.1,0.825,0,0
200,4,94,er,0.9,821896215,20,180,6,14,0,14,14,2,11,7.0,0.3,0.7,1.0,1.0,1.0,0.45,0.45,0.55,1,1
200,4,94,ring,0.9,821896215,20,180,11,9,0,9,9,4,3,2.25,0.55,0.45,1.0,1.0,1.0,1.0,1.0,0.15,1,1
200,4,94,small_world,0.9,821896215,20,180,9,11,0,11,11,5,3,2.2,0.45,0.55,1.0,1.0,1.0,1.0,1.0,0.15,1,1
200,4,94,scale_free,0.9,821896215,20,180,6,14,0,14,14,1,14,14.0,0.3,0.7,1.0,1.0,1.0,0.3,0.3,0.7,1,1
200,4,95,er,0.1,1691919294,180,20,3,0,177,0,0,0,0,0.0,0.016666666666666666,0.0,0.016666666666666666,0.016666666666666666,0.016666666666666666,0.016666666666666666,0.016666666666666666,0.0,0,0
200,4,95,ring,0.1,1691919294,180,20,0,0,180,0,0,0,0,0.0,0.0,0.0,0.0,0.0,0.0,0.0,0.0,0.0,0,0
200,4,95,small_world,0.1,1691919294,180,20,0,0,180,0,0,0,0,0.0,0.0,0.0,0.0,0.0,0.0,0.0,0.0,0.0,0,0
200,4,95,scale_free,0.1,1691919294,180,20,0,2,178,2,2,1,2,2.0,0.0,0.011111111111111112,0.011111111111111112,0.011111111111111112,0.011111111111111112,0.011111111111111112,0.011111111111111112,0.011111111111111112,1,1
200,4,95,er,0.2,1691919294,160,40,3,0,157,0,0,0,0,0.0,0.01875,0.0,0.01875,0.01875,0.01875,0.01875,0.01875,0.0,0,0
200,4,95,ring,0.2,1691919294,160,40,0,6,154,6,6,2,4,3.0,0.0,0.0375,0.0375,0.0375,0.0375,0.0375,0.0375,0.025,1,1
200,4,95,small_world,0.2,1691919294,160,40,0,0,160,0,0,0,0,0.0,0.0,0.0,0.0,0.0,0.0,0.0,0.0,0.0,0,0
200,4,95,scale_free,0.2,1691919294,160,40,4,0,156,0,0,0,0,0.0,0.025,0.0,0.025,0.025,0.025,0.025,0.025,0.0,0,0
200,4,95,er,0.3,1691919294,140,60,2,0,138,0,0,0,0,0.0,0.014285714285714285,0.0,0.014285714285714285,0.014285714285714285,0.014285714285714285,0.014285714285714285,0.014285714285714285,0.0,0,0
200,4,95,ring,0.3,1691919294,140,60,0,9,131,6,6,3,4,3.0,0.0,0.06428571428571428,0.06428571428571428,0.04285714285714286,0.04285714285714286,0.04285714285714286,0.04285714285714286,0.02857142857142857,1,1
200,4,95,small_world,0.3,1691919294,140,60,0,3,137,0,0,1,3,3.0,0.0,0.02142857142857143,0.02142857142857143,0.0,0.0,0.0,0.0,0.02142857142857143,0,0
200,4,95,scale_free,0.3,1691919294,140,60,7,0,133,0,0,0,0,0.0,0.05,0.0,0.05,0.05,0.05,0.05,0.05,0.0,0,0
200,4,95,er,0.4,1691919294,120,80,1,0,119,0,0,0,0,0.0,0.008333333333333333,0.0,0.008333333333333333,0.008333333333333333,0.008333333333333333,0.008333333333333333,0.008333333333333333,0.0,0,0
200,4,95,ring,0.4,1691919294,120,80,1,18,101,15,15,5,7,3.6,0.008333333333333333,0.15,0.15833333333333333,0.13333333333333333,0.13333333333333333,0.13333333333333333,0.13333333333333333,0.058333333333333334,1,1
200,4,95,small_world,0.4,1691919294,120,80,1,5,114,2,2,2,3,2.5,0.008333333333333333,0.041666666666666664,0.05,0.025,0.025,0.025,0.025,0.025,1,1
200,4,95,scale_free,0.4,1691919294,120,80,5,0,115,0,0,0,0,0.0,0.041666666666666664,0.0,0.041666666666666664,0.041666666666666664,0.041666666666666664,0.041666666666666664,0.041666666666666664,0.0,0,0
200,4,95,er,0.5,1691919294,100,100,1,86,13,0,0,1,86,86.0,0.01,0.86,0.87,0.01,0.01,0.01,0.01,0.86,0,0
200,4,95,ring,0.5,1691919294,100,100,1,35,64,14,14,4,18,8.75,0.01,0.35,0.36,0.15,0.15,0.15,0.15,0.18,1,1
200,4,95,small_world,0.5,1691919294,100,100,2,80,18,0,0,2,77,40.0,0.02,0.8,0.82,0.02,0.02,0.02,0.02,0.77,0,0
200,4,95,scale_free,0.5,1691919294,100,100,6,67,27,0,0,1,67,67.0,0.06,0.67,0.73,0.06,0.06,0.06,0.06,0.67,0,0
200,4,95,er,0.6,1691919294,80,120,0,74,6,0,0,1,74,74.0,0.0,0.925,0.925,0.0,0.0,0.0,0.0,0.925,0,0
200,4,95,ring,0.6,1691919294,80,120,0,70,10,22,22,9,24,7.777777777777778,0.0,0.875,0.875,0.275,0.275,0.275,0.275,0.3,1,1
200,4,95,small_world,0.6,1691919294,80,120,1,74,5,5,5,4,55,18.5,0.0125,0.925,0.9375,0.075,0.075,0.075,0.075,0.6875,1,1
200,4,95,scale_free,0.6,1691919294,80,120,7,57,16,0,0,1,57,57.0,0.0875,0.7125,0.8,0.0875,0.0875,0.0875,0.0875,0.7125,0,0
200,4,95,er,0.7,1691919294,60,140,0,59,1,59,59,3,55,19.666666666666668,0.0,0.9833333333333333,0.9833333333333333,0.9833333333333333,0.9833333333333333,0.06666666666666667,0.06666666666666667,0.9166666666666666,1,1
200,4,95,ring,0.7,1691919294,60,140,3,57,0,34,34,10,14,5.7,0.05,0.95,1.0,0.6166666666666667,0.6166666666666667,0.6166666666666667,0.6166666666666667,0.23333333333333334,1,1
200,4,95,small_world,0.7,1691919294,60,140,5,55,0,46,46,4,39,13.75,0.08333333333333333,0.9166666666666666,1.0,0.85,0.85,0.2,0.2,0.65,1,1
200,4,95,scale_free,0.7,1691919294,60,140,8,50,2,0,0,1,50,50.0,0.13333333333333333,0.8333333333333334,0.9666666666666667,0.13333333333333333,0.13333333333333333,0.13333333333333333,0.13333333333333333,0.8333333333333334,0,0
200,4,95,er,0.8,1691919294,40,160,6,34,0,34,34,5,25,6.8,0.15,0.85,1.0,1.0,1.0,0.375,0.375,0.625,1,1
200,4,95,ring,0.8,1691919294,40,160,5,35,0,35,35,10,6,3.5,0.125,0.875,1.0,1.0,1.0,1.0,1.0,0.15,1,1
200,4,95,small_world,0.8,1691919294,40,160,5,35,0,35,35,6,10,5.833333333333333,0.125,0.875,1.0,1.0,1.0,1.0,1.0,0.25,1,1
200,4,95,scale_free,0.8,1691919294,40,160,4,36,0,0,0,1,36,36.0,0.1,0.9,1.0,0.1,0.1,0.1,0.1,0.9,0,0
200,4,95,er,0.9,1691919294,20,180,8,12,0,12,12,3,6,4.0,0.4,0.6,1.0,1.0,1.0,1.0,1.0,0.3,1,1
200,4,95,ring,0.9,1691919294,20,180,10,10,0,10,10,4,3,2.5,0.5,0.5,1.0,1.0,1.0,1.0,1.0,0.15,1,1
200,4,95,small_world,0.9,1691919294,20,180,8,12,0,12,12,5,3,2.4,0.4,0.6,1.0,1.0,1.0,1.0,1.0,0.15,1,1
200,4,95,scale_free,0.9,1691919294,20,180,4,16,0,16,16,1,16,16.0,0.2,0.8,1.0,1.0,1.0,0.2,0.2,0.8,1,1
200,4,96,er,0.1,3350352918,180,20,2,0,178,0,0,0,0,0.0,0.011111111111111112,0.0,0.011111111111111112,0.011111111111111112,0.011111111111111112,0.011111111111111112,0.011111111111111112,0.0,0,0
200,4,96,ring,0.1,3350352918,180,20,0,0,180,0,0,0,0,0.0,0.0,0.0,0.0,0.0,0.0,0.0,0.0,0.0,0,0
200,4,96,small_world,0.1,3350352918,180,20,0,0,180,0,0,0,0,0.0,0.0,0.0,0.0,0.0,0.0,0.0,0.0,0.0,0,0
200,4,96,scale_free,0.1,3350352918,180,20,0,0,180,0,0,0,0,0.0,0.0,0.0,0.0,0.0,0.0,0.0,0.0,0.0,0,0
200,4,96,er,0.2,3350352918,160,40,1,0,159,0,0,0,0,0.0,0.00625,0.0,0.00625,0.00625,0.00625,0.00625,0.00625,0.0,0,0
200,4,96,ring,0.2,3350352918,160,40,0,0,160,0,0,0,0,0.0,0.0,0.0,0.0,0.0,0.0,0.0,0.0,0.0,0,0
200,4,96,small_world,0.2,3350352918,160,40,0,0,160,0,0,0,0,0.0,0.0,0.0,0.0,0.0,0.0,0.0,0.0,0.0,0,0
200,4,96,scale_free,0.2,3350352918,160,40,2,0,158,0,0,0,0,0.0,0.0125,0.0,0.0125,0.0125,0.0125,0.0125,0.0125,0.0,0,0
200,4,96,er,0.3,3350352918,140,60,2,0,138,0,0,0,0,0.0,0.014285714285714285,0.0,0.014285714285714285,0.014285714285714285,0.014285714285714285,0.014285714285714285,0.014285714285714285,0.0,0,0
200,4,96,ring,0.3,3350352918,140,60,0,0,140,0,0,0,0,0.0,0.0,0.0,0.0,0.0,0.0,0.0,0.0,0.0,0,0
200,4,96,small_world,0.3,3350352918,140,60,0,0,140,0,0,0,0,0.0,0.0,0.0,0.0,0.0,0.0,0.0,0.0,0.0,0,0
200,4,96,scale_free,0.3,3350352918,140,60,5,0,135,0,0,0,0,0.0,0.03571428571428571,0.0,0.03571428571428571,0.03571428571428571,0.03571428571428571,0.03571428571428571,0.03571428571428571,0.0,0,0
200,4,96,er,0.4,3350352918,120,80,2,0,118,0,0,0,0,0.0,0.016666666666666666,0.0,0.016666666666666666,0.016666666666666666,0.016666666666666666,0.016666666666666666,0.016666666666666666,0.0,0,0
200,4,96,ring,0.4,3350352918,120,80,0,2,118,2,2,1,2,2.0,0.0,0.016666666666666666,0.016666666666666666,0.016666666666666666,0.016666666666666666,0.016666666666666666,0.016666666666666666,0.016666666666666666,1,1
200,4,96,small_world,0.4,3350352918,120,80,0,6,114,6,6,2,4,3.0,0.0,0.05,0.05,0.05,0.05,0.05,0.05,0.03333333333333333,1,1
200,4,96,scale_free,0.4,3350352918,120,80,6,2,112,2,2,1,2,2.0,0.05,0.016666666666666666,0.06666666666666667,0.06666666666666667,0.06666666666666667,0.06666666666666667,0.06666666666666667,0.016666666666666666,1,1
200,4,96,er,0.5,3350352918,100,100,4,82,14,0,0,1,82,82.0,0.04,0.82,0.86,0.04,0.04,0.04,0.04,0.82,0,0
200,4,96,ring,0.5,3350352918,100,100,0,58,42,22,22,8,23,7.25,0.0,0.58,0.58,0.22,0.22,0.22,0.22,0.23,1,1
200,4,96,small_world,0.5,3350352918,100,100,1,8,91,8,8,3,4,2.6666666666666665,0.01,0.08,0.09,0.09,0.09,0.09,0.09,0.04,1,1
200,4,96,scale_free,0.5,3350352918,100,100,11,0,89,0,0,0,0,0.0,0.11,0.0,0.11,0.11,0.11,0.11,0.11,0.0,0,0
200,4,96,er,0.6,3350352918,80,120,6,69,5,0,0,1,69,69.0,0.075,0.8625,0.9375,0.075,0.075,0.075,0.075,0.8625,0,0
200,4,96,ring,0.6,3350352918,80,120,1,56,23,39,39,11,14,5.090909090909091,0.0125,0.7,0.7125,0.5,0.5,0.3625,0.3625,0.175,1,1
200,4,96,small_world,0.6,3350352918,80,120,1,76,3,8,8,4,68,19.0,0.0125,0.95,0.9625,0.1125,0.1125,0.1125,0.1125,0.85,1,1
200,4,96,scale_free,0.6,3350352918,80,120,11,61,8,2,2,2,59,30.5,0.1375,0.7625,0.9,0.1625,0.1625,0.1625,0.1625,0.7375,1,1
200,4,96,er,0.7,3350352918,60,140,7,50,3,0,0,1,50,50.0,0.11666666666666667,0.8333333333333334,0.95,0.11666666666666667,0.11666666666666667,0.11666666666666667,0.11666666666666667,0.8333333333333334,0,0
200,4,96,ring,0.7,3350352918,60,140,3,57,0,52,52,13,11,4.384615384615385,0.05,0.95,1.0,0.9166666666666666,0.9166666666666666,0.7333333333333333,0.7333333333333333,0.18333333333333332,1,1
200,4,96,small_world,0.7,3350352918,60,140,2,56,2,56,56,5,44,11.2,0.03333333333333333,0.9333333333333333,0.9666666666666667,0.9666666666666667,0.9666666666666667,0.23333333333333334,0.23333333333333334,0.7333333333333333,1,1
200,4,96,scale_free,0.7,3350352918,60,140,9,47,4,0,0,1,47,47.0,0.15,0.7833333333333333,0.9333333333333333,0.15,0.15,0.15,0.15,0.7833333333333333,0,0
200,4,96,er,0.8,3350352918,40,160,11,27,2,27,27,4,19,6.75,0.275,0.675,0.95,0.95,0.95,0.475,0.475,0.475,1,1
200,4,96,ring,0.8,3350352918,40,160,8,32,0,32,32,9,7,3.5555555555555554,0.2,0.8,1.0,1.0,1.0,1.0,1.0,0.175,1,1
200,4,96,small_world,0.8,3350352918,40,160,6,32,2,32,32,4,19,8.0,0.15,0.8,0.95,0.95,0.95,0.475,0.475,0.475,1,1
200,4,96,scale_free,0.8,3350352918,40,160,8,32,0,32,32,2,30,16.0,0.2,0.8,1.0,1.0,1.0,0.25,0.25,0.75,1,1
200,4,96,er,0.9,3350352918,20,180,8,11,1,11,11,3,5,3.6666666666666665,0.4,0.55,0.95,0.95,0.95,0.95,0.95,0.25,1,1
200,4,96,ring,0.9,3350352918,20,180,12,8,0,8,8,4,2,2.0,0.6,0.4,1.0,1.0,1.0,1.0,1.0,0.1,1,1
200,4,96,small_world,0.9,3350352918,20,180,6,14,0,14,14,5,5,2.8,0.3,0.7,1.0,1.0,1.0,1.0,1.0,0.25,1,1
200,4,96,scale_free,0.9,3350352918,20,180,4,16,0,16,16,2,14,8.0,0.2,0.8,1.0,1.0,1.0,0.3,0.3,0.7,1,1
200,4,97,er,0.1,202191363,180,20,0,0,180,0,0,0,0,0.0,0.0,0.0,0.0,0.0,0.0,0.0,0.0,0.0,0,0
200,4,97,ring,0.1,202191363,180,20,0,4,176,4,4,2,2,2.0,0.0,0.022222222222222223,0.022222222222222223,0.022222222222222223,0.022222222222222223,0.022222222222222223,0.022222222222222223,0.011111111111111112,1,1
200,4,97,small_world,0.1,202191363,180,20,1,0,179,0,0,0,0,0.0,0.005555555555555556,0.0,0.005555555555555556,0.005555555555555556,0.005555555555555556,0.005555555555555556,0.005555555555555556,0.0,0,0
200,4,97,scale_free,0.1,202191363,180,20,0,0,180,0,0,0,0,0.0,0.0,0.0,0.0,0.0,0.0,0.0,0.0,0.0,0,0
200,4,97,er,0.2,202191363,160,40,3,0,157,0,0,0,0,0.0,0.01875,0.0,0.01875,0.01875,0.01875,0.01875,0.01875,0.0,0,0
200,4,97,ring,0.2,202191363,160,40,0,2,158,2,2,1,2,2.0,0.0,0.0125,0.0125,0.0125,0.0125,0.0125,0.0125,0.0125,1,1
200,4,97,small_world,0.2,202191363,160,40,3,0,157,0,0,0,0,0.0,0.01875,0.0,0.01875,0.01875,0.01875,0.01875,0.01875,0.0,0,0
200,4,97,scale_free,0.2,202191363,160,40,0,0,160,0,0,0,0,0.0,0.0,0.0,0.0,0.0,0.0,0.0,0.0,0.0,0,0
200,4,97,er,0.3,202191363,140,60,4,0,136,0,0,0,0,0.0,0.02857142857142857,0.0,0.02857142857142857,0.02857142857142857,0.02857142857142857,0.02857142857142857,0.02857142857142857,0.0,0,0
200,4,97,ring,0.3,202191363,140,60,0,11,129,8,8,3,6,3.6666666666666665,0.0,0.07857142857142857,0.07857142857142857,0.05714285714285714,0.05714285714285714,0.05714285714285714,0.05714285714285714,0.04285714285714286,1,1
200,4,97,small_world,0.3,202191363,140,60,0,4,136,4,4,1,4,4.0,0.0,0.02857142857142857,0.02857142857142857,0.02857142857142857,0.02857142857142857,0.02857142857142857,0.02857142857142857,0.02857142857142857,1,1
200,4,97,scale_free,0.3,202191363,140,60,0,0,140,0,0,0,0,0.0,0.0,0.0,0.0,0.0,0.0,0.0,0.0,0.0,0,0
200,4,97,er,0.4,202191363,120,80,4,0,116,0,0,0,0,0.0,0.03333333333333333,0.0,0.03333333333333333,0.03333333333333333,0.03333333333333333,0.03333333333333333,0.03333333333333333,0.0,0,0
200,4,97,ring,0.4,202191363,120,80,2,18,100,15,15,3,12,6.0,0.016666666666666666,0.15,0.16666666666666666,0.14166666666666666,0.14166666666666666,0.041666666666666664,0.041666666666666664,0.1,1,1
200,4,97,small_world,0.4,202191363,120,80,2,0,118,0,0,0,0,0.0,0.016666666666666666,0.0,0.016666666666666666,0.016666666666666666,0.016666666666666666,0.016666666666666666,0.016666666666666666,0.0,0,0
200,4,97,scale_free,0.4,202191363,120,80,3,0,117,0,0,0,0,0.0,0.025,0.0,0.025,0.025,0.025,0.025,0.025,0.0,0,0
200,4,97,er,0.5,202191363,100,100,4,84,12,0,0,1,84,84.0,0.04,0.84,0.88,0.04,0.04,0.04,0.04,0.84,0,0
200,4,97,ring,0.5,202191363,100,100,3,19,78,16,16,5,7,3.8,0.03,0.19,0.22,0.19,0.19,0.19,0.19,0.07,1,1
200,4,97,small_world,0.5,202191363,100,100,2,11,87,2,2,3,6,3.6666666666666665,0.02,0.11,0.13,0.04,0.04,0.04,0.04,0.06,1,1
200,4,97,scale_free,0.5,202191363,100,100,3,0,97,0,0,0,0,0.0,0.03,0.0,0.03,0.03,0.03,0.03,0.03,0.0,0,0
200,4,97,er,0.6,202191363,80,120,2,69,9,69,69,1,69,69.0,0.025,0.8625,0.8875,0.8875,0.8875,0.025,0.025,0.8625,1,1
200,4,97,ring,0.6,202191363,80,120,3,58,19,21,21,9,18,6.444444444444445,0.0375,0.725,0.7625,0.3,0.3,0.3,0.3,0.225,1,1
200,4,97,small_world,0.6,202191363,80,120,1,73,6,13,13,7,57,10.428571428571429,0.0125,0.9125,0.925,0.175,0.175,0.175,0.175,0.7125,1,1
200,4,97,scale_free,0.6,202191363,80,120,3,73,4,0,0,1,73,73.0,0.0375,0.9125,0.95,0.0375,0.0375,0.0375,0.0375,0.9125,0,0
200,4,97,er,0.7,202191363,60,140,7,48,5,48,48,2,46,24.0,0.11666666666666667,0.8,0.9166666666666666,0.9166666666666666,0.9166666666666666,0.15,0.15,0.7666666666666667,1,1
200,4,97,ring,0.7,202191363,60,140,3,57,0,38,38,10,14,5.7,0.05,0.95,1.0,0.6833333333333333,0.6833333333333333,0.45,0.45,0.23333333333333334,1,1
200,4,97,small_world,0.7,202191363,60,140,5,54,1,29,29,9,19,6.0,0.08333333333333333,0.9,0.9833333333333333,0.5666666666666667,0.5666666666666667,0.5666666666666667,0.5666666666666667,0.31666666666666665,1,1
200,4,97,scale_free,0.7,202191363,60,140,8,50,2,0,0,1,50,50.0,0.13333333333333333,0.8333333333333334,0.9666666666666667,0.13333333333333333,0.13333333333333333,0.13333333333333333,0.13333333333333333,0.8333333333333334,0,0
200,4,97,er,0.8,202191363,40,160,8,31,1,31,31,3,26,10.333333333333334,0.2,0.775,0.975,0.975,0.975,0.325,0.325,0.65,1,1
200,4,97,ring,0.8,202191363,40,160,7,33,0,33,33,9,11,3.6666666666666665,0.175,0.825,1.0,1.0,1.0,0.725,0.725,0.275,1,1
200,4,97,small_world,0.8,202191363,40,160,6,34,0,34,34,8,12,4.25,0.15,0.85,1.0,1.0,1.0,0.7,0.7,0.3,1,1
200,4,97,scale_free,0.8,202191363,40,160,4,36,0,3,3,2,33,18.0,0.1,0.9,1.0,0.175,0.175,0.175,0.175,0.825,1,1
200,4,97,er,0.9,202191363,20,180,8,12,0,12,12,4,4,3.0,0.4,0.6,1.0,1.0,1.0,1.0,1.0,0.2,1,1
200,4,97,ring,0.9,202191363,20,180,11,9,0,9,9,3,5,3.0,0.55,0.45,1.0,1.0,1.0,1.0,1.0,0.25,1,1
200,4,97,small_world,0.9,202191363,20,180,11,9,0,9,9,3,5,3.0,0.55,0.45,1.0,1.0,1.0,1.0,1.0,0.25,1,1
200,4,97,scale_free,0.9,202191363,20,180,5,15,0,15,15,2,13,7.5,0.25,0.75,1.0,1.0,1.0,0.35,0.35,0.65,1,1
200,4,98,er,0.1,2607757333,180,20,6,0,174,0,0,0,0,0.0,0.03333333333333333,0.0,0.03333333333333333,0.03333333333333333,0.03333333333333333,0.03333333333333333,0.03333333333333333,0.0,0,0
200,4,98,ring,0.1,2607757333,180,20,0,0,180,0,0,0,0,0.0,0.0,0.0,0.0,0.0,0.0,0.0,0.0,0.0,0,0
200,4,98,small_world,0.1,2607757333,180,20,0,0,180,0,0,0,0,0.0,0.0,0.0,0.0,0.0,0.0,0.0,0.0,0.0,0,0
200,4,98,scale_free,0.1,2607757333,180,20,1,0,179,0,0,0,0,0.0,0.005555555555555556,0.0,0.005555555555555556,0.005555555555555556,0.005555555555555556,0.005555555555555556,0.005555555555555556,0.0,0,0
200,4,98,er,0.2,2607757333,160,40,7,0,153,0,0,0,0,0.0,0.04375,0.0,0.04375,0.04375,0.04375,0.04375,0.04375,0.0,0,0
200,4,98,ring,0.2,2607757333,160,40,0,4,156,0,0,1,4,4.0,0.0,0.025,0.025,0.0,0.0,0.0,0.0,0.025,0,0
200,4,98,small_world,0.2,2607757333,160,40,0,0,160,0,0,0,0,0.0,0.0,0.0,0.0,0.0,0.0,0.0,0.0,0.0,0,0
200,4,98,scale_free,0.2,2607757333,160,40,2,2,156,2,2,1,2,2.0,0.0125,0.0125,0.025,0.025,0.025,0.025,0.025,0.0125,1,1
200,4,98,er,0.3,2607757333,140,60,3,0,137,0,0,0,0,0.0,0.02142857142857143,0.0,0.02142857142857143,0.02142857142857143,0.02142857142857143,0.02142857142857143,0.02142857142857143,0.0,0,0
200,4,98,ring,0.3,2607757333,140,60,0,6,134,6,6,2,3,3.0,0.0,0.04285714285714286,0.04285714285714286,0.04285714285714286,0.04285714285714286,0.04285714285714286,0.04285714285714286,0.02142857142857143,1,1
200,4,98,small_world,0.3,2607757333,140,60,0,7,133,0,0,1,7,7.0,0.0,0.05,0.05,0.0,0.0,0.0,0.0,0.05,0,0
200,4,98,scale_free,0.3,2607757333,140,60,2,2,136,2,2,1,2,2.0,0.014285714285714285,0.014285714285714285,0.02857142857142857,0.02857142857142857,0.02857142857142857,0.02857142857142857,0.02857142857142857,0.014285714285714285,1,1
200,4,98,er,0.4,2607757333,120,80,3,0,117,0,0,0,0,0.0,0.025,0.0,0.025,0.025,0.025,0.025,0.025,0.0,0,0
200,4,98,ring,0.4,2607757333,120,80,0,6,114,6,6,2,3,3.0,0.0,0.05,0.05,0.05,0.05,0.05,0.05,0.025,1,1
200,4,98,small_world,0.4,2607757333,120,80,1,7,112,0,0,1,7,7.0,0.008333333333333333,0.058333333333333334,0.06666666666666667,0.008333333333333333,0.008333333333333333,0.008333333333333333,0.008333333333333333,0.058333333333333334,0,0
200,4,98,scale_free,0.4,2607757333,120,80,3,0,117,0,0,0,0,0.0,0.025,0.0,0.025,0.025,0.025,0.025,0.025,0.0,0,0
200,4,98,er,0.5,2607757333,100,100,5,84,11,0,0,1,84,84.0,0.05,0.84,0.89,0.05,0.05,0.05,0.05,0.84,0,0
200,4,98,ring,0.5,2607757333,100,100,1,57,42,11,11,5,20,11.4,0.01,0.57,0.58,0.12,0.12,0.12,0.12,0.2,1,1
200,4,98,small_world,0.5,2607757333,100,100,2,83,15,0,0,1,83,83.0,0.02,0.83,0.85,0.02,0.02,0.02,0.02,0.83,0,0
200,4,98,scale_free,0.5,2607757333,100,100,6,75,19,2,2,2,73,37.5,0.06,0.75,0.81,0.08,0.08,0.08,0.08,0.73,1,1
200,4,98,er,0.6,2607757333,80,120,5,70,5,0,0,1,70,70.0,0.0625,0.875,0.9375,0.0625,0.0625,0.0625,0.0625,0.875,0,0
200,4,98,ring,0.6,2607757333,80,120,3,55,22,28,28,6,17,9.166666666666666,0.0375,0.6875,0.725,0.3875,0.3875,0.175,0.175,0.2125,1,1
200,4,98,small_world,0.6,2607757333,80,120,2,78,0,2,2,2,76,39.0,0.025,0.975,1.0,0.05,0.05,0.05,0.05,0.95,1,1
200,4,98,scale_free,0.6,2607757333,80,120,1,67,12,0,0,1,67,67.0,0.0125,0.8375,0.85,0.0125,0.0125,0.0125,0.0125,0.8375,0,0
200,4,98,er,0.7,2607757333,60,140,4,54,2,54,54,1,54,54.0,0.06666666666666667,0.9,0.9666666666666667,0.9666666666666667,0.9666666666666667,0.06666666666666667,0.06666666666666667,0.9,1,1
200,4,98,ring,0.7,2607757333,60,140,3,57,0,57,57,9,15,6.333333333333333,0.05,0.95,1.0,1.0,1.0,0.5166666666666667,0.5166666666666667,0.25,1,1
200,4,98,small_world,0.7,2607757333,60,140,2,58,0,58,58,3,54,19.333333333333332,0.03333333333333333,0.9666666666666667,1.0,1.0,1.0,0.1,0.1,0.9,1,1
200,4,98,scale_free,0.7,2607757333,60,140,2,51,7,0,0,1,51,51.0,0.03333333333333333,0.85,0.8833333333333333,0.03333333333333333,0.03333333333333333,0.03333333333333333,0.03333333333333333,0.85,0,0
200,4,98,er,0.8,2607757333,40,160,4,36,0,36,36,1,36,36.0,0.1,0.9,1.0,1.0,1.0,0.1,0.1,0.9,1,1
200,4,98,ring,0.8,2607757333,40,160,8,32,0,32,32,9,9,3.5555555555555554,0.2,0.8,1.0,1.0,1.0,1.0,1.0,0.225,1,1
200,4,98,small_world,0.8,2607757333,40,160,5,35,0,35,35,4,27,8.75,0.125,0.875,1.0,1.0,1.0,0.325,0.325,0.675,1,1
200,4,98,scale_free,0.8,2607757333,40,160,3,37,0,2,2,2,35,18.5,0.075,0.925,1.0,0.125,0.125,0.125,0.125,0.875,1,1
200,4,98,er,0.9,2607757333,20,180,6,14,0,14,14,3,9,4.666666666666667,0.3,0.7,1.0,1.0,1.0,1.0,1.0,0.45,1,1
200,4,98,ring,0.9,2607757333,20,180,10,10,0,10,10,4,3,2.5,0.5,0.5,1.0,1.0,1.0,1.0,1.0,0.15,1,1
200,4,98,small_world,0.9,2607757333,20,180,10,10,0,10,10,4,3,2.5,0.5,0.5,1.0,1.0,1.0,1.0,1.0,0.15,1,1
200,4,98,scale_free,0.9,2607757333,20,180,2,18,0,18,18,4,7,4.5,0.1,0.9,1.0,1.0,1.0,1.0,1.0,0.35,1,1
200,4,99,er,0.1,4064135285,180,20,0,0,180,0,0,0,0,0.0,0.0,0.0,0.0,0.0,0.0,0.0,0.0,0.0,0,0
200,4,99,ring,0.1,4064135285,180,20,0,0,180,0,0,0,0,0.0,0.0,0.0,0.0,0.0,0.0,0.0,0.0,0.0,0,0
200,4,99,small_world,0.1,4064135285,180,20,0,0,180,0,0,0,0,0.0,0.0,0.0,0.0,0.0,0.0,0.0,0.0,0.0,0,0
200,4,99,scale_free,0.1,4064135285,180,20,1,0,179,0,0,0,0,0.0,0.005555555555555556,0.0,0.005555555555555556,0.005555555555555556,0.005555555555555556,0.005555555555555556,0.005555555555555556,0.0,0,0
200,4,99,er,0.2,4064135285,160,40,1,0,159,0,0,0,0,0.0,0.00625,0.0,0.00625,0.00625,0.00625,0.00625,0.00625,0.0,0,0
200,4,99,ring,0.2,4064135285,160,40,0,0,160,0,0,0,0,0.0,0.0,0.0,0.0,0.0,0.0,0.0,0.0,0.0,0,0
200,4,99,small_world,0.2,4064135285,160,40,0,0,160,0,0,0,0,0.0,0.0,0.0,0.0,0.0,0.0,0.0,0.0,0.0,0,0
200,4,99,scale_free,0.2,4064135285,160,40,2,0,158,0,0,0,0,0.0,0.0125,0.0,0.0125,0.0125,0.0125,0.0125,0.0125,0.0,0,0
200,4,99,er,0.3,4064135285,140,60,2,0,138,0,0,0,0,0.0,0.014285714285714285,0.0,0.014285714285714285,0.014285714285714285,0.014285714285714285,0.014285714285714285,0.014285714285714285,0.0,0,0
200,4,99,ring,0.3,4064135285,140,60,0,11,129,0,0,2,6,5.5,0.0,0.07857142857142857,0.07857142857142857,0.0,0.0,0.0,0.0,0.04285714285714286,0,0
200,4,99,small_world,0.3,4064135285,140,60,0,6,134,0,0,1,6,6.0,0.0,0.04285714285714286,0.04285714285714286,0.0,0.0,0.0,0.0,0.04285714285714286,0,0
200,4,99,scale_free,0.3,4064135285,140,60,4,0,136,0,0,0,0,0.0,0.02857142857142857,0.0,0.02857142857142857,0.02857142857142857,0.02857142857142857,0.02857142857142857,0.02857142857142857,0.0,0,0
200,4,99,er,0.4,4064135285,120,80,5,0,115,0,0,0,0,0.0,0.041666666666666664,0.0,0.041666666666666664,0.041666666666666664,0.041666666666666664,0.041666666666666664,0.041666666666666664,0.0,0,0
200,4,99,ring,0.4,4064135285,120,80,1,12,107,9,9,4,4,3.0,0.008333333333333333,0.1,0.10833333333333334,0.08333333333333333,0.08333333333333333,0.08333333333333333,0.08333333333333333,0.03333333333333333,1,1
200,4,99,small_world,0.4,4064135285,120,80,0,11,109,11,11,3,6,3.6666666666666665,0.0,0.09166666666666666,0.09166666666666666,0.09166666666666666,0.09166666666666666,0.09166666666666666,0.09166666666666666,0.05,1,1
200,4,99,scale_free,0.4,4064135285,120,80,6,0,114,0,0,0,0,0.0,0.05,0.0,0.05,0.05,0.05,0.05,0.05,0.0,0,0
200,4,99,er,0.5,4064135285,100,100,4,80,16,0,0,1,80,80.0,0.04,0.8,0.84,0.04,0.04,0.04,0.04,0.8,0,0
200,4,99,ring,0.5,4064135285,100,100,2,35,63,15,15,7,20,5.0,0.02,0.35,0.37,0.17,0.17,0.17,0.17,0.2,1,1
200,4,99,small_world,0.5,4064135285,100,100,0,87,13,6,6,4,81,21.75,0.0,0.87,0.87,0.06,0.06,0.06,0.06,0.81,1,1
200,4,99,scale_free,0.5,4064135285,100,100,10,0,90,0,0,0,0,0.0,0.1,0.0,0.1,0.1,0.1,0.1,0.1,0.0,0,0
200,4,99,er,0.6,4064135285,80,120,5,66,9,0,0,1,66,66.0,0.0625,0.825,0.8875,0.0625,0.0625,0.0625,0.0625,0.825,0,0
200,4,99,ring,0.6,4064135285,80,120,3,55,22,43,43,8,12,6.875,0.0375,0.6875,0.725,0.575,0.575,0.2875,0.2875,0.15,1,1
200,4,99,small_world,0.6,4064135285,80,120,3,75,2,2,2,3,47,25.0,0.0375,0.9375,0.975,0.0625,0.0625,0.0625,0.0625,0.5875,1,1
200,4,99,scale_free,0.6,4064135285,80,120,5,71,4,0,0,1,71,71.0,0.0625,0.8875,0.95,0.0625,0.0625,0.0625,0.0625,0.8875,0,0
200,4,99,er,0.7,4064135285,60,140,3,55,2,55,55,2,51,27.5,0.05,0.9166666666666666,0.9666666666666667,0.9666666666666667,0.9666666666666667,0.11666666666666667,0.11666666666666667,0.85,1,1
200,4,99,ring,0.7,4064135285,60,140,3,57,0,46,46,11,9,5.181818181818182,0.05,0.95,1.0,0.8166666666666667,0.8166666666666667,0.8166666666666667,0.8166666666666667,0.15,1,1
200,4,99,small_world,0.7,4064135285,60,140,5,53,2,20,20,4,33,13.25,0.08333333333333333,0.8833333333333333,0.9666666666666667,0.4166666666666667,0.4166666666666667,0.4166666666666667,0.4166666666666667,0.55,1,1
200,4,99,scale_free,0.7,4064135285,60,140,4,54,2,0,0,1,54,54.0,0.06666666666666667,0.9,0.9666666666666667,0.06666666666666667,0.06666666666666667,0.06666666666666667,0.06666666666666667,0.9,0,0
200,4,99,er,0.8,4064135285,40,160,2,38,0,38,38,1,38,38.0,0.05,0.95,1.0,1.0,1.0,0.05,0.05,0.95,1,1
200,4,99,ring,0.8,4064135285,40,160,8,32,0,32,32,10,6,3.2,0.2,0.8,1.0,1.0,1.0,1.0,1.0,0.15,1,1
200,4,99,small_world,0.8,4064135285,40,160,7,33,0,33,33,6,20,5.5,0.175,0.825,1.0,1.0,1.0,0.5,0.5,0.5,1,1
200,4,99,scale_free,0.8,4064135285,40,160,2,36,2,36,36,1,36,36.0,0.05,0.9,0.95,0.95,0.95,0.05,0.05,0.9,1,1
200,4,99,er,0.9,4064135285,20,180,3,17,0,17,17,1,17,17.0,0.15,0.85,1.0,1.0,1.0,0.15,0.15,0.85,1,1
200,4,99,ring,0.9,4064135285,20,180,10,10,0,10,10,4,3,2.5,0.5,0.5,1.0,1.0,1.0,1.0,1.0,0.15,1,1
200,4,99,small_world,0.9,4064135285,20,180,11,9,0,9,9,2,7,4.5,0.55,0.45,1.0,1.0,1.0,1.0,1.0,0.35,1,1
200,4,99,scale_free,0.9,4064135285,20,180,2,18,0,18,18,3,13,6.0,0.1,0.9,1.0,1.0,1.0,0.35,0.35,0.65,1,1
